,Metabolic Clustering Mapped
WT65_1_CTCCCAATCATCAGTG-1,2
WT65_1_TCTAACTGTCATCACA-1,2
WT65_1_AGCATCACACTGCACG-1,2
WT65_1_AAGAACAAGAATCGCG-1,2
WT65_1_AGACAAATCCAACCGG-1,2
WT65_1_CCTACGTAGGCCCAAA-1,2
WT65_1_TGATGGTTCCAACACA-1,2
WT65_1_ATTGGGTAGAAGTGTT-1,2
WT65_1_GGCTGTGTCGACCTAA-1,2
WT65_1_GGTAATCCAAGTGCTT-1,2
WT65_1_AAAGGGCAGCTCCACG-1,2
WT65_1_ATGAGTCCAGGCACAA-1,2
WT65_1_GGGATGAAGCGTATAA-1,2
WT65_1_TTCACCGCATCCGCGA-1,2
WT65_1_GGGCTCACAGCAGATG-1,2
WT65_1_CTCTGGTGTTGGACCC-1,2
WT65_1_CATTCCGGTGGAAATT-1,2
WT65_1_CGCAGGTCACCGAATT-1,2
WT65_1_GGGCTACTCAGCTTCC-1,2
WT65_1_GCGGAAACAACACAGG-1,2
WT65_1_ACCCAAATCAACCTCC-1,2
WT65_1_AGGCATTCAGCTAACT-1,2
WT65_1_TGCTTCGAGGTTCCGC-1,2
WT65_1_ACGTAGTGTAGTCGGA-1,2
WT65_1_CATTCATAGACCTCCG-1,2
WT65_1_GAAATGAAGTGACCTT-1,2
WT65_1_TCCTCGAAGGCAGGGA-1,2
WT65_1_ACTGTGACACTGAGGA-1,2
WT65_1_AGGTCATAGACAGCGT-1,2
WT65_1_CCCTAACAGCTCGCAC-1,2
WT65_1_TCGGTCTAGAAACACT-1,2
WT65_1_ACCCTCAAGGGAGTTC-1,2
WT65_1_TGGGTTAAGTTGCTGT-1,2
WT65_1_CCGTAGGTCAACCTTT-1,2
WT65_1_GAGTTTGAGCTCTATG-1,2
WT65_1_TTCTAGTTCGCTCTAC-1,2
WT65_1_TTCACGCGTTTGGAAA-1,2
WT65_1_TTAGGGTGTGTCTTGA-1,2
WT65_1_TGAGGGACAATATCCG-1,2
WT65_1_TACTTGTCATTCTCCG-1,2
WT65_1_CAACAGTCACTTCAGA-1,2
WT65_1_GTAACACAGCATGCGA-1,2
WT65_1_TCTTTGATCCATCGTC-1,2
WT65_1_CGGAATTTCCTACCAC-1,2
WT65_1_CCTTGTGCAGTCCGTG-1,2
WT65_1_GTATTTCAGGAACGTC-1,2
WT65_1_GTGAGTTGTACGTGTT-1,2
WT65_1_GGCGTCACACGACAGA-1,2
WT65_1_ATCCATTAGTAGGAAG-1,2
WT65_1_GCCAGGTTCTCTGAGA-1,2
WT65_1_ACGATGTTCATGTCTT-1,2
WT65_1_ATTGTTCTCATTCATC-1,2
WT65_1_AGTCATGAGATAACAC-1,2
WT65_1_ATAGGCTCACCATAAC-1,2
WT65_1_ATGAAAGAGCTATCCA-1,2
WT65_1_GGGTATTAGCATCCCG-1,2
WT65_1_TGCTCCAGTGATTAGA-1,2
WT65_1_AGTTCGACAGCTACTA-1,4
WT65_1_GTTACGAAGCGTATGG-1,2
WT65_1_GTACAGTAGGGTCAAC-1,2
WT65_1_TGAGCGCTCAGCGCGT-1,2
WT65_1_TTCCTAACACGCAGTC-1,2
WT65_1_ATTACTCTCTCCGTGT-1,2
WT65_1_GTGCTTCGTGGTACAG-1,2
WT65_1_CTCACTGCAACCAATC-1,2
WT65_1_AGGCTGCGTCCGGTCA-1,2
WT65_1_GACACGCTCTTAGTTC-1,2
WT65_1_GGAAGTGCATTGTGCA-1,2
WT65_1_GTCCCATAGCTTTCCC-1,2
WT65_1_CTCCATGTCTTAGTTC-1,2
WT65_1_GCTGGGTTCCTCTAAT-1,2
WT65_1_AGACACTCACCATATG-1,2
WT65_1_CGAGGCTTCGTGACTA-1,2
WT65_1_TGACAGTCAATTGCTG-1,2
WT65_1_TCACGCTGTGCAATAA-1,2
WT65_1_AGATAGATCCGGCTTT-1,2
WT65_1_GGTGATTGTACTGCCG-1,2
WT65_1_ACAAGCTGTACTCGTA-1,2
WT65_1_TGGGCTGCACAGCTTA-1,2
WT65_1_CGGTCAGCATTGCTTT-1,2
WT65_1_GGGACAACAAACGTGG-1,2
WT65_1_AGCGCTGCATCATCTT-1,2
WT65_1_CGAGTTAGTATTGACC-1,2
WT65_1_GGCTTGGTCGAGTGGA-1,2
WT65_1_CTCAGAACAAGCCTGC-1,2
WT65_1_ATCCATTAGATGACCG-1,2
WT65_1_GCCCAGAAGGGTACAC-1,2
WT65_1_TCTATACGTCTCACGG-1,2
WT65_1_GAGTGTTCAACAAAGT-1,2
WT65_1_TGCAGATAGATGAAGG-1,2
WT65_1_TCTACATAGTTACGAA-1,2
WT65_1_GATAGCTAGTCAATCC-1,2
WT65_1_GATGTTGGTGGCTAGA-1,2
WT65_1_CTCCCTCGTGGGTCAA-1,2
WT65_1_CGAGTTACAAGAGAGA-1,2
WT65_1_AGTAGCTTCTGATTCT-1,2
WT65_1_AGCGTATAGAAACCAT-1,2
WT65_1_CGTAATGCATGTCTAG-1,2
WT65_1_AGATCCATCATTCGGA-1,2
WT65_1_TGGATCAAGTATTCCG-1,2
WT65_1_TTACGCCCATCTGTTT-1,2
WT65_1_CGGAATTCAGCTTTGA-1,2
WT65_1_GAGAGGTTCCGAGTGC-1,2
WT65_1_TCGCTCACATGATAGA-1,2
WT65_1_TCACATTTCCGTATGA-1,2
WT65_1_ACCCTCATCCGACGGT-1,2
WT65_1_ACTCCCACACCCTGTT-1,2
WT65_1_GCTGAATTCATTGCGA-1,2
WT65_1_GGATCTAAGCCGTCGT-1,4
WT65_1_TACCTCGAGGTTGAGC-1,2
WT65_1_TGTGCGGAGAGTCGAC-1,2
WT65_1_TTTGACTCAGGGTTGA-1,2
WT65_1_GGTGGCTAGTTGGCTT-1,2
WT65_1_CATCCACCACACCTGG-1,2
WT65_1_CACGTTCTCCAACCAA-1,2
WT65_1_AAGACAACATTCGATG-1,2
WT65_1_GAGATGGAGCTCGAAG-1,2
WT65_1_TCCCACAGTGATTAGA-1,2
WT65_1_AAAGGATCAACGATCT-1,2
WT65_1_GTAGCTATCCTGCCAT-1,2
WT65_1_GGAACCCAGGACGGAG-1,2
WT65_1_TGATGGTGTTACTCAG-1,2
WT65_1_GCGAGAATCAATCGGT-1,2
WT65_1_TTCCGTGCAATAGTAG-1,2
WT65_1_ATACCTTTCAGGAGAC-1,4
WT65_1_GTGTGATAGTCTCGTA-1,2
WT65_1_TTGCTGCGTTCAAACC-1,2
WT65_1_TTACTGTCATAATCGC-1,2
WT65_1_GCACGTGTCACTTTGT-1,2
WT65_1_AGAAGCGGTTGCATAC-1,2
WT65_1_GCCATTCTCCACATAG-1,2
WT65_1_AGTAACCTCAGCCCAG-1,2
WT65_1_TTTCACATCACATCAG-1,2
WT65_1_ATCACTTTCAGCCTTC-1,2
WT65_1_TCATGGATCACACCGG-1,2
WT65_1_ACGATGTTCGACGCGT-1,2
WT65_1_TCCAGAATCTAGCAAC-1,2
WT65_1_TCGTCCAGTTCCGCGA-1,2
WT65_1_CGGAATTTCACTCACC-1,2
WT65_1_AAACGAATCCAACCAA-1,2
WT65_1_GCCAGCACACTTGGGC-1,2
WT65_1_ATTTCACGTGCAGGAT-1,2
WT65_1_GCGGAAATCAAGGACG-1,2
WT65_1_ACCATTTTCGAGCACC-1,2
WT65_1_TAGCACATCATACAGC-1,2
WT65_1_GTTGCGGGTGTCCGGT-1,2
WT65_1_TAGAGTCTCTATCGTT-1,2
WT65_1_GGTAGAGCAATACCCA-1,2
WT65_1_GACCCAGGTGATAGTA-1,2
WT65_1_ACACAGTTCCCATTCG-1,2
WT65_1_AAATGGACACCAGCGT-1,2
WT65_1_ACGTCCTTCCGGTTCT-1,2
WT65_1_GTTCATTAGTGGCCTC-1,2
WT65_1_GGATGTTGTGCCGTAC-1,2
WT65_1_ATGCCTCAGCAAACAT-1,2
WT65_1_GGCACGTCATGACAGG-1,2
WT65_1_TCACTATGTTACGATC-1,2
WT65_1_TTAGTCTGTCACTCGG-1,2
WT65_1_GTGCTTCCAGAGGGTT-1,2
WT65_1_TACATTCTCTATGTGG-1,2
WT65_1_ACGTAGTTCCGAAATC-1,2
WT65_1_TAGGGTTCACAACGAG-1,2
WT65_1_TTTACGTTCGCTTGAA-1,2
WT65_1_AGGAGGTGTCCAGAAG-1,2
WT65_1_CAATACGGTAGCGAGT-1,2
WT65_1_GTCATGATCGAGTGGA-1,2
WT65_1_AGCGCCATCGTAGTGT-1,2
WT65_1_CAGGTATAGAGCGACT-1,2
WT65_1_ATAGGCTTCTGCTGAA-1,2
WT65_1_GCATGATAGCCATATC-1,2
WT65_1_GAAGGGTTCGAATGCT-1,2
WT65_1_CATGGTAAGAACAGGA-1,2
WT65_1_CCTTCAGCAGGAGGTT-1,2
WT65_1_ATACCTTCAGATTTCG-1,2
WT65_1_GGAGATGGTCCTATAG-1,2
WT65_1_GCGGATCAGCTCGGCT-1,2
WT65_1_CATGCAACAATCCTAG-1,2
WT65_1_GAGACCCTCGGTCTAA-1,2
WT65_1_GTCTAGACAGTCAGCC-1,2
WT65_1_GAAACCTTCCAACTGA-1,2
WT65_1_TTGTTGTAGTGTACCT-1,2
WT65_1_CAGGGCTGTTGGAGGT-1,2
WT65_1_GTTGCGGCAACGGCCT-1,2
WT65_1_ACCTGTCTCGACACCG-1,2
WT65_1_ACGATGTAGAGTTGTA-1,2
WT65_1_TGTGAGTAGTAAGACT-1,2
WT65_1_TGCATGACATCTGGGC-1,2
WT65_1_ACGTCCTTCCCTTGGT-1,2
WT65_1_AGTCACACAGAGATTA-1,2
WT65_1_CAACCAACAGACGGAT-1,2
WT65_1_CACAGATAGTAGACAT-1,2
WT65_1_TGCGATAAGGGTCTTT-1,2
WT65_1_GTGGCGTTCCCAAGCG-1,2
WT65_1_TCATGGACAATCCTAG-1,2
WT65_1_GGTGGCTCATAGAAAC-1,2
WT65_1_TCTCAGCCACTGAGTT-1,2
WT65_1_TCTCCGAAGGTGGGTT-1,2
WT65_1_CTTCCTTGTGACTAAA-1,2
WT65_1_GTTCATTCATGACGAG-1,2
WT65_1_TAAGCACAGGAAAGGT-1,2
WT65_1_CACTGGGAGACGAGCT-1,2
WT65_1_GTGTAACTCATCTCTA-1,2
WT65_1_TGCGGGTGTGATTCTG-1,2
WT65_1_GGGACCTTCACCTCAC-1,2
WT65_1_TTCCAATGTAAGATTG-1,2
WT65_1_TCCATCGAGAGTCTGG-1,2
WT65_1_TGACCCTAGAGCGACT-1,2
WT65_1_CTGCAGGTCTTCGATT-1,2
WT65_1_GCACGGTTCTGACCCT-1,2
WT65_1_GACCCAGCACAAGTGG-1,2
WT65_1_AGGGCCTTCTATGCCC-1,2
WT65_1_TTTGGTTCACAGTCCG-1,2
WT65_1_TGTCCTGTCAAGTGGG-1,2
WT65_1_TTCCGTGGTTTCGTTT-1,2
WT65_1_CGAGTTATCGGTGTTA-1,2
WT65_1_TTCACGCGTTATGGTC-1,2
WT65_1_GGGACAATCCGGACTG-1,2
WT65_1_GTCAGCGTCAACCTTT-1,2
WT65_1_ATCGGATTCTTCGGTC-1,2
WT65_1_GCCCAGAAGTATGACA-1,2
WT65_1_ATTATCCGTTAAACCC-1,2
WT65_1_TCTTAGTAGGCGTTAG-1,2
WT65_1_GTCCTCAAGATTCGCT-1,2
WT65_1_AGTCTCCTCATCTGTT-1,2
WT65_1_ACTATTCAGTCCGTCG-1,2
WT65_1_TCTGGCTAGTCCTGCG-1,2
WT65_1_GATGTTGAGACGAGCT-1,2
WT65_1_AAACGAATCTCCCTAG-1,0
WT65_1_CATACTTCAGCACGAA-1,2
WT65_1_AGGACGAGTCCGGTCA-1,2
WT65_1_GTAAGTCCACTCATAG-1,2
WT65_1_AGGCTGCGTCTGATAC-1,2
WT65_1_GACACGCGTGCAGTGA-1,2
WT65_1_GCTTTCGGTGTGATGG-1,2
WT65_1_AGGGAGTAGGCCACTC-1,2
WT65_1_GGAGAACTCCACTTCG-1,2
WT65_1_GATTGGTTCCTGGCTT-1,2
WT65_1_TAACGACAGTGGCCTC-1,2
WT65_1_CACTGGGGTCTCAGAT-1,2
WT65_1_CCTAACCCAGGTATGG-1,2
WT65_1_GACGCTGGTCGCAGTC-1,4
WT65_1_TGTGATGAGCACTGGA-1,2
WT65_1_CAGATACAGTGATGGC-1,2
WT65_1_CACAGGCAGGCCTAGA-1,2
WT65_1_GCTGGGTTCGCATTAG-1,2
WT65_1_TCCCATGCACTCCTTG-1,2
WT65_1_TCAAGACAGTTCATGC-1,2
WT65_1_TTGTTCAAGCTACTAC-1,2
WT65_1_CAGAGCCAGGACAGCT-1,2
WT65_1_TGTCCCACATTATGCG-1,2
WT65_1_GACCGTGCACCGAATT-1,2
WT65_1_ATGGGTTCAACGGCCT-1,2
WT65_1_CCGGGTAAGTAAGACT-1,2
WT65_1_GGAGAACGTCTGATAC-1,2
WT65_1_CTCCACACATTACTCT-1,2
WT65_1_TATCCTAGTGTAAATG-1,2
WT65_1_GTGTTCCTCGCTTAAG-1,2
WT65_1_GTGAGGAGTGGATACG-1,2
WT65_1_GTAAGTCGTCAAGCGA-1,2
WT65_1_TTCTAGTAGGCTCACC-1,2
WT65_1_AGCGATTTCGCTTGCT-1,2
WT65_1_TTGTGTTCATCAGCAT-1,2
WT65_1_TCTTAGTAGAGAGTTT-1,2
WT65_1_ATACCTTGTCTCACGG-1,2
WT65_1_CTTTCGGGTTACGCCG-1,2
WT65_1_GGCTTGGGTATCAGCT-1,2
WT65_1_CCAATGACACTTGTCC-1,2
WT65_1_CCTCCAAGTATATGGA-1,2
WT65_1_ACTGCAACAAGGGTCA-1,2
WT65_1_ACCCTTGCAATCAAGA-1,2
WT65_1_TATCAGGGTGCCTATA-1,2
WT65_1_ACTATGGTCTTAATCC-1,2
WT65_1_GCAACCGGTAGCTTAC-1,2
WT65_1_GCTACCTCATCTGCGG-1,2
WT65_1_AGAAGCGCAAGCGAGT-1,2
WT65_1_CAATGACCACGGTCTG-1,2
WT65_1_GCTTCACAGTGAGGTC-1,2
WT65_1_GTGAGGAGTTTAAGGA-1,2
WT65_1_ATCCCTGTCCACAGGC-1,2
WT65_1_GCATGATGTCTGTGGC-1,2
WT65_1_ATGTCCCCAGCTCCTT-1,2
WT65_1_GAGCCTGTCTTGATTC-1,2
WT65_1_CACGTTCAGCCTCGTG-1,2
WT65_1_CTGTGAAGTGTGTCGC-1,2
WT65_1_CTGTGGGAGCTTTCTT-1,2
WT65_1_AGACCCGAGACATAAC-1,2
WT65_1_CTATCTAAGTGTGTTC-1,2
WT65_1_GGAATGGAGCTAATGA-1,2
WT65_1_ACGCACGAGTGGTCAG-1,2
WT65_1_ACATCGACACAAATAG-1,2
WT65_1_GGGAAGTTCACGGTCG-1,2
WT65_1_ATGCATGTCCGAGGCT-1,4
WT65_1_CTAACTTGTCTGTGCG-1,2
WT65_1_GTGTGATCATGACGGA-1,2
WT65_1_CTATCTAGTCTTTATC-1,2
WT65_1_GTGTGGCCATGTTCGA-1,2
WT65_1_CCTAAGAAGTTCCTGA-1,2
WT65_1_GGGACAACAGGGAGAG-1,4
WT65_1_TTGCTGCAGTTGTAGA-1,2
WT65_1_AGTGATCAGCGAGAAA-1,4
WT65_1_CTCAGTCTCGTCGACG-1,2
WT65_1_GTCTGTCAGACCATGG-1,2
WT65_1_TCAGGGCAGAAGCGGG-1,2
WT65_1_GCAGGCTCAGGACAGT-1,2
WT65_1_TTACTGTAGTAAACGT-1,3
WT65_1_TCGTGGGAGCCAGACA-1,2
WT65_1_GCCGTGACAACGGCTC-1,2
WT65_1_TGCTCGTTCATTGCGA-1,2
WT65_1_TTCGGTCGTACCTTCC-1,2
WT65_1_AGATCGTGTTAGTTCG-1,2
WT65_1_CATAGACGTCTTAGTG-1,2
WT65_1_CTAACTTGTTGCACGC-1,2
WT65_1_GTGCAGCCAAATCAGA-1,2
WT65_1_ACACCAACAATGAACA-1,2
WT65_1_CCGATCTAGTTCGGTT-1,2
WT65_1_ATGTCCCAGGCTTAAA-1,2
WT65_1_GACACGCCAGATCACT-1,2
WT65_1_AATTCCTTCTCTTAAC-1,2
WT65_1_ACTGTGAAGCGACATG-1,2
WT65_1_ATTCTTGTCTCTTCAA-1,2
WT65_1_TCAGTTTGTCGTGTTA-1,2
WT65_1_AATTCCTAGTCATGGG-1,2
WT65_1_GTCTCACCAAGAAATC-1,2
WT65_1_CTAACCCTCGACCACG-1,2
WT65_1_ATCACAGCAATTTCCT-1,2
WT65_1_TTTCAGTCAGTCTTCC-1,2
WT65_1_CCTCAGTGTCGAGCAA-1,2
WT65_1_GCGGAAAGTTGTAGCT-1,2
WT65_1_TTCACCGGTGCAATGG-1,2
WT65_1_GGGCGTTTCACTGTTT-1,2
WT65_1_CCCTCTCCATCATTTC-1,2
WT65_1_CGTGAATTCTCTCGAC-1,2
WT65_1_CAGCAATTCGTGTCAA-1,2
WT65_1_TGGAGAGCACAGAGAC-1,2
WT65_1_TTACGCCCACCAGCGT-1,2
WT65_1_CGATGCGCAAAGTATG-1,2
WT65_1_ATCAGGTTCTTTGATC-1,2
WT65_1_AAGCGAGTCGAGTGAG-1,2
WT65_1_TACGTCCTCGCGTGAC-1,2
WT65_1_ACAGCCGGTACCTATG-1,2
WT65_1_TCAAGCAAGCTAAGTA-1,2
WT65_1_TCATCATCATCTTCGC-1,5
WT65_1_GCAGCCAGTGACTATC-1,2
WT65_1_AACCCAAAGGTATCTC-1,2
WT65_1_AGGAGGTTCCAGCTCT-1,2
WT65_1_CCTAAGATCGTCAAAC-1,2
WT65_1_GGTGATTGTACGTAGG-1,2
WT65_1_GGAAGTGCACTTCTCG-1,2
WT65_1_CATCCGTCATCGATCA-1,2
WT65_1_TATTGCTTCGCATGAT-1,2
WT65_1_TTGTTTGGTGGTCCCA-1,2
WT65_1_AGAGAATAGAGGTTAT-1,2
WT65_1_AAGTTCGTCCTCTTTC-1,2
WT65_1_TGCATGATCCTTCAGC-1,2
WT65_1_GTACAGTGTTTCCATT-1,2
WT65_1_TGCAGGCCACGCGCTA-1,2
WT65_1_ATTTCTGTCTCGTGGG-1,2
WT65_1_TTCAGGATCTCGGCTT-1,2
WT65_1_TGAGTCAGTCCACAGC-1,2
WT65_1_ATGATCGCAGAACTAA-1,2
WT65_1_GTCCCATGTCGCGTCA-1,2
WT65_1_GAGTTTGCAATTCTTC-1,2
WT65_1_GATCATGTCCTTACCG-1,2
WT65_1_GTCTCACCAGAAACCG-1,2
WT65_1_TCGAAGTCAGACAAGC-1,4
WT65_1_TTTACGTGTTCGGCTG-1,2
WT65_1_GTGCTTCCACTTGGCG-1,2
WT65_1_AGGAGGTAGGACTAAT-1,2
WT65_1_TTTCGATGTTGGCCTG-1,2
WT65_1_TCGGGCAAGACGAGCT-1,2
WT65_1_TTCCTCTGTAGATTGA-1,2
WT65_1_GTGTGATGTCTGTCCT-1,2
WT65_1_TATCGCCAGACCATTC-1,2
WT65_1_CAAGAGGTCATTTGGG-1,2
WT65_1_CCCGGAACAGCACGAA-1,2
WT65_1_ATTCCATCATGACTCA-1,2
WT65_1_TGTACAGAGTTGTAAG-1,2
WT65_1_CTGCTCACAGAGACTG-1,2
WT65_1_CCTCTCCAGACGACGT-1,2
WT65_1_GGGATCCGTAACTAAG-1,2
WT65_1_AAGGTAAGTCGTACTA-1,2
WT65_1_GAATCACTCAGGACGA-1,2
WT65_1_AGTGTTGTCATTACCT-1,2
WT65_1_GAAGCCCCACGGCTAC-1,2
WT65_1_TGTTCCGCATTGACAC-1,2
WT65_1_GTAATCGCACAGGATG-1,2
WT65_1_CAAAGAATCGCATTAG-1,2
WT65_1_GTGTAACCATGTGCTA-1,2
WT65_1_AATTCCTGTGCATGAG-1,2
WT65_1_CTGAATGGTCCCTGTT-1,2
WT65_1_ATCGTGAAGCTCGTGC-1,2
WT65_1_CATCCGTCATACAGGG-1,2
WT65_1_ACGGTTAAGTTACGTC-1,2
WT65_1_TTTGGTTCATACACCA-1,2
WT65_1_CATGCCTAGACCACGA-1,2
WT65_1_AAGCGAGTCTTTGGAG-1,2
WT65_1_GCAACATAGGTCATAA-1,2
WT65_1_CGGGACTAGCTTACGT-1,2
WT65_1_CATAGACGTCGCGGTT-1,2
WT65_1_TGTAACGTCGTGTTCC-1,2
WT65_1_GGGATCCCATGTGGCC-1,2
WT65_1_ACAACCAGTCACTAGT-1,2
WT65_1_TGTCAGAAGCCTTGAT-1,2
WT65_1_ATCGTAGTCAAGAGGC-1,2
WT65_1_AGACCATGTCGAATTC-1,2
WT65_1_TCGTGGGAGTAGATCA-1,2
WT65_1_GACCTTCAGATGAACT-1,2
WT65_1_TCGGGACAGATGGCGT-1,3
WT65_1_TCGCTTGAGGGCATGT-1,2
WT65_1_GTCGAATAGGGAGGCA-1,2
WT70_1_TTTACTGAGCTGACCC-1,3
WT70_1_CACTGAATCTTTCAGT-1,3
WT70_1_AGCCACGAGGGAGAAT-1,2
WT70_1_AGTACTGGTTGTTGTG-1,3
WT70_1_AACCTGAGTCGAAACG-1,3
WT70_1_TCAGGGCCACTAGTAC-1,3
WT70_1_ACTTATCAGGACAGCT-1,4
WT70_1_TCACATTCAGTGCGCT-1,3
WT70_1_TGGTACACAGCTCCTT-1,4
WT70_1_TAGGAGGAGCTGGTGA-1,4
WT70_1_GTAGAGGCAACAAAGT-1,3
WT70_1_TGCAGATCACAAATGA-1,4
WT70_1_CTCAACCTCAGTGCGC-1,2
WT70_1_GTGCGTGTCTGAGATC-1,2
WT70_1_GTTGTAGTCAACTGGT-1,4
WT70_1_AGCCAGCCAATTCTTC-1,3
WT70_1_TTTACGTTCATTCGTT-1,2
WT70_1_GGCACGTGTTTCACTT-1,4
WT70_1_CTACGGGCAACTCCAA-1,2
WT70_1_AACCATGAGCATCAAA-1,2
WT70_1_TGGATCACACGTTCGG-1,2
WT70_1_TCCCAGTTCGCCCAGA-1,2
WT70_1_GCCATGGAGCATTGAA-1,2
WT70_1_GTGCAGCTCACCTTAT-1,2
WT70_1_CACACAAGTGGGATTG-1,2
WT70_1_AGTACCACATCCGAAT-1,1
WT70_1_GCCAGCAAGGATACCG-1,2
WT70_1_GCGGATCCAATACAGA-1,4
WT70_1_CAATTTCAGTATTAGG-1,2
WT70_1_TCAAGTGCAACTTGGT-1,2
WT70_1_CAGGTATGTTACGTAC-1,2
WT70_1_ATTACTCCAGCCATTA-1,3
WT70_1_AACCATGCATTGCTGA-1,3
WT70_1_TACAGGTTCACCTCGT-1,2
WT70_1_GCCCAGAAGCAGGCTA-1,2
WT70_1_TACCTCGGTACAGAAT-1,4
WT70_1_AGGGTTTTCGCTGCGA-1,4
WT70_1_TTGATGGTCTCTCTAA-1,4
WT70_1_CACCAAAGTGGTCCGT-1,2
WT70_1_ACTGTGACAAGTGCTT-1,2
WT70_1_ACATCCCAGGTGATCG-1,2
WT70_1_GCTGCAGTCACTACTT-1,2
WT70_1_GTTTGGACATCGAACT-1,2
WT70_1_CAGCGTGAGAGGACTC-1,3
WT70_1_TAGACTGTCACTTGGA-1,2
WT70_1_GTCTTTAAGGATGAGA-1,2
WT70_1_TCCTCCCCACCACATA-1,2
WT70_1_TCACACCCAACTGGTT-1,2
WT70_1_CACCAAAAGCGTTCAT-1,3
WT70_1_CTACCTGAGCGCCCAT-1,2
WT70_1_TCACGGGCACCGCTAG-1,2
WT70_1_CCTTTGGTCTCGACCT-1,2
WT70_1_GATTCGATCACTACGA-1,2
WT70_1_CTGCCTATCATGTCTT-1,2
WT70_1_TATCTTGAGGGCTTCC-1,5
WT70_1_TCAGGGCTCGTAGGAG-1,2
WT70_1_TCCGTGTGTCGGAACA-1,2
WT70_1_TCCTCGAAGTGCAACG-1,2
WT70_1_TCATCCGCAACGAGGT-1,4
WT70_1_GATCACACAGGCACAA-1,3
WT70_1_TACTGCCCAGTTGAAA-1,1
WT70_1_TGACGCGAGCACCTGC-1,2
WT70_1_CTCAGTCTCGAGAAGC-1,3
WT70_1_TGGTAGTGTCTCTCCA-1,2
WT70_1_GCCTGTTGTCTTCAAG-1,2
WT70_1_GGGATGAAGTAACGAT-1,2
WT70_1_TGAGCGCTCTGAGAAA-1,2
WT70_1_ATTCACTAGAATACAC-1,2
WT70_1_CATACCCAGTACCCTA-1,2
WT70_1_GGAAGTGTCCGCGGAT-1,2
WT70_1_GATCACACAAAGGCAC-1,3
WT70_1_CATCAAGCAATACCTG-1,2
WT70_1_TATACCTTCCCAGGAC-1,2
WT70_1_AACCAACGTAACCCGC-1,2
WT70_1_CACTGGGGTCCTGGGT-1,2
WT70_1_TGGTAGTCATAAGCGG-1,4
WT70_1_GGAGGTAAGTAGAATC-1,2
WT70_1_CGGGACTTCCATCCGT-1,2
WT70_1_TCAATCTCACAGCTTA-1,2
WT70_1_CGAGTGCCATGACAGG-1,2
WT70_1_ACCTGAAGTGATACCT-1,2
WT70_1_TCATATCGTTTAAGGA-1,4
WT70_1_CAATCGACACTCTAGA-1,2
WT70_1_CTAAGTGCACGCTGCA-1,2
WT70_1_AACTTCTTCGCCAGTG-1,2
WT70_1_CAAGAGGGTGCATTAC-1,3
WT70_1_AATGACCGTGGGTCAA-1,2
WT70_1_GTTGTAGTCGCAAGAG-1,3
WT70_1_GCAGCTGAGAATCCCT-1,2
WT70_1_TGTTCTAGTGCTCCGA-1,2
WT70_1_CAGGGCTGTCTGATAC-1,2
WT70_1_AGGACGACAATTTCGG-1,2
WT70_1_GTGTGGCAGTCAGGGT-1,2
WT70_1_TACCTGCAGGAGGCAG-1,2
WT70_1_CCTCTCCAGACCATTC-1,2
WT70_1_TGACTCCTCCAACCGG-1,2
WT70_1_CCACCATGTGGACCAA-1,0
WT70_1_TCAGTTTGTGATCATC-1,2
WT70_1_CGATGCGAGGCCACCT-1,2
WT70_1_ACAGAAACACACTGGC-1,2
WT70_1_CATCCGTAGTCTGTAC-1,2
WT70_1_TGACTCCCACCTTCCA-1,2
WT70_1_GCACTAAGTCATCGCG-1,2
WT70_1_AACAACCAGGTCACCC-1,2
WT70_1_CTCATTAAGTCGCCCA-1,2
WT70_1_TAAGCGTTCTAGTTCT-1,2
WT70_1_CATTCTAGTATTGCCA-1,4
WT70_1_TCATCATTCAAGCCCG-1,2
WT70_1_GATCAGTTCTCGAACA-1,2
WT70_1_TCATTACCATTACGGT-1,3
WT70_1_CGCAGGTCACATACTG-1,2
WT70_1_ATCACGAAGAATCCCT-1,2
WT70_1_GTTTACTAGGTATCTC-1,2
WT70_1_TCGTGCTGTTCATCGA-1,2
WT70_1_TATTGGGGTCGTACTA-1,3
WT70_1_ATCCACCAGTGACCTT-1,4
WT70_1_ACGATCACAAACACGG-1,3
WT70_1_ATTACCTTCGCAGATT-1,3
WT70_1_TCGACCTTCGGACTTA-1,2
WT70_1_TGCACGGGTAGCCAGA-1,2
WT70_1_GATTGGTAGTTTGTCG-1,2
WT70_1_GGGTGTCGTTTGGGAG-1,2
WT70_1_CTCCCTCAGTTCCAGT-1,4
WT70_1_GGGTCTGCAGCACCCA-1,2
WT70_1_GCAGTTACACTGCTTC-1,4
WT70_1_TTACCGCTCGACCTAA-1,4
WT70_1_TTACTGTGTGGTCTTA-1,3
WT70_1_CAGCAATGTTAAACAG-1,2
WT70_1_TCTCACGTCATTTCGT-1,2
WT70_1_ACTCCCAGTCTGTGGC-1,2
WT70_1_TGTAACGAGACAGCTG-1,2
WT70_1_TTGATGGTCACCACAA-1,2
WT70_1_ATACCGATCAACGCTA-1,2
WT70_1_GAACGTTGTTGGGACA-1,2
WT70_1_TATCGCCCAGGGAGAG-1,2
WT70_1_TCAATCTTCCCGTTCA-1,2
WT70_1_AGGTCTACAAACGAGC-1,3
WT70_1_CATTTCACAGCGACAA-1,1
WT70_1_CAATGACAGACGCCCT-1,2
WT70_1_ACAACCACAGTGCGCT-1,2
WT70_1_AGGCCACAGCCATCCG-1,2
WT70_1_GAGACTTCACCCTATC-1,2
WT70_1_TGCCGAGGTTGACTGT-1,2
WT70_1_CGGACACGTTTGAACC-1,2
WT70_1_TGATTCTGTACTCCGG-1,2
WT70_1_TCCCAGTCAAACACGG-1,2
WT70_1_TGCTGAAGTTCTTAGG-1,2
WT70_1_TACTTCAGTTTAGAGA-1,2
WT70_1_AGTCTCCCAGTCGCAC-1,3
WT70_1_ATGGATCTCAAGGTGG-1,4
WT70_1_AGGAATAAGTACCGGA-1,4
WT70_1_AATGGCTAGCATAGGC-1,2
WT70_1_TTCGGTCCATCTAGAC-1,2
WT70_1_TGATCAGGTATTCCTT-1,2
WT70_1_AATGACCCATCGTCCT-1,4
WT70_1_AGATCGTCAGCACAAG-1,2
WT70_1_GACTCTCCAACTTGGT-1,2
WT70_1_TACTTACTCTCGTGAA-1,2
WT70_1_AACAAAGCACAACGCC-1,2
WT70_1_CTCTCAGCAGACCATT-1,2
WT70_1_GTTGAACAGTTGTCGT-1,2
WT70_1_ATAGACCAGTGCAAAT-1,2
WT70_1_TCTATCACATAAGCAA-1,3
WT70_1_GCAACATCAATAACGA-1,2
WT70_1_TCTAACTAGGACTTCT-1,4
WT70_1_GCCCGAACAACTGATC-1,2
WT70_1_GACAGCCAGCGGCTCT-1,2
WT70_1_ACTACGATCGGTCATA-1,2
WT70_1_GAATCACCACTTTAGG-1,2
WT70_1_TCATTGTGTATGCTAC-1,1
WT70_1_GACCCAGGTCGAATTC-1,3
WT70_1_ATTCCTACAGACGATG-1,4
WT70_1_GGGTTATCACGAGAAC-1,2
WT70_1_TCCCATGTCGAGATAA-1,2
WT70_1_TTACTGTCAGCATGCC-1,2
WT70_1_TCAAGACAGGACTATA-1,2
WT70_1_AAAGTCCAGGCGTCCT-1,2
WT70_1_CCCATTGAGCCATCCG-1,2
WT70_1_TGTAGACAGTCACTGT-1,3
WT70_1_TCCATCGCAGTCGGTC-1,2
WT70_1_TAGGTTGCAACTGCTA-1,2
WT70_1_TTGAACGTCACTGAAC-1,2
WT70_1_TAACTTCTCGTTATCT-1,2
WT70_1_CGGACACTCTGTCCCA-1,2
WT70_1_CCGATCTAGCAGCCCT-1,2
WT70_1_AAGTCGTAGCCTATTG-1,3
WT70_1_GGGATCCTCATTTGCT-1,2
WT70_1_TGTTACTGTAAGCAAT-1,3
WT70_1_GTCATGAAGTACCATC-1,2
WT70_1_TTGTTGTTCATTGTGG-1,2
WT70_1_CCTAAGAAGTCACGAG-1,2
WT70_1_TTTGATCGTCTTCAAG-1,2
WT70_1_AGACAGGAGCGACAGT-1,3
WT70_1_AACCTTTCACGTAACT-1,2
WT70_1_CACCGTTTCGAGGCAA-1,4
WT70_1_CAGATCAAGAACTGAT-1,2
WT70_1_TTTCACATCTAGCCTC-1,2
WT70_1_TGAGGGACAACATACC-1,2
WT70_1_CAATGACGTTGGCTAT-1,2
WT70_1_CATCCCAAGGCCTTGC-1,2
WT70_1_TTAGGGTGTTGTGCCG-1,2
WT70_1_GTTGCTCAGGTCATAA-1,2
WT70_1_TCGGGACGTTGGGACA-1,4
WT70_1_CCTCCTCGTACGCTTA-1,2
WT70_1_TAGCACAAGTTCTCTT-1,2
WT70_1_CTTTCGGCAACAGTGG-1,2
WT70_1_TCACAAGCACGCAGTC-1,2
WT70_1_TTATTGCAGACTCTAC-1,2
WT70_1_AGACACTAGGGACACT-1,2
WT70_1_GAGGGTATCGTTGCCT-1,2
WT70_1_ACGTAACAGTGATGGC-1,1
WT70_1_ACAGAAAAGACATCAA-1,2
WT70_1_GAAATGATCGGTATGT-1,2
WT70_1_TCATTCAAGCAGTAAT-1,2
WT70_1_AACGGGACAAGCTACT-1,2
WT70_1_GCCCGAAGTAGTCGGA-1,1
WT70_1_AATTCCTCAAGATCCT-1,2
WT70_1_CAGCGTGAGTACCCTA-1,2
WT70_1_CGAGGAAGTCCACAGC-1,2
WT70_1_ATTTACCTCATTTCCA-1,2
WT70_1_CTGATCCAGTTGGAGC-1,2
WT70_1_CGCGTGACAAGGATGC-1,2
WT70_1_CCTAAGAAGCACAAAT-1,2
WT70_1_AGGGAGTTCGATGCTA-1,2
WT70_1_CCCGGAACATAATGCC-1,2
WT70_1_AGCATCACATGAGATA-1,2
WT70_1_AGAGAATGTAGCGTTT-1,2
WT70_1_GATCACATCGCGGTAC-1,4
WT70_1_ACTATTCAGACTCTAC-1,2
WT70_1_CTCAGGGGTATTGCCA-1,2
WT70_1_GGCACGTCACACCTTC-1,2
WT70_1_GTGAGGAGTATTTCTC-1,2
WT70_1_ATCACAGAGGCGATAC-1,2
WT70_1_CAACAACGTACCGTGC-1,2
WT70_1_AGAGAATTCCCATTCG-1,2
WT70_1_GCCGTGATCGATTGGT-1,2
WT70_1_CAGTTAGAGGGCTAAC-1,2
WT70_1_CGGAATTGTGTAGTGG-1,2
WT70_1_ATCCTATGTAGTGGCA-1,2
WT70_1_TATTGGGCACGGCACT-1,2
WT70_1_CTATCTACACTGATTG-1,2
WT70_1_GAGGCCTCAAACCATC-1,2
WT70_1_GGCTTTCAGGTAGCCA-1,2
WT70_1_TACTTGTCACACACGC-1,2
WT70_1_TAGACTGTCAGCGCGT-1,2
WT70_1_CAACCTCCATGCAGGA-1,2
WT70_1_TTTGTTGGTGACTCGC-1,2
WT70_1_TCGTAGACACAAAGCG-1,3
WT70_1_GTTTGGATCCTAGCTC-1,2
WT70_1_TACGTCCCACCGCTGA-1,2
WT70_1_CCGTTCACAAGCTACT-1,2
WT70_1_ACCACAACAACAGCTT-1,2
WT70_1_TCCTTTCCAAGTGCTT-1,2
WT70_1_CATGCTCGTGGTACAG-1,2
WT70_1_AGCTACAGTTGGAGGT-1,3
WT70_1_TTACGCCCAAGCACCC-1,2
WT70_1_GAACACTAGAGCAAGA-1,2
WT70_1_AAAGTCCAGAAATTCG-1,2
WT70_1_TTGGGCGTCAAATGAG-1,2
WT70_1_TCATTTGTCAGAATAG-1,2
WT70_1_CATGCCTGTCTAGATC-1,2
WT70_1_ATATCCTTCGAATGCT-1,2
WT70_1_CAGGCCAGTGTTGCCG-1,2
WT70_1_TGGGAGAGTCGTCTCT-1,2
WT70_1_TCTTAGTCAGCGTGCT-1,2
WT70_1_TGTAGACAGGAGTCTG-1,2
WT70_1_CTGGTCTTCATTTCGT-1,2
WT70_1_GTAACCACAGAGGTAC-1,2
WT70_1_ACGATCAGTCACAATC-1,2
WT70_1_TTAGGCACACAAAGTA-1,3
WT70_1_ACACCAAGTCCACAGC-1,2
WT70_1_AGAAATGCACGTGAGA-1,5
WT70_1_ATCGTGACAGAGAAAG-1,2
WT70_1_AATGACCCACAACATC-1,4
WT70_1_TTCCGGTCACTCTCGT-1,2
WT70_1_ACCATTTAGCGTTCAT-1,3
WT70_1_CGGGTCAAGGCTTAAA-1,4
WT70_1_TATTCCATCGGCTTCT-1,2
WT70_1_CACTAAGTCAGTGCGC-1,3
WT70_1_AACCACAGTCCAGTTA-1,2
WT70_1_TCAGCCTTCTTTGCAT-1,2
WT70_1_CAACAGTTCTTCCGTG-1,2
WT70_1_TTTCCTCCACTCACTC-1,3
WT70_1_CCGGACATCTAGGCAT-1,2
WT70_1_GTAGTACCAACTCATG-1,4
WT70_1_ATTCAGGAGTGGTTAA-1,2
WT70_1_GTGGAAGTCGAGAAGC-1,2
WT70_1_TTTACCAAGTTTGAGA-1,4
WT70_1_CAATCGAGTTGTCATG-1,4
WT70_1_TGCAGATCAGCATCTA-1,2
WT70_1_TGTTCTAGTATGGTAA-1,2
WT70_1_GAAGCGAAGCTCGCAC-1,2
WT70_1_GAAGGGTTCAAAGACA-1,2
WT70_1_CTGTCGTAGTCACACT-1,2
WT70_1_CCTCTCCCAGGAATCG-1,2
WT70_1_CATGAGTGTTGTGTAC-1,2
WT70_1_TCCTGCATCTTAGCCC-1,2
WT70_1_ATTCGTTGTGGAGGTT-1,5
WT70_1_GTGTGATGTTGGACCC-1,2
WT70_1_ACCGTTCGTATAATGG-1,2
WT70_1_GAGCCTGCATCACGGC-1,2
WT70_1_TACCTGCCACGGCGTT-1,2
WT70_1_GGAGATGAGCCGATCC-1,2
WT70_1_ATTCCCGGTCGTGATT-1,2
WT70_1_GTCCTCACATCTCCCA-1,2
WT70_1_CTCAAGAAGCTCAGAG-1,2
WT70_1_GCATCGGCATGGGAAC-1,2
WT70_1_TAAGTCGCACTGTCCT-1,4
WT70_1_CTGCTCACAGTCACGC-1,2
WT70_1_TGTTCTAGTCAACACT-1,2
WT70_1_CAAGGGAAGGATGTTA-1,2
WT70_1_ATCACGAAGGGAGAAT-1,2
WT70_1_CTCCGATCACGTCATA-1,2
WT70_1_AGTAGCTTCAGACTGT-1,2
WT70_1_TGATTTCTCCCGTGAG-1,2
WT70_1_AGGAGGTCAGGCCTGT-1,2
WT70_1_CGATGCGAGCGATGCA-1,2
WT70_1_GAGAAATGTGCACGCT-1,2
WT70_1_CTCCCTCGTCCAAATC-1,2
WT70_1_AGACACTCAGCTGAGA-1,2
WT70_1_AAGTCGTTCCTCACGT-1,2
WT70_1_TTCATTGAGCCACTCG-1,2
WT70_1_TTCATTGCATGACCCG-1,3
WT70_1_GCAGGCTAGAAGCGGG-1,2
WT70_1_CTTTCAACACTTCAAG-1,2
WT70_1_GAGTTTGCAACGGGTA-1,5
WT70_1_TGTCCTGAGTGAGTTA-1,2
WT70_1_CCCGAAGAGTAATTGG-1,2
WT70_1_TGTTCCGAGGTTAGTA-1,4
WT70_1_CTGCGAGCATACCGTA-1,2
WT70_1_GAAGCCCCAGATCCTA-1,2
WT70_1_TGCAGTACAACGGCCT-1,2
WT70_1_AGAAGTACAGCAGTAG-1,2
WT70_1_TGATCTTGTACAGGTG-1,2
WT70_1_CTACATTAGACATCCT-1,4
WT70_1_TTGCGTCTCTCTCAAT-1,4
WT70_1_ACACAGTTCCGTGGTG-1,2
WT70_1_CATACAGCAACGCATT-1,2
WT70_1_TCCACCAGTGAGCGAT-1,2
WT70_1_AAGACTCTCGTTCTGC-1,2
WT70_1_CTCTCAGCAAGATGTA-1,2
WT70_1_CTCTGGTTCTTGCAGA-1,2
WT70_1_ATTGGGTTCGCTAATG-1,1
WT70_1_GGGTAGATCACCGGGT-1,2
WT70_1_GCAACATTCAAGAGTA-1,2
WT70_1_CCCTAACTCGCTTGAA-1,3
WT70_1_CAATCGATCCTTCTTC-1,2
WT70_1_GGGATCCCACAATGTC-1,2
WT70_1_CGGGTCAAGAGCTGAC-1,5
WT70_1_GGAGATGTCCATTGGA-1,2
WT70_1_AGCGCTGTCACCATGA-1,2
WT70_1_CTCCTCCCACAGCTTA-1,2
WT70_1_TCATCATGTCGTGATT-1,2
WT70_1_GAGAAATAGGCCTGCT-1,3
WT70_1_ATCCACCAGTTGGCGA-1,2
WT70_1_CGGTCAGGTTAGAAAC-1,2
WT70_1_AGCATCACATTGCCGG-1,3
WT70_1_TTCATTGAGTGGTGGT-1,1
WT70_1_CCGATGGAGGTAGCCA-1,2
WT70_1_GTGTGGCTCTGGTTGA-1,2
WT70_1_TGCGACGGTTATTCCT-1,2
WT70_1_TCACAAGTCGGATACT-1,2
WT70_1_AGATGCTGTTGGCCTG-1,2
WT70_1_TATTGCTTCATGCCAA-1,2
WT70_1_AGGGTGACAGTACTAC-1,2
WT70_1_GATCGTACACATATCG-1,2
WT70_1_CTTTCGGCACAAGCCC-1,2
WT70_1_TTCGATTAGCTGTGCC-1,2
WT70_1_ACATTTCCACCCTGTT-1,2
WT70_1_GGCTGTGCACCAGGTC-1,2
WT70_1_CACTTCGCATGACTAC-1,2
WT70_1_ATTACTCAGTCACGCC-1,2
WT70_1_TGGGAAGAGTCTGCGC-1,2
WT70_1_GTGTCCTCAGTGGGTA-1,2
WT70_1_ATTCCCGGTCTCAAGT-1,2
WT70_1_ATCCACCGTTCAAAGA-1,4
WT70_1_GTCAGCGGTCAACCAT-1,2
WT70_1_TTATTGCCACTACACA-1,2
WT70_1_CTATAGGCACCGGTCA-1,2
WT70_1_ATAGACCAGTGTTGAA-1,2
WT70_1_TATACCTGTACAAGCG-1,1
WT70_1_CCTTGTGCAGCAGATG-1,2
WT70_1_GATGAGGTCGTCAGAT-1,4
WT70_1_TACAACGTCTGGGCCA-1,2
WT70_1_TATATCCGTCTTTCAT-1,2
WT70_1_CGTCCATAGAGAAGGT-1,2
WT70_1_GTACAGTGTACAGAAT-1,1
WT70_1_GGGCGTTCATTCCTAT-1,2
WT70_1_ACCCTTGGTAGATCCT-1,2
WT70_1_TACCTGCTCGGCTGTG-1,1
WT70_1_CTGGCAGGTAGCTGAG-1,2
WT70_1_TCAGCCTAGAAGGGAT-1,2
WT70_1_AGCATCATCATTCGTT-1,3
WT70_1_AGAACAACATGGCTGC-1,2
WT70_1_CCTCACATCAGGAGAC-1,2
WT70_1_GATGCTAGTACGTACT-1,2
WT70_1_TTGCTGCCAAGTGACG-1,2
WT70_1_GACTGATAGAGACAAG-1,2
WT70_1_GAAGGACCACGTAGAG-1,2
WT70_1_TTACCATTCCTCTCTT-1,2
WT70_1_AGAAGCGAGTAAGACT-1,2
WT70_1_AGTACCATCAAGTGTC-1,2
WT70_1_CTACAGATCGTGAGAG-1,2
WT70_1_GCCGTGATCCGCGGAT-1,2
WT70_1_GGTCTGGTCCGCATAA-1,4
WT70_1_GTTCATTTCCTTGGAA-1,1
WT70_1_GTGAGCCAGCGTTCCG-1,2
WT70_1_TGATTTCTCACGTAGT-1,2
WT70_1_TACATTCCATAGTCAC-1,2
WT70_1_AAGGTAAAGTATTGCC-1,2
WT70_1_GAGAAATTCTCACCCA-1,4
WT70_1_TCGAACAGTTTGACAC-1,2
WT70_1_TACTGCCTCGGCCTTT-1,2
WT70_1_GCGGAAAGTCTTAGTG-1,2
WT70_1_AATGGCTAGGACTAAT-1,4
WT70_1_AGTCTCCTCCACTAGA-1,2
WT70_1_GCTACAATCCGTACGG-1,3
WT70_1_TAACACGCATAGAAAC-1,1
WT70_1_AGGTCTAGTGTGCTTA-1,2
WT70_1_CTGAATGCAATAGGAT-1,2
WT70_1_CATCGGGTCTGGCTGG-1,2
WT70_1_CGCATGGTCTGCGGGT-1,2
WT70_1_TCAATTCTCGCCGAGT-1,3
WT70_1_ATCTTCAGTTAGAAGT-1,3
WT70_1_GGTAATCGTGTTTGCA-1,3
WT70_1_TGCGACGGTATGTGTC-1,2
WT70_1_GATCATGCAAATCGTC-1,2
WT70_1_CCCGGAACAGGGATAC-1,1
WT70_1_GTGGAAGGTGGCTCTG-1,2
WT70_1_ATAGAGAGTTCGGTCG-1,2
WT70_1_TCATTGTCAAGCTACT-1,2
WT70_1_CTCAACCTCAGAGTTC-1,2
WT70_1_TTACGTTTCCGTTGGG-1,3
WT70_1_TCGCTCACACTACAGT-1,2
WT70_1_GAGTTTGGTCAAGTTC-1,2
WT70_1_GTCCCATGTACTGACT-1,2
WT70_1_GCCATGGCAATGTCAC-1,2
WT70_1_CTATCTATCATCGCTC-1,3
WT70_1_CACAGGCTCGCCTTTG-1,2
WT70_1_GGTTGTATCGTCAAAC-1,4
WT70_1_ACGTAACGTTCTTAGG-1,2
WT70_1_GGGAGATCATCTGGGC-1,3
WT70_1_TGGATGTGTAGTCTGT-1,2
WT70_1_GGTGTCGGTTCAATCG-1,2
WT70_1_CTTCTCTAGGTTCTAC-1,2
WT70_1_TCATACTGTGGCTTGC-1,2
WT70_1_TACATTCGTGACAACG-1,2
WT70_1_CTATCCGCATGGGTCC-1,1
WT70_1_ACATCGATCTCGTGAA-1,2
WT70_1_TATCCTATCTCATGGA-1,2
WT70_1_TACATTCTCATTCATC-1,2
WT70_1_CCACCATAGTAATTGG-1,2
WT70_1_ACATCCCCAGACAAGC-1,2
WT70_1_TCGCACTAGGATACAT-1,3
WT70_1_TATCAGGGTACGGATG-1,2
WT70_1_CATCGGGTCCATTCAT-1,2
WT70_1_ATCGGATGTGACTCGC-1,3
WT70_1_AGTCATGTCCTGTTGC-1,2
WT70_1_GCACATACAAGTGGTG-1,3
WT70_1_CTGCCTAAGCGACTTT-1,2
WT70_1_TCAATTCGTCCGTACG-1,2
WT70_1_ATTCATCCAACCAATC-1,4
WT70_1_CTACTATCACTCCTTG-1,2
WT70_1_TAGACCACATCTTTCA-1,2
WT70_1_ACGTTCCTCTTTCAGT-1,1
WT70_1_TTAGTCTTCAGTCATG-1,4
WT70_1_GTGAGGAGTAGCCCTG-1,1
WT70_1_AGGTGTTTCGCTAAAC-1,4
WT70_1_GTCAGCGGTTCATCTT-1,2
WT70_1_GAGTGTTCACTATCGA-1,1
WT70_1_GGAATCTTCTTCTGGC-1,1
WT70_1_ACCTGAAAGTAGGATT-1,2
WT70_1_GGTAACTTCTCGGCTT-1,2
WT70_1_CATCGGGCAGAACGCA-1,5
WT70_1_GCGTGCAAGTGATGGC-1,2
WT70_1_ATCAGGTCACCGCTAG-1,4
WT70_1_TGTTTGTGTTCAGCGC-1,2
WT70_1_CTTCCGACACTCTCGT-1,2
WT70_1_ATTTACCAGTAAACTG-1,2
WT70_1_AGGTGTTTCATAGACC-1,2
WT70_1_CTCAGTCCACACACGC-1,4
WT70_1_ACTTATCCATAGACTC-1,2
WT70_1_TTCATTGGTGAAGCTG-1,1
WT70_1_CGGGACTGTGATACCT-1,2
WT70_1_GACATCAGTGGAATGC-1,3
WT70_1_AAGCGAGCATGACAAA-1,2
WT70_1_CAACAACCAATTCGTG-1,4
WT70_1_AGGTCTATCGTCGGGT-1,4
WT70_1_GCAGGCTTCACTGGTA-1,2
WT70_1_CTCCCAAAGTCAATCC-1,2
WT70_1_CGAGAAGAGGCTCTAT-1,5
WT70_1_ACTTTGTGTATCGTTG-1,2
WT70_1_GTTGTGAAGTAAGAGG-1,4
WT70_1_ACTTATCGTTCCATTT-1,2
WT70_1_ATTATCCGTGCAAGAC-1,3
WT70_1_GTGACGCAGCTGACCC-1,2
WT70_1_TAAGCGTCACACAGCC-1,2
WT70_1_AAGTGAAAGCCAACCC-1,2
WT70_1_CGGACACGTTGCGAAG-1,3
WT70_1_TTCCTTCGTGGACAGT-1,2
WT70_1_GAACACTAGACGCATG-1,2
WT70_1_CCGTAGGAGGTAATCA-1,3
WT70_1_TTGGTTTTCATGGATC-1,2
WT70_1_GCCAGTGTCGTCAACA-1,2
WT70_1_TTAGGGTAGGGCAATC-1,2
WT70_1_CTGGTCTAGAGGGTGG-1,2
WT70_1_GGAGATGCAACCACAT-1,3
WT70_1_TTATTGCCAATACCCA-1,5
WT70_1_TCCCAGTTCTGGTTGA-1,2
WT70_1_AAGCATCAGCCAAGGT-1,3
WT70_1_AGGTTACCATCATGAC-1,3
WT70_1_CGAGGCTTCGGAATGG-1,2
WT70_1_TGCATCCGTCTGATAC-1,2
WT70_1_ATTCCATTCCGAACGC-1,1
WT70_1_GAGACTTCACTCCCTA-1,4
WT70_1_TGAGCGCGTGTTCCAA-1,2
WT70_1_CTTCGGTAGAAACACT-1,2
WT70_1_GTAGAAAAGATAACGT-1,4
WT70_1_CTAAGTGGTTGTAAAG-1,4
WT70_1_AGGTAGGTCATTACGG-1,2
WT70_1_TGGTAGTGTGCAATGG-1,2
WT70_1_GTCCCATAGCTTAGTC-1,2
WT70_1_TCGCTTGCAGACAAAT-1,4
WT70_1_TCTGTCGGTCGGAAAC-1,2
WT70_1_CTTGAGAGTTTCACAG-1,2
WT70_1_TAGGAGGAGTTAACGA-1,5
WT70_1_GACGCTGGTCCCTAAA-1,2
WT70_1_TACCTGCCATGTGGTT-1,4
WT70_1_TCATGAGGTGCCCTTT-1,3
WT70_1_AGGTCATGTGGGTTGA-1,1
WT70_1_GCGATCGGTCGAATGG-1,2
WT70_1_GTTCATTGTTTAGAGA-1,2
WT70_1_CGATCGGAGGAACGCT-1,2
WT70_1_CAGTTAGTCGGTCACG-1,2
WT70_1_AGGAGGTAGTTGGAAT-1,3
WT70_1_TGATTTCGTTGCATTG-1,2
WT70_1_CTTCAATGTATTTCGG-1,3
WT70_1_AATAGAGTCGCAATTG-1,2
WT70_1_CCAATGAAGGTATAGT-1,4
WT70_1_GCGGAAAAGGGAACAA-1,1
WT70_1_TCCCAGTGTGACCTGC-1,3
WT70_1_TTATTGCCAAACGAGC-1,2
WT70_1_TAAGCGTCAGTTTGGT-1,2
WT70_1_GTTACCCGTATTCCTT-1,3
WT70_1_ATTCCCGAGGAAACGA-1,2
WT70_1_ATTCTTGCAAGCCATT-1,2
WT70_1_CTTGATTGTCAAGTTC-1,3
WT70_1_GTTGTGATCCACTGAA-1,2
WT70_1_ATGGAGGGTAAGGTCG-1,2
WT70_1_GCCATGGTCAAGCGTT-1,4
WT70_1_CCGTTCAAGCATGCGA-1,2
WT70_1_TGGTAGTCAAAGTGTA-1,2
WT70_1_TTAGTCTCACCCAATA-1,3
WT70_1_TTCGATTCACTGGCCA-1,4
WT70_1_ATTCTTGAGAGGCGGA-1,2
WT70_1_AATCGACGTCGAGTTT-1,1
WT70_1_CCTGTTGGTAAGTCAA-1,5
WT70_1_GGTGTTAGTTGCTCCT-1,2
WT70_1_TACCCACTCCCTCTTT-1,2
WT70_1_TGATTCTCATTCGGGC-1,4
WT70_1_CTTCCTTCACAGACGA-1,2
WT70_1_CCCATTGTCTCTAAGG-1,2
WT70_1_CCGTGAGAGTGCAGCA-1,2
WT70_1_GGCGTCATCGCAACAT-1,4
WT70_1_AGGATCTTCGTAACCA-1,3
WT70_1_CTTCTCTAGCTGGTGA-1,2
WT70_1_TCTCTGGGTAGGTCAG-1,4
WT70_1_AGACAAACAGCAGTCC-1,3
WT70_1_TGTTCCGCAGTGTGGA-1,3
WT70_1_TCGGTCTTCGGAAACG-1,4
WT70_1_AGACAAATCGTGCTCT-1,2
WT70_1_CCTCACAGTTGTTGTG-1,2
WT70_1_TGGGAGATCCCATAGA-1,2
WT70_1_CGAGTGCAGGCATCAG-1,2
WT70_1_TCATTGTGTGGTCAAG-1,3
WT70_1_GGGTGTCTCTCCGCAT-1,3
WT70_1_ATGCGATGTATCGCTA-1,2
WT70_1_CATTGAGGTCTCCCTA-1,2
WT70_1_CGTTCTGCATTCTGTT-1,3
WT70_1_TCCACGTCAGGTTTAC-1,2
WT70_1_TGCATGATCAGTAGGG-1,1
WT70_1_ATTCTTGTCTCTGCCA-1,2
WT70_1_GTCTAGACAAACGGCA-1,2
WT70_1_ACGATCAAGTATAACG-1,2
WT70_1_CCGAACGAGCACCTGC-1,3
WT70_1_GTCCACTAGGCCTGAA-1,2
WT70_1_GACTCTCTCTGAGGCC-1,2
WT70_1_TCTTCCTCAAAGGCGT-1,1
WT70_1_GTTGCTCAGAATCCCT-1,1
WT70_1_TCGCACTTCCACTAGA-1,2
WT70_1_CATCCGTGTGGTACAG-1,4
WT70_1_TTCCTCTGTCGAGCTC-1,2
WT70_1_AGTTCGATCGTTGTTT-1,2
WT70_1_ACGATCAGTCGAGCAA-1,2
WT70_1_CGGGCATCACGTTGGC-1,2
WT70_1_CTCATGCAGGTAAAGG-1,2
WT70_1_GGGCTACCAGGTCTCG-1,3
WT70_1_TCGTCCAAGAATACAC-1,5
WT70_1_CGTGTCTAGATACTGA-1,2
WT70_1_TTTACCACACGGCGTT-1,4
WT70_1_CATCAAGCAGCTCGGT-1,3
WT70_1_AGTTCGATCCCGTGAG-1,2
WT70_1_TACACCCAGACATAAC-1,2
WT70_1_CTCAGTCGTCCGGACT-1,3
WT70_1_TTACCGCGTGACCGTC-1,2
WT70_1_GACCCAGCAAGTATCC-1,2
WT70_1_CTGCCATAGCAAGTCG-1,4
WT70_1_CTCATCGAGGTCGACA-1,2
WT70_1_TTTCAGTAGGTACTGG-1,3
WT70_1_TGTGCGGCAGATCCAT-1,2
WT70_1_TTAGGGTCATGGTACT-1,3
WT70_1_CTGTGAATCCAAAGGG-1,3
WT70_1_TATTGGGCATTGACCA-1,2
WT70_1_TTCGGTCAGTACGTCT-1,1
WT70_1_TCGCTCATCGCAAGAG-1,2
WT70_1_AGGATCTGTCTTGGTA-1,2
WT70_1_ATCTTCAGTGTCCAAT-1,3
WT70_1_ATAGACCAGAGAGAAC-1,2
WT70_1_CCCTAACGTGTAGCAG-1,2
WT70_1_TGGAGGAGTGGCTACC-1,2
WT70_1_ACTACGATCTCGTCGT-1,2
WT70_1_TTCCGTGCAGCAGGAT-1,3
WT70_1_CGTGTCTAGGCCTAAG-1,4
WT70_1_TTGTTTGGTTCGTTCC-1,2
WT70_1_TCCACGTGTATACAGA-1,3
WT70_1_TCCATCGGTCCGACGT-1,3
WT70_1_TCGAAGTAGAACGTGC-1,2
WT70_1_GTGCGTGCAATAGGAT-1,2
WT70_1_CCGATCTCAGATCCTA-1,2
WT70_1_GTGAGTTTCCGTGGGT-1,2
WT70_1_GTAGAAACACTTCAAG-1,1
WT70_1_GAAATGAGTAGTTACC-1,2
WT70_1_GTTTGGATCGCTATTT-1,2
WT70_1_CTAACCCAGGTGAGAA-1,1
WT70_1_GTCACTCTCAACACGT-1,2
WT70_1_CGTGCTTGTCCTTGTC-1,4
WT70_1_GTCCCATGTAGATGTA-1,2
WT70_1_CTGAATGGTCGCAGTC-1,2
WT70_1_TCATTACCACGACGTC-1,2
WT70_1_AGGGAGTAGGTCTTTG-1,2
WT70_1_CATCAAGCACCACTGG-1,2
WT70_1_AGCGCCAAGGCAGGGA-1,4
WT70_1_AGACAAAAGCGTCTCG-1,2
WT70_1_ATGAGGGTCATTCACT-1,2
WT70_1_CACGAATCATGTTCGA-1,2
WT70_1_ATCGGCGCAGATGCGA-1,2
WT70_1_ATTTCTGGTCTAATCG-1,2
WT70_1_TTAGGCATCCGACGGT-1,3
WT70_1_CATACAGTCGGACTTA-1,2
WT70_1_ACGATGTGTACCAGAG-1,4
WT70_1_CGTGTCTTCCTCACGT-1,2
WT70_1_TGACTCCAGAACTCCT-1,1
WT70_1_ATCGGATCATTGGATC-1,2
WT70_1_CGGGTCAGTTAATCGC-1,3
WT70_1_AACGTCACATACAGGG-1,2
WT70_1_GGCTGTGTCGTGGAAG-1,4
WT70_1_CGAGTGCGTAAGGTCG-1,2
WT70_1_GAAATGAAGCTAGCCC-1,5
WT70_1_GTTACGACACCGTGAC-1,4
WT70_1_CCCTAACGTTCGCGTG-1,2
WT70_1_ACTGTGACACGCTGAC-1,2
WT70_1_AGCGTCGGTACCCGCA-1,2
WT70_1_TCGATTTGTGGTTTGT-1,3
WT70_1_CATCGTCAGTGAACAT-1,3
WT70_1_GTGACGCGTCGAATTC-1,2
WT70_1_CGAGAAGCAGGACTTT-1,4
WT70_1_TGTCAGACAGGTTCCG-1,2
WT70_1_ATGCCTCGTCATCGGC-1,2
WT70_1_GTGATGTGTTCTCCTG-1,2
WT70_1_TACGCTCGTTGGCCGT-1,2
WT70_1_CTACCCACATTCAGCA-1,3
WT70_1_CGTGATACACTGAGTT-1,4
WT70_1_ACTGTGAGTGTCGCTG-1,2
WT70_1_CAGCGTGGTGACGTCC-1,2
WT70_1_TGAGGGATCACTGAAC-1,2
WT75_1_CAAGCTAGTAGCGCTC-1,3
WT75_1_CATTCATGTGAGACCA-1,3
WT75_1_GAGTGTTAGAAGGCTC-1,4
WT75_1_AGGATCTCACAACGAG-1,4
WT75_1_AATCGACAGCCAAGCA-1,2
WT75_1_GCCATTCTCGGACAAG-1,3
WT75_1_GGGTAGATCTCACGAA-1,4
WT75_1_GAGACTTCAGCGTACC-1,3
WT75_1_CTAACCCTCTCGCCTA-1,4
WT75_1_ATGGAGGGTTCGTACA-1,1
WT75_1_GTGCAGCCAAACCACT-1,4
WT75_1_ACCATTTTCCATAGGT-1,4
WT75_1_AGTACTGAGCGACCCT-1,4
WT75_1_AACCACACATCCTCAC-1,4
WT75_1_TGCAGGCCACATGACT-1,3
WT75_1_GGGCTACTCTTAGCAG-1,4
WT75_1_TACCCGTTCTGGCCTT-1,4
WT75_1_ACGTAACCACTAGAGG-1,4
WT75_1_GGGAGTACAGGGAGAG-1,4
WT75_1_AGCGATTGTGGATGAC-1,3
WT75_1_TGTAAGCCATGTCTAG-1,4
WT75_1_TACGTCCAGGAGTCTG-1,3
WT75_1_TCGACGGCAGACACAG-1,4
WT75_1_TCGGGCAAGCCAAGTG-1,4
WT75_1_TCCCACATCCCAGTGG-1,2
WT75_1_ACATCCCTCCGCTAGG-1,2
WT75_1_CACTAAGAGATGCTAA-1,2
WT75_1_TACCGAAAGTGGTTAA-1,3
WT75_1_AACCTGAGTATGACAA-1,1
WT75_1_CCTCCTCCAGGACAGT-1,2
WT75_1_CCAATGAGTTGGCTAT-1,3
WT75_1_GTTCTATTCGGAGATG-1,2
WT75_1_TGATCTTTCCACTGGG-1,4
WT75_1_CTACTATCATATGAAG-1,2
WT75_1_GTGCTTCCAAGTGACG-1,3
WT75_1_AGCCAATAGGTCATCT-1,2
WT75_1_GAAGGACCATGTGACT-1,2
WT75_1_AAAGGTACAAACTAAG-1,2
WT75_1_GATCGTAAGTGATGGC-1,4
WT75_1_CATTTCAAGACGCCAA-1,4
WT75_1_ATTGTTCAGCTGTTCA-1,1
WT75_1_TGTACAGGTGGGTCAA-1,2
WT75_1_GAACTGTTCTGACCCT-1,4
WT75_1_GGCAGTCTCATCGCTC-1,3
WT75_1_GACCCTTGTGCTATTG-1,2
WT75_1_CAGCAGCTCCGGTAGC-1,4
WT75_1_CATCGTCGTAAGGCCA-1,2
WT75_1_CGCGTGACAAGCTGTT-1,4
WT75_1_TTCCGTGTCCAGTTCC-1,3
WT75_1_AGACCCGGTCCCGGTA-1,4
WT75_1_TCTGCCATCTGGCCGA-1,3
WT75_1_AAAGTCCCATTGTAGC-1,4
WT75_1_GGAACCCTCCTGCCAT-1,1
WT75_1_GATCAGTAGGTTTACC-1,2
WT75_1_AGACAGGGTCATACCA-1,4
WT75_1_TTTAGTCAGGTGAGAA-1,4
WT75_1_TATATCCAGGTACATA-1,2
WT75_1_CAATTTCCAAGAGTGC-1,2
WT75_1_GCATTAGAGACTCGAG-1,2
WT75_1_TGTGCGGTCGTGCTCT-1,4
WT75_1_TCTGTCGCAGATCACT-1,1
WT75_1_ACTGCAACAGTCGAGA-1,2
WT75_1_CGGGACTCACAATGTC-1,2
WT75_1_GTGACGCCACCCATAA-1,2
WT75_1_AAGTTCGCACCGCTAG-1,4
WT75_1_TCACACCGTACCCGCA-1,2
WT75_1_TCAGGTAAGTCGTCTA-1,4
WT75_1_GCAGCTGTCAGTGTTG-1,2
WT75_1_TCTTGCGCAGGCTACC-1,1
WT75_1_CTGTGGGCATGGGATG-1,4
WT75_1_TACGCTCAGTCATAGA-1,3
WT75_1_TCAGTGATCTGCGTCT-1,2
WT75_1_CTGCCTACAATTTCCT-1,3
WT75_1_TGCGGGTCATTCCTAT-1,2
WT75_1_AGGTTACTCCCATTCG-1,2
WT75_1_GGTAGAGGTCCTGGGT-1,1
WT75_1_TACCCACCACAACGAG-1,2
WT75_1_TTTGACTAGGGACACT-1,1
WT75_1_AGAGAGCAGCCTTGAT-1,4
WT75_1_AGGAATATCGCCTTTG-1,4
WT75_1_GTTACAGCAGCTACCG-1,2
WT75_1_AAAGGTACAATAAGGT-1,4
WT75_1_AAGCGAGTCGTTCCCA-1,1
WT75_1_GGGAAGTCATGAATAG-1,3
WT75_1_TCATCATTCCCTCTTT-1,2
WT75_1_ATAGACCTCCAAGCCG-1,1
WT75_1_AGACCCGAGGTCCTGC-1,4
WT75_1_ATGCATGCACCATTCC-1,1
WT75_1_TGTTACTTCCAACACA-1,4
WT75_1_CATCCCAAGTCTGCAT-1,1
WT75_1_TGAATGCCAGGTTTAC-1,2
WT75_1_GTTGTAGGTAGATTGA-1,2
WT75_1_GGTAGAGCAACGACAG-1,2
WT75_1_TCAGTCCGTCTGTTAG-1,1
WT75_1_CTAGACAAGCTCGAAG-1,2
WT75_1_GGGTGAATCAAGCCGC-1,1
WT75_1_GGGATCCAGTCATTGC-1,1
WT75_1_CCCTGATTCGTCCATC-1,2
WT75_1_GATAGAATCACAAGGG-1,1
WT75_1_TAGACCAGTGATTCAC-1,2
WT75_1_TTCCACGAGTTCAACC-1,1
WT75_1_GTATTTCTCGCTGTTC-1,2
WT75_1_TCGCACTTCAACGAGG-1,4
WT75_1_TCGAACACACCAGTAT-1,2
WT75_1_GCCCGAAGTGAAGCTG-1,3
WT75_1_CCGGACATCTCAATCT-1,1
WT75_1_TCCACGTGTCCAAAGG-1,4
WT75_1_CTGCATCCAGTGCGCT-1,3
WT75_1_GGGAGTATCTCTGACC-1,3
WT75_1_GAACACTAGGCTTCCG-1,1
WT75_1_GGGTAGACAACTCCAA-1,2
WT75_1_TTACGTTCAGAGCCCT-1,2
WT75_1_CATGCCTTCGCGTGCA-1,4
WT75_1_TGCGACGGTTCCCACT-1,2
WT75_1_CAGCGTGTCCACCCTA-1,2
WT75_1_TGATGGTTCTCATGCC-1,2
WT75_1_CAAGAGGTCCTTCTTC-1,4
WT75_1_AGACACTTCGTTCTCG-1,2
WT75_1_GGAGAACAGCCGCTTG-1,1
WT75_1_ATTCCTACAACTGGTT-1,2
WT75_1_GGGTGTCAGGGAGGGT-1,2
WT75_1_CATAAGCAGCGCACAA-1,3
WT75_1_AGTTAGCCAACTGATC-1,1
WT75_1_TGAGTCAGTTCCACGG-1,4
WT75_1_TATCAGGGTACGCTTA-1,3
WT75_1_GTGCTGGTCCGTAGGC-1,1
WT75_1_CAAGGGATCCATTGGA-1,4
WT75_1_CCTAAGAGTAACAGTA-1,2
WT75_1_AAAGAACCAGCGATTT-1,2
WT75_1_ACCCTTGCAATGAACA-1,1
WT75_1_TCATCATAGAGCGACT-1,2
WT75_1_GAGACTTAGGAACTAT-1,2
WT75_1_CAAGGGAAGCACCTGC-1,1
WT75_1_ATTCATCGTTCATCTT-1,1
WT75_1_GATAGAATCTCTGCTG-1,2
WT75_1_TGCTCGTTCCCATACC-1,2
WT75_1_AACAAAGCAGCTTCGG-1,2
WT75_1_TCCGTGTTCGGAGTGA-1,1
WT75_1_GTTTACTTCAGCAGAG-1,3
WT75_1_ATACTTCGTCGCTTGG-1,1
WT75_1_TCATATCGTGTGCTTA-1,1
WT75_1_GAGATGGGTAACATAG-1,1
WT75_1_ACTTCCGAGTGTTCAC-1,3
WT75_1_TGGATGTAGATACATG-1,2
WT75_1_TCATTCAGTACAGTCT-1,4
WT75_1_TCGACCTAGTCCCGAC-1,4
WT75_1_ACCACAATCATCGCAA-1,1
WT75_1_TCCATGCTCACTGTTT-1,1
WT75_1_TTACTGTAGAAACTAC-1,4
WT75_1_TACCCGTAGTGGGAAA-1,1
WT75_1_GAACACTAGGTCTGGA-1,1
WT75_1_CCTCCAAAGCTACAAA-1,2
WT75_1_ACTCCCAGTACTGACT-1,1
WT75_1_TTATTGCAGGTTCTAC-1,3
WT75_1_ATTCTACAGGTGCCTC-1,1
WT75_1_TCGGTCTTCTCTAGGA-1,2
WT75_1_ACTACGATCTGACCCT-1,2
WT75_1_TCTATCAAGCCTCACG-1,4
WT75_1_TGGGATTTCCATTTCA-1,1
WT75_1_AAAGAACCATCGGTTA-1,1
WT75_1_TGTGAGTTCCTACACC-1,2
WT75_1_CATTGTTAGAAGATCT-1,5
WT75_1_CAACAACCATGTGACT-1,2
WT75_1_TCATGGAAGCACTAGG-1,2
WT75_1_GTTTGGATCCCTCATG-1,4
WT75_1_TTGTTTGAGCACCGAA-1,2
WT75_1_GCAGCCAGTTGCTAGT-1,2
WT75_1_TTTCATGTCCCAAGCG-1,2
WT75_1_CCTCAGTAGAGTCTTC-1,2
WT75_1_AGTACTGCAATGCAGG-1,2
WT75_1_GCTGCAGGTCAAATCC-1,2
WT75_1_TTAGGCATCAAGAAAC-1,2
WT75_1_ATTCCTAAGGGCAAGG-1,3
WT75_1_CTCCCAATCAGTCAGT-1,1
WT75_1_GTAGATCAGGCTCAAG-1,1
WT75_1_AAAGGGCAGGGAGGAC-1,2
WT75_1_TCTAACTTCTAGAACC-1,2
WT75_1_ATGGATCTCTTAGGAC-1,2
WT75_1_AACCATGGTCTCGGAC-1,2
WT75_1_AGGTAGGGTGCAACAG-1,2
WT75_1_AGGCATTGTCGGAAAC-1,3
WT75_1_CTTAGGAGTGATACTC-1,2
WT75_1_GAGTCATTCTCATGCC-1,2
WT75_1_GTTACAGCATAATCGC-1,2
WT75_1_TCACTATGTGCCGTAC-1,2
WT75_1_CAACAACAGCAACAAT-1,2
WT75_1_GATCAGTAGTAGTCAA-1,2
WT75_1_TGTCCCAGTTTCACTT-1,1
WT75_1_GTGTAACTCATTGAGC-1,4
WT75_1_ACTGTCCGTTCAAACC-1,3
WT75_1_CTATAGGGTCACCTTC-1,4
WT75_1_GGATGTTTCCAGCCTT-1,1
WT75_1_CCTCTCCGTATGCTTG-1,3
WT75_1_GTTGAACTCGAGCACC-1,2
WT75_1_TTTAGTCGTCGGATTT-1,2
WT75_1_AATGCCAAGGGCAAGG-1,2
WT75_1_GTTCATTAGTGGTTAA-1,2
WT75_1_AGGTCTACATAACAGA-1,3
WT75_1_CATGCAATCTGAACGT-1,2
WT75_1_ACTATGGTCAACGTGT-1,3
WT75_1_ATGACCAAGCGCATCC-1,2
WT75_1_GAACACTTCATTCACT-1,4
WT75_1_AGCATCACATCACCAA-1,1
WT75_1_AAACCCAAGTTGCGAG-1,4
WT75_1_GTGAGGAAGGTTCCGC-1,4
WT75_1_CTCTCAGTCAACTTTC-1,4
WT75_1_AGTAACCCACGCCAGT-1,4
WT75_1_CGTAATGCATGACGGA-1,2
WT75_1_TTTCACAGTATCGATC-1,1
WT75_1_TGGTTAGGTATCGCGC-1,1
WT75_1_CCACGAGTCCGCTGTT-1,1
WT75_1_GTAGCTACATCTATCT-1,2
WT75_1_CTGGCAGCACCTGTCT-1,2
WT75_1_AACCTTTCATGCCGAC-1,2
WT75_1_GGAACCCGTAGTTACC-1,1
WT75_1_GGTAGAGGTAGACAGC-1,2
WT75_1_TAACTTCCACACCTTC-1,2
WT75_1_TTGCATTAGGTTGGTG-1,4
WT75_1_TACAACGCATAATCGC-1,2
WT75_1_CGGGACTGTTTACCAG-1,1
WT75_1_CTGAGGCCAATCTCGA-1,2
WT75_1_ATTCGTTAGACCTCAT-1,3
WT75_1_TTTGGAGGTCTTGAGT-1,1
WT75_1_GGTCTGGTCCGACGGT-1,3
WT75_1_ATTACCTTCTTCGTGC-1,2
WT75_1_GCCATTCTCAAATAGG-1,1
WT75_1_TAGGGTTAGTGAGGTC-1,2
WT75_1_TCTACATTCGCACTCT-1,2
WT75_1_AGACCATAGAGGCGTT-1,2
WT75_1_GTGGTTAAGAGCATCG-1,2
WT75_1_ACACTGAAGTTAGTGA-1,4
WT75_1_ATCACGACAAAGAGTT-1,2
WT75_1_AAGCGAGAGCCTGGAA-1,2
WT75_1_GGAAGTGAGGACAGCT-1,3
WT75_1_TGATCTTGTGGTAACG-1,2
WT75_1_CAATGACGTAGGTTTC-1,2
WT75_1_TTCGATTGTCTGCCTT-1,2
WT75_1_GCACATACATCAGTGT-1,1
WT75_1_CATACTTAGTCCCTAA-1,2
WT75_1_GCATCTCGTCCGTACG-1,2
WT75_1_ATCATTCGTAGCGCCT-1,2
WT75_1_TATTGCTGTCACAATC-1,2
WT75_1_AGCTACACAAGCTACT-1,4
WT75_1_ACCATTTAGGTATCTC-1,1
WT75_1_GGGTGTCTCTGAATGC-1,1
WT75_1_TAGGGTTAGTCGTTAC-1,2
WT75_1_TATCTGTAGGGAGGAC-1,2
WT75_1_ACAAGCTGTCTACACA-1,2
WT75_1_TTAATCCTCCAGCACG-1,4
WT75_1_GCCCAGAGTCTTTCTA-1,3
WT75_1_ATGCCTCAGGCCACCT-1,1
WT75_1_TTTGTTGTCATCACCC-1,2
WT75_1_ACGTTCCAGGCATTTC-1,2
WT75_1_TCCACGTTCGTTCAGA-1,2
WT75_1_CTGGCAGCAGAACTTC-1,1
WT75_1_ATGGGAGTCTTCTGGC-1,4
WT75_1_TACTTGTTCCAACACA-1,2
WT75_1_CATTCATCAAGAGGTC-1,2
WT75_1_AAACGAAAGGTGCATG-1,1
WT75_1_TTCATTGTCATGGAGG-1,2
WT75_1_TCACAAGAGAAGGGAT-1,4
WT75_1_GGGTAGAGTGTGGACA-1,2
WT75_1_TCTATACGTGTCCAAT-1,4
WT75_1_AGAACCTAGTTCTCTT-1,2
WT75_1_TCTCACGTCCACCTGT-1,3
WT75_1_AAACCCACAGTCAGTT-1,3
WT75_1_TCCACCATCTCAAAGC-1,2
WT75_1_AGAGAATAGGGACACT-1,1
WT75_1_GTCTTTAAGGAAGAAC-1,2
WT75_1_AGTTCCCCAGGCTTGC-1,1
WT75_1_AAGCGAGTCTACTTCA-1,1
WT75_1_TGAGGTTTCGAGTTGT-1,2
WT75_1_CCAATTTCAGCCATTA-1,1
WT75_1_AAACGCTAGCTGAAGC-1,5
WT75_1_ACAACCAGTCGAAGCA-1,2
WT75_1_CTTCTAAGTGACTCTA-1,4
WT75_1_AGCGTATCATGACTAC-1,4
WT75_1_GGGTTTAGTAGACGGT-1,1
WT75_1_CTGCGAGTCCACTTCG-1,2
WT75_1_GGGCTCAGTAGTCTGT-1,1
WT75_1_ATGTCCCTCGTTATCT-1,2
WT75_1_AACCAACAGGACGCTA-1,3
WT75_1_CCTCTCCGTGGACCAA-1,2
WT75_1_GTGGTTAGTGGCTGAA-1,1
WT75_1_CATCGTCGTTAACCTG-1,2
WT75_1_TGAGGAGTCTGGGATT-1,2
WT75_1_AACCAACAGTGAACAT-1,2
WT75_1_CATCCGTTCGCCACTT-1,2
WT75_1_GGGAAGTCATGGCTGC-1,0
WT75_1_GTAGTACCATAATGAG-1,2
WT75_1_AGATGAAAGGCTCAAG-1,2
WT75_1_TATTCCAGTAGGCAGT-1,3
WT75_1_TAGGTTGGTCAAAGAT-1,2
WT75_1_TATCAGGCACAGTCGC-1,2
WT75_1_TGTCCCAGTAGATTGA-1,1
WT75_1_TTGAGTGGTCCATACA-1,4
WT75_1_TATTCCAAGCGTCTCG-1,2
WT75_1_TGTCCCATCGTTCTAT-1,3
WT75_1_ACGGGTCTCAACCGAT-1,2
WT75_1_GTCGTAAGTTCGTGCG-1,1
WT75_1_TCTGCCATCCGACGGT-1,2
WT75_1_TCAGTGATCTTCCCGA-1,4
WT75_1_TGTAAGCTCAACGAGG-1,4
WT75_1_ATGTCTTCAGAGAAAG-1,1
WT75_1_GCAGCTGTCAGGACGA-1,3
WT75_1_TTAGGCAGTACCGGCT-1,4
WT75_1_CCTCCTCCACTGCACG-1,2
WT75_1_CTGTAGACAATTCTCT-1,1
WT75_1_ATGGGAGCACTGTCCT-1,2
WT75_1_GCGTTTCAGCGCTGAA-1,2
WT75_1_GGAACCCAGGGAGGTG-1,3
WT75_1_GGGTCACGTAAGGTCG-1,1
WT75_1_TTGTTTGAGTTCCGTA-1,1
WT75_1_GGTAATCAGTTGAATG-1,2
WT75_1_CTGTGAAGTCGAATGG-1,1
WT75_1_GATCATGTCGAGATGG-1,1
WT75_1_CATAAGCAGCTGGCTC-1,4
WT75_1_TCTGCCAAGAGAGGGC-1,2
WT75_1_TAGTGCACAAATGCTC-1,2
WT75_1_GCTCAAAGTACGCTTA-1,4
WT75_1_ATCGCCTAGCGTGCCT-1,2
WT75_1_TCATTTGCAAATTAGG-1,1
WT75_1_GGGTTATAGAACAAGG-1,2
WT75_1_TCACATTGTCCGGATC-1,2
WT75_1_TCATGAGTCCAGTGCG-1,4
WT75_1_TGAACGTTCTTAGCCC-1,3
WT75_1_CTAGACACATATTCGG-1,2
WT75_1_CGATGCGAGCGACCCT-1,2
WT75_1_AGGACTTGTGACACAG-1,2
WT75_1_GGGAGTAGTATCGAAA-1,2
WT75_1_TTCTTGAGTTGAAGTA-1,5
WT75_1_CATCCCATCATTGTTC-1,4
WT75_1_AGGTTACGTCTTACTT-1,3
WT75_1_GATCACAAGAAGTGTT-1,2
WT75_1_GTTGTGAGTAACATAG-1,1
WT75_1_AAAGGTAAGACGAAGA-1,1
WT75_1_CTGGCAGCAACCAGAG-1,2
WT75_1_GATGAGGCAACGTATC-1,1
WT75_1_TGAATGCGTCCAGGTC-1,4
WT75_1_ATCACTTTCTAGCAAC-1,3
WT75_1_TCCTCGAGTACGACTT-1,1
WT75_1_TGGTTAGTCGCAATTG-1,3
WT75_1_GTGTAACAGGATGGCT-1,1
WT75_1_ATGCATGTCTCCACTG-1,3
WT75_1_GGGCTACTCGGTATGT-1,3
WT75_1_GGCAGTCCAGCGGTTC-1,3
WT75_1_ATTCCTAGTGTTAACC-1,1
WT75_1_TAAGTCGCATCGGAGA-1,3
WT75_1_GGTGTTACATCTAACG-1,1
WT75_1_TGACAGTTCACCTGGG-1,2
WT75_1_ATTCCTAGTAGCGTTT-1,2
WT75_1_AGACCCGGTATCCTCC-1,1
WT75_1_CCTCACAAGGTACATA-1,2
WT75_1_CTTCTAAAGCAAACAT-1,2
WT75_1_CACGTTCAGAGGATCC-1,0
WT75_1_ATTTCTGGTTCGCGTG-1,3
WT75_1_CACATGAGTTAGGCCC-1,2
WT75_1_ACCAAACAGCGTATGG-1,2
WT75_1_GAGGCAACAGTCAACT-1,0
WT75_1_TGAACGTAGTTGCCTA-1,1
WT75_1_CTCTCAGGTTACGGAG-1,2
WT75_1_CATCCACTCCGGGACT-1,2
WT75_1_GTGCTGGTCCCTGGTT-1,1
WT75_1_CAATGACGTGCCCAGT-1,4
WT75_1_AGGCCACGTTCGAGCC-1,1
WT75_1_TCTATCAGTAGTCGGA-1,4
WT75_1_CGATCGGAGGGTGAAA-1,1
WT75_1_AGTCAACGTTTGACAC-1,3
WT75_1_GCACGGTCAACGCATT-1,3
WT75_1_GCCATGGTCTCAAAGC-1,1
WT75_1_ATTGTTCGTAATTGGA-1,2
WT75_1_CTGAGGCGTAACATCC-1,1
WT75_1_ATAGGCTTCTTGAACG-1,3
WT75_1_GTACAGTCACTGGATT-1,1
WT75_1_ACAAGCTGTGTTAAAG-1,4
WT75_1_CTCAACCGTGAGCTCC-1,2
WT75_1_CATAGACAGCCATTCA-1,1
WT75_1_TCTATCATCAGACTGT-1,1
WT75_1_TCAAGCAGTCTAACGT-1,2
WT75_1_ACCAAACAGTGCGACA-1,1
WT75_1_TGAGTCAGTGGTGATG-1,2
WT75_1_TGGCGTGCACGCCAGT-1,2
WT75_1_TGGCGTGGTCAAGCGA-1,5
WT75_1_AAGCGTTTCTATCGTT-1,1
WT75_1_GAAGCCCAGTGCCAGA-1,2
WT75_1_TGTTGGATCATCACAG-1,3
WT75_1_GACTGATGTATCACGT-1,1
WT75_1_TCATTGTGTCGATTCA-1,1
WT75_1_TCGTAGATCGGTATGT-1,1
WT75_1_GTGTCCTAGCAGTAAT-1,1
WT75_1_CCCTGATCACTTCTCG-1,1
WT75_1_AGTTCCCCAAGAAACT-1,2
WT75_1_CCCTCAATCTGGGTCG-1,2
WT75_1_AACCACAAGGTTCTTG-1,3
WT75_1_CTACGGGCATTCATCT-1,3
WT75_1_GCTACAAGTCGCATTA-1,3
WT75_1_CGTGATAGTACGTAGG-1,2
WT75_1_CGTTCTGGTATAGGGC-1,2
WT75_1_GATCAGTTCCATAAGC-1,4
WT75_1_GAAGGGTGTGCTTATG-1,5
WT75_1_CCGAACGAGGACAACC-1,1
WT75_1_GTTACGAAGCTCGTGC-1,3
WT75_1_TGTCAGATCCACGTAA-1,1
WT75_1_TAGGGTTAGAACCCGA-1,2
WT75_1_AACCAACCACGCTATA-1,2
WT75_1_CAGGCCATCCGACAGC-1,0
WT75_1_GCGTGCAGTCCGGCAT-1,2
WT75_1_CTTACCGGTTTGGGAG-1,2
WT75_1_ACTATCTGTACAACGG-1,1
WT75_1_ATTTCTGGTTGAGAGC-1,2
WT75_1_GGTGAAGAGCCTATCA-1,2
WT75_1_CGCAGGTTCTGGCCAG-1,2
WT75_1_CTACAGACAGTGTGCC-1,1
WT75_1_CAGTGCGGTGAACGGT-1,1
WT75_1_GAGGCAAGTCTCAAGT-1,1
WT75_1_GGAGGTAAGCACACAG-1,3
WT75_1_TGTAGACTCATCTATC-1,2
WT75_1_TGTGTGATCTTTGCGC-1,2
WT75_1_AGATGAAGTTTGAACC-1,2
WT75_1_TGCTCGTAGCGGACAT-1,3
WT75_1_TCGTAGAAGGTACCTT-1,1
WT75_1_TGACCCTTCTGTTCAT-1,3
WT75_1_TCTTCCTCACCTTCGT-1,2
WT75_1_GGGCTACCAGAAATTG-1,2
WT75_1_GATTGGTTCGTGTCAA-1,4
WT75_1_GTGGGAAGTACCCGAC-1,2
WT75_1_TAACTTCGTTAAACAG-1,1
WT75_1_TGCTCCATCACTTGTT-1,2
WT75_1_ACGGTTACACCCATAA-1,1
WT75_1_GTCAAACTCGTCACCT-1,2
WT75_1_CAGTGCGAGTAAGAGG-1,3
WT75_1_CAATGACCAGTAGTTC-1,2
WT75_1_CCGCAAGAGACGAGCT-1,1
WT75_1_ACTTTGTGTTGCTAGT-1,3
WT75_1_TGCACGGAGGTCACTT-1,3
WT75_1_AGGCTGCCACAAAGCG-1,3
WT75_1_CATGCGGTCCACTGAA-1,2
WT75_1_CATCGCTCACGCGTCA-1,1
WT75_1_GTTCGCTCATTGGGAG-1,3
WT75_1_CAGGGCTAGTGGAAGA-1,2
WT75_1_TCCCACACATGGAAGC-1,4
WT75_1_GTTCTATTCCCTTTGG-1,2
WT75_1_TATACCTGTTCAGGTT-1,4
WT75_1_TCACACCGTCGTGATT-1,2
WT75_1_TTGATGGCAATTAGGA-1,3
WT75_1_TTGTTTGAGGACCCAA-1,3
WT75_1_CAGGCCAAGTGGAATT-1,2
WT75_1_GTCGTTCTCTCGTCAC-1,2
WT75_1_TCCATCGGTCTTGCGG-1,0
WT75_1_GTGTCCTGTACGAGCA-1,2
WT75_1_ACACGCGCAGAACTTC-1,2
WT75_1_TTCCTAAGTCAACATC-1,5
WT75_1_TACTTACAGTGCGCTC-1,3
WT75_1_CATTGCCAGCGTTACT-1,1
WT75_1_ACCTGTCAGCGTGCCT-1,3
WT75_1_ACTTTGTGTAGGTAGC-1,2
WT75_1_GTGTTAGAGCTTGTTG-1,3
WT75_1_GTTCATTGTGACTATC-1,3
WT75_1_CGTGTCTCAATGGGTG-1,4
WT75_1_GTTTGGACACTCAAGT-1,1
WT75_1_CATCGCTCATACACCA-1,3
WT75_1_GCATCTCTCGTGGGAA-1,2
WT75_1_ACGGAAGAGTCGAAAT-1,1
WT75_1_TTCATTGCATCATTTC-1,1
WT75_1_CCCGGAACAGGAAGTC-1,1
WT75_1_GTCTGTCAGGAACGCT-1,2
WT75_1_AGCGTCGGTCTACAGT-1,2
WT75_1_TCATATCTCCATTCGC-1,1
WT75_1_TGCTTGCGTTAGGGTG-1,2
WT75_1_AGGCATTTCCACGGGT-1,2
WT75_1_AGCGTATTCCATTTCA-1,2
WT75_1_AGGACTTGTGATACCT-1,1
WT80_1_TAGAGTCCAGCTGTCG-1,3
WT80_1_AGTGACTGTGAATGTA-1,3
WT80_1_ATCGGATTCCATAGAC-1,3
WT80_1_TCAGGGCTCTTCCCAG-1,5
WT80_1_TGCATGAAGACCGCCT-1,5
WT80_1_AGCGATTAGAATAACC-1,0
WT80_1_AGCTACAAGCACTTTG-1,4
WT80_1_GACCTTCAGAGCAGAA-1,5
WT80_1_TAAGTCGTCCATGATG-1,5
WT80_1_AGCTCAATCATGCGGC-1,4
WT80_1_AACCCAACAGCACACC-1,4
WT80_1_TGAATCGAGCAGTACG-1,1
WT80_1_CGCCATTAGCACAAAT-1,4
WT80_1_GTACAGTGTCATAAAG-1,5
WT80_1_TCTATCAGTGACATCT-1,3
WT80_1_GAATCGTCAATTCACG-1,4
WT80_1_TCTTTGATCTGTCGTC-1,4
WT80_1_ATCGTGACAAATTAGG-1,4
WT80_1_ACCTGAAAGGTCGAGT-1,3
WT80_1_TTCCTAACAGTAGTGG-1,5
WT80_1_TGCGGCATCGCAACAT-1,4
WT80_1_AAGGTAACAGGTGTTT-1,3
WT80_1_ACATCCCTCTAGGAAA-1,4
WT80_1_GATGAGGGTTGCCATA-1,3
WT80_1_CTCACTGCATGCACTA-1,4
WT80_1_ATTGGGTCATCGGCCA-1,5
WT80_1_TTCTGTAAGGGCTGAT-1,5
WT80_1_GCGGAAACACCCTCTA-1,1
WT80_1_GAAGTAACACACCAGC-1,1
WT80_1_CTACATTCATAACCCA-1,3
WT80_1_CAATTTCGTCAAGCGA-1,4
WT80_1_TCCTTTCTCGTTGCCT-1,4
WT80_1_AAAGAACGTGTATTCG-1,5
WT80_1_ATAGACCAGAGGTGCT-1,1
WT80_1_ACCATTTCAAAGCAAT-1,5
WT80_1_GCATCTCTCATTATCC-1,1
WT80_1_CATACAGTCGAACGCC-1,5
WT80_1_GGCAGTCCATCGTTCC-1,1
WT80_1_TCGTCCAAGGTACAGC-1,3
WT80_1_AGACCCGTCAGTCACA-1,3
WT80_1_CGCCAGATCATGTCTT-1,3
WT80_1_TCTACCGTCTAGTTCT-1,0
WT80_1_ACATCGACATGGCTGC-1,5
WT80_1_GTGGTTAAGCGTTCCG-1,4
WT80_1_CATTCTAAGTTTGAGA-1,1
WT80_1_TAGGAGGCAACTTCTT-1,5
WT80_1_CATTGCCGTACACGTT-1,4
WT80_1_TTCTTGAGTGTAACGG-1,5
WT80_1_AGGCTGCTCGACGTCG-1,1
WT80_1_ATTCGTTGTCATGCAT-1,4
WT80_1_CTGTACCAGCACACAG-1,4
WT80_1_GGCTGTGCATAGCTGT-1,4
WT80_1_ATTCCCGGTCTTGAGT-1,4
WT80_1_CGGACACTCCGCGGAT-1,1
WT80_1_CAAAGAATCCGTGACG-1,5
WT80_1_ATAGGCTAGACACACG-1,4
WT80_1_AATCACGCATCCCACT-1,5
WT80_1_AACCTTTCAATTGCTG-1,0
WT80_1_GACCAATGTGCCTTCT-1,5
WT80_1_TTTGATCTCGTAATGC-1,0
WT80_1_TCAGCCTAGTGCTAGG-1,1
WT80_1_CTGGACGAGTAGTCAA-1,4
WT80_1_CGGGACTAGCTTTGTG-1,4
WT80_1_GTTGCTCAGCTACTGT-1,5
WT80_1_GAGTGAGAGGGATCTG-1,5
WT80_1_TGTTGGAAGATTGTGA-1,1
WT80_1_CTTACCGAGCCGTAAG-1,5
WT80_1_AATGCCATCCGCAAAT-1,1
WT80_1_GATGTTGGTAACGATA-1,3
WT80_1_TGTTCATGTGCTCCGA-1,4
WT80_1_TGTGGCGAGACTCGAG-1,5
WT80_1_GGCAGTCCAATATCCG-1,5
WT80_1_TTCAATCAGTATCTGC-1,1
WT80_1_GGGTGTCGTACGCGTC-1,5
WT80_1_TCAAGCAGTTAGCGGA-1,5
WT80_1_AAAGGGCCAGACCAGA-1,3
WT80_1_CGGGTGTAGTCTTCCC-1,0
WT80_1_CAGCAATAGTGTGTTC-1,3
WT80_1_ATTATCCAGAAGCGAA-1,4
WT80_1_TTGATGGCAATAGGAT-1,0
WT80_1_CTCTCGACAACTGCTA-1,4
WT80_1_GCTACCTGTGTATTGC-1,0
WT80_1_TCTCCGACACAAATCC-1,5
WT80_1_TGAATCGCACCCAACG-1,4
WT80_1_CGCATGGGTATCGATC-1,2
WT80_1_CCATCACTCGAACGCC-1,2
WT80_1_TAGCACACATGGGAAC-1,1
WT80_1_ACATCGATCTCGCAGG-1,5
WT80_1_CCGAACGAGTGTAGAT-1,0
WT80_1_TTTGGAGAGCGATCGA-1,4
WT80_1_TGGTGATTCATCACTT-1,4
WT80_1_GTGCTGGCACATCCCT-1,5
WT80_1_CCGGTAGCACTTGAAC-1,4
WT80_1_TCTCACGTCAACTACG-1,1
WT80_1_AGTAACCAGGGTCAAC-1,1
WT80_1_AAGACTCAGGGTACAC-1,0
WT80_1_AGATGAAAGCGTATGG-1,5
WT80_1_AAGCCATAGTTACGGG-1,0
WT80_1_TTACAGGTCACCTCTG-1,1
WT80_1_GACCAATAGATACCAA-1,5
WT80_1_TCCTCCCGTGGCAACA-1,5
WT80_1_CTGTACCGTCTTGAGT-1,4
WT80_1_TATCCTAAGGCTAGCA-1,3
WT80_1_ACTATGGCACTGCGAC-1,5
WT80_1_CTGGACGGTATTGGCT-1,5
WT80_1_CCTTTGGAGCCTCAAT-1,5
WT80_1_GTTCTATCAAGATCCT-1,5
WT80_1_GAAGCCCCAGTGTGCC-1,3
WT80_1_AGTACTGAGCAGTACG-1,5
WT80_1_ACTTTCAAGAGTGGCT-1,5
WT80_1_TTGCCTGAGTTCCGGC-1,3
WT80_1_AAGCGTTAGGCGATAC-1,5
WT80_1_TGCGGCAGTATCGATC-1,2
WT80_1_CGTTCTGAGGAAGTCC-1,5
WT80_1_AGTGACTAGACGCTCC-1,1
WT80_1_TGCGGCATCTCGTGGG-1,5
WT80_1_TCACTATAGCAAATGT-1,3
WT80_1_GTTGTCCTCGGTAAGG-1,4
WT80_1_ACTATGGAGGGAGTTC-1,1
WT80_1_GATGAGGCAGCAGTCC-1,1
WT80_1_TCAATCTTCGTTGTGA-1,1
WT80_1_CCTATCGCACTGGCCA-1,3
WT80_1_AAAGAACGTTGGGCCT-1,4
WT80_1_AGCATCAGTCCTATAG-1,5
WT80_1_TCATTCAGTACACGCC-1,4
WT80_1_ATGGGAGCAAATGGTA-1,4
WT80_1_ATTGGGTTCTGACGCG-1,5
WT80_1_CCTTGTGGTCTCGACG-1,1
WT80_1_GGTGTCGGTCACTTCC-1,4
WT80_1_GTGCAGCTCCCGTTCA-1,1
WT80_1_AGGCTGCAGCTTCATG-1,1
WT80_1_TGAGGGAAGGACGCTA-1,1
WT80_1_GAATCACCACGCTATA-1,1
WT80_1_ACGTCCTCAAGCACAG-1,3
WT80_1_GAGTGAGAGATCCCGC-1,1
WT80_1_CATAGACTCACCGCTT-1,0
WT80_1_CCCTGATGTCGTACTA-1,4
WT80_1_GAACGTTAGGCCACCT-1,4
WT80_1_GAGTTTGGTAGTACGG-1,3
WT80_1_TGTGGCGCAATTTCGG-1,4
WT80_1_TTGCCTGCACTGGATT-1,5
WT80_1_TAAGTCGCATGCGGTC-1,1
WT80_1_AGGCATTTCTGCGATA-1,1
WT80_1_CGTCCATCATTGCAAC-1,5
WT80_1_AAGATAGTCCGAGATT-1,5
WT80_1_TTCCGGTTCGTAGCTA-1,5
WT80_1_TACAGGTGTCATACCA-1,1
WT80_1_AACACACGTCTGTAAC-1,5
WT80_1_ACCGTTCCACGAGGAT-1,2
WT80_1_TCAGCAAGTCCTCAGG-1,4
WT80_1_GTAGGTTGTTCTCCAC-1,4
WT80_1_GTCACTCAGACGACGT-1,5
WT80_1_TGATGGTCAAGAGATT-1,5
WT80_1_ATCGGCGAGTCCGCCA-1,4
WT80_1_TCTACCGTCACATCAG-1,5
WT80_1_TATTGCTTCTCCGAAA-1,5
WT80_1_TGCAGTAAGTGGCGAT-1,4
WT80_1_CAGGTATTCGAGTGGA-1,5
WT80_1_AGTGACTGTGCCGAAA-1,4
WT80_1_GGAATGGGTCTGGTTA-1,1
WT80_1_CTTACCGCATGCACTA-1,3
WT80_1_TCAAGACAGATGCTTC-1,1
WT80_1_ACAAGCTGTTCCACGG-1,5
WT80_1_ATCCACCAGAGGTCGT-1,5
WT80_1_GTGGAAGTCTTAGCTT-1,5
WT80_1_ACCAACATCTGAACGT-1,4
WT80_1_AGCTACAAGTGATAAC-1,5
WT80_1_CGCATAATCAGTCACA-1,1
WT80_1_TCCCACACACCCATAA-1,1
WT80_1_CTCCCTCCATCTAACG-1,1
WT80_1_GTTCATTCACGAGGTA-1,1
WT80_1_TAAGCCATCAGCTCTC-1,1
WT80_1_ACTTTGTAGTGCAAAT-1,5
WT80_1_CGTAAGTCAGAAGTTA-1,4
WT80_1_ACTCTCGAGACGCTCC-1,5
WT80_1_GCATCTCTCTTCTGGC-1,1
WT80_1_CTTCTCTAGGTATAGT-1,1
WT80_1_TGATGCAGTCGACTTA-1,4
WT80_1_CTACCTGCAACTGGTT-1,3
WT80_1_GGATGTTCACAGAAGC-1,1
WT80_1_TAGACTGAGCTGCCTG-1,3
WT80_1_ATCGGATGTACCCGCA-1,5
WT80_1_GCATCTCGTGTTACAC-1,2
WT80_1_AAAGTGATCTCATAGG-1,0
WT80_1_GGTAGAGAGAGCGACT-1,5
WT80_1_CCTTGTGTCTCCCTAG-1,4
WT80_1_CCTCTAGCAGGTTCGC-1,1
WT80_1_ATCGTAGAGCCTCCAG-1,4
WT80_1_TTGAGTGAGACATATG-1,4
WT80_1_TCTTTGAGTTGCACGC-1,0
WT80_1_CGTAGTATCGATCCCT-1,4
WT80_1_CATGCGGTCCATACAG-1,1
WT80_1_TGCCGAGCACTTGTCC-1,5
WT80_1_TGTTCTATCTCGTCGT-1,4
WT80_1_TCAGTCCTCATACAGC-1,4
WT80_1_TTCGCTGGTACGAGTG-1,1
WT80_1_GTGGAGATCTTACGTT-1,5
WT80_1_CACGTTCAGTGATAAC-1,1
WT80_1_TTACGCCTCAGACAAA-1,3
WT80_1_CAATTTCTCGTCTACC-1,5
WT80_1_TTGTGTTAGGCCATAG-1,4
WT80_1_CATCGTCAGTCATGAA-1,4
WT80_1_ATGAAAGAGGGTCTTT-1,4
WT80_1_ACTTCGCCACGTGAGA-1,4
WT80_1_CTCATTATCGAGTGGA-1,1
WT80_1_CAATCGAGTCTTGAGT-1,5
WT80_1_TTCCTAATCGAGTCCG-1,4
WT80_1_ATCACAGCACGGTGCT-1,1
WT80_1_ATTCGTTCAGTCGCAC-1,4
WT80_1_CCTACGTTCCATAAGC-1,1
WT80_1_GGTAGAGCAACCCTAA-1,3
WT80_1_AAGTCGTCACAAGTGG-1,5
WT80_1_AACAACCGTCCCTGTT-1,5
WT80_1_CTAGACACATATCTGG-1,0
WT80_1_TTCACCGCAGGTGTTT-1,1
WT80_1_CCCTGATTCGCGCCAA-1,0
WT80_1_GAATCACAGCGAACTG-1,1
WT80_1_TGCTTGCTCACGGGCT-1,1
WT80_1_TCAGCCTCATCGAAGG-1,1
WT80_1_GGTGGCTTCGCCTATC-1,5
WT80_1_TCAGCAACATTAGGCT-1,3
WT80_1_GATGTTGCACACTTAG-1,5
WT80_1_AGGAGGTGTGTTCGAT-1,4
WT80_1_TTTGATCCAATTGCTG-1,1
WT80_1_CGTAGTAGTTGGGTTT-1,5
WT80_1_TGAGTCAGTTAGGGAC-1,5
WT80_1_GCTTCACCAGCTGTAT-1,4
WT80_1_ACATTTCAGCAAGTCG-1,5
WT80_1_CAGCAATCAAAGTATG-1,5
WT80_1_ATGGAGGGTAGACACG-1,5
WT80_1_TTCTTCCAGAACGTGC-1,4
WT80_1_CGGGTCATCTCGCCTA-1,4
WT80_1_TGTTCCGAGACTACCT-1,5
WT80_1_CACTGAAAGTATAACG-1,5
WT80_1_CTCCCTCCACTCAAGT-1,5
WT80_1_TCTCTGGGTGAGTAAT-1,5
WT80_1_TCCTAATAGATCCCGC-1,0
WT80_1_TACGTCCGTGGTCTTA-1,1
WT80_1_TACTGCCGTACTGACT-1,1
WT80_1_ATTACTCGTCCTGGTG-1,5
WT80_1_AAAGTGAGTCTCTCCA-1,4
WT80_1_CGATGCGGTGTGACCC-1,5
WT80_1_GAGCTGCGTGCATCTA-1,4
WT80_1_GAGTTGTAGTTGCTGT-1,5
WT80_1_GGGCGTTAGAACGTGC-1,4
WT80_1_TTGATGGAGGCACAAC-1,0
WT80_1_CCGATGGTCAACTTTC-1,3
WT80_1_ATCGTGATCAGCTGAT-1,5
WT80_1_CCGGACATCCCATTTA-1,2
WT80_1_GTGGCGTGTCGTATGT-1,5
WT80_1_AGTAGCTAGTTGGGAC-1,1
WT80_1_CGTCAAACATGACGAG-1,1
WT80_1_AGCTTCCTCCGCTTAC-1,1
WT80_1_GCCAACGGTTTCGTAG-1,5
WT80_1_TGATGCATCCTATTGT-1,0
WT80_1_CATGCCTAGGGCAGAG-1,3
WT80_1_GCCTGTTTCAAGAGGC-1,1
WT80_1_CGTTCTGGTGGCTACC-1,4
WT80_1_AGTGCCGGTGATCGTT-1,5
WT80_1_CTCACTGGTCCGATCG-1,5
WT80_1_CATACAGGTTCGAACT-1,5
WT80_1_GAATCACAGGAAGTAG-1,0
WT80_1_CCACAAATCTACGGGC-1,5
WT80_1_AAGGAATGTGAGCTCC-1,5
WT80_1_GAATAGATCTCATTAC-1,5
WT80_1_ATTCTTGGTTAAACCC-1,3
WT80_1_TCACGGGCATTGCAAC-1,1
WT80_1_ATCGATGTCATGCGGC-1,5
WT80_1_CTACGGGAGTCACGAG-1,0
WT80_1_CTGCGAGTCACCATCC-1,5
WT80_1_CCAAGCGAGGTCACTT-1,4
WT80_1_TCCAGAAAGGCACTCC-1,5
WT80_1_TCCGGGACATTGACCA-1,5
WT80_1_CAAGAGGGTCAAATCC-1,5
WT80_1_TGTCCACAGATGGTCG-1,5
WT80_1_TGGGAGATCGTAGCCG-1,3
WT80_1_GCCAGCAGTTGGAGAC-1,5
WT80_1_GATAGAAAGGATCACG-1,0
WT80_1_CAACCAAGTGACTATC-1,0
WT80_1_TGACAGTCAAGTTGGG-1,3
WT80_1_AACCATGAGTAACCGG-1,4
WT80_1_AAAGTGAGTCTCACAA-1,0
WT80_1_TGCTTGCGTCACCGAC-1,5
WT80_1_GCATGATCACCAGCGT-1,5
WT80_1_CCAAGCGAGGCCACCT-1,0
WT80_1_CAGTTAGAGGTTATAG-1,0
WT80_1_CACGTTCAGATGTTAG-1,4
WT80_1_AGGTTGTGTCCGATCG-1,5
WT80_1_CGTCCATCAAGGTACG-1,5
WT80_1_CACGTTCAGGGCGAGA-1,0
WT80_1_ACTTCGCAGAAGGGAT-1,5
WT80_1_GTCCACTTCGCAATGT-1,3
WT80_1_CACCGTTTCTTTACAC-1,4
WT80_1_GTTAGACAGGTCTTTG-1,0
WT80_1_CGGAACCGTCCGGACT-1,5
WT80_1_TTGCCTGTCCGATGTA-1,5
WT80_1_ACTCTCGAGTAACCGG-1,1
WT80_1_TCAAGCAGTTCCATTT-1,3
WT80_1_GGTTGTAAGGATACGC-1,5
WT80_1_ATCCACCAGCCGCTTG-1,5
WT80_1_TAGGAGGTCGGCTGGT-1,5
WT80_1_CTATCTATCATCTCTA-1,4
WT80_1_TTTGACTTCGTGACTA-1,3
WT80_1_ATCGTCCCACCTGTCT-1,1
WT80_1_TATCTTGAGTCGGCAA-1,5
WT80_1_TCGACCTAGCTCCCTT-1,1
WT80_1_CTTCTCTTCTCTCGCA-1,3
WT80_1_TGCTGAAGTCCGAAGA-1,1
WT80_1_ATCTCTAGTAGAGACC-1,5
WT80_1_AGATCCACATGAGAAT-1,5
WT80_1_TCATGAGGTGTTCCAA-1,1
WT80_1_CAACAGTCACGTCGTG-1,1
WT80_1_CCTCTCCCAGGTTCCG-1,4
WT80_1_GTCTAGAAGTTGCGCC-1,1
WT80_1_AGACTCACATCGGAGA-1,5
WT80_1_GACTATGCAAATGAAC-1,5
WT80_1_GTTCCGTTCGGAGATG-1,5
WT80_1_ACATGCACAACAGTGG-1,5
WT80_1_ATACCTTTCAATGCAC-1,3
WT80_1_CTCAGGGGTTCCCACT-1,4
WT80_1_CTGCAGGGTAACATAG-1,5
WT80_1_GTGAGCCGTCATATGC-1,4
WT80_1_ACTTTCAAGCCGATAG-1,0
WT80_1_TGTTGGATCTAAACGC-1,5
WT80_1_GGGAGTATCAGTGGGA-1,0
WT80_1_GAAGGACAGCCACTCG-1,5
WT80_1_TCTCTGGCAGAGGTAC-1,0
WT80_1_TATCAGGCACCTCTAC-1,4
WT80_1_GTCGCGAGTATGTCAC-1,5
WT80_1_GTGATGTGTCAGGCAA-1,3
WT80_1_CAGTGCGTCATTACCT-1,5
WT80_1_ACGCACGGTGAGGAAA-1,5
WT80_1_TCCTCGACATAGCTGT-1,5
WT80_1_TCTGCCAGTGGCGTAA-1,4
WT80_1_CGCCATTCACGGGTAA-1,0
WT80_1_ATCACAGTCTGGTTGA-1,5
WT80_1_CATCCGTAGAAACTCA-1,5
WT80_1_ACATCGAAGCGTCAAG-1,5
WT80_1_GAGACCCAGACTGAGC-1,5
WT80_1_ACTTCCGGTTAGGACG-1,1
WT80_1_TCGTGGGGTCGTCATA-1,0
WT80_1_GCAGTTAGTGTCGCTG-1,5
WT80_1_AGAACCTTCCGTCAAA-1,5
WT80_1_TGTTCTAGTCCCTAAA-1,1
WT80_1_TCATGAGTCATATGGC-1,4
WT80_1_CACAGGCCACACAGCC-1,4
WT80_1_CAGATTGCAAATGAGT-1,1
WT80_1_ACTATGGCACACACGC-1,3
WT80_1_CAGTTCCTCCCGAGGT-1,3
WT80_1_AGGTAGGCAAGTTTGC-1,0
WT80_1_AGAGAGCTCCATTTGT-1,1
WT80_1_AGGATCTTCACTTCTA-1,2
WT80_1_TACGGGCCACGGTAGA-1,5
WT80_1_CCGGTGAAGCAATTCC-1,3
WT80_1_AGTGCCGAGGCCCAAA-1,4
WT80_1_TCGCTTGAGTCTCTGA-1,1
WT80_1_TAAGTCGCACATATGC-1,3
WT80_1_GAGGCAAAGTCTCCTC-1,5
WT80_1_TGATGCATCCACCTCA-1,4
WT80_1_GGTGAAGTCTAGATCG-1,5
WT80_1_TTTGATCCACCCTTGT-1,5
WT80_1_GGGAGATGTATACGGG-1,1
WT80_1_GAGGGATTCTTAGGAC-1,4
WT80_1_TGCGGCAAGCAGCGAT-1,5
WT80_1_AGAAGTATCTTACGTT-1,4
WT80_1_GTAGCTATCTGAGCAT-1,4
WT80_1_CATACTTAGTTTGTCG-1,5
WT80_1_GGGAAGTGTCTCAGGC-1,1
WT80_1_TCCACGTCAGGTACGA-1,5
WT80_1_CCGTTCAAGCTGAGCA-1,1
WT80_1_ATCGCCTAGGGAACAA-1,0
WT80_1_CAATACGGTCCCGGTA-1,2
WT80_1_TGAGGTTGTTGGGAAC-1,4
WT80_1_CTTAGGATCCGGACTG-1,5
WT80_1_TAATTCCTCATTCTTG-1,5
WT80_1_ACTATCTAGCCAAGCA-1,1
WT80_1_GTGCTGGTCCCGAAAT-1,0
WT80_1_TCGCACTGTGTCCCTT-1,1
WT80_1_GTGTGATGTACCGTGC-1,0
WT80_1_TTTACCATCCATACTT-1,5
WT80_1_GATCGTAAGTGAGTTA-1,0
WT80_1_GAGTTGTTCTGCTTTA-1,5
WT80_1_CATAAGCAGGTGGTTG-1,5
WT80_1_TCTCACGCAGCCTACG-1,4
WT80_1_CGAGTGCAGACGGTTG-1,2
WT80_1_GGTCTGGCATTAGGAA-1,0
WT80_1_AAGACAACAGGTTACT-1,1
WT80_1_CCAATGAAGAGTCACG-1,4
WT80_1_CACAGGCAGAGAGTGA-1,5
WT80_1_AAACGAAGTTATTCTC-1,5
WT80_1_CATTGTTTCCGTATAG-1,4
WT80_1_GGGTGAATCCCACAGG-1,3
WT80_1_AGGGTCCGTAACGGTG-1,3
WT80_1_TGTAGACCACTATCCC-1,1
WT80_1_AGAAATGGTTCCCAAA-1,0
WT80_1_GAAGCCCTCTGCGAGC-1,3
WT80_1_CAGCCAGCAATCCTTT-1,0
WT80_1_ATGGGAGAGTGAATAC-1,1
WT80_1_GAGTTTGGTCGCTCGA-1,4
WT80_1_CATCAAGGTTCGGTCG-1,5
WT80_1_TCAGGGCCAGAAGTGC-1,4
WT80_1_TTCATTGAGTGCCTCG-1,4
WT80_1_CTTGAGAAGTTAGAAC-1,4
WT80_1_CATTCCGAGCAGTCTT-1,5
WT80_1_CGCCAGATCCCGGTAG-1,3
WT80_1_TATTGCTCAATCGAAA-1,5
WT80_1_ACTTCGCTCGCAGAGA-1,5
WT80_1_AATGGAAGTTCAGCTA-1,1
WT80_1_ATATCCTGTGTGAGCA-1,4
WT80_1_ATTCATCCAGGCACAA-1,3
WT80_1_GGAGGATCATTGTCGA-1,3
WT80_1_CTGCATCTCAGGACAG-1,1
WT80_1_GAGTCTAGTATACAGA-1,1
WT80_1_ATCGGCGGTCTACGAT-1,5
WT80_1_GTAGCTACACAGTACT-1,5
WT80_1_TTGTTTGAGATGGCGT-1,5
WT80_1_CATTGAGGTCGGCACT-1,5
WT80_1_TTCCTAATCGTGGCTG-1,0
WT80_1_ATACCGAGTCTTCAAG-1,5
WT80_1_ATTCCCGAGGCTCACC-1,3
WT80_1_CATTTCAAGCACCCAC-1,5
WT80_1_GGAACCCAGGCTATCT-1,0
WT80_1_CCGTGAGTCCCGTAAA-1,4
WT80_1_CGGGTGTTCTGGACTA-1,4
WT80_1_GGAGATGGTGCTCTCT-1,3
WT80_1_CAGTTAGCAAGCACAG-1,5
WT80_1_CCACCATGTCTTTATC-1,5
WT80_1_AGGGCCTAGCATATGA-1,1
WT80_1_AAGACTCCAGAAGTTA-1,0
WT80_1_TCCTAATCAGTCCGTG-1,1
WT80_1_ACACTGAGTCGCACAC-1,0
WT80_1_TAGCACACAGCACAGA-1,5
WT80_1_CGTTAGACATTCTCCG-1,5
WT80_1_TATTTCGCAACCCTAA-1,3
WT80_1_CTCAATTAGCAAGGAA-1,5
WT80_1_TTTGGTTGTGCTCCGA-1,1
WT80_1_ACGTTCCAGCAATAGT-1,5
WT80_1_CACAGATGTCAGCGTC-1,3
WT80_1_GGTCACGAGCAAATGT-1,1
WT80_1_CAATTTCCACTTGAAC-1,5
WT80_1_CAAGACTAGGTAGACC-1,5
WT80_1_GTGAGTTTCGAGATAA-1,5
WT80_1_TACTTACTCATTTGCT-1,5
WT80_1_TACCCGTAGACCTCAT-1,4
WT80_1_TCATGCCCAGTGCGCT-1,5
WT80_1_TCGCTCACATGACTCA-1,5
WT80_1_GAAGAATTCCTGGCTT-1,1
WT80_1_TCGGGTGCACACCGAC-1,5
WT80_1_CATTGTTAGCATATGA-1,5
WT80_1_TCAATCTGTCTGCCTT-1,5
WT80_1_GTTTGGATCTGTCAGA-1,0
WT80_1_TGGGAGACATACCGTA-1,5
WT80_1_GTGTCCTCAGAATCGG-1,0
WT80_1_GTTGCTCAGAGCATAT-1,5
WT80_1_TCTCCGAAGTGATAAC-1,5
WT80_1_AGGAATACACCTATCC-1,1
WT80_1_CACAACAGTCTCCCTA-1,0
WT80_1_CATGCTCGTCCATACA-1,1
WT80_1_ACAGGGACAGCGAGTA-1,1
WT80_1_GAGTGAGAGGTCGACA-1,0
WT80_1_CATCAAGCAGTCTACA-1,4
WT80_1_CTTCCTTCAGTTGCGC-1,3
WT80_1_GCTGCAGCATGTGACT-1,5
WT80_1_TCTAACTTCGTCAAAC-1,5
WT80_1_CGCCAGATCGCCACTT-1,4
WT80_1_CAACAACTCCTTCTGG-1,3
WT80_1_GCACGGTTCGAGAAGC-1,1
WT80_1_CCCTCTCGTCTGTCAA-1,1
WT80_1_GGGAGATGTGCGGATA-1,5
WT80_1_CAGAGCCGTTAATCGC-1,3
WT80_1_GTTGTGATCACTCACC-1,3
WT80_1_GCATGATCAGACCTGC-1,0
WT80_1_TGATGCAAGTTCATGC-1,5
WT80_1_GAAGGACCAATAGTCC-1,3
WT80_1_ACCTGAAGTCTGCCTT-1,5
WT80_1_TCAGGTAAGGTAAAGG-1,4
WT80_1_CTGAATGTCGAGAACG-1,1
WT80_1_TCCGATCCAGCGGTCT-1,5
WT80_1_ACTGTGATCCGCCTAT-1,0
WT80_1_GGTGGCTTCGCCTCTA-1,4
WT80_1_GAAGCCCCACAGTGTT-1,3
WT80_1_TTTACCAAGAAGATCT-1,0
WT80_1_TACCCGTCAGATACCT-1,5
WT80_1_TGGATCATCGCAGAGA-1,5
WT80_1_GCATTAGCACCACTGG-1,4
WT80_1_ACCTACCAGGGACAGG-1,5
WT80_1_AAGCGAGAGGGCAACT-1,5
WT80_1_GATAGCTCACCATTCC-1,1
WT80_1_CCTCTCCAGCAAGCCA-1,5
WT80_1_ATGAAAGTCCGGACTG-1,0
WT80_1_TAACGACCACAAGTTC-1,1
WT80_1_GATTCTTAGACGTCGA-1,1
WT80_1_AGATAGACAAAGAGTT-1,3
WT80_1_ACAAAGAGTCCTACAA-1,1
WT80_1_GGAGATGGTTTCTATC-1,3
WT80_1_GTCATGAAGATTGAGT-1,4
WT80_1_ATTATCCGTGGATGAC-1,2
WT80_1_AGACAGGCATTGACAC-1,0
WT80_1_AGAAATGGTCGCAACC-1,5
WT80_1_CTATCCGGTTTAGACC-1,1
WT80_1_TGAATCGCACATATCG-1,1
WT80_1_CTATCTAGTGATCATC-1,0
WT80_1_CTCCAACGTGACAACG-1,5
WT80_1_CCTCAACGTGTATACC-1,1
WT80_1_TCCCAGTGTCTAGTGT-1,5
WT80_1_ATTGGGTAGATACCAA-1,5
WT80_1_CAATCGACAACTCATG-1,4
WT80_1_GTCGTAACATCACGGC-1,4
WT80_1_GTCGCGATCCGAAGGA-1,5
WT80_1_AACGAAACACGGGCTT-1,3
WT80_1_GAGTTGTGTTCCTAGA-1,0
WT80_1_TCTTGCGTCCATTGCC-1,5
WT80_1_GTTGAACTCCTGGGTG-1,5
WT80_1_AGAAATGTCAGATTGC-1,5
WT80_1_ACTATGGCAGAGGTTG-1,0
WT80_1_CATAAGCCAACTCCCT-1,0
WT80_1_GTTACAGAGATGAAGG-1,1
WT80_1_CTCCATGCAAAGGGCT-1,3
WT80_1_TGGAGGACAATACCCA-1,3
WT80_1_CCTCTAGTCGGCACTG-1,0
WT80_1_CTGCTCATCTGTTCAT-1,3
WT80_1_ACGGTTATCGAACGGA-1,1
WT80_1_GTAGAGGAGGATACGC-1,1
WT80_1_AGGTAGGCAGATCCAT-1,5
WT80_1_GCACGTGTCCTTCACG-1,5
WT80_1_GTAGAAAAGTCTGGTT-1,3
WT80_1_GTAACACCAACCACGC-1,5
WT80_1_CGGGACTAGCGCTGCT-1,5
WT80_1_AGTCAACTCAAGCTTG-1,5
WT80_1_GGCACGTCACATTCTT-1,5
WT80_1_TCGATTTCAGAAGTTA-1,4
WT80_1_GGTCACGAGAGTGACC-1,3
WT80_1_AACTTCTTCACTGCTC-1,5
WT80_1_CCTCTAGGTCTAGATC-1,3
WT80_1_GTGTTAGAGCTGACAG-1,1
WT80_1_AGGAAATAGAACGCGT-1,1
WT80_1_CATAGACGTACCATAC-1,5
WT80_1_GAGGGTATCATATGGC-1,3
WT80_1_CTAGACATCGTGGAAG-1,1
WT80_1_GTTTACTCAAGTGCAG-1,1
WT80_1_CATACAGGTTGGAGAC-1,5
WT80_1_TACGGGCAGCATCAAA-1,1
WT80_1_TCTTTGACAAGTTTGC-1,3
WT80_1_CACTGTCCAGAAGTTA-1,0
WT80_1_GGAGGTAAGACATGCG-1,1
WT80_1_TCGGGTGAGTAGAATC-1,5
WT80_1_ATGATCGAGGGCGAAG-1,5
WT80_1_TTGCTGCTCCAAGAGG-1,1
WT80_1_ATTTACCGTTCACCGG-1,1
WT80_1_AATGAAGTCGACGCGT-1,1
WT80_1_AATCGACGTTCGAAGG-1,3
WT80_1_TGTACAGTCGACCACG-1,5
WT80_1_TCAGTCCGTTCATCGA-1,1
WT80_1_ACACGCGTCTGGCTGG-1,5
WT80_1_GTGGAAGTCTGTTCAT-1,1
WT80_1_TCACACCTCTTGCGCT-1,1
WT80_1_CTGCTCAAGGAGGCAG-1,1
WT80_1_AGACAGGCAGATTTCG-1,5
WT80_1_ATTCAGGGTAGAATAC-1,5
WT80_1_GAGACTTAGGTGAGCT-1,5
WT80_1_TCATGCCTCATTGAGC-1,5
WT80_1_TCCTTCTCAATCGAAA-1,1
WT80_1_AGAAGCGTCGGTCGAC-1,5
WT80_1_GCGGAAAAGCATCGAG-1,5
WT80_1_CTAACTTCAGTTTGGT-1,3
WT80_1_CGTTAGATCGCTACAA-1,0
WT80_1_TTTACGTCAAATCAAG-1,4
WT80_1_GTTAGTGGTAGATTGA-1,5
WT80_1_GCAACCGTCAAATGCC-1,5
WT80_1_GGTGATTTCGTTGTAG-1,1
WT80_1_GAGTTACCAACACAAA-1,5
WT80_1_CAGCACGCACAAACGG-1,3
WT80_1_TTAGGCAGTTTGTTCT-1,5
WT80_1_TCTGTCGTCTATCACT-1,4
WT80_1_TCTCCGACAGACAAAT-1,1
WT80_1_CCTATCGTCAAAGCCT-1,5
WT80_1_TTGGGATAGACGGAAA-1,1
WT80_1_TGATTTCTCTCCCTAG-1,5
WT80_1_TCATTCAGTTGCATCA-1,1
WT80_1_CAGGCCATCGAACACT-1,4
WT80_1_AAGCGTTCATCCTTCG-1,1
WT80_1_GTGTAACTCTCATTAC-1,3
WT80_1_AGACACTTCGCTCTAC-1,1
WT80_1_TCGTGCTCAGAAATCA-1,1
WT80_1_ATCACAGGTCCGAAGA-1,1
WT80_1_AGCTCAAAGCCTTGAT-1,3
WT80_1_TTGGTTTGTAAGGAGA-1,1
WT80_1_GGGAAGTCACGTTGGC-1,5
WT80_1_GTCGTAAAGTCACTGT-1,0
WT80_1_ATTCCTACATACATCG-1,0
WT80_1_GTGGTTAAGGAGTACC-1,4
WT80_1_TGTACAGCAATACCTG-1,3
WT80_1_GCTTTCGAGGTTGGAC-1,5
WT80_1_ACATCGAAGAGGTCAC-1,5
WT80_1_TACATTCCAGTTCACA-1,3
WT80_1_CGATGCGTCAAGTCGT-1,1
WT80_1_GCTCAAATCCGCGGAT-1,1
WT80_1_GTACAGTGTCATAACC-1,0
WT80_1_GTGTTCCGTACGTGAG-1,5
WT80_1_CATCCACGTACTAGCT-1,1
WT80_1_CGATCGGTCCGCTAGG-1,0
WT80_1_GGGATCCAGTACAGAT-1,2
WT80_1_GTGGAAGAGCTTAGTC-1,0
WT80_1_TTTGGAGAGAGTAACT-1,0
WT80_1_TACGTCCGTTCCGCAG-1,5
WT80_1_ATCGCCTTCCCATAGA-1,3
WT80_1_GGTTCTCGTGACATCT-1,0
WT80_1_TCTTAGTCAAAGACTA-1,3
WT80_1_TTAGGGTTCGAGAGAC-1,5
WT80_1_CCTCAGTCACGCGCAT-1,1
WT80_1_CTGGTCTAGAGGCGTT-1,5
WT80_1_GGATGTTGTTGGTACT-1,3
WT80_1_TTGTTGTGTATACCCA-1,5
WT80_1_ACCTGTCGTAACAGTA-1,3
WT80_1_CTCTCAGAGCGACATG-1,5
WT80_1_ATTCCTACACTAGGTT-1,1
WT80_1_ATTACCTAGCCTGGAA-1,3
WT80_1_CGTCAAAGTTTGGAAA-1,3
WT80_1_CTCATTAGTTGAATCC-1,5
WT80_1_TTCATGTAGACTACGG-1,4
WT80_1_GTCACGGTCCAATCCC-1,1
WT80_1_CCTTTGGCAAGCGCTC-1,5
WT80_1_TTTAGTCGTTCAAGTC-1,0
WT80_1_CCCTAACTCTACAGGT-1,4
WT80_1_CACATGACAGTTTCGA-1,3
WT80_1_TGTCAGAAGAGCTGAC-1,5
WT80_1_GCTACAAGTGAGTTGG-1,2
WT80_1_GTCGTTCGTGTGTTTG-1,1
WT80_1_TTGAACGTCGAGATAA-1,3
WT80_1_AATGACCTCTGCGAGC-1,3
WT80_1_GAGTGAGCAATACCCA-1,1
WT80_1_CGGGTCAAGGTGATAT-1,1
WT80_1_ATTGGGTAGTAGTCTC-1,0
WT80_1_TTGCATTTCAGTCCGG-1,1
WT80_1_AATCGTGGTATTGAGA-1,5
WT80_1_ATGCGATGTTAACCTG-1,1
WT80_1_GATGCTACAACCCGCA-1,3
WT80_1_GTCGTTCCAAAGGCTG-1,1
WT80_1_TACCTGCAGTCATGGG-1,5
WT80_1_GTTTACTCATTCTTCA-1,3
WT80_1_TTCCGTGAGTGTAGTA-1,3
WT80_1_TGGGTTATCTACGGGC-1,3
WT80_1_TTCCAATAGTACAACA-1,4
WT80_1_ACGTAACTCGGAATGG-1,1
WT80_1_ACACCAAAGTTGAAGT-1,1
WT80_1_GATGATCCAATTGTGC-1,3
WT80_1_TGTGTGAGTTCAGGTT-1,5
WT80_1_AGGTAGGCAGACGGAT-1,5
WT80_1_ACCTGAAAGACTTCCA-1,5
WT80_1_GGCGTCAGTAGGCAGT-1,1
WT80_1_CTCCTCCTCCGATAGT-1,4
WT80_1_TCAGTTTTCGGTGCAC-1,5
WT80_1_AGCGATTCAGGTAGTG-1,1
WT80_1_CCCTTAGAGGACAGCT-1,3
WT80_1_GATCATGGTAGATGTA-1,1
WT80_1_AACCTTTCATCCAACA-1,5
WT80_1_CTTCTAAAGCCGTCGT-1,3
WT80_1_CGGGTGTAGCTGACAG-1,1
WT80_1_ACTATTCAGCGTCGAA-1,1
WT80_1_GAATCACGTCCAAGAG-1,1
WT80_1_GGAATCTCATCATCTT-1,3
WT80_1_CATTGAGGTGAACGGT-1,0
WT80_1_TACAACGGTCGGCCTA-1,4
WT80_1_CATTTCAAGTGGACGT-1,2
WT80_1_TACCCACTCGTGTGAT-1,5
WT80_1_TGGGATTAGGTACAGC-1,5
WT80_1_GCAGCTGCAGTTTCAG-1,5
WT80_1_CACAGATCAGGGACTA-1,1
WT80_1_GGAGGATCAGAGAGGG-1,1
WT80_1_TCTTGCGTCGCAATGT-1,4
WT80_1_TGTCAGAGTGTAAACA-1,1
WT80_1_TAGAGTCTCATCAGTG-1,4
WT80_1_TCCTCGATCATAAGGA-1,3
WT80_1_TCATCCGGTACGTGTT-1,1
WT80_1_CAATTTCAGGACACTG-1,3
WT80_1_TGTGAGTGTACCACGC-1,1
WT80_1_TCATTTGAGCGTCGAA-1,4
WT80_1_AGCGTCGGTACGTTCA-1,1
WT80_1_ATCTCTAGTTGTAAAG-1,5
WT80_1_AATGAAGCATCCGCGA-1,5
WT80_1_GAAGGGTGTATGCTTG-1,5
WT80_1_ACACAGTCAGCAGGAT-1,5
WT80_1_TGGGCTGTCTCGGGAC-1,0
WT80_1_ACCACAACAACGCCCA-1,1
WT80_1_TCATCATGTTCGGCTG-1,1
WT80_1_CATCCCATCGCAAGAG-1,5
WT80_1_TAAGTCGAGTGCCCGT-1,5
WT80_1_GTTGCGGGTCTGTGGC-1,1
WT80_1_TCACACCAGGCCTTCG-1,0
WT80_1_CTCCTCCAGTTCGCAT-1,5
WT80_1_ACACAGTAGTCCGCGT-1,3
WT80_1_CGATGGCCAATCTGCA-1,5
WT80_2_TCCATCGCATTCACAG-1,4
WT80_2_AGATCGTGTCTACGAT-1,3
WT80_2_TCATTTGCAGGAATAT-1,5
WT80_2_TCTTTGAAGAAATGGG-1,4
WT80_2_AACCATGGTATGAAAC-1,4
WT80_2_ACCAAACTCCATCACC-1,5
WT80_2_AACCTTTGTTCAAGGG-1,5
WT80_2_CTTGATTCAGGTACGA-1,1
WT80_2_CGAGTGCCAATGAAAC-1,4
WT80_2_GTCACGGGTCGGCCTA-1,5
WT80_2_AAATGGAGTCACCGCA-1,4
WT80_2_CGCCAGACATAAGCAA-1,3
WT80_2_TACCCACGTATTAAGG-1,3
WT80_2_ATGGAGGGTATCGAGG-1,1
WT80_2_ACTGTCCAGCTAATGA-1,3
WT80_2_GACCCTTGTACAGCGA-1,5
WT80_2_CTTCTAACATGTCGTA-1,4
WT80_2_TTGGGATTCATTATCC-1,4
WT80_2_GCAGCCATCACTTTGT-1,4
WT80_2_CACGAATTCGTGTTCC-1,3
WT80_2_TCACGCTTCCATCAGA-1,3
WT80_2_CCCGGAAGTACGATCT-1,5
WT80_2_GATTTCTCATACATCG-1,4
WT80_2_TAATTCCGTTCAGTAC-1,1
WT80_2_TTTGATCCACACCGCA-1,3
WT80_2_GGTGTCGGTCAACACT-1,5
WT80_2_TTGATGGCATTGGCAT-1,5
WT80_2_TGCATCCAGGGTGAGG-1,4
WT80_2_TGGCGTGGTTGCTCGG-1,0
WT80_2_AGAGAATTCCGCATAA-1,1
WT80_2_ATTCATCAGTTCCGTA-1,5
WT80_2_GTGGTTATCGAGGCAA-1,5
WT80_2_CCAATGAAGACAAGCC-1,2
WT80_2_AGTGTTGAGACATGCG-1,3
WT80_2_AGAACCTGTCCAGCCA-1,4
WT80_2_GACTATGAGTAAGAGG-1,4
WT80_2_GCGGAAACAGAGGTTG-1,0
WT80_2_AGGCTGCTCAAGCCTA-1,3
WT80_2_GGGTATTGTACAAACA-1,4
WT80_2_TCTTCCTGTTGGTGTT-1,4
WT80_2_CATCGTCGTTGTGCCG-1,0
WT80_2_TTTCAGTTCGACCCAG-1,3
WT80_2_TTCCTAATCAGCCCAG-1,4
WT80_2_CAATGACGTAGGAGGG-1,1
WT80_2_TCTCACGGTTGCATGT-1,5
WT80_2_TGCAGTACAGTATGAA-1,5
WT80_2_GCGAGAAAGAAGCGAA-1,3
WT80_2_CCCAACTTCGTTAGAC-1,5
WT80_2_ACTTTCACATAACGGG-1,1
WT80_2_GCCAACGCACACCGAC-1,4
WT80_2_TAATTCCCACCAGCTG-1,5
WT80_2_CATGCAAGTTGTCTAG-1,3
WT80_2_TGACCCTCAACAGAGC-1,5
WT80_2_AATGACCTCCTACCGT-1,3
WT80_2_CTAGACAAGGATGCGT-1,1
WT80_2_CAACGGCTCGTTGTGA-1,3
WT80_2_TTCTGTACAAGTATAG-1,3
WT80_2_ACACTGACAAGGTCAG-1,3
WT80_2_TCAGCCTTCGAAGGAC-1,1
WT80_2_TGAGTCACATAACGGG-1,4
WT80_2_TGCGGGTCAAAGAGTT-1,4
WT80_2_TATTCCACACCTCGTT-1,3
WT80_2_CGTTGGGGTATTTCTC-1,5
WT80_2_AGACAGGCAATTCTCT-1,2
WT80_2_GTGAGTTAGGACAACC-1,4
WT80_2_GGAACCCAGATCGGTG-1,5
WT80_2_CTTGAGAGTATGAAAC-1,4
WT80_2_ACCCAAATCGTTCCTG-1,4
WT80_2_TGGGCGTTCATATGGC-1,3
WT80_2_GGGAAGTGTGGCTTAT-1,5
WT80_2_GTACAGTGTGGGAGAG-1,1
WT80_2_AAAGGGCTCCTGTAGA-1,1
WT80_2_TCCTTCTAGCGGGTAT-1,3
WT80_2_CTTCCGATCGCAACAT-1,1
WT80_2_GACCTTCCAATCTAGC-1,1
WT80_2_TCTCAGCGTAGGGAGG-1,1
WT80_2_AATCGACCACCTTCCA-1,5
WT80_2_GACTCTCCAGGCATTT-1,1
WT80_2_GCATGATGTATGCAAA-1,5
WT80_2_GTAGAAAAGCCTCCAG-1,1
WT80_2_CATCCCATCAGGAGAC-1,5
WT80_2_GCAACATTCCCATTTA-1,1
WT80_2_AGGTTGTGTGTGAATA-1,1
WT80_2_GAGACCCTCCTCTCGA-1,4
WT80_2_GTGTGATGTCGTTATG-1,3
WT80_2_TGTCCCATCGGCGATC-1,1
WT80_2_TCACGCTAGGCAGGTT-1,0
WT80_2_ATGAGGGAGAGATGCC-1,5
WT80_2_TCCGTGTCACTAGGCC-1,1
WT80_2_AAGCATCGTCTCAAGT-1,1
WT80_2_CCAATGAGTGCCTGAC-1,5
WT80_2_CAAAGAAGTTTACCTT-1,1
WT80_2_CCTCCAAGTAACTAAG-1,5
WT80_2_TCGAACACACCTGCAG-1,5
WT80_2_CACTGTCTCTGGGAGA-1,5
WT80_2_ACGTAACTCATAGAGA-1,0
WT80_2_TTTCAGTAGGCAATGC-1,4
WT80_2_CCTCATGCAGTTGTCA-1,5
WT80_2_ATCACAGTCTGGACCG-1,5
WT80_2_TTTGTTGTCCGTGGGT-1,5
WT80_2_TACGGTATCGAAATCC-1,1
WT80_2_TTCCTCTCACCCTTAC-1,4
WT80_2_CCTTTGGCACCCTAGG-1,5
WT80_2_GTCAAACCATCGCTGG-1,4
WT80_2_TCCGAAACAGTTTCAG-1,1
WT80_2_TTGTTCATCCAGTGCG-1,1
WT80_2_TACAACGCAGGTTCCG-1,1
WT80_2_GTGGTTAAGCCTGTCG-1,1
WT80_2_TCACTATTCGGAGTGA-1,0
WT80_2_TGTTCATGTTTCGCTC-1,1
WT80_2_CCGTGAGCAACACGAG-1,4
WT80_2_ACTATCTAGATCGCTT-1,5
WT80_2_AGTTAGCTCAGGGATG-1,1
WT80_2_CGATGGCGTGCCCACA-1,4
WT80_2_TTACGCCAGCAATTAG-1,5
WT80_2_AGTACCACAAGCAATA-1,5
WT80_2_CATGAGTAGCCAAGGT-1,5
WT80_2_AACAACCAGAGTCAAT-1,5
WT80_2_GTTGTAGCACACGTGC-1,4
WT80_2_ACGTAGTGTAGCCCTG-1,3
WT80_2_GGAGATGCATGTACGT-1,4
WT80_2_GACTGATCATACAGAA-1,5
WT80_2_CTCATTACAACACAAA-1,4
WT80_2_CCTGTTGGTCAACCAT-1,1
WT80_2_TAACGACGTGGACTAG-1,5
WT80_2_AGTCACAAGCTACAAA-1,5
WT80_2_ACTTATCTCACATTGG-1,1
WT80_2_CCACTTGAGGTGATAT-1,3
WT80_2_TCGCTCAAGCGTGAAC-1,5
WT80_2_TCCATGCAGGACGCAT-1,5
WT80_2_TACTTACAGTAGACAT-1,1
WT80_2_ACTGATGGTACTTGTG-1,5
WT80_2_CATGCAAAGTATGAAC-1,0
WT80_2_ACAAGCTCAGGACAGT-1,5
WT80_2_CTGAATGCATCCGAGC-1,3
WT80_2_TCCCACATCACACGAT-1,5
WT80_2_ATTCCATAGCCGTAAG-1,5
WT80_2_TTCCTAATCCGTTGGG-1,5
WT80_2_CGTTCTGGTATTGACC-1,4
WT80_2_AGTAGCTAGAAACCCG-1,5
WT80_2_GAAGCCCAGCTAGCCC-1,5
WT80_2_TTACCGCGTTGCTCAA-1,3
WT80_2_GGGATCCGTCTGTCCT-1,5
WT80_2_TTCCACGCATATCTGG-1,4
WT80_2_GGCTGTGTCAACCCGG-1,4
WT80_2_CAGTTCCGTGCAATGG-1,5
WT80_2_TGTAACGCACCGCTGA-1,4
WT80_2_TGACCCTTCATCTACT-1,4
WT80_2_TCATTGTGTCTCTCCA-1,5
WT80_2_TTCAATCTCGTTACCC-1,3
WT80_2_GCCAACGAGTATTAGG-1,4
WT80_2_CCTCATGTCAGCTGTA-1,0
WT80_2_TGCCGAGCATGGAACG-1,4
WT80_2_TCGACCTGTATCGAAA-1,0
WT80_2_GATCAGTGTGGGCTCT-1,5
WT80_2_TGTGTGAAGGCGCTTC-1,5
WT80_2_ACAACCACACTCTAGA-1,3
WT80_2_CACAGATAGCTAATCC-1,1
WT80_2_TAGTGCATCAGCTTCC-1,5
WT80_2_CTGGCAGGTACTTCCC-1,5
WT80_2_ACTGATGTCAAGTGGG-1,5
WT80_2_ACAGGGAGTCATACCA-1,0
WT80_2_GTGTGATGTTACGCCG-1,5
WT80_2_ATGGAGGGTCACGACC-1,5
WT80_2_GATTCGAGTTTGGGAG-1,1
WT80_2_AGGAGGTTCGTCACCT-1,5
WT80_2_CGGTCAGAGATTACCC-1,1
WT80_2_AGTCACACATAAGATG-1,5
WT80_2_AGGACGAGTTACGCCG-1,5
WT80_2_TTTAGTCGTGCCTGCA-1,5
WT80_2_TACCCACTCCAACCAA-1,0
WT80_2_AAAGAACGTGCTGTCG-1,4
WT80_2_CGTGTCTGTACACGCC-1,4
WT80_2_TTTCCTCTCGCCAATA-1,1
WT80_2_TTCTTCCAGGAACGAA-1,4
WT80_2_TTGATGGTCAGTAGGG-1,5
WT80_2_TCCGATCCAGCATGCC-1,4
WT80_2_ATAGGCTGTACGTACT-1,4
WT80_2_TACGCTCTCCACGGAC-1,0
WT80_2_TCGCACTGTCACGCTG-1,3
WT80_2_TAGAGTCCACAGTCAT-1,3
WT80_2_ATGATCGCAAGTGGGT-1,1
WT80_2_GAGCTGCGTTGCCGCA-1,5
WT80_2_TACCTCGCACCCATAA-1,1
WT80_2_CGTTCTGCAGCAGTCC-1,1
WT80_2_GAACGTTTCCCAGGAC-1,5
WT80_2_ATCACGAGTACGATTC-1,5
WT80_2_TTGCCTGAGGTATCTC-1,4
WT80_2_CCAATTTAGAAATTCG-1,1
WT80_2_GTGAGTTAGCTGCGAA-1,0
WT80_2_CAGGCCATCTGGCCTT-1,1
WT80_2_TATTCCATCTTGGAAC-1,0
WT80_2_TTCACCGTCTCGGGAC-1,5
WT80_2_AATGAAGAGCCACCGT-1,5
WT80_2_GATTGGTAGCCTTGAT-1,3
WT80_2_CAGAGCCTCATAGACC-1,1
WT80_2_ACATGCACAGAGACTG-1,0
WT80_2_GAAGAATCAAGTGCTT-1,1
WT80_2_CGAAGTTGTCAACCAT-1,4
WT80_2_CCCAACTAGGGATCTG-1,1
WT80_2_TGCGACGCATACTGAC-1,2
WT80_2_TCAAGTGGTACAATAG-1,4
WT80_2_ATCACGATCAATCTTC-1,3
WT80_2_GATAGCTGTCTGTGGC-1,3
WT80_2_GCCAGGTGTAACGCGA-1,4
WT80_2_TCTACATTCTGCACCT-1,1
WT80_2_TTGAGTGAGTAGCCAG-1,0
WT80_2_GAATAGATCCACGTGG-1,1
WT80_2_ACGTAACCAGAACATA-1,4
WT80_2_TCGCTTGAGGGATCAC-1,3
WT80_2_TTTACCATCTCATGGA-1,4
WT80_2_GCTGAATAGGCCTTGC-1,0
WT80_2_TCTGTCGAGCAAACAT-1,1
WT80_2_TTACGCCAGCAGGTCA-1,1
WT80_2_CTTCGGTAGGATACCG-1,4
WT80_2_AATCGTGAGAGGGTGG-1,1
WT80_2_GATTCGAAGCCTGAAG-1,4
WT80_2_TTCCTCTCATGCCGAC-1,1
WT80_2_CATTCATGTTGAAGTA-1,5
WT80_2_TATCGCCGTTAGTCGT-1,1
WT80_2_ATCACAGCACGGCACT-1,3
WT80_2_ATAGACCCACTAAACC-1,4
WT80_2_GTTGTCCTCCTGATAG-1,5
WT80_2_CTGGCAGAGACCAGCA-1,0
WT80_2_GACTTCCGTGTCGATT-1,4
WT80_2_TTTACGTGTACCGTGC-1,4
WT80_2_TTGAACGGTGTCATCA-1,5
WT80_2_CATCGCTGTGACGCCT-1,1
WT80_2_CCTCTAGTCAACGAGG-1,5
WT80_2_TGGCGTGTCCGATGCG-1,0
WT80_2_GTACAGTCAAAGGCGT-1,0
WT80_2_GATGTTGGTTGTCATG-1,4
WT80_2_AGGCTGCTCGAGAGAC-1,0
WT80_2_CATCCACAGTACTGTC-1,1
WT80_2_TCCACCACAATATCCG-1,4
WT80_2_CGCCATTCATTGTCGA-1,4
WT80_2_TGAGACTAGCTAGCCC-1,1
WT80_2_CACTGGGGTGTTTACG-1,4
WT80_2_ACATCCCCAAGTTCCA-1,5
WT80_2_CTACCTGTCGGTCACG-1,4
WT80_2_CACGTTCTCCACCTGT-1,5
WT80_2_TATTGGGAGGACAACC-1,3
WT80_2_CCTTTGGAGTACCGGA-1,5
WT80_2_AGTCACAAGATAGCAT-1,1
WT80_2_GAATCGTAGCTCTTCC-1,5
WT80_2_TGCTCCATCCCGAGGT-1,5
WT80_2_TTTCGATGTCAACACT-1,5
WT80_2_GAGACCCCAGCAGGAT-1,1
WT80_2_CCCTAACGTACCTTCC-1,5
WT80_2_CATGCAAAGCTCCATA-1,5
WT80_2_CACTGTCGTTATAGAG-1,5
WT80_2_CCCTTAGCAGCAGGAT-1,4
WT80_2_CTCCCTCAGGTTTGAA-1,5
WT80_2_AGACAGGAGGTTCAGG-1,5
WT80_2_ACTCTCGAGCGTTCAT-1,1
WT80_2_GAACTGTCAACGATCT-1,4
WT80_2_GTTCGCTCAACGCATT-1,1
WT80_2_CTTGATTTCAACTTTC-1,5
WT80_2_GTCCTCATCACTGCTC-1,5
WT80_2_TCATACTTCGCCTTTG-1,4
WT80_2_TTCTTCCCAATAACGA-1,1
WT80_2_TACAGGTCATTGTACG-1,1
WT80_2_CTGCGAGCATACAGAA-1,1
WT80_2_GTATTGGGTCAGTCCG-1,4
WT80_2_TGACCCTGTAGCACGA-1,4
WT80_2_AGGCATTGTTTGGGAG-1,4
WT80_2_TGTGAGTTCCCATGGG-1,5
WT80_2_CTGTGGGCAGCACCCA-1,4
WT80_2_CACTTCGGTGACCGAA-1,5
WT80_2_TTTACGTCATACCGTA-1,1
WT80_2_CCCAACTGTCTAATCG-1,0
WT80_2_ACACAGTAGGCACAAC-1,4
WT80_2_TGTAGACGTCTAGTGT-1,4
WT80_2_ATGCGATAGCTCGTGC-1,4
WT80_2_TGCTTCGCATCCAACA-1,5
WT80_2_GTGTAACTCATCTCTA-1,1
WT80_2_GCGGAAAAGACTACGG-1,3
WT80_2_GCGGATCAGGGATCGT-1,5
WT80_2_CTAGGTAGTACTGTTG-1,4
WT80_2_GTAAGTCTCCTGCCAT-1,4
WT80_2_CACCGTTTCCAAGCTA-1,1
WT80_2_TAAGCGTCATAGACTC-1,5
WT80_2_CCGTAGGAGTCTACCA-1,5
WT80_2_AGAGCCCAGAAACACT-1,3
WT80_2_TAGGTTGTCGTTACCC-1,5
WT80_2_AGATAGACAAGTTCCA-1,4
WT80_2_CGTTCTGGTGCAGGAT-1,5
WT80_2_TGATTCTTCCATAAGC-1,1
WT80_2_GAAGCCCCACAGTCAT-1,5
WT80_2_TACCTGCAGCGGGTTA-1,5
WT80_2_TCATTTGAGTCGTTAC-1,5
WT80_2_TAGATCGAGGGATCAC-1,5
WT80_2_GCAGCTGGTGTAAATG-1,1
WT80_2_TGAATCGAGCTTGTGT-1,5
WT80_2_GATCACAGTATGTCAC-1,3
WT80_2_GTCTCACTCCTGTAGA-1,1
WT80_2_TATTCCACATGACTCA-1,3
WT80_2_ATTCACTGTAGTCTGT-1,5
WT80_2_TAGACTGGTTGTCTAG-1,1
WT80_2_AGTAGCTCACTGGATT-1,1
WT80_2_CTCCTCCGTTCTTGCC-1,5
WT80_2_GTTATGGAGTTGCATC-1,1
WT80_2_CTCCTCCTCGGAAGGT-1,4
WT80_2_CCGATGGTCGAGTCTA-1,5
WT80_2_TCGCTCAGTCCCAAAT-1,4
WT80_2_GTGTGATCACATCATG-1,5
WT80_2_AAGACAAGTATCGTTG-1,4
WT80_2_TTCTCTCTCTGGAGAG-1,3
WT80_2_ACACCAACACGCGTGT-1,4
WT80_2_CATACTTAGAGAGCGG-1,5
WT80_2_GAGTTGTTCCAGTTCC-1,1
WT80_2_GCCTGTTCATGGAAGC-1,2
WT80_2_AATTTCCGTTGTGCCG-1,5
WT80_2_CCACGAGTCCATTCAT-1,1
WT80_2_ATCCATTCAAATCCCA-1,1
WT80_2_GGAGCAAAGCAACAGC-1,5
WT80_2_ATTCATCTCCAACACA-1,4
WT80_2_TTCCAATCAGCTGAGA-1,1
WT80_2_TCACATTAGCGTTAGG-1,0
WT80_2_ATGGTTGAGGTCCTGC-1,5
WT80_2_GCACATATCCACGTGG-1,5
WT80_2_TCTGGCTCATGTGTCA-1,5
WT80_2_GAGTTACGTGAGCTCC-1,4
WT80_2_GTCTGTCAGCCAGTAG-1,3
WT80_2_TAACACGTCTCGTGAA-1,1
WT80_2_ACGGGTCTCGGTAGGA-1,5
WT80_2_GTTGTCCTCAACTCTT-1,5
WT80_2_AGGACGATCTCAATCT-1,4
WT80_2_GAGTTACGTGTACATC-1,1
WT80_2_GTTACAGCAACCGACC-1,5
WT80_2_CCGATGGAGCTGACAG-1,1
WT80_2_ACTGCAAAGGTGTGAC-1,4
WT80_2_ATGCGATCAATGTCAC-1,0
WT80_2_CAGATCACAGCGAACA-1,5
WT80_2_CTAGACATCTGGGTCG-1,5
WT80_2_AGGGTTTCATCATTTC-1,5
WT80_2_CCTCTAGTCATGGCCG-1,1
WT80_2_CGTCCATGTTGCTCAA-1,4
WT80_2_TGGTAGTTCAAACCCA-1,0
WT80_2_TCATGGAGTGAGGCAT-1,4
WT80_2_TTACGCCAGGGACCAT-1,0
WT80_2_CGGGTCACAGAGTCAG-1,3
WT80_2_AGCGTATGTGCTAGCC-1,5
WT80_2_TGACTCCCAGTGTGGA-1,1
WT80_2_GGGTCACAGAATAACC-1,0
WT80_2_AAGCATCAGGAATCGC-1,1
WT80_2_CGTCCATTCTAGCAAC-1,4
WT80_2_ACTTCGCTCGAGATGG-1,1
WT80_2_GGTCTGGCAGCATACT-1,5
WT80_2_CAGGGCTAGCAGGTCA-1,4
WT80_2_ACGTAACGTGACACAG-1,5
WT80_2_CGATGGCGTCAACCAT-1,5
WT80_2_TCGCTTGCAGAGTGAC-1,3
WT80_2_CAGATACCAACCACGC-1,5
WT80_2_TCCGTGTTCTGCGTCT-1,1
WT80_2_CGGCAGTAGAGTGTGC-1,5
WT80_2_CATACTTAGCAAGTGC-1,3
WT80_2_TGATTTCGTAACATGA-1,2
WT80_2_ACCAAACGTACAAGTA-1,4
WT80_2_GTACAACCAATCCAGT-1,5
WT80_2_CCTCTAGCAAAGTGTA-1,1
WT80_2_GGTTGTAGTCGCCACA-1,5
WT80_2_GTGATGTAGACGGTTG-1,3
WT80_2_TTTCACAAGGCCTAGA-1,5
WT80_2_AGATGCTCAAGGCGTA-1,5
WT80_2_GGGTGTCCATGGAATA-1,0
WT80_2_GTCAAACTCGTGACTA-1,1
WT80_2_TCTATCACACTACTTT-1,4
WT80_2_GAAGTAACAGCTCGGT-1,1
WT80_2_GATCCCTAGGCGTTAG-1,0
WT80_2_TTTGACTCATGAGATA-1,4
WT80_2_ACTATTCAGCGAGAAA-1,5
WT80_2_TGAATCGAGGCGAAGG-1,5
WT80_2_GATAGCTCAGACCCGT-1,1
WT80_2_CATACTTGTCCAGAAG-1,5
WT80_2_TTCAGGAGTAGATGTA-1,5
WT80_2_ACGGGTCGTCTCACGG-1,5
WT80_2_AAATGGACACGCGTGT-1,1
WT80_2_TTTGATCCAAGAGTTA-1,1
WT80_2_TGGGCGTGTGAGCCAA-1,5
WT80_2_CAATTTCAGGGAGGCA-1,1
WT80_2_CATTGCCCACAAGTTC-1,1
WT80_2_TCGACCTTCGTCGGGT-1,3
WT80_2_AGGAAATTCCGCCTAT-1,0
WT80_2_AGTAGTCAGGTCACTT-1,0
WT80_2_GTTCTATGTCGACTTA-1,5
WT80_2_CTCAGAAGTTTCTTAC-1,4
WT80_2_GTAATCGTCCTTTAGT-1,5
WT80_2_CCGAACGGTACAAAGT-1,5
WT80_2_AACGTCAGTGATAGAT-1,5
WT80_2_AAAGGATTCGTTAGTG-1,5
WT80_2_ACGATCATCTTGGTGA-1,5
WT80_2_TTTCAGTAGGTCGCCT-1,3
WT80_2_TTAGGCATCCTAGCTC-1,1
WT80_2_TTGGGATAGTGATGGC-1,5
WT80_2_CGTGAATAGCAAACAT-1,4
WT80_2_ACTTATCTCTAGTCAG-1,5
WT80_2_TCATTCACAGAGGACT-1,4
WT80_2_TCCTCCCAGAAGGGAT-1,1
WT80_2_CTATAGGAGGTGCGAT-1,1
WT80_2_ATTGTTCCACACGCCA-1,0
WT80_2_TATCAGGTCCTCAGGG-1,1
WT80_2_TCATACTCAGCATCTA-1,5
WT80_2_AAGATAGCAAAGGCAC-1,5
WT80_2_GTGCTTCAGCTTAAGA-1,5
WT80_2_TTCCGTGGTCGATTCA-1,4
WT80_2_GGAATCTAGACTCTAC-1,1
WT80_2_AACCCAAGTCGCTGCA-1,5
WT80_2_ACGGGTCGTCGAGTTT-1,5
WT80_2_GTGTTAGAGAGAGCGG-1,1
WT80_2_AAGTTCGTCCTGCTAC-1,5
WT80_2_TGATGGTCAAGAGTTA-1,5
WT80_2_GTTGCGGGTAGGCAGT-1,3
WT80_2_CTGAATGAGAGTCAGC-1,1
WT80_2_CTAGACAGTAGGAGTC-1,5
WT80_2_CAGTTCCGTAGCGTCC-1,5
WT80_2_CATCCACGTGGGAGAG-1,1
WT80_2_AAGTTCGCAAAGAGTT-1,3
WT80_2_CCGAACGTCCTAGAGT-1,5
WT80_2_AATGGAACACAACATC-1,5
WT80_2_AGGAAATAGTTGGAAT-1,1
WT80_2_GGGTTATAGACCAGCA-1,5
WT80_2_CTAACCCTCCGTGACG-1,0
WT80_2_ACGATCAGTGCTGATT-1,1
WT80_2_ATGATCGGTTCCAGGC-1,5
WT80_2_TTCTAACGTAAGTTGA-1,0
WT80_2_TTGAGTGGTCGCTTGG-1,1
WT80_2_CATCCGTCAGCTGAGA-1,4
WT80_2_ATGGTTGGTAGCGTCC-1,3
WT80_2_ACTTATCTCGCTGTCT-1,1
WT80_2_AATCGACGTGGTCTTA-1,5
WT80_2_TGGATCAAGAGCACTG-1,0
WT80_2_ACTATGGAGCTGAAGC-1,1
WT80_2_CTTCAATCACACCTAA-1,4
WT80_2_CCTCAACTCTCGCGTT-1,3
WT80_2_CATGCTCAGTAACCGG-1,5
WT80_2_TCTCACGTCAGCGGAA-1,5
WT80_2_GGGAGATGTACGGATG-1,5
WT80_2_TTACAGGAGGTGGTTG-1,5
WT80_2_GGGTGTCCATATGGCT-1,3
WT80_2_GTGGAGAGTTGCTCCT-1,1
WT80_2_GGAGCAAAGCTACTAC-1,1
WT80_2_TATTGCTCATAGAAAC-1,3
WT80_2_TGCTCCAAGCGATTCT-1,5
WT80_2_GTAATGCCAGGCTTGC-1,5
WT80_2_CTTCCGACAAATACGA-1,4
WT80_2_TGCATGATCACCGGGT-1,3
WT80_2_GTAACACTCCTTTGAT-1,3
WT80_2_TATTGGGAGTTTAGGA-1,0
WT80_2_GGGACCTAGTAACGTA-1,5
WT80_2_TTCTAACAGCGCCCAT-1,1
WT80_2_CCTCTCCTCAACTCTT-1,0
WT80_2_CTCCTCCAGGTGCCTC-1,1
WT80_2_GACCTTCTCGCATTAG-1,5
WT80_2_CATCCCAAGCCTCAGC-1,1
WT80_2_CTGAGGCAGAGCAGAA-1,3
WT80_2_GTTTGGAAGCTTGTTG-1,5
WT80_2_ACAACCACACAAATAG-1,1
WT80_2_CTAGGTAGTCCTGTTC-1,1
WT80_2_CAACCAACAGAACATA-1,0
WT80_2_ACATGCATCTAGCATG-1,1
WT80_2_GTGCTTCAGTGCCAGA-1,3
WT80_2_TGATCTTCAGCACAAG-1,4
WT80_2_CTCTCGAAGCATTTGC-1,0
WT80_2_ACGGTCGTCGGTATGT-1,3
WT80_2_TCGGTCTCAAACTCGT-1,5
WT80_2_CCCTGATAGCGAGAAA-1,3
WT80_2_GGTGATTTCTTAGCTT-1,5
WT80_2_TGGCGTGTCGATCCCT-1,5
WT80_2_CAGTTAGAGACGACTG-1,0
WT80_2_GGGTTTATCGTCACCT-1,1
WT80_2_GCGATCGAGAAGGCTC-1,1
WT80_2_TGGCGTGAGCTGACTT-1,4
WT80_2_TCACTATAGTTCGGTT-1,5
WT80_2_GTCAAACCATCTTCGC-1,5
WT80_2_CAGCCAGGTATTCCTT-1,5
WT80_2_GAAATGACATAGTCGT-1,5
WT80_2_TTCCGGTAGGTGGTTG-1,5
WT80_2_TCATTGTCATGACACT-1,3
WT80_2_CAGATTGAGGGTTAGC-1,5
WT80_2_TCCTAATTCTACTGCC-1,1
WT80_2_CTCAACCCATGACTCA-1,1
WT80_2_GTCACGGGTCGAGCTC-1,5
WT80_2_AGGATAACAGCCCAGT-1,3
WT80_2_CTCATCGTCCACTGGG-1,3
WT80_2_GTGCGTGCAAGTCCAT-1,1
WT80_2_GTTACGAGTAGTACGG-1,5
WT80_2_CTGCATCTCATGAGGG-1,3
WT80_2_AGGAAATTCTATACGG-1,3
WT80_2_CAGTTCCCACTCCACT-1,5
WT80_2_GAATAGACAGACAAGC-1,1
WT80_2_GGGTGAACAGCTCGGT-1,5
WT80_2_ATAGGCTGTGAATAAC-1,5
WT80_2_AGATGCTAGGCGATAC-1,5
WT80_2_GATGGAGCATCGAACT-1,5
WT80_2_TGCGGCATCTCTCGCA-1,5
WT80_2_GACCAATGTACTGCGC-1,5
WT80_2_GGGCTACGTGATACAA-1,4
WT80_2_AACCCAACATTCACCC-1,0
WT80_2_GGTTGTAAGTCGCTAT-1,5
WT80_2_CATACAGGTGTCCCTT-1,3
WT80_2_GCCAACGAGCGTACAG-1,1
WT80_2_TGGTACAAGCCTAGGA-1,5
WT80_2_TCCACGTAGTAGCCAG-1,3
WT80_2_TGCTCGTCATTCAGCA-1,4
WT80_2_TCCGGGAAGCCTGGAA-1,4
WT80_2_TTGGGATTCATTGTTC-1,5
WT80_2_ATTATCCAGGCGTTGA-1,5
WT80_2_TCTTAGTGTCCATAGT-1,5
WT80_2_GACAGCCAGTGCGTCC-1,5
WT80_2_TTGGGCGAGTCTAACC-1,1
WT80_2_GATGTTGGTTCGGACC-1,2
WT80_2_GGGTATTGTTGCCATA-1,0
WT80_2_CCTCACATCTCTGAGA-1,3
WT80_2_CTGCCTACACTATCGA-1,5
WT80_2_AGTGACTCAAGAGAGA-1,5
WT80_2_TTACAGGCACTCAGAT-1,5
WT80_2_TGAATGCAGATACAGT-1,1
WT80_2_TTCTGTACATAAGATG-1,5
WT80_2_GGGATCCTCTGATTCT-1,1
WT80_2_CATGCTCAGCTTTCTT-1,0
WT80_2_GCAACCGTCGTCCTTG-1,4
WT80_2_CATGGATGTAATCAGA-1,3
WT80_2_ATAGACCTCGCCGATG-1,5
WT80_2_AGAAGCGTCTGGCCAG-1,3
WT80_2_AGTAGTCAGATGTTCC-1,4
WT80_2_TCGACGGCAGCCCACA-1,0
WT80_2_GCACTAATCGTTAGAC-1,5
WT80_2_AGTCACAAGCCAAGTG-1,0
WT80_2_GTGGTTAGTGGATGAC-1,5
WT80_2_GTCCCATCAGCGTGCT-1,5
WT80_2_TCCACCAAGATTAGCA-1,3
WT80_2_CTTCGGTGTCGAACAG-1,0
WT80_2_CCTCTAGTCTCGTGAA-1,5
WT80_2_TTACGCCTCCAGTGTA-1,1
WT80_2_CTACCCAAGAACGTGC-1,0
WT80_2_GTGGAGAAGGGAGGAC-1,5
WT80_2_GGGTTTAGTACTCGCG-1,0
WT80_2_GAAGCGAAGATGAATC-1,5
WT80_2_CGCGTGAGTGTTAACC-1,4
WT80_2_TCACACCGTCCTTGTC-1,5
WT80_2_GATCATGCAAGATCCT-1,5
WT80_2_TCGCTCAAGCATGTTC-1,4
WT80_2_AATTCCTAGATGGCGT-1,1
WT80_2_TTGACCCTCGGCTGAC-1,1
WT80_2_AGTGTTGCACTACACA-1,3
WT80_2_GAAGCGACAATAGGAT-1,1
WT80_2_CCTAACCTCGATAACC-1,1
WT80_2_CTCAGGGTCGATTGAC-1,5
WT80_2_GTGCAGCTCCTTCTTC-1,3
WT80_2_GTACAACGTATGTGTC-1,1
WT80_2_TTCTTCCAGCCTTGAT-1,0
WT80_2_TACCTCGAGGACACTG-1,0
WT80_2_TACCTCGAGTAATACG-1,1
WT80_2_GCTTTCGAGGTCTTTG-1,2
WT80_2_AACAACCGTGACTGTT-1,3
WT80_2_GGTGTTACATTGTCGA-1,5
WT80_2_AATTTCCCACCCTGAG-1,4
WT80_2_GATCAGTGTCCAGGTC-1,5
WT80_2_AAGGAATAGACATAAC-1,1
WT80_2_ATTCCTAGTCTTAGTG-1,2
WT80_2_AGCCACGTCAGTGTCA-1,4
WT80_2_GGGATCCGTTGTTGTG-1,0
WT80_2_AGGATCTTCAGCTAGT-1,3
WT80_2_GGGTGTCCACGAAAGC-1,3
WT80_2_ACAACCAAGGGTCACA-1,5
WT80_2_GGTCACGGTCGTCATA-1,5
WT80_2_TCGCTTGGTTGCTGAT-1,1
WT80_2_CTCAATTTCAGTGGGA-1,5
WT80_2_CCGAACGAGTTGAATG-1,4
WT80_2_AGGACTTGTTGTTGCA-1,5
WT80_2_ACTACGAAGTAAACGT-1,5
WT80_2_CTGCCATGTGATGGCA-1,4
WT80_2_GGGTATTCATGAGATA-1,4
WT80_2_ATTCAGGAGCAGCCTC-1,5
WT80_2_ACCTACCTCCTCACGT-1,3
WT80_2_ACGGGTCAGCCATTTG-1,4
WT80_2_AGACAAAAGTAGAATC-1,5
WT80_2_TAAGCACCATGTGCCG-1,1
WT80_2_TCACGGGCACAGCATT-1,1
WT80_2_GCCTGTTGTCGATTAC-1,1
WT80_2_CTCATTACAACGGCCT-1,1
WT80_2_TGACTCCGTCGAAGCA-1,1
WT80_2_ATCGGATAGGCCTTGC-1,1
WT80_2_ACAGAAACATCAGCTA-1,5
WT80_2_CGTAATGTCAAGAATG-1,1
WT80_2_GAGGCCTAGGCTCTAT-1,3
WT80_2_CGTAATGTCATTCGGA-1,0
WT80_2_TGGGAAGAGGCACCAA-1,1
WT80_2_TTCAGGAAGGAAAGTG-1,5
WT80_2_CCGTGAGGTTGGGTTT-1,5
WT80_2_GCTTCACGTTTGGAAA-1,5
WT80_2_TGTAAGCTCCGTGTGG-1,1
WT80_2_CAGCAATAGATGTTCC-1,1
WT80_2_ATCCATTCAAATGAGT-1,5
WT80_2_AACGTCAGTCCACGCA-1,0
WT80_2_GTTGCGGGTTCGGCGT-1,3
WT80_2_TGAGTCATCGTAGGAG-1,3
WT80_2_TACCTGCAGCGGACAT-1,3
WT80_2_TCGCTTGGTTGCCGAC-1,2
WT80_2_AACCTGAGTCAACGCC-1,5
WT80_2_TTTCACATCGGCATCG-1,5
WT80_2_TCTTTGATCTAGTCAG-1,4
WT80_2_GGGACCTTCTAGAGCT-1,5
WT80_2_ATGGTTGCAACACAGG-1,1
WT80_2_ACGATGTAGTGGTTAA-1,5
WT80_2_TAGGGTTAGGATGGCT-1,5
WT80_2_TTCCTCTGTACCGGCT-1,4
WT80_2_GAGATGGCATATTCGG-1,1
WT80_2_GTGACGCAGTATAGGT-1,1
WT80_2_GCAACATTCTGCTAGA-1,1
WT80_2_GCAGTTAGTGCGAGTA-1,3
WT80_2_TTGCATTGTCGCTCGA-1,1
WT80_2_TGTTACTCAACCAACT-1,5
WT80_2_GTTCCGTCACATATCG-1,3
WT80_2_TTGTGTTGTTACCCTC-1,5
WT80_2_GGTCTGGGTCCTTGTC-1,5
WT80_2_ACAGAAAGTGGACCAA-1,4
WT80_2_TTTGATCGTCGGTGTC-1,0
WT80_2_CTATAGGGTGGAATGC-1,3
WT80_2_TGAGCATAGGGTTTCT-1,1
WT80_2_TTCTAGTGTATGGTAA-1,3
WT80_2_ACAGCCGCAGGAGGAG-1,0
WT80_2_ACACAGTTCTGCGAGC-1,4
WT80_2_CATTGAGTCGGTATGT-1,4
WT80_2_TCATGCCTCCTAAACG-1,1
WT80_2_TCGCACTTCAAGCCCG-1,2
WT80_2_GAACGTTAGGGTAGCT-1,4
WT80_2_GTTGCGGAGTAACGAT-1,5
WT80_2_CATTGTTAGAGTTGTA-1,4
WT80_2_CTTTCGGCAACGATTC-1,3
WT80_2_TGATTTCAGTTGTCGT-1,3
WT80_2_CAACGGCAGAGTATAC-1,4
WT80_2_GTGGTTATCGCTTGAA-1,1
WT80_2_TTTATGCAGAAGTATC-1,5
WT80_2_AGAGAGCGTTGTGTTG-1,1
WT80_2_TACGCTCAGCGAATGC-1,1
WT80_2_GTGTAACCATGTCTAG-1,4
WT80_2_TTCAATCGTTTCACTT-1,5
WT80_2_GCACGTGGTCAAACGG-1,3
WT80_2_AGTAGTCGTTGGGTTT-1,3
WT80_2_TCATCATCAGATCCAT-1,5
WT80_2_GAGTTGTTCAAGTAAG-1,1
WT80_2_GACTCAAGTCCACAGC-1,5
WT80_2_AGGTTACTCTATCGGA-1,1
WT80_2_ACAGAAAGTCGCTTAA-1,5
WT80_2_AGCGTCGCATACAGCT-1,4
WT85_1_ATATCCTCATACCACA-1,1
WT85_1_GTGCTTCGTATGCTAC-1,5
WT85_1_CGTAATGCAAATGGAT-1,1
WT85_1_TACACCCGTCATCACA-1,4
WT85_1_AGAAGTAGTAGCGATG-1,4
WT85_1_CAACCAACAACCGATT-1,3
WT85_1_GGGTCTGAGTTCATGC-1,4
WT85_1_ATAGAGAGTGCATTAC-1,3
WT85_1_TGTTTGTTCTGCGGCA-1,4
WT85_1_GTCCTCAGTGTATTCG-1,0
WT85_1_GAATAGAAGTTAACGA-1,4
WT85_1_TCACTATCAATACCTG-1,0
WT85_1_CGATGCGTCCAAGCAT-1,3
WT85_1_CACTTCGAGCTGGAGT-1,5
WT85_1_CACTGTCTCTCTTCAA-1,1
WT85_1_CATCAAGCAACCGGAA-1,0
WT85_1_TTTGTTGAGTCGTTAC-1,1
WT85_1_ACACGCGGTTATCTGG-1,0
WT85_1_GCCAACGAGTTGAAGT-1,0
WT85_1_CAGCGTGAGCATATGA-1,3
WT85_1_AGGTGTTTCTGACAGT-1,1
WT85_1_TGGTTAGCATCGCTGG-1,1
WT85_1_ATTTACCAGTCGGGAT-1,0
WT85_1_CTAGGTATCATTCACT-1,0
WT85_1_TTTGGAGTCGGCATTA-1,1
WT85_1_CTCGAGGAGTTTGAGA-1,1
WT85_1_GGGAGTAAGCGGATCA-1,1
WT85_1_GCGAGAATCCTGCTAC-1,4
WT85_1_TCCTGCACACGTCATA-1,1
WT85_1_TCGACCTAGATGCTAA-1,0
WT85_1_GTGGAGATCGCAGAGA-1,0
WT85_1_ACAGGGACACAATGTC-1,0
WT85_1_GAACACTCACAACGTT-1,1
WT85_1_CAAGACTCAATGAAAC-1,4
WT85_1_ATGCCTCCAGGGTCTC-1,2
WT85_1_TGGTACAAGTCCGCGT-1,1
WT85_1_TGCGACGTCCGGCAGT-1,1
WT85_1_CCACGAGTCGTGTTCC-1,0
WT85_1_GTGCAGCCACCGAATT-1,1
WT85_1_ACTCTCGCAGCTCTGG-1,4
WT85_1_GCACATATCATCTATC-1,0
WT85_1_CCTCTCCGTCACTACA-1,4
WT85_1_ATGCATGTCATTGGTG-1,1
WT85_1_GCATGATTCCCGTGTT-1,1
WT85_1_AGACACTGTGCTATTG-1,0
WT85_1_AGCTACAAGCTTTCCC-1,4
WT85_1_CTCTGGTGTGTTTACG-1,3
WT85_1_CATGCCTTCATTGTTC-1,3
WT85_1_ATCGTAGCAGCCCACA-1,0
WT85_1_CAATACGTCTCATTTG-1,0
WT85_1_TAGGGTTAGGTTACAA-1,5
WT85_1_GATCGTATCAATCTCT-1,3
WT85_1_AGGGTTTTCGTGTGAT-1,1
WT85_1_GTAACCAAGAACTCCT-1,0
WT85_1_AACGGGACAGATACTC-1,0
WT85_1_TCATTGTCAACTGGTT-1,0
WT85_1_AACCAACCAACACAGG-1,3
WT85_1_CAGTTAGAGATGACAT-1,2
WT85_1_TGACCCTCACATGTTG-1,1
WT85_1_CATGCGGAGAGAGGGC-1,0
WT85_1_CAATGACTCAGCTGAT-1,0
WT85_1_TGTCCCATCTGTTCAT-1,1
WT85_1_CGGAGAAAGGAGCTGT-1,0
WT85_1_GAGCTGCAGGGACACT-1,1
WT85_1_GTTAGTGTCGGCTGAC-1,0
WT85_1_CTAGGTACAAAGACTA-1,4
WT85_1_GTGTCCTCACATATGC-1,0
WT85_1_TTCCAATAGTATGAAC-1,0
WT85_1_CTACCCACAACCAATC-1,0
WT85_1_CCGATGGGTGCGGATA-1,4
WT85_1_TCACAAGCAAGCGAAC-1,1
WT85_1_GACCCAGTCCATGCAA-1,0
WT85_1_ACTCTCGAGGATGAGA-1,1
WT85_1_CTAGGTATCGCATGAT-1,4
WT85_1_CACTAAGTCTTTCTAG-1,1
WT85_1_TGAATGCTCAGTCATG-1,5
WT85_1_AGTCATGTCTCTTCAA-1,3
WT85_1_TTGTGTTCACCTTCCA-1,0
WT85_1_TATCGCCCATAGACTC-1,1
WT85_1_TGTACAGTCATCGCTC-1,5
WT85_1_GCCAGTGAGGTTGCCC-1,1
WT85_1_AAAGGGCTCCTGTTAT-1,1
WT85_1_GGCTTGGAGCCTCTTC-1,1
WT85_1_TCATGAGGTGCCGAAA-1,0
WT85_1_TAACACGCACAACATC-1,1
WT85_1_AGACACTAGGATACGC-1,0
WT85_1_AGTAGTCTCCGATAGT-1,4
WT85_1_AGGAAATGTTCTTCAT-1,4
WT85_1_TAATTCCGTTGGAGAC-1,0
WT85_1_ATCCACCTCTACCACC-1,0
WT85_1_ACGGTTACATGGCCCA-1,1
WT85_1_AATCGTGTCCGCCTAT-1,1
WT85_1_ATCCACCCAAGGTACG-1,4
WT85_1_CGACAGCCACGACGTC-1,0
WT85_1_AGACCATCAGCACACC-1,4
WT85_1_ATGTCTTGTCCGGTGT-1,0
WT85_1_ATGGGAGAGATGTTAG-1,0
WT85_1_ATCCATTTCCGTGGTG-1,4
WT85_1_GCATGATGTTGGAGGT-1,0
WT85_1_AGAGAATCATCCTGTC-1,3
WT85_1_GATCGTAAGGGCAGAG-1,1
WT85_1_TACCCACAGAGGGTCT-1,0
WT85_1_TAGACCACAGTGTGCC-1,3
WT85_1_AAGGAATGTTAAGGAT-1,5
WT85_1_GAAGCGAAGAATAGTC-1,4
WT85_1_AGACTCAGTACGTGAG-1,1
WT85_1_GATCATGAGCCGCACT-1,3
WT85_1_ACCGTTCGTGGCTACC-1,4
WT85_1_TCGGGTGGTCATGACT-1,1
WT85_1_GGAGCAACAACTCCAA-1,0
WT85_1_GTCCCATGTGACATCT-1,0
WT85_1_TCTGTCGTCCAACTAG-1,0
WT85_1_CCTCTAGGTATGCGGA-1,1
WT85_1_AAGATAGGTAATTAGG-1,0
WT85_1_AGCCAATAGCAATAAC-1,1
WT85_1_GTCAGCGGTTAGAAGT-1,0
WT85_1_GGGCCATCAGCACAAG-1,0
WT85_1_TCATGAGTCAAAGAAC-1,1
WT85_1_TAGCACATCGGCATAT-1,0
WT85_1_CTCTCGACAGGAACCA-1,0
WT85_1_CTCCAACAGAGAGGTA-1,1
WT85_1_TTGCCTGTCATGAAAG-1,3
WT85_1_AACCTTTCACGCCACA-1,0
WT85_1_TCGGATATCGCAATGT-1,1
WT85_1_CTGGCAGCAATGAACA-1,0
WT85_1_AGACTCAAGCACACAG-1,0
WT85_1_TCAGTGAAGATGCTTC-1,1
WT85_1_CGAGAAGAGCCTTGAT-1,3
WT85_1_TGACCCTTCTGTGCAA-1,1
WT85_1_TTCCTTCGTAACATAG-1,0
WT85_1_ATTATCCAGGTATTGA-1,0
WT85_1_TTCGATTAGATACGAT-1,0
WT85_1_ATATCCTGTTTCGTTT-1,4
WT85_1_ACGTTCCAGAGCCCAA-1,0
WT85_1_CAGCAATCAGGGATAC-1,1
WT85_1_AAGTCGTGTTTGAACC-1,1
WT85_1_TCGGTCTGTGGATACG-1,4
WT85_1_AGACTCACACACACGC-1,1
WT85_1_TCATGTTCATCCGGCA-1,0
WT85_1_CAACCAATCACCTGGG-1,0
WT85_1_TGATGGTTCTCTCTAA-1,0
WT85_1_ATTCGTTCACCTGAAT-1,0
WT85_1_TGCTCGTAGTTACGAA-1,1
WT85_1_TGGGTTAGTGGAAGTC-1,3
WT85_1_CCCGGAAAGCTCCGAC-1,1
WT85_1_TCATGCCAGAACCGCA-1,0
WT85_1_GCAACATCAACTTGGT-1,3
WT85_1_TAGAGTCAGATGCTTC-1,4
WT85_1_ATATCCTGTGCCAAGA-1,0
WT85_1_TCAGTTTGTTGCAACT-1,0
WT85_1_CTACCCATCTTCCCAG-1,1
WT85_1_CTCAGTCCACATCCCT-1,4
WT85_1_AATCGTGGTTCGGCCA-1,0
WT85_1_AACGAAATCCGACGGT-1,3
WT85_1_TTACGCCCAGCTGCCA-1,4
WT85_1_GGGCCATTCCCGTTGT-1,0
WT85_1_TGTACAGGTTGAATCC-1,1
WT85_1_CATACAGTCATTGCTT-1,3
WT85_1_TTTCATGCATCCTTGC-1,0
WT85_1_GTAGAGGCAGTTGTCA-1,1
WT85_1_TATATCCAGAGCTGAC-1,3
WT85_1_GACTTCCAGTCGAGGT-1,0
WT85_1_CGATGCGCAGCCATTA-1,1
WT85_1_ACCTGTCGTGAGCCAA-1,3
WT85_1_CAGCCAGAGCGGACAT-1,1
WT85_1_GATCCCTTCGGATAAA-1,0
WT85_1_TAGGGTTGTGACTATC-1,0
WT85_1_CCTCCAATCACTACTT-1,0
WT85_1_GGGACAATCTCATTTG-1,1
WT85_1_TGACCCTAGGGAGGGT-1,1
WT85_1_ATCGGATTCGTGCAGC-1,0
WT85_1_AGGCTGCCAGCAAGAC-1,4
WT85_1_CATGCAAGTTCGGTAT-1,1
WT85_1_CCTCTAGAGCACACCC-1,1
WT85_1_AGCCAATGTGCAAGAC-1,1
WT85_1_GTGTAACCAGAAGTTA-1,1
WT85_1_GACTGATAGCCACAAG-1,3
WT85_1_CTCAGAATCAGCGGAA-1,0
WT85_1_AACCAACTCATGAGTC-1,4
WT85_1_TCTCACGGTGGTACAG-1,1
WT85_1_TTTGATCAGTTTCGAC-1,2
WT85_1_GAGACCCTCATGACAC-1,4
WT85_1_AACCAACAGACTTCCA-1,1
WT85_1_CTACTATGTTAACCTG-1,0
WT85_1_GACTCAAAGGAGGTTC-1,1
WT85_1_TATCCTAGTCTTGCTC-1,1
WT85_1_CACAACAAGAAGCTGC-1,1
WT85_1_GAGTCTAAGACATCAA-1,0
WT85_1_GGGACAAAGCTATCCA-1,0
WT85_1_GAACTGTGTCCAGCGT-1,3
WT85_1_TCATTCAGTGGAGGTT-1,3
WT85_1_GACCAATCAATTAGGA-1,4
WT85_1_GTAAGTCGTCGCGGTT-1,1
WT85_1_CTGATCCTCCCTCTTT-1,0
WT85_1_ATCCCTGGTATCGAGG-1,0
WT85_1_AAGTACCTCTGCTGAA-1,1
WT85_1_TTCACCGTCGAACGGA-1,3
WT85_1_CACGAATGTGTCACAT-1,1
WT85_1_CTGTGAAGTTCAAACC-1,1
WT85_1_GTGGCGTCAAGGTCAG-1,1
WT85_1_TTTCAGTGTCAATCTG-1,0
WT85_1_CCGATGGCACAGCCTG-1,3
WT85_1_CAAGAGGGTGCCGTTG-1,0
WT85_1_TATCAGGGTGCAGATG-1,3
WT85_1_GCAGGCTGTTGAGTCT-1,1
WT85_1_CTCCTCCTCATGCCCT-1,0
WT85_1_CATTCCGTCACTGGTA-1,0
WT85_1_CGAAGGAGTCCAATCA-1,1
WT85_1_AGACCATAGGACAAGA-1,4
WT85_1_AGTAACCCATTGAAAG-1,0
WT85_1_TGAGACTGTCGGTAAG-1,0
WT85_1_GTTACGACAGAGTTGG-1,4
WT85_1_GGGACTCAGCCTTGAT-1,0
WT85_1_TGTAACGAGCACGATG-1,1
WT85_1_ATTATCCTCGACCAAT-1,0
WT85_1_ATGCATGGTGTCCTAA-1,3
WT85_1_AATTTCCAGTTCATGC-1,4
WT85_1_TATTGGGTCCTTCGAC-1,4
WT85_1_GGCGTCATCGTTATCT-1,3
WT85_1_GTGTTCCGTTACCCAA-1,3
WT85_1_GATGTTGAGTTCAACC-1,4
WT85_1_GCTTTCGTCAACTGGT-1,3
WT85_1_GACAGCCAGAGTACCG-1,1
WT85_1_ACGGGTCTCTGGCTGG-1,5
WT85_1_TCTACATCAAACCACT-1,0
WT85_1_CCTATCGGTGATTGGG-1,2
WT85_1_GTGGCGTTCGAACCAT-1,0
WT85_1_CTTCAATGTAGCACAG-1,0
WT85_1_CGAAGTTCATTGTACG-1,0
WT85_1_TGGATGTTCGACCAAT-1,0
WT85_1_GAGTTTGCATCCCGTT-1,0
WT85_1_CAGATCACATGCCGGT-1,0
WT85_1_TCGCTTGGTCATCGGC-1,0
WT85_1_TAGAGTCAGGTCGAGT-1,3
WT85_1_GGCTGTGCAGACAAGC-1,3
WT85_1_AGGTTACAGAAACTCA-1,0
WT85_1_GGATGTTTCATAAGGA-1,0
WT85_1_TAACCAGTCGACCAAT-1,5
WT85_1_GGGCGTTCAGGTCCCA-1,4
WT85_1_TCTACATCAGCGTTGC-1,3
WT85_1_AATAGAGAGACGACGT-1,0
WT85_1_CCTCCAATCCAAACCA-1,0
WT85_1_GTGAGTTAGATCCTAC-1,0
WT85_1_GTTCTATAGTGGTCAG-1,0
WT85_1_GATGACTTCCTAGCTC-1,4
WT85_1_TGCAGTATCCGATTAG-1,0
WT85_1_TTAGGGTCACGCAGTC-1,1
WT85_1_CGAAGTTGTTTCACTT-1,4
WT85_1_GTGATGTGTTATTCCT-1,4
WT85_1_ACCGTTCTCATTTCGT-1,3
WT85_1_GCCCAGATCAGCGGAA-1,4
WT85_1_GTCATCCCATTGTAGC-1,0
WT85_1_TGACTCCGTACGATCT-1,3
WT85_1_TTTGGTTCAGACAAAT-1,0
WT85_1_TACGGGCCAACCAATC-1,4
WT85_1_CATTCCGAGCCGTTGC-1,3
WT85_1_GTACAGTAGGAACATT-1,0
WT85_1_GGAGAACTCAAAGCCT-1,4
WT85_1_TATCTTGGTCGCAACC-1,3
WT85_1_GAACACTTCCATTTAC-1,0
WT85_1_ACCACAAGTTGCCAAT-1,1
WT85_1_TCGAACATCTCCGTGT-1,0
WT85_1_GAGTCATAGGTGAGAA-1,3
WT85_1_AGCTTCCGTATCACCA-1,0
WT85_1_GTTACGAGTAGGTTTC-1,4
WT85_1_GTCAAACTCGTGAGAG-1,5
WT85_1_ATCGTCCCAATCCTTT-1,0
WT85_1_TACTGCCCACTGGATT-1,0
WT85_1_TGAATGCTCGCAGTCG-1,4
WT85_1_GTCACTCGTACAAACA-1,3
WT85_1_GGGACTCCATGGACAG-1,0
WT85_1_TATCTTGAGTTAGAAC-1,0
WT85_1_CGGAACCTCATGGTAC-1,0
WT85_1_CTGTACCAGCTCAGAG-1,1
WT85_1_CTGTCGTAGGTATCTC-1,0
WT85_1_GATGACTTCATTCTTG-1,0
WT85_1_CCTGTTGAGCGTATAA-1,1
WT85_1_TATATCCGTTCCCACT-1,1
WT85_1_CTCCTTTTCCGTTGGG-1,3
WT85_1_TCTCTGGTCTAATTCC-1,0
WT85_1_GCATCGGAGGCCACCT-1,3
WT85_1_ATCGTGAGTGTACGCC-1,3
WT85_1_CTTAGGAAGAGTGTGC-1,3
WT85_1_TCAAGCACACCGTGCA-1,3
WT85_1_GAACTGTGTCGGTAAG-1,0
WT85_1_TTACAGGAGTGTACCT-1,1
WT85_1_TGCATGAAGTGGCCTC-1,4
WT85_1_CCATAAGGTGGACCAA-1,0
WT85_1_CTGTCGTAGCCATGCC-1,1
WT85_1_CGCATAACATGAGTAA-1,3
WT85_1_CCACCATAGGTTGTTC-1,1
WT85_1_CAGTGCGTCTCTGCCA-1,0
WT85_1_CCCAACTTCAGGAACG-1,1
WT85_1_CAGATCACACATGTTG-1,3
WT85_1_GGTTCTCGTAGTTCCA-1,1
WT85_1_CCTCATGGTCCCACGA-1,4
WT85_1_ATTCTTGAGCATATGA-1,0
WT85_1_CATACAGAGAAGCGGG-1,0
WT85_1_GTTTACTAGTATAGAC-1,4
WT85_1_GTGCAGCCACGGTAGA-1,0
WT85_1_CGTGCTTTCTGTCTCG-1,0
WT85_1_ACCTGAACAAAGGCAC-1,3
WT85_1_TATCTGTAGACTCATC-1,0
WT85_1_ATGAGTCCAACGATCT-1,1
WT85_1_ACGTAGTCAGTCGTTA-1,0
WT85_1_CGGGCATGTTTACCTT-1,0
WT85_1_AGTCATGAGTAGAATC-1,0
WT85_1_AGGCTGCGTTCAGCTA-1,0
WT85_1_ATTGGGTGTCTTTCTA-1,1
WT85_1_CACTGTCAGTTAGTGA-1,0
WT85_1_TGTCCCAGTTTACGTG-1,3
WT85_1_GGGTAGAAGCTTTCCC-1,3
WT85_1_AGGCTGCTCTGTGCAA-1,0
WT85_1_ACCCTTGAGAGCAACC-1,4
WT85_1_CTGAGCGAGCACGGAT-1,4
WT85_1_GAGGGTAGTCTAATCG-1,0
WT85_1_TATTTCGCACGTATAC-1,0
WT85_1_CCTAAGATCTATCGTT-1,4
WT85_1_AGGGCTCGTGACAGGT-1,1
WT85_1_GTGCTGGCAGGCATGA-1,1
WT85_1_TACTTCAAGATTGACA-1,0
WT85_1_AGCCAGCAGTTGGACG-1,3
WT85_1_GTAATGCGTATCGTTG-1,3
WT85_1_GCATCTCTCACTCGAA-1,3
WT85_1_CGAGTTAAGTAAGACT-1,0
WT85_1_TCATTACCACGAAAGC-1,4
WT85_1_TGGGATTGTAGCGAGT-1,4
WT85_1_TCATTACAGGTTGACG-1,3
WT85_1_TTGTTGTCAGGAAGTC-1,3
WT85_1_TCGCACTGTAAGGCTG-1,4
WT85_1_CACACAATCTTACGTT-1,2
WT85_1_ATCCTATCACCCTAAA-1,0
WT85_1_TCAGTGACACCAATTG-1,4
WT85_1_GCATTAGGTGAGATTA-1,0
WT85_1_TAGTGCAGTTCCTACC-1,1
WT85_1_GGGTCTGCAAGCAGGT-1,1
WT85_1_CATCGCTGTGAGGATC-1,4
WT85_1_ATTGGGTCATGACGGA-1,4
WT85_1_GCAGCCACACAGTATC-1,0
WT85_1_TGGTGATGTGTGTACT-1,1
WT85_1_AGTACCACAGCTAACT-1,1
WT85_1_TGACCCTAGGCGTTGA-1,0
WT85_1_CTGTACCAGCAACTTC-1,3
WT85_1_CTCGAGGAGTGGTTGG-1,4
WT85_1_TTCTAGTTCTGACGCG-1,1
WT85_1_GGCAGTCCACGACAGA-1,1
WT85_1_CCATCACGTCCGAAGA-1,0
WT85_1_AGCCACGGTAACTGCT-1,0
WT85_1_CTACGGGCACAACGAG-1,0
WT85_1_TCATGAGGTTTCGGCG-1,0
WT85_1_ATTTCACGTCCGTTTC-1,4
WT85_1_AGCGATTAGTGCAGGT-1,4
WT85_1_AATGCCAAGTTTAGGA-1,3
WT85_1_AATTCCTCACGCTATA-1,1
WT85_1_CTCCTTTAGATTACCC-1,0
WT85_1_AATTCCTTCGGCTTGG-1,0
WT85_1_ATTCACTTCTATCGGA-1,1
WT85_1_GTGTGATCATAATCGC-1,0
WT85_1_AGTTAGCTCCGATTAG-1,3
WT85_1_GCTGCAGCAGGTGACA-1,4
WT85_1_TGCTCCAAGCGTCAGA-1,1
WT85_1_CGTAATGTCACCATCC-1,3
WT85_1_AGTGACTTCTAGCCTC-1,0
WT85_1_TTACTGTAGACGGAAA-1,0
WT85_1_GATTGGTCAGTGCGCT-1,0
WT85_1_CCGTGAGCAAATAGCA-1,0
WT85_1_CTGCGAGCATTCTCCG-1,1
WT85_1_TGGATGTGTGGTACAG-1,4
WT85_1_GAAGGACCACTGTCGG-1,0
WT85_1_GACGCTGCAGTCTGGC-1,0
WT85_1_GTCAAGTCATCGCTAA-1,0
WT85_1_TGACCCTAGCGCCATC-1,3
WT85_1_TGGGATTCACCAGCTG-1,5
WT85_1_TACCTGCGTCCCTAAA-1,0
WT85_1_CCGGTAGGTTGCCGAC-1,1
WT85_1_GAATCGTAGGTTCCAT-1,0
WT85_1_GGTAGAGCATAATCCG-1,4
WT85_1_CTGCATCCATCCGTTC-1,0
WT85_1_ACATCCCTCGCTTGCT-1,0
WT85_1_TCATCATCAACACGAG-1,0
WT85_1_AGGTTACTCTGTCAGA-1,1
WT85_1_AATGGCTCAAGCGAGT-1,1
WT85_1_GCGGATCTCGGCACTG-1,3
WT85_1_TTGGGATGTCAGATTC-1,0
WT85_1_TCTATACTCCCAGCGA-1,0
WT85_1_TGTAAGCCATAAGATG-1,3
WT85_1_GTTCCGTAGCATCGAG-1,1
WT85_1_GTAGATCCAGTGCCTG-1,3
WT85_1_ACCTGAATCGGTGTAT-1,1
WT85_1_TCTTGCGGTTTGTTCT-1,0
WT85_1_TGTGATGTCAGCGTCG-1,0
WT85_1_GTCAAGTGTACTCGCG-1,0
WT85_1_TTGGATGCAGCCGTTG-1,0
WT85_1_ACTTAGGTCGCTCTCA-1,0
WT85_1_AGACCCGGTATAGGGC-1,1
WT85_1_TCTCTGGGTTAGTTCG-1,0
WT85_1_TTCAGGAGTTCAAAGA-1,0
WT85_1_CTCCCTCAGCCTTTCC-1,0
WT85_1_GAGTCTATCTTCCGTG-1,4
WT85_1_AAGGAATCATGAATCC-1,4
WT85_1_GTACAACTCACCCATC-1,0
WT85_1_TCCCAGTGTACGCGTC-1,0
WT85_1_TAGACCATCCATCTGC-1,1
WT85_1_GTGAGGATCCAACTGA-1,0
WT85_1_TTGGTTTCAGAATGTA-1,1
WT85_1_GAGACCCGTAAGACCG-1,4
WT85_1_CTACAGAGTTGCAAGG-1,0
WT85_1_TCAGCAATCGCTTTAT-1,1
WT85_1_GTTCATTAGGGTGAAA-1,4
WT85_1_CTATCCGGTACAGAGC-1,1
WT85_1_GCTTCACCACGACTAT-1,3
WT85_1_GAACTGTTCAGCGTCG-1,3
WT85_1_GGAGAACAGTAGGAAG-1,0
WT85_1_AGTGCCGCAGTTGAAA-1,0
WT85_1_TTGATGGGTACGTGTT-1,0
WT85_1_TCATATCCACAGTACT-1,4
WT85_1_CCTTCAGGTAGGTCAG-1,1
WT85_1_GCGGAAACAACGTAAA-1,4
WT85_1_TAGATCGTCAAGTGGG-1,0
WT85_1_CTTTCAAGTCGAAGCA-1,1
WT85_1_TCAAGTGGTCAGACGA-1,1
WT85_1_CTGTAGAAGATAGTGT-1,1
WT85_1_ACATCGATCCATTCAT-1,1
WT85_1_TTAATCCCAATAGTAG-1,3
WT85_1_TGTGGCGCAAGTCGTT-1,0
WT85_1_TTCACCGAGTTGTCGT-1,3
WT85_1_TCATACTTCTTCGCTG-1,1
WT85_1_ATGCGATTCACTGGTA-1,0
WT85_1_AGCGCTGGTCCGAAAG-1,0
WT85_1_GTGCTGGGTCCTGGGT-1,3
WT85_1_CAGGTATTCGAGAGAC-1,0
WT85_1_CTTACCGTCTTCTGGC-1,3
WT85_1_CCACACTGTGGGTCAA-1,1
WT85_1_ATTCCCGTCTTCCTAA-1,0
WT85_1_ACACCAAGTGGGTATG-1,0
WT85_1_GACGTTAGTCACTGAT-1,3
WT85_1_TATCTTGCACCCAACG-1,3
WT85_1_AGCCAATCATGTTACG-1,1
WT85_1_GGGTTTAAGTCACTCA-1,1
WT85_1_ACATCGAAGTGAACAT-1,3
WT85_1_CTCATCGAGGAGGTTC-1,3
WT85_1_CACCGTTTCCTGCTAC-1,0
WT85_1_CGTAAGTAGTAGTCCT-1,3
WT85_1_CGAGTTAGTGATTAGA-1,0
WT85_1_CAATACGGTGCTGATT-1,0
WT85_1_ATGTCCCTCTCACCCA-1,1
WT85_1_GTTCGCTGTTCATCTT-1,0
WT85_1_TCAAGACGTTGTGTTG-1,4
WT85_1_TTGACCCGTATGTCTG-1,4
WT85_1_AGTACTGTCGAACACT-1,3
WT85_1_TGTAACGTCCCGAGGT-1,3
WT85_1_CCGTGAGCAAGACTGG-1,1
WT85_1_GTTTGGAAGATACGAT-1,0
WT85_1_TAAGCGTCACCTATCC-1,0
WT85_1_CTGATCCAGACCAGAC-1,4
WT85_1_CCTCCTCCATTGCCGG-1,3
WT85_1_TCTACATTCTCGTGGG-1,0
WT85_1_ATTCCTAGTATCTTCT-1,4
WT85_1_GAGTCTAGTTGGATCT-1,1
WT85_1_GTTCCGTGTGGCTAGA-1,0
WT85_1_TTCGGTCGTGTTCGAT-1,4
WT85_1_TGTGAGTTCGGAAACG-1,0
WT85_1_CGTCCATTCGGTTGTA-1,1
WT85_1_AGGGTGATCGGCTGAC-1,0
WT85_1_ACTGCAATCGTAGAGG-1,1
WT85_1_TTGAGTGTCTGTCGCT-1,4
WT85_1_AGACAGGGTCGTCAGC-1,4
WT85_1_CGTGTCTAGGGTGGGA-1,1
WT85_1_GCACGGTGTATGAGAT-1,0
WT85_1_ACTCTCGGTCTAACTG-1,1
WT85_1_ACTATGGTCGACGACC-1,1
WT85_1_AAATGGAGTGCCTTCT-1,0
WT85_1_TTCGATTGTAGATTGA-1,3
WT85_1_GTTGTCCAGCTCACTA-1,0
WT85_1_CAACAACGTAATACCC-1,0
WT85_1_ATGGAGGAGAGGGTGG-1,3
WT85_1_CGTGCTTTCCTACAAG-1,4
WT85_1_GACTCTCCATTACGGT-1,0
WT85_1_GGTTCTCAGCCATTCA-1,0
WT85_1_GCATTAGAGTCACTCA-1,0
WT85_1_CCCTGATAGACCTCCG-1,1
WT85_1_AAGTCGTTCACTTCTA-1,1
WT85_1_CGAAGTTGTGCGAACA-1,4
WT85_1_AGACAGGAGATACATG-1,1
WT85_1_TGGATGTGTTATTCCT-1,1
WT85_1_CCGTAGGCAATGAGCG-1,3
WT85_1_ACATTTCAGAGCATCG-1,0
WT85_1_TAATTCCAGACTTCAC-1,1
WT85_1_TCATACTTCACGGAGA-1,0
WT85_1_ACTACGATCCGTACGG-1,1
WT85_1_GAACACTGTTGCATTG-1,3
WT85_1_ATCCACCTCGTTCTCG-1,0
WT85_1_TGCGGCAAGACCATGG-1,1
WT85_1_GGCTGTGGTGGTCCGT-1,4
WT85_1_CAACAGTGTCACCGCA-1,0
WT85_1_CTATAGGAGGTTATAG-1,4
WT85_1_ACAAGCTAGGACACTG-1,5
WT85_1_CTGTCGTGTATCGCTA-1,3
WT85_1_TGGTACAAGATAACAC-1,3
WT85_1_AGGTCATAGTGGAAAG-1,3
WT85_1_CCCTTAGTCGAGTTGT-1,0
WT85_1_TCTATACCATTCCTCG-1,0
WT85_1_TACTTACTCAAGTCGT-1,3
WT85_1_ACTTAGGAGGGAGTGG-1,0
WT85_1_TCGTAGAGTGGGAGAG-1,5
WT85_1_GATGTTGCATACCGTA-1,1
WT85_1_TGCATCCCAGACCATT-1,1
WT85_1_CGTAATGTCATGCCGG-1,1
WT85_1_TTGCTGCTCGCCTTGT-1,0
WT85_1_TAGAGTCAGAGGATCC-1,5
WT85_1_CATAAGCCACTTGACA-1,4
WT85_1_GCCCGAACAAGGCTTT-1,1
WT85_1_CACAGATAGACAGCTG-1,0
WT85_1_AGATCCAAGATGGTCG-1,3
WT85_1_CAGCGTGCAACAGCCC-1,0
WT85_1_CTCATCGTCGCTAATG-1,5
WT85_2_GGTTAACCACGCGCAT-1,0
WT85_2_CCTATCGTCATAGACC-1,1
WT85_2_GCCAGGTGTCCCGTGA-1,3
WT85_2_GAACACTAGCTTACGT-1,1
WT85_2_AACCACACAAGACGAC-1,4
WT85_2_GGTGGCTGTAGTCTTG-1,0
WT85_2_CATGCGGAGACTCTAC-1,4
WT85_2_CATGAGTCATAACGGG-1,3
WT85_2_GAGAGGTCACCAACAT-1,4
WT85_2_ACACAGTTCGAACTCA-1,3
WT85_2_GATCCCTCATCCCGTT-1,0
WT85_2_CATAGACGTCAACCTA-1,1
WT85_2_CTTTCAAAGCCAGAGT-1,1
WT85_2_ACGTTCCTCAGTGGGA-1,0
WT85_2_CGAGGCTAGACAACTA-1,1
WT85_2_ACGATGTAGTGAGCCA-1,1
WT85_2_GTTGTAGTCATGGATC-1,3
WT85_2_ACCCTCACATCCCACT-1,1
WT85_2_TAAGCCATCCAGTGTA-1,1
WT85_2_AACCAACAGTGAACAT-1,1
WT85_2_ATCGTAGTCAGGCGAA-1,1
WT85_2_ACGTACAGTACCTATG-1,1
WT85_2_GCGGAAAAGATCGACG-1,1
WT85_2_TCATGAGCAATGGCCC-1,1
WT85_2_AACGGGACATACCGTA-1,1
WT85_2_GAACTGTTCACCCTCA-1,3
WT85_2_CACGTTCGTCTAACTG-1,4
WT85_2_TGGGATTGTATGGTAA-1,0
WT85_2_ATCTCTAGTGGTCTAT-1,4
WT85_2_AAGATAGAGGAGGCAG-1,5
WT85_2_ACTATGGTCCTTCTGG-1,4
WT85_2_GGGAAGTGTCCAGCAC-1,1
WT85_2_GTAGCTATCCCTCTTT-1,1
WT85_2_AAAGGGCCATACGCAT-1,4
WT85_2_ACTACGACAGCATCTA-1,1
WT85_2_TCACACCTCATTTGTC-1,4
WT85_2_TAGCACATCAGGTGTT-1,3
WT85_2_CCCTGATGTATAGGGC-1,1
WT85_2_ATGAAAGTCTAAGAAG-1,1
WT85_2_ACGTACAGTTGACTAC-1,3
WT85_2_TCGCACTAGCGACTAG-1,4
WT85_2_TGTCCCAGTACCATAC-1,0
WT85_2_CAGCAATAGCCAAGCA-1,0
WT85_2_GAGATGGCAATAAGGT-1,5
WT85_2_TTCCTAATCACACCCT-1,0
WT85_2_CTCAGAACAAACTAGA-1,1
WT85_2_ATCACTTAGACGCAGT-1,4
WT85_2_CATGCAAGTGTCACAT-1,5
WT85_2_AGGACTTTCGGAAGGT-1,1
WT85_2_TACCGGGCATCCGGCA-1,0
WT85_2_GGCACGTGTCAAGTTC-1,1
WT85_2_TAATTCCGTGAGTCAG-1,4
WT85_2_GAGATGGTCGGTGTTA-1,0
WT85_2_TTAGGGTCAGAACTCT-1,3
WT85_2_GTTGTAGGTGGATCGA-1,0
WT85_2_TAATTCCTCACATACG-1,5
WT85_2_TGGTAGTCAAGGATGC-1,0
WT85_2_AATAGAGCAGTATACC-1,1
WT85_2_CACAACAGTCGCAACC-1,1
WT85_2_ATAGACCAGTATGAAC-1,0
WT85_2_ATGCCTCTCAAGGCTT-1,4
WT85_2_GACACGCTCTAAACGC-1,4
WT85_2_TTAATCCTCGGTCTAA-1,0
WT85_2_GGGATGAAGATGACCG-1,0
WT85_2_TGCTTCGGTATCTTCT-1,1
WT85_2_CGGGCATTCCATCAGA-1,1
WT85_2_CCGGTAGCATTGCTTT-1,0
WT85_2_TTACTGTCAAGGCCTC-1,3
WT85_2_TCTAACTGTGTTCCTC-1,1
WT85_2_TACGGGCAGTCAATCC-1,0
WT85_2_ACCACAAAGATGTTCC-1,1
WT85_2_AGATCGTAGGCTCAAG-1,1
WT85_2_TCCCAGTTCAAGTTGC-1,4
WT85_2_TGCTCCATCGAACGCC-1,3
WT85_2_GTAGATCCAGCACAAG-1,3
WT85_2_TTCTGTATCGCTGTTC-1,0
WT85_2_CCGAACGCATCCTGTC-1,1
WT85_2_GACTATGCACTTGGCG-1,3
WT85_2_TACATTCAGAGTGGCT-1,3
WT85_2_TCTCACGAGGGCAAGG-1,0
WT85_2_CACGAATCACCATTCC-1,0
WT85_2_GAAATGACAAGCGATG-1,5
WT85_2_TCTGCCACATCCTAAG-1,3
WT85_2_TTCACGCCAACTGGTT-1,4
WT85_2_TACGCTCTCGAATGCT-1,0
WT85_2_AACAAGAGTATCCCAA-1,3
WT85_2_GAAGTAAAGTTTCTTC-1,0
WT85_2_CCACACTGTGCAACGA-1,5
WT85_2_CAGATCATCAACGTGT-1,0
WT85_2_CGGACACAGTACGAGC-1,1
WT85_2_AGTACCACATATCTGG-1,3
WT85_2_ACGGTCGTCCTGATAG-1,0
WT85_2_GATCAGTCACAAATGA-1,0
WT85_2_CTGAATGGTGCTGCAC-1,3
WT85_2_AACACACGTAACACGG-1,0
WT85_2_CTACTATCAACTCGAT-1,4
WT85_2_TACTGCCTCACCTTGC-1,1
WT85_2_TAAGTCGCAAGTTCGT-1,3
WT85_2_TCACATTCAGTGTACT-1,0
WT85_2_ACGGTTATCAGACCTA-1,1
WT85_2_AAGACAATCAGCTTGA-1,1
WT85_2_TCGAACAGTATCGAGG-1,0
WT85_2_ACGGGTCTCCTTCACG-1,3
WT85_2_AATTCCTCACTCAAGT-1,0
WT85_2_GTGGGAAGTCTGTCCT-1,0
WT85_2_GAGTTGTAGAGCATCG-1,0
WT85_2_CTACCCATCCATTTGT-1,0
WT85_2_TAGATCGCAAGTGATA-1,5
WT85_2_CTCATCGCAGCTATTG-1,4
WT85_2_ATACCGAAGACATATG-1,0
WT85_2_TCTACCGCATGCGGTC-1,5
WT85_2_GGTCACGCACTAACGT-1,1
WT85_2_TGATGGTTCGCTACGG-1,0
WT85_2_CTGATCCCAGGTGAGT-1,1
WT85_2_TTTCAGTTCAACGCTA-1,0
WT85_2_TGCAGTAGTCCAGAAG-1,4
WT85_2_TGTTACTCAGCTATAC-1,4
WT85_2_TTGTTGTCATAGGTTC-1,3
WT85_2_GAAGCGAGTATCGAAA-1,0
WT85_2_TTGAGTGGTTGGGCCT-1,1
WT85_2_TGTGTGAGTCGCAACC-1,3
WT85_2_CTTCTAACACTTGTCC-1,1
WT85_2_GATAGCTGTGATAGTA-1,1
WT85_2_CAGTTAGCACGCTGCA-1,4
WT85_2_CAACGGCTCCCGTTGT-1,1
WT85_2_AACCCAACAGGTCCCA-1,0
WT85_2_CCCTCAAAGTCACGCC-1,3
WT85_2_ACGTAACGTATCGGTT-1,1
WT85_2_TTCTAACAGTATCTGC-1,0
WT85_2_GACAGCCCAAATGAGT-1,0
WT85_2_ACGTAACCAGTGTATC-1,0
WT85_2_CATAAGCGTGTTTGCA-1,0
WT85_2_GCATTAGCACTGAATC-1,0
WT85_2_AAGGAATCAGATTTCG-1,3
WT85_2_TACCGAATCCTCGATC-1,0
WT85_2_ACTGCAAGTTAAGTCC-1,0
WT85_2_AGGCATTGTGACACAG-1,5
WT85_2_TTCCTAACATGATGCT-1,0
WT85_2_ACTACGAGTTCCCAAA-1,1
WT85_2_ACTGTGACATGTTCAG-1,3
WT85_2_TTTCATGAGCTCGTGC-1,5
WT85_2_TGGATGTGTCTCACGG-1,3
WT85_2_CTCATCGAGCGCAATG-1,1
WT85_2_AGTACTGGTCTCGGAC-1,3
WT85_2_ATGCATGCAGCATACT-1,4
WT85_2_ATCGTAGTCTTGGATG-1,1
WT85_2_CGTTAGATCACCATGA-1,5
WT85_2_ATACCGAAGCAGAAAG-1,0
WT85_2_AACCACACAGGCTATT-1,1
WT85_2_GAATCGTGTTCACCGG-1,1
WT85_2_AGTAGCTGTCCGGTGT-1,1
WT85_2_ACAGCCGCATCGATAC-1,4
WT85_2_GGAACCCAGGGCTAAC-1,0
WT85_2_CAAGGGACATAGGTTC-1,0
WT85_2_GGTAATCCAGCAGACA-1,3
WT85_2_ACTATCTGTACATTGC-1,0
WT85_2_ACTCTCGGTCGTCTCT-1,3
WT85_2_CACAGATGTTAACAGA-1,1
WT85_2_TGCCGAGTCCGCGATG-1,5
WT85_2_GATTGGTCACACCGAC-1,1
WT85_2_CCTAAGACACGGATCC-1,1
WT85_2_GATCAGTGTAAGCAAT-1,0
WT85_2_ACTCTCGCACAGTATC-1,1
WT85_2_GGGTCACAGTCCCGAC-1,0
WT85_2_ATTCATCGTGTTGCCG-1,4
WT85_2_GTAGAGGTCAGACAAA-1,0
WT85_2_TCCGGGAGTATCGCTA-1,0
WT85_2_TTGGTTTCAGGAGACT-1,0
WT85_2_GTTACCCAGCATGAAT-1,0
WT85_2_ATTTCTGCACACAGCC-1,1
WT85_2_TCATTACAGACTTCAC-1,0
WT85_2_TTTGACTCATCCGATA-1,0
WT85_2_AAGGAATGTGTTTACG-1,4
WT85_2_TTGGTTTAGTACCATC-1,4
WT85_2_CAGATCACAAGGCTTT-1,0
WT85_2_AGGTGTTTCCTTCTAA-1,1
WT85_2_CTGCTCACAAGTGGCA-1,1
WT85_2_AACGAAAGTCGTCATA-1,1
WT85_2_CTAACTTTCTACGGTA-1,4
WT85_2_TGGAGAGTCAAACTGC-1,0
WT85_2_CTATCCGGTCAAAGAT-1,0
WT85_2_CAACCAAGTCACCCTT-1,1
WT85_2_AACCCAATCTACTATC-1,3
WT85_2_TGAGGGATCTCGCCTA-1,3
WT85_2_TTCGGTCGTTGTGTTG-1,0
WT85_2_GGTGAAGTCCGTTGGG-1,1
WT85_2_TAAGCCAGTTCAACGT-1,4
WT85_2_GATAGCTCACACACGC-1,0
WT85_2_AGAGAATCAACTGAAA-1,1
WT85_2_CATGCTCTCACTGAAC-1,0
WT85_2_GTCCTCATCTCTCTTC-1,4
WT85_2_TGCTGAACAGTCTCTC-1,1
WT85_2_GTTAGACCATAATCCG-1,0
WT85_2_ATCCGTCTCAAGCCCG-1,0
WT85_2_AATCGACGTAGGCAAC-1,0
WT85_2_GCAGCCATCTAGACAC-1,1
WT85_2_CTCATCGAGGCCTTGC-1,1
WT85_2_AAGTACCTCATCGCAA-1,3
WT85_2_AGACACTCAGCGACCT-1,3
WT85_2_AGTCAACAGTGAGTTA-1,0
WT85_2_GAGCTGCCACAAATCC-1,2
WT85_2_TGCGGCAAGTCCGCCA-1,0
WT85_2_TGCAGGCTCATCTGTT-1,0
WT85_2_GTAGAGGCATTGAGGG-1,1
WT85_2_AACCAACAGCACTGGA-1,0
WT85_2_CCACCATGTGCTGCAC-1,0
WT85_2_CTACATTCACCCTAGG-1,3
WT85_2_CACAACACAACGGCTC-1,0
WT85_2_ATCTCTATCGGCTATA-1,4
WT85_2_TGGGCTGCAGTCTGGC-1,3
WT85_2_GCGTTTCCACCAGGTC-1,4
WT85_2_GCTGCAGTCGACGACC-1,0
WT85_2_GCAGTTAGTCAGGAGT-1,3
WT85_2_CAATGACCACTCTAGA-1,4
WT85_2_TATTTCGCAAGTTGGG-1,0
WT85_2_GCAGCTGCAAAGCACG-1,1
WT85_2_TGGATGTCATTCCTCG-1,4
WT85_2_TTGTGGAGTGCATTAC-1,0
WT85_2_GGCTGTGGTGCGACAA-1,3
WT85_2_ATACCTTCAACACGTT-1,0
WT85_2_ATCGATGAGGCATCTT-1,3
WT85_2_TTGTTGTTCCACCCTA-1,0
WT85_2_CATGCCTCAGTTGTTG-1,1
WT85_2_GAAGTAAAGTGTTGTC-1,4
WT85_2_TGCTCCACACCCGTAG-1,0
WT85_2_ATTCGTTAGTGCAGGT-1,4
WT85_2_TGATGCAAGGGTTAAT-1,0
WT85_2_TGTTGAGAGTTGGACG-1,0
WT85_2_TGTTCTACACCTTCGT-1,0
WT85_2_AGTTCCCTCATTTGTC-1,0
WT85_2_TCGGGACAGTGCAACG-1,0
WT85_2_TTGGATGGTGGACCTC-1,0
WT85_2_GGTTGTACAAGCCATT-1,0
WT85_2_GAAGAATCAGATCATC-1,0
WT85_2_ATCGTCCGTTCGATTG-1,3
WT85_2_ATTACTCAGGGAGGGT-1,0
WT85_2_CTACTATGTATCGTAC-1,3
WT85_2_TCAGGGCTCTTGGAAC-1,0
WT85_2_TAATCTCTCGCAAGAG-1,3
WT85_2_TTTGATCCAGACGCTC-1,1
WT85_2_GAGACCCGTATCCCAA-1,0
WT85_2_CCGATCTAGTTGAATG-1,0
WT85_2_TCAATCTTCCCAGCGA-1,0
WT85_2_ATACTTCGTGTTACTG-1,0
WT85_2_TGATCAGTCGTGGCGT-1,0
WT85_2_GGGATGATCTAGCCAA-1,0
WT85_2_GACCTTCTCAAGAATG-1,0
WT85_2_ACGTAACGTGGTTTAC-1,0
WT85_2_TCCGTGTTCGCAGTGC-1,2
WT85_2_CCTCAACTCTCAGGCG-1,5
WT85_2_TCCTAATAGGACTTCT-1,0
WT85_2_CATGCCTCACACCGCA-1,1
WT85_2_GACGTTACATGACTTG-1,1
WT85_2_TCGGGCAAGGTTCTAC-1,4
WT85_2_TTATTGCCAATGTCTG-1,4
WT85_2_AGGGCTCGTCTCCCTA-1,3
WT85_2_GGTAATCTCCGCATAA-1,4
WT85_2_AGGGCCTTCCCTTGTG-1,3
WT85_2_ATGAAAGAGCAGTAAT-1,0
WT85_2_CCGGTGAGTAGTGCGA-1,4
WT85_2_TGATCTTCAATACGCT-1,4
WT85_2_CGGGCATGTGGCTGCT-1,1
WT85_2_AAGGTAATCAAGCCAT-1,0
WT85_2_CAACCTCGTCTTTATC-1,0
WT85_2_AGCTCAACATACCACA-1,4
WT85_2_ATAGGCTGTGCCTGCA-1,0
WT85_2_TAATCTCTCCGAGAAG-1,1
WT85_2_AGTGACTTCGTCAGAT-1,3
WT85_2_TGTCCACAGTAGGCCA-1,0
WT85_2_TTATTGCGTGGAACCA-1,5
WT85_2_AACAACCGTGCAACAG-1,3
WT85_2_ACCCTTGTCAACTACG-1,0
WT85_2_GCTGGGTCATTGTCGA-1,0
WT85_2_TACATTCAGCCTGTGC-1,0
WT85_2_AGGCATTTCCATTGCC-1,0
WT85_2_CATCCACTCTCAGGCG-1,0
WT85_2_AATGCCAAGTATTAGG-1,3
WT85_2_ATTACTCGTGAGGATC-1,1
WT85_2_GTAAGTCCATGGGTCC-1,4
WT85_2_CCTCATGTCCGTCAAA-1,1
WT85_2_CCGAACGGTCCGCAGT-1,4
WT85_2_TCCACCATCACCATGA-1,1
WT85_2_CCGAACGTCGCGATCG-1,3
WT85_2_AAGTGAACAGCACAGA-1,0
WT85_2_CTTCGGTGTCATTGCA-1,4
WT85_2_AGACACTGTCGTCGGT-1,4
WT85_2_CGCAGGTCAAAGTGTA-1,0
WT85_2_TGCATCCGTTACTCAG-1,5
WT85_2_TTGTTCAGTTGAAGTA-1,3
WT85_2_ACGTTCCAGGAGGCAG-1,1
WT85_2_GGAGAACCAGTAGGAC-1,3
WT85_2_CCTCAACCAGACATCT-1,0
WT85_2_TCTACCGCATCCGATA-1,1
WT85_2_GGAATCTCAGCAGTTT-1,5
WT85_2_CTCCCAACAGCGTGAA-1,1
WT85_2_AGTGATCTCTTCTCAA-1,4
WT85_2_AGCGTATAGACGCAGT-1,3
WT85_2_CTGAATGAGGTACATA-1,3
WT85_2_GTAACCACATGTTTGG-1,0
WT85_2_GATGTTGAGGATCATA-1,3
WT85_2_CCTGTTGCACTAACCA-1,0
WT85_2_TACGGTAAGAGGTTTA-1,1
WT85_2_CTCAGTCAGCTAGAAT-1,1
WT85_2_CAAGACTGTCAAGTTC-1,1
WT85_2_ATAGAGAAGACTCCGC-1,0
WT85_2_GTTGTGACAGGCATGA-1,4
WT85_2_CGAATTGAGGAACATT-1,0
WT85_2_ATGCGATCAGTGGCTC-1,4
WT85_2_AGTCACAAGAGGTCGT-1,0
WT85_2_GCCATTCGTTCCTAGA-1,0
WT85_2_TGTAGACAGAGGCTGT-1,3
WT85_2_GTTGCGGTCCACTGGG-1,4
WT85_2_AGCGCCACAACTGTGT-1,0
WT85_2_TGGGCGTCAGATCCTA-1,3
WT85_2_CTAACTTGTACAAAGT-1,0
WT85_2_GTAATCGGTCAAGCCC-1,1
WT85_2_CACCGTTTCGGACCAC-1,4
WT85_2_GGCTTTCCACTAGGTT-1,1
WT85_2_ATTATCCGTCTCACAA-1,2
WT85_2_TCCTCGATCTCGACGG-1,0
WT85_2_GCACTAATCGATACAC-1,1
WT85_2_TACTGCCTCGTAGTCA-1,1
WT85_2_ACAGAAAAGGCCGCTT-1,0
WT85_2_TGCATCCGTACCCAGC-1,1
WT85_2_GGAATGGTCCCTATTA-1,1
WT85_2_GTGTGGCTCTGCTAGA-1,0
WT85_2_AGCATCAGTCCACACG-1,0
WT85_2_GGGACTCGTGTATTCG-1,1
WT85_2_CCAAGCGTCTGAGAAA-1,1
WT85_2_GTGCAGCTCTCGAACA-1,3
WT85_2_TTCGCTGGTTTCGCTC-1,1
WT85_2_CACCGTTGTGCGAGTA-1,0
WT85_2_TATGTTCGTCTTCAAG-1,4
WT85_2_CAGATTGGTCGTTGCG-1,0
WT85_2_GGAGAACCAGTTAGAA-1,0
WT85_2_TCGCTTGCATCCTATT-1,4
WT85_2_ACCCTTGCAACCGCCA-1,0
WT85_2_GTTGCGGCATGGAGAC-1,3
WT85_2_ATCCACCGTCGAATGG-1,0
WT85_2_GTAGATCAGCATGCAG-1,4
WT85_2_TAGACCATCTGCGGCA-1,1
WT85_2_GCTTGGGTCGCATTAG-1,1
WT85_2_GGATGTTGTCCGAAGA-1,0
WT85_2_CTACGGGAGTCCGCGT-1,1
WT85_2_TCCTCGAAGTAGTCTC-1,1
WT85_2_ACGGTCGAGTTCATGC-1,0
WT85_2_CGTGCTTTCATCCTGC-1,1
WT85_2_ACGGAAGCACGCGGTT-1,1
WT85_2_GTCGTTCCAACAGAGC-1,0
WT85_2_GGGACTCAGGTTGAGC-1,0
WT85_2_CGCAGGTCAGTCTCTC-1,0
WT85_2_GTTATGGGTCAAGCCC-1,1
WT85_2_AGGGAGTGTCACTTCC-1,3
WT85_2_GTGATGTTCGGAAGGT-1,3
WT85_2_GCACGTGGTCGTGCCA-1,1
WT85_2_GAAGTAAAGTCTCTGA-1,5
WT85_2_ACCCAAAGTATCGCTA-1,3
WT85_2_TTGCGTCAGGGTGGGA-1,4
WT85_2_AGAACAAGTAACATGA-1,0
WT85_2_TGGGTTAGTCCATCTC-1,0
WT85_2_TGGAGAGCAGGAATCG-1,1
WT85_2_TTGTGTTGTACCTATG-1,1
WT85_2_CTACTATGTTTGTGGT-1,3
WT85_2_TGAACGTTCTATTGTC-1,4
WT85_2_GCAACCGAGTATCTGC-1,3
WT85_2_ATGGAGGCAGTTGTTG-1,0
WT85_2_AGGCATTCAGAGCTAG-1,0
WT85_2_ACGGAAGGTGATTAGA-1,1
WT85_2_AGTGTTGGTACCCGAC-1,1
WT85_2_AACCATGAGTGTTGTC-1,0
WT85_2_TGGGAGAAGGACAGTC-1,4
WT85_2_GTACAGTTCGGAACTT-1,1
WT85_2_TCGGTCTGTCATCCCT-1,3
WT85_2_GATTTCTTCATGCCCT-1,3
WT85_2_TGCCGAGCATAGCACT-1,0
WT85_2_GAGGGTACATCATCCC-1,1
WT85_2_AGCGTATCACCTCGTT-1,3
WT85_2_TCGCTTGGTTGCATAC-1,0
WT85_2_GCGAGAAGTAGCGCCT-1,0
WT85_2_CCTCAACCAGTAGGAC-1,3
WT85_2_GACCTTCCACTCAGAT-1,1
WT85_2_AGCTACATCAAGTCGT-1,0
WT85_2_ACCCTTGCAAACTCTG-1,3
WT85_2_GCAGCTGGTTTCTATC-1,3
WT85_2_CGGCAGTGTAACAGGC-1,4
WT85_2_GCCCGAATCTGACAGT-1,0
WT85_2_GGGTAGAGTAGGTCAG-1,1
WT85_2_ATCGTGACACAGTGAG-1,4
WT85_2_ACTTATCAGAGAGGTA-1,1
WT85_2_TCGGATATCAAAGGAT-1,0
WT85_2_CATACAGCAACTTCTT-1,3
WT85_2_TGATTCTCACTTCAAG-1,3
WT85_2_GCTGAATCATAATCCG-1,1
WT85_2_GTAATGCCACTCACTC-1,0
WT85_2_GAAGGACAGGAAAGTG-1,1
WT85_2_GTTACCCTCCTGTAGA-1,0
WT85_2_TCCTTTCCAGGAAGTC-1,1
WT85_2_CCTAACCAGGTAGCCA-1,4
WT85_2_ATGCATGCAACCGGAA-1,0
WT85_2_GTCAAACTCTCAGTCC-1,3
WT85_2_ACTTAGGGTACCTGTA-1,0
WT85_2_TTAGTCTGTGACAGGT-1,1
WT85_2_TAATCTCGTATCATGC-1,4
WT85_2_CGGTCAGGTCCTGTCT-1,1
WT85_2_TTATTGCAGGGTAGCT-1,0
WT85_2_GTCTCACCAGAGATTA-1,0
WT85_2_AGATGCTGTACTCGTA-1,4
WT85_2_GTCACGGTCACCTACC-1,4
WT85_2_GATGACTAGGTCGCCT-1,4
WT85_2_GGAACCCCATGACGAG-1,3
WT85_2_CTTCTCTAGTCTCTGA-1,1
WT85_2_GTATTGGTCGGAGATG-1,3
WT85_2_ACGGTCGCATTGCCGG-1,1
WT85_2_CTTCTAATCTAGTGAC-1,1
WT85_2_GTTCATTCATTGAAAG-1,1
WT85_2_ATCCTATGTGTTACTG-1,1
WT85_2_GTGTTCCCACACACGC-1,0
WT85_2_TGCTCGTGTATCGGTT-1,1
WT85_2_GACTCTCTCTACGGTA-1,1
WT85_2_GTAGGTTCAATCCAGT-1,0
WT85_2_TCTTTGAAGCCGATTT-1,0
WT85_2_AGATGAAAGACGGAAA-1,3
WT85_2_TGTTTGTCAACGCCCA-1,4
WT85_2_CTGAATGGTTCCGCGA-1,0
WT85_2_GAAGCGAAGGATGGCT-1,0
WT85_2_TCCTCTTCAAAGGTTA-1,0
WT85_2_CTCCATGGTACGCGTC-1,4
WT85_2_CCGCAAGCAGCTTCGG-1,3
WT85_2_TTCTGTAAGTCTCGTA-1,1
WT85_2_GCGAGAAAGGCATGGT-1,4
WT85_2_AACAGGGGTGAGAGGG-1,0
WT85_2_CCTACGTAGTGGAATT-1,1
WT85_2_TCATTACTCGCACGAC-1,3
WT85_2_CCCATTGCAACTTGGT-1,3
WT85_2_CGATGGCTCTCCTACG-1,0
WT85_2_CAACGATTCTAAGCCA-1,0
WT85_2_AATGAAGAGGGCAAGG-1,5
WT85_2_CTCACTGTCGACCAAT-1,3
WT85_2_GGTAACTGTGTGGTCC-1,1
WT85_2_GTCTAGATCGTCCATC-1,3
WT85_2_GTTATGGCACAACGCC-1,1
WT85_2_CTACCTGAGTCACGCC-1,5
WT85_2_CACTAAGCACGTCATA-1,0
WT85_2_TTCCTTCGTCGTTGCG-1,3
WT85_2_ACGCACGTCTTCGGAA-1,1
WT85_2_GCAGGCTTCCACAAGT-1,4
WT85_2_GTCTACCCAACGACAG-1,0
WT85_2_CGAGTTATCAAAGCCT-1,3
WT85_2_AGGGAGTTCCTCACGT-1,0
WT85_2_TAAGTCGTCCCATTTA-1,3
WT85_2_TAGGGTTGTGACCGAA-1,3
WT85_2_TCAAGCAAGTTCACTG-1,4
WT85_2_CCGTAGGCACAAATCC-1,0
WT85_2_CGTGAATGTTCTTGCC-1,3
WT85_2_ACGGGTCAGTTCTCTT-1,1
WT85_2_CTCAATTTCGGTAAGG-1,1
WT85_2_GCACGTGAGCACCGTC-1,0
WT85_2_AGACAGGTCGGAATGG-1,3
WT85_2_TTGGTTTGTGTAACGG-1,0
WT85_2_TCACAAGGTCATTCCC-1,3
WT85_2_CGGTCAGCAGCTCCTT-1,3
WT85_2_GATCACAAGTTAACAG-1,4
WT85_2_TAGAGTCGTGTGAGCA-1,0
WT85_2_GGCACGTGTCTTAGTG-1,3
WT85_2_GTTTACTGTCGCACAC-1,0
WT85_2_TCTACATGTCTGCCTT-1,4
WT85_2_TCTCTGGGTCTCACAA-1,0
WT85_2_TCATACTAGCTTCGTA-1,0
WT85_2_GTGTTCCGTCCATAGT-1,3
WT85_2_GGAGGATCATATGCGT-1,0
WT85_2_TTAGGCAAGGAGATAG-1,1
WT85_2_ACGTAGTGTTAGGAGC-1,3
WT85_2_TTCCTTCGTCTTTCAT-1,1
WT85_2_TTTATGCCAAACTCGT-1,1
WT85_2_TAGACCATCACTCCGT-1,0
WT85_2_TCAATTCTCTCTGCCA-1,1
WT85_2_TTAGGCATCATCTATC-1,1
WT85_2_AGGAATAAGTAACGAT-1,4
WT85_2_CCTTCAGTCATCTATC-1,1
WT85_2_GTTGTAGAGGCTAGCA-1,1
WT85_2_CAACAGTGTCGACTGC-1,4
WT85_2_CAATCGAAGTCCGCCA-1,4
WT85_2_TTTGATCAGAGGCGTT-1,1
WT85_2_CAATCGATCCTTATAC-1,3
WT85_2_TTCCTCTCACCAGCGT-1,0
WT85_2_GTCCCATAGAAGCTCG-1,4
WT90_1_GACTCAACAAGACGAC-1,0
WT90_1_GTGACGCAGCAGGCTA-1,4
WT90_1_TGCATGAGTCCACATA-1,3
WT90_1_GATAGAACAGCTGTGC-1,0
WT90_1_GTAATCGAGCCGTTGC-1,3
WT90_1_TGTTGAGGTATTGACC-1,1
WT90_1_CGAATTGAGTAGGGTC-1,4
WT90_1_TACAGGTGTCGAGTGA-1,1
WT90_1_CGACAGCTCAAGGAGC-1,3
WT90_1_ATAGGCTGTGCTCTCT-1,1
WT90_1_TCATATCCACCAGTTA-1,1
WT90_1_TGTGGCGTCCACTAGA-1,5
WT90_1_TCTGCCAGTGAATGAT-1,4
WT90_1_TACCGAATCCATATGG-1,1
WT90_1_GAAGGACAGGTCTACT-1,0
WT90_1_TGTTACTGTTGTACGT-1,1
WT90_1_GTATTTCCAGCACACC-1,1
WT90_1_CTTGATTAGACATGCG-1,4
WT90_1_GGGACCTTCCATAGAC-1,1
WT90_1_TTCATGTGTATGAAAC-1,1
WT90_1_CCATAAGGTCACCGCA-1,3
WT90_1_AACCACACAGCTGGTC-1,0
WT90_1_CCTCAGTAGCATTTCG-1,3
WT90_1_CAAGGGACAAACTAAG-1,1
WT90_1_ACATGCAAGCTGAGCA-1,3
WT90_1_GTCCTCATCTACACTT-1,1
WT90_1_TGTTACTTCAAGAGGC-1,0
WT90_1_GAAGGGTGTGTCATCA-1,0
WT90_1_ATGACCATCTATTCGT-1,4
WT90_1_GTGCTTCCATACATCG-1,1
WT90_1_CGTTAGACACGCAAAG-1,4
WT90_1_GCTTGGGGTACGACTT-1,1
WT90_1_ACTTTGTAGACTACGG-1,3
WT90_1_TAGTGCAGTGCGGTAA-1,0
WT90_1_CTAACCCAGAGCCATG-1,1
WT90_1_TAATTCCTCCGCACGA-1,1
WT90_1_TCACAAGGTAACATAG-1,1
WT90_1_CAAGACTCAATGTCAC-1,1
WT90_1_TCCTGCACAAGATCCT-1,0
WT90_1_GTGCAGCTCCTTATCA-1,3
WT90_1_TCTGTCGTCTCGGCTT-1,4
WT90_1_TACCCACAGCTAGAAT-1,0
WT90_1_CGCATGGGTACGAGTG-1,0
WT90_1_ACCCTCACACAAGCCC-1,4
WT90_1_AACGAAAGTTATGTCG-1,0
WT90_1_CAACAGTGTAACCCTA-1,0
WT90_1_GTCAAACCAAGCCCAC-1,4
WT90_1_CACCAAACATTCTTCA-1,1
WT90_1_GGGTTTAAGATGAAGG-1,0
WT90_1_AGTCACACATGGCACC-1,4
WT90_1_AGCTTCCCAGCTACAT-1,4
WT90_1_TGGTACATCCCGAGAC-1,0
WT90_1_TTAGGCAAGTTCGGTT-1,0
WT90_1_ATTCCCGGTAACATCC-1,1
WT90_1_CTCAATTCACTGTGTA-1,4
WT90_1_CTACGGGCAATTGCAC-1,1
WT90_1_CTGCCTATCTAAACGC-1,0
WT90_1_GAACGTTCACTGAATC-1,3
WT90_1_CAATTTCTCTTAGCAG-1,3
WT90_1_CTGCTCATCGTGCGAC-1,1
WT90_1_AGTCAACGTCGATGCC-1,4
WT90_1_AAGTGAAGTACAACGG-1,0
WT90_1_AGGGCTCGTGTGCCTG-1,3
WT90_1_CTTTCAACACCGTACG-1,1
WT90_1_TTGCGTCCACGCAGTC-1,1
WT90_1_TGCTTCGCAGATCATC-1,1
WT90_1_TGAGACTCAATATCCG-1,1
WT90_1_AATGCCAGTGTTCGTA-1,3
WT90_1_CACGGGTGTCAAGGCA-1,4
WT90_1_TCGGATAGTTTGGCTA-1,1
WT90_1_TGGTACATCCCATTCG-1,0
WT90_1_GGGACTCCAGACATCT-1,1
WT90_1_GTCAAGTTCTCCAAGA-1,0
WT90_1_TACGGGCTCCTCTCTT-1,3
WT90_1_TGACAGTAGTGATAAC-1,0
WT90_1_GTCAAGTTCACGGACC-1,3
WT90_1_TGAGCATCAAGCTACT-1,1
WT90_1_GATCGTATCTGAGAAA-1,0
WT90_1_CTCCTCCGTCTCACGG-1,0
WT90_1_GGAATGGCAGAGGGTT-1,4
WT90_1_GTACAGTCAGCGTTTA-1,4
WT90_1_ATAGACCTCACGTCCT-1,0
WT90_1_ATCACTTAGGAGCAAA-1,1
WT90_1_TGGGAAGTCCCTCTCC-1,0
WT90_1_GCTGAATAGTAAGACT-1,0
WT90_1_GCACATATCGAACGCC-1,0
WT90_1_GGAGCAATCCGCACGA-1,4
WT90_1_ACGCACGGTGCCTGCA-1,4
WT90_1_GTCAAGTGTGTTCATG-1,1
WT90_1_CATCCCACACATATGC-1,3
WT90_1_TTGGATGAGGAGAGGC-1,0
WT90_1_CATCCACCAACGACTT-1,0
WT90_1_GATGCTACATTCTCCG-1,4
WT90_1_ACGTAACCACGACCTG-1,0
WT90_1_ATCGCCTGTCATTGCA-1,0
WT90_1_GGTGTCGCAACGTATC-1,1
WT90_1_TCCATGCCACCAGTTA-1,4
WT90_1_TGGTAGTCACGGTAGA-1,0
WT90_1_AATGGAAAGTCGCGAA-1,4
WT90_1_CTACCCATCGATCCAA-1,1
WT90_1_TACCGAACATCGCTAA-1,0
WT90_1_TAAGCACCAAACAGGC-1,0
WT90_1_TCCGTGTGTCCTGTTC-1,1
WT90_1_GCCATGGTCATCGTAG-1,0
WT90_1_ATGACCAGTCAAGGCA-1,1
WT90_1_TGCTCGTAGTGGACGT-1,1
WT90_1_AATCGACTCTACGCGG-1,3
WT90_1_TGAGGAGTCTCTCCGA-1,3
WT90_1_TGATCAGCATACTGAC-1,0
WT90_1_TCGCTCATCCAGTGTA-1,0
WT90_1_TCGTCCATCCAAACCA-1,0
WT90_1_TTCCGGTTCCTACGAA-1,4
WT90_1_AGACACTTCCCTCTCC-1,4
WT90_1_ACTATTCGTATACAGA-1,1
WT90_1_GGTGTCGTCTATCGCC-1,0
WT90_1_AAATGGACAATACCTG-1,4
WT90_1_CTACCTGAGGAGAATG-1,0
WT90_1_TGAGACTAGTGCTAGG-1,1
WT90_1_AATAGAGAGGTCGAGT-1,0
WT90_1_GGGCTACTCGGACTTA-1,0
WT90_1_CGGGACTTCAACTGGT-1,0
WT90_1_GGGAGTAAGCATCGAG-1,3
WT90_1_GGTCACGGTGTTCAGT-1,3
WT90_1_ACTATGGGTCGTGTTA-1,0
WT90_1_GCCCAGAGTTGACTAC-1,1
WT90_1_GACTGATCACAATTCG-1,1
WT90_1_TGTCCACCATTCTGTT-1,0
WT90_1_TTGTTCACATTCTCTA-1,1
WT90_1_GCTTCACTCCATGATG-1,0
WT90_1_GAATAGAAGATTACCC-1,0
WT90_1_CCTATCGCACCTTCGT-1,0
WT90_1_TGGAGGAGTATTCCTT-1,4
WT90_1_AGCGCTGCACGCGCAT-1,1
WT90_1_TTGTTTGGTGAAGCTG-1,3
WT90_1_GCACTAATCGGAATGG-1,0
WT90_1_GATTGGTAGAATCTAG-1,3
WT90_1_GAGTTACAGGTAGCCA-1,0
WT90_1_TATCCTACATCTGGGC-1,3
WT90_1_TTGAACGTCAAGCCCG-1,1
WT90_1_GGCTTGGGTAACGTTC-1,0
WT90_1_CAGCAGCGTTAGCGGA-1,0
WT90_1_CTCAGGGGTGTCGCTG-1,0
WT90_1_AACACACGTAACCAGG-1,0
WT90_1_GTAGAAATCAACCCGG-1,0
WT90_1_AACAGGGAGATGCGAC-1,4
WT90_1_TCCCACAAGCGACTGA-1,0
WT90_1_AAGGAATAGGTCTACT-1,4
WT90_1_AGAAGCGCATTACGGT-1,0
WT90_1_TGGGAAGGTCGACGCT-1,4
WT90_1_GTCATCCGTAAGCTCT-1,0
WT90_1_CACCGTTAGTCTCCTC-1,4
WT90_1_GAGCCTGGTGGTCTTA-1,1
WT90_1_AAAGTCCTCGTGCAGC-1,1
WT90_1_AAGATAGCATACGCAT-1,0
WT90_1_CATACAGTCCCGAGAC-1,0
WT90_1_AACCAACGTCCTGTTC-1,3
WT90_1_ACGTCCTCAGCTGTTA-1,0
WT90_1_CAAGCTACACCAAATC-1,1
WT90_1_CACGAATCAATTCTTC-1,5
WT90_1_CGCATGGCATCGAACT-1,1
WT90_1_AGTACTGAGCACTCCG-1,0
WT90_1_CATCCGTCACTATCGA-1,1
WT90_1_AACCAACCAAACTCGT-1,0
WT90_1_TTGCGTCTCCAAGAGG-1,1
WT90_1_GCTTTCGCAAGCTACT-1,3
WT90_1_TCCCAGTGTCTTCTAT-1,4
WT90_1_CACGAATGTCGGTGAA-1,1
WT90_1_TACGGTATCCGTCCTA-1,3
WT90_1_CACTGTCTCACGTCCT-1,4
WT90_1_ACTATTCTCCTCAGAA-1,0
WT90_1_TCAATTCAGCTCTATG-1,4
WT90_1_CGTCAAAGTTGCTTGA-1,0
WT90_1_AGCTCAATCGCCGTGA-1,1
WT90_1_ACGGTTAGTCATCCCT-1,4
WT90_1_ACTATTCCATAACCCA-1,3
WT90_1_GAGTTTGCAATCCTAG-1,0
WT90_1_CAGCAGCGTGAAGCTG-1,0
WT90_1_ACTATCTAGGATAATC-1,1
WT90_1_AACTTCTCAGATCCAT-1,4
WT90_1_TCCGAAAGTGGAACAC-1,4
WT90_1_TGGCGTGGTCGCAACC-1,0
WT90_1_TATTGCTTCGCCAGTG-1,4
WT90_1_TTGGGTATCCTTACCG-1,0
WT90_1_CAACCAATCTCTGAGA-1,0
WT90_1_CTCCAACTCTGTCGCT-1,1
WT90_1_TGACAGTCAAGCGGAT-1,4
WT90_1_TCAGGGCCAGTAGTGG-1,0
WT90_1_GAATAGACACTTGTGA-1,4
WT90_1_ACGTAACTCGGCACTG-1,0
WT90_1_TCCTAATGTCACAGTT-1,3
WT90_1_CGTCAAAAGTATGACA-1,1
WT90_1_TTAGGGTCACGAGGAT-1,0
WT90_1_TGATGCAGTTCTAACG-1,4
WT90_1_AGCCAGCAGAAGCGAA-1,0
WT90_1_TACGTCCAGGATGCGT-1,0
WT90_1_CCTCACAGTCACAATC-1,0
WT90_1_CGAGAAGCATCGAACT-1,0
WT90_1_ATGTCCCTCTCATAGG-1,0
WT90_1_TTTGGTTAGGTTCATC-1,0
WT90_1_TCGGATACAACGTTAC-1,3
WT90_1_ACCACAATCCCTCGAT-1,1
WT90_1_ATACCGATCTACCACC-1,1
WT90_1_GCAGCTGCAAGATGGC-1,4
WT90_1_TGAATGCTCATGCGGC-1,1
WT90_1_TCAGGTACACTCCGGA-1,0
WT90_1_TTGGGATTCGGAGTGA-1,1
WT90_1_GTTCTATCAGGAGACT-1,3
WT90_1_CAACAACGTGGCAACA-1,0
WT90_1_CGTCCATAGATACTGA-1,0
WT90_1_GCTTGGGGTGCGCTCA-1,0
WT90_1_TCCGGGACACAGAGCA-1,3
WT90_1_CTTTCGGTCCCAGGCA-1,0
WT90_1_GTTTACTAGAATCCCT-1,3
WT90_1_GAAACCTCAGAACATA-1,0
WT90_1_TAGGTTGGTTTAGTCG-1,0
WT90_1_GAGTCATAGCGCCGTT-1,3
WT90_1_GGAATGGTCTACCAGA-1,3
WT90_1_CTTACCGTCTCGTGAA-1,4
WT90_1_AAGTGAATCGAAGAAT-1,1
WT90_1_TATTGGGCAATAGTGA-1,1
WT90_1_CTGTCGTTCGATCCAA-1,0
WT90_1_GGAGATGAGATACTGA-1,0
WT90_1_AATCACGGTAGACGGT-1,1
WT90_1_TATACCTGTAACGCGA-1,3
WT90_1_AATGGCTGTGATATAG-1,1
WT90_1_CAAGACTGTATGCGTT-1,3
WT90_1_GATGTTGCACGAGGAT-1,0
WT90_1_TTTCATGAGACCTGGA-1,4
WT90_1_ACAGAAAAGCCAACCC-1,1
WT90_1_GTTGCGGTCGGAGTGA-1,0
WT90_1_ATCGATGCAAGAGTGC-1,4
WT90_1_CTAACTTAGGCTCTAT-1,0
WT90_1_GATCCCTGTCAAATCC-1,3
WT90_1_ATGCGATAGCTGCCTG-1,4
WT90_1_AAGGAATTCCATCTCG-1,0
WT90_1_AGATGAAGTCTCTCTG-1,1
WT90_1_GGTAACTGTAACATCC-1,0
WT90_1_CTCATTACAAGGTTGG-1,4
WT90_1_ACCTGAAAGCATTGAA-1,1
WT90_1_CCGCAAGAGATACGAT-1,0
WT90_1_TCATACTTCGGTGCAC-1,0
WT90_1_GCGGAAACAGGTTACT-1,5
WT90_1_GGGACTCAGACTCCGC-1,0
WT90_1_CAACAGTAGTTGCTCA-1,1
WT90_1_CCGGTGAAGGCTCTCG-1,1
WT90_1_TCATTTGGTATGCTTG-1,0
WT90_1_GGCGTCAGTGATCGTT-1,4
WT90_1_ACATTTCAGGGCAAGG-1,4
WT90_1_CCCTGATTCGTCGCTT-1,0
WT90_1_GGCACGTGTGGTCTTA-1,0
WT90_1_ATTCACTCAAATGGAT-1,1
WT90_1_CTAGGTACAGACGCTC-1,0
WT90_1_GGAGATGCACAGAAGC-1,0
WT90_1_AATCGTGAGCCGAATG-1,1
WT90_1_GCCAGGTGTATTGCCA-1,0
WT90_1_AGACCCGCACGATAGG-1,0
WT90_1_TGGAGGAAGGTTTACC-1,4
WT90_1_CTCGAGGAGCTTTCCC-1,4
WT90_1_GATTGGTTCCAAACCA-1,1
WT90_1_GAATCGTGTGGACCAA-1,4
WT90_1_CATCCCATCCGACGGT-1,0
WT90_1_GCAACATTCGGCAGTC-1,0
WT90_1_TTATTGCGTGAGATTA-1,3
WT90_1_TCAAGACAGCTCGTGC-1,0
WT90_1_AAACGAAGTCGGCCTA-1,5
WT90_1_TCATTGTCACTCCTGT-1,0
WT90_1_AATCGACCATGATCTG-1,3
WT90_1_CTGCAGGTCCATCACC-1,0
WT90_1_GAGACTTTCACTTGTT-1,0
WT90_1_TAGCACATCCAATCTT-1,0
WT90_1_AGTCTCCAGGCTCAAG-1,1
WT90_1_CGCGTGAGTCCTGTTC-1,1
WT90_1_ACGGTCGTCACTGTCC-1,0
WT90_1_GAGTCTACAGCGGTTC-1,0
WT90_1_ACGCACGCAATGGCCC-1,0
WT90_1_GGGTTTAAGGTTAGTA-1,1
WT90_1_GTGACGCCAGGCGTTC-1,0
WT90_1_CGTAATGCAGAGGAAA-1,0
WT90_1_CGATGCGAGAGAGTGA-1,0
WT90_1_TTCATTGAGAGGTCGT-1,0
WT90_1_GAGTTGTGTCCCGGTA-1,0
WT90_1_AAGCCATTCCACTTTA-1,0
WT90_1_TTCTAACCACACGCCA-1,0
WT90_1_GATGCTAGTGGAACAC-1,1
WT90_1_TTTACGTTCTGAATCG-1,1
WT90_1_TATCGCCAGCGGGTAT-1,4
WT90_1_ATGAAAGTCCGTGGCA-1,0
WT90_1_TCGCTTGGTGTGGACA-1,0
WT90_1_CCTCACATCACCTGGG-1,4
WT90_1_TGCTGAATCTGCCTGT-1,0
WT90_1_ATCGATGTCGTGGAAG-1,4
WT90_1_AGTGTTGAGCTCCACG-1,1
WT90_1_AGTAGCTGTAGGTCAG-1,1
WT90_1_GTGTCCTCAACGGCCT-1,3
WT90_1_GATTCTTGTGACTATC-1,1
WT90_1_TACATTCGTCCAGTTA-1,4
WT90_1_ACTTCGCCAGGTGTTT-1,0
WT90_1_GGGTCTGTCGACCATA-1,0
WT90_1_TTGGGCGAGGAGTCTG-1,1
WT90_1_CTGGACGTCTGCTAGA-1,5
WT90_1_AGGTGTTTCCGTACGG-1,1
WT90_1_GATCAGTAGCATGCGA-1,1
WT90_1_AGGCCACGTCGAGCAA-1,3
WT90_1_GATGGAGCATGGGATG-1,4
WT90_1_TCTTGCGGTGCAAGAC-1,4
WT90_1_ATTACTCGTGGTTTAC-1,3
WT90_1_TTCCAATGTATACCCA-1,3
WT90_1_TAATCTCGTAGTCGGA-1,1
WT90_1_CCGTGAGGTGTAGCAG-1,3
WT90_1_AGTACCAGTTAAACAG-1,4
WT90_1_AGACTCACAGAAATTG-1,3
WT90_1_ATACTTCGTTTGGAGG-1,1
WT90_1_AGTCACAAGGCCATAG-1,0
WT90_1_AGACCATCACTAACCA-1,0
WT90_1_GGAATGGCACATCCCT-1,0
WT90_1_ATGAAAGCATGTTTGG-1,4
WT90_1_AGCGATTTCGTCTCAC-1,0
WT90_1_TGTAACGCACTCCACT-1,4
WT90_1_TAGGTACAGCAATTCC-1,0
WT90_1_ATCCCTGGTGGGCTTC-1,4
WT90_1_ACCCTTGCAGCAGTCC-1,1
WT90_1_AGGGTTTAGTAGATCA-1,0
WT90_1_TGGGCTGGTGTTCCTC-1,1
WT90_1_GAACTGTCACTTGAGT-1,1
WT90_1_CTTCTAACAATAGGAT-1,3
WT90_1_TCGCTTGGTTCGGCGT-1,3
WT90_1_AGACTCAGTCATATGC-1,0
WT90_1_ATCATTCGTGGAACAC-1,0
WT90_1_GGACGTCCATCTAACG-1,4
WT90_1_GGCGTCACATGATCTG-1,4
WT90_1_GTCACTCAGCCAACCC-1,3
WT90_1_GAGTGAGAGGACTGGT-1,1
WT90_1_TGCTTCGCAAGTGACG-1,1
WT90_1_CAACCTCGTTTGGAGG-1,4
WT90_1_TCCGAAATCATTATCC-1,1
WT90_1_ACTGTGAAGAGTATAC-1,1
WT90_1_GTCCACTGTCCTACGG-1,3
WT90_1_GTTGCTCGTGCCTGAC-1,3
WT90_1_AGCGCTGCAATCGCCG-1,1
WT90_1_TATGTTCGTACTCCCT-1,0
WT90_1_CTTAGGAAGAAGGATG-1,0
WT90_1_ATTATCCAGGGAGGGT-1,0
WT90_1_GTGATGTTCGGTGCAC-1,1
WT90_1_CAGGCCAAGCACTCAT-1,3
WT90_1_TGTCAGACAAGTGTCT-1,0
WT90_1_TTTGGAGTCGCCAGTG-1,1
WT90_1_TCACACCCAATAGGGC-1,3
WT90_1_GGGCTACCACGGCACT-1,0
WT90_1_GGGAAGTTCCACCTGT-1,4
WT90_1_ATCGCCTTCATGCCGG-1,3
WT90_1_GCACGGTCAAGACCTT-1,3
WT90_1_AGCTACAAGGTAGACC-1,3
WT90_1_CCACAAAGTGACACGA-1,1
WT90_1_GATCATGTCTACCTTA-1,3
WT90_1_TTCCAATGTTAATCGC-1,4
WT90_1_CGAGGAATCATGCCAA-1,0
WT90_1_CCTAACCAGCTGGAGT-1,0
WT90_1_TGGGAAGGTGTGCCTG-1,3
WT90_1_CCCTTAGTCGACACCG-1,4
WT90_1_ACGGGTCTCCACGAAT-1,0
WT90_1_CGCGTGATCCGTGTAA-1,4
WT90_1_AAAGTGATCATAAGGA-1,0
WT90_1_CGTTAGATCCTGTACC-1,3
WT90_1_TCAGGGCTCCTTGACC-1,0
WT90_1_CCATAAGCAGAGACTG-1,0
WT90_1_TGGGAGAGTTCTCCAC-1,0
WT90_1_GTGATGTGTAGCGCTC-1,4
WT90_1_GGTCTGGAGTATTCCG-1,3
WT90_1_CTGAGGCCAAGTCATC-1,3
WT90_1_CTCCTCCGTTGGTGTT-1,3
WT90_1_TTTCATGAGCATGTTC-1,0
WT90_1_TACCTGCGTTCGGTAT-1,4
WT90_1_CCTTCAGCACAAGTTC-1,0
WT90_1_CATTGTTTCTGAATGC-1,3
WT90_1_GATCATGAGGCGCTCT-1,0
WT90_1_GTTGTAGTCCCAAGCG-1,1
WT90_1_CTACAGATCTTGCAGA-1,4
WT90_1_CCATAAGAGGGTTAAT-1,1
WT90_1_TGGCGTGCAAGGGTCA-1,0
WT90_1_TCCATCGTCAAAGAAC-1,4
WT90_1_GGAATGGAGGGAGGAC-1,4
WT90_1_CATCCACAGTCGCTAT-1,3
WT90_1_AAGAACAAGCTGTTCA-1,3
WT90_1_TACCGGGGTCACTACA-1,3
WT90_1_CTGCGAGTCACTGATG-1,3
WT90_1_GGGACCTTCCACAGCG-1,0
WT90_1_CAGCAGCCAGGTGTTT-1,3
WT90_1_TACAACGAGCGTATGG-1,3
WT90_1_AACACACTCCCGAACG-1,0
WT90_1_AGTCAACCAAGAAACT-1,0
WT90_1_GCGTGCACATGGAAGC-1,3
WT90_1_GACCCAGGTAGTCACT-1,4
WT90_1_GGTCACGTCCCTTCCC-1,3
WT90_1_GCCGATGAGCCAAGTG-1,3
WT90_1_TCCTCGAGTCAGACGA-1,0
WT90_1_CCATAAGTCAGACCGC-1,0
WT90_1_GGTTGTATCGACTCCT-1,0
WT90_1_GTGTGGCTCAAAGGTA-1,3
WT90_1_TTAGGGTAGTTTGGCT-1,4
WT90_1_CCGATGGCAAGTCATC-1,0
WT90_1_TATTCCAGTCCCTAAA-1,0
WT90_1_TCTATACGTCGATTAC-1,0
WT90_1_ATCTCTACACCTCTGT-1,3
WT90_1_ATCGTAGTCGTTAGAC-1,3
WT90_1_AGTGACTTCGATACTG-1,0
WT90_1_ACGTTCCCACCTTCCA-1,0
WT90_1_CATCCCAAGTGAGGCT-1,3
WT90_1_CAGTGCGGTTGACTGT-1,0
WT90_1_CTATCTAAGCCTCAAT-1,0
WT90_1_GTGAGTTCATAGTCAC-1,0
WT90_1_AGCCACGTCAACACCA-1,0
WT90_1_CTCTGGTCAAGGTACG-1,3
WT90_1_TCCGATCTCTGCGTCT-1,3
WT90_1_CTGTCGTTCCTTGACC-1,1
WT90_1_TTTACTGGTCTACGAT-1,4
WT90_1_CACGAATTCTCTAGGA-1,5
WT90_1_GTTTGGAAGATGATTG-1,0
WT90_1_TATGTTCCAACGACAG-1,3
WT90_1_GTTTGGAGTAGGAGTC-1,0
WT90_1_TGCGGCAAGCGATGGT-1,5
WT90_1_GAGTTACTCGTTCATT-1,0
WT90_1_CTACCCAGTTGCGGCT-1,0
WT90_1_CTGTAGATCTATTCGT-1,0
WT90_1_GGCAGTCTCATCGCAA-1,3
WT90_1_TACAACGAGAATTGCA-1,3
WT90_1_AAGCGTTGTGACACGA-1,0
WT90_1_CAATTTCGTCATGACT-1,0
WT90_1_ACACAGTAGGAGACCT-1,0
WT90_1_TTCCAATTCTTACGTT-1,3
WT90_1_AGCATCATCCCATACC-1,3
WT90_1_GGTGGCTAGTGGGAAA-1,0
WT90_1_GAAGGACTCAAGAGTA-1,4
WT90_1_AGATGCTGTGATATAG-1,0
WT90_1_TCGTAGACACATGAAA-1,4
WT90_1_CAGGTATGTATCGTAC-1,0
WT90_1_CCACACTCACCTCTGT-1,3
WT90_1_TCGCTCAGTTGGGAAC-1,1
WT90_1_TCATCATTCGGTCTGG-1,4
WT90_1_TGGAGAGCAACGTAAA-1,1
WT90_1_GTGTGATTCCTTCTTC-1,3
WT90_1_CCTCACACAAGCCTGC-1,1
WT90_1_ATGCATGGTACGTTCA-1,0
WT90_1_AGGAGGTTCACATACG-1,3
WT90_1_CGGGTCAAGTAGAGTT-1,3
WT90_1_TAGACTGGTTGTAAAG-1,0
WT90_1_CGGGTGTCAGCGTACC-1,1
WT90_1_CCTCACATCGGAGCAA-1,0
WT90_1_TCTAACTAGGTGAGAA-1,1
WT90_1_TAGAGTCGTCATTCCC-1,0
WT90_1_GTTGTGACATTCTGTT-1,5
WT90_1_GAGTGTTCAATCGAAA-1,4
WT90_1_GGTAATCAGAGTTGCG-1,0
WT90_1_CCACCATTCGGTTAGT-1,1
WT90_1_TTGTGGACAGGGACTA-1,0
WT90_1_TTCGCTGTCGGTCAGC-1,0
WT90_1_GTGGCGTGTACGGTTT-1,0
WT90_1_CGAGGAATCTTCTAAC-1,0
WT90_1_TTCCGTGAGACTTGTC-1,3
WT90_1_TTTCGATGTCGGAACA-1,0
WT90_1_CTCAACCTCTTTGGAG-1,0
WT90_1_GCCGTGATCACCATAG-1,3
WT90_1_ACGATCAGTGTCTAAC-1,4
WT90_1_TTTGGAGGTCCAGCAC-1,0
WT90_1_TTGCGTCCAAGCGCTC-1,0
WT90_1_ACACTGAAGGGCTAAC-1,1
WT90_1_ACTTAGGTCCTGTAGA-1,0
WT90_1_CGTAGTACAGACAATA-1,4
WT90_1_TCTACATTCTGGTGCG-1,1
WT90_1_CTGCATCCACCCTGAG-1,0
WT90_1_GTAGAAAAGCCTATTG-1,4
WT90_1_TGAACGTCAGGTCCCA-1,1
WT90_1_AAACGCTCATCGCTCT-1,4
WT90_1_GGCTTGGGTGTCATCA-1,0
WT90_1_CCTTCAGTCTCGAGTA-1,3
WT90_1_CAACAACAGGGCAGGA-1,3
WT90_1_CGTCCATCAATCTGCA-1,4
WT90_1_GCAGCCATCTCCGAGG-1,0
WT90_1_CTCAGGGTCGTTCTGC-1,4
WT90_1_ACCATTTTCACGTCCT-1,1
WT90_1_AAAGGTATCGTTGTTT-1,4
WT90_1_ATATCCTAGACTTCGT-1,0
WT90_1_TCAAGTGAGACGGAAA-1,3
WT90_1_TACCCACTCGCAATGT-1,3
WT90_1_CTACATTAGTTGGACG-1,1
WT90_1_ACGCACGTCGGTCATA-1,0
WT90_1_TTAATCCAGATGACCG-1,3
WT90_1_CCTCAGTCAAAGTATG-1,0
WT90_1_GTTCCGTAGGTACAGC-1,4
WT90_1_TCGTGGGTCATGCCAA-1,4
WT90_1_TGTACAGGTGCTAGCC-1,3
WT90_1_ATTCACTTCAGCGCGT-1,3
WT90_1_GTCTTTATCGATTGGT-1,0
WT90_1_CTGCGAGTCCTCGCAT-1,0
WT90_1_TGTTCTACATGCACTA-1,0
WT90_1_GGAGAACTCTGAACGT-1,0
WT90_1_TCTTAGTCAGTGTGGA-1,0
WT90_1_TGAGGGATCCTACCAC-1,0
WT90_1_CCACCATTCTCGGCTT-1,1
WT90_1_GGTTAACTCCACGTAA-1,3
WT90_1_CGCATAAAGATGCGAC-1,3
WT90_1_TTCTTCCGTTCCGCAG-1,4
WT90_1_ATGGAGGCATTGACTG-1,3
WT90_1_ATAGGCTGTCATTCCC-1,4
WT90_1_TTGGATGAGGGTGAGG-1,4
WT90_1_ACGGTCGCACTGAGTT-1,3
WT90_1_TCGTGGGGTCATAGTC-1,1
WT90_1_TGTGGCGTCCAAAGGG-1,1
WT90_1_GTGTCCTAGGTATTGA-1,0
WT90_1_GCAACCGCATGCCGAC-1,0
WT90_1_GTCGTAACATCCTATT-1,4
WT90_1_CACAGGCTCACGACTA-1,0
WT90_1_CCGGTGAAGTATGATG-1,0
WT90_1_AGTAGTCCAAGTATCC-1,4
WT90_1_CGTAGTAGTGATGGCA-1,5
WT90_1_GCTTTCGTCCCGTTGT-1,0
WT90_1_GCTCAAACAGATCCAT-1,3
WT90_1_TTGCGTCCACCAGCCA-1,1
WT90_1_CCGGTGAAGGACTTCT-1,0
WT90_1_ACGTCCTTCGTGGCGT-1,0
WT90_1_TGCGATATCATTGTGG-1,4
WT90_1_CGCATGGAGGTATAGT-1,3
WT90_1_TTTCCTCTCTGTCGTC-1,0
WT90_1_ACTGCAATCGGCTGAC-1,0
WT90_1_CAACGATGTAGTGCGA-1,3
WT90_1_TGGTGATGTACAAAGT-1,1
WT90_1_CCTAAGATCTCTCCGA-1,1
WT90_1_GCCGTGACATTAAAGG-1,0
WT90_1_GTGGAAGGTCGTAATC-1,0
WT90_1_CAAGCTACAACGGGTA-1,3
WT90_1_CGTTCTGGTCCACGCA-1,0
WT90_1_CGCATGGTCCTTCTTC-1,3
WT90_1_AGAAGCGTCGGTAACT-1,3
WT90_1_TCATCCGAGCGTCAAG-1,0
WT90_1_TGGAGGACATTGTCGA-1,3
WT90_1_GTTGTCCGTCACTCAA-1,0
WT90_1_ACAGAAAAGTCGCCCA-1,5
WT90_1_TCCCAGTAGGGTCAAC-1,4
WT90_1_AAACGCTTCCGCAACG-1,0
WT90_1_ATACCTTTCAAATGCC-1,0
WT90_1_GCCGTGACAACGCCCA-1,3
WT90_1_AAGTCGTCATGCGTGC-1,1
WT90_1_TGCACGGAGGCTTAGG-1,0
WT90_1_CCCGGAATCATCACAG-1,0
WT90_1_TCTTCCTCATCCGTTC-1,1
WT90_1_CAGTGCGTCCTCTGCA-1,3
WT90_1_ATCCTATCACCAGTAT-1,5
WT90_1_GGGTGTCGTGACAGCA-1,4
WT90_1_AGTTAGCGTGGGATTG-1,0
WT90_1_GGGATGAGTGATAGTA-1,0
WT90_1_ACATGCATCAACTCTT-1,3
WT90_2_GTTCGCTAGATGACAT-1,1
WT90_2_CTGCCATCATCCGGTG-1,3
WT90_2_GCGGAAACAGCTCGGT-1,4
WT90_2_GTCCACTTCGCTAAAC-1,3
WT90_2_TGCTTGCAGTACGTCT-1,4
WT90_2_ACATCCCGTTTCCATT-1,0
WT90_2_ATTCCATCAGCCGGTT-1,4
WT90_2_TTCTTCCCACTGCACG-1,0
WT90_2_CCTCAACGTTCATCGA-1,0
WT90_2_TTACAGGTCGGAGCAA-1,1
WT90_2_GACCCTTTCACCGGGT-1,0
WT90_2_TCACAAGGTATCCTCC-1,1
WT90_2_ACACTGAGTCGGTGAA-1,1
WT90_2_CATTCCGTCCCTAGGG-1,1
WT90_2_ATACCGAGTTATTCCT-1,3
WT90_2_ATATCCTAGTTAACAG-1,0
WT90_2_TTGATGGGTAGAGACC-1,0
WT90_2_TTCTTCCAGCCTCTGG-1,1
WT90_2_TACGCTCCACTGTCCT-1,3
WT90_2_TACCTCGAGACGTCGA-1,1
WT90_2_CTAGACAGTCAGGTAG-1,1
WT90_2_AGGTCTATCAGACATC-1,1
WT90_2_AAGCCATGTCACCGCA-1,4
WT90_2_TCCTCGATCCCATACC-1,4
WT90_2_ATCCTATTCGCACGGT-1,1
WT90_2_TGTTACTAGGATGGCT-1,1
WT90_2_CTCCACATCATAGCAC-1,1
WT90_2_CACTAAGTCGATACTG-1,1
WT90_2_ACCAACATCGATCCAA-1,1
WT90_2_CTGAGCGGTACTGCCG-1,1
WT90_2_GAGTTTGGTGTTCGTA-1,1
WT90_2_TATCAGGCATGGGCAA-1,1
WT90_2_ATGCATGGTCCTTGTC-1,1
WT90_2_ACCACAACACCGGTCA-1,0
WT90_2_CCTAAGATCTCTTCAA-1,3
WT90_2_TGCGGCAGTACAGTAA-1,0
WT90_2_GTGCACGTCGCCACTT-1,4
WT90_2_CGCCATTTCGCATTAG-1,5
WT90_2_ATTCACTAGATGCTGG-1,3
WT90_2_GTACAGTAGACGACTG-1,1
WT90_2_AATGCCACAGGAACCA-1,4
WT90_2_TCAAGACGTAAGTTAG-1,1
WT90_2_AGCTTCCGTCTGATCA-1,0
WT90_2_AGCCAATAGTCACGAG-1,4
WT90_2_TATTTCGAGGAGTATT-1,4
WT90_2_TGTGATGAGCTTCTAG-1,4
WT90_2_ATCGATGAGGTTGGTG-1,4
WT90_2_CCGGACACAGCTGAAG-1,1
WT90_2_AGGAATAAGCGAGTCA-1,3
WT90_2_TTGACCCTCACCGGGT-1,1
WT90_2_ATCGATGCATGGTACT-1,4
WT90_2_TACTTCAAGACCATGG-1,3
WT90_2_AAAGGGCCATCGTGCG-1,4
WT90_2_GCATCTCGTACTGGGA-1,0
WT90_2_CAAAGAATCTAAGCGT-1,0
WT90_2_TGCGATATCTCTGAGA-1,4
WT90_2_AGAGCAGAGTTACGAA-1,0
WT90_2_CAGCACGCATGCGTGC-1,5
WT90_2_ACTTTGTAGCACTGGA-1,0
WT90_2_CTTGAGACATGGGCAA-1,0
WT90_2_TCAGTCCGTTGAGGAC-1,4
WT90_2_TTCCGGTTCGGTGCAC-1,0
WT90_2_TGATGGTCAACAGATA-1,1
WT90_2_GCAGCCAAGAATCTAG-1,0
WT90_2_TCTAACTAGCCACTCG-1,0
WT90_2_TGTAACGGTTCTCACC-1,0
WT90_2_GCCTGTTTCACCATGA-1,0
WT90_2_AGGGCTCTCCGACGGT-1,1
WT90_2_AGGGTGATCTCCTGAC-1,4
WT90_2_GAACGTTTCTTTGCTA-1,4
WT90_2_TATCGCCTCCAAACCA-1,0
WT90_2_ATTGTTCCAAGCACCC-1,1
WT90_2_AAACGAAAGTTAACAG-1,0
WT90_2_GGGACAAAGTATGATG-1,0
WT90_2_AATGGCTAGAAGGTAG-1,3
WT90_2_GGCTTTCAGCAACTCT-1,0
WT90_2_AGATGAATCTGGACCG-1,3
WT90_2_TCCGATCTCGTCTAAG-1,1
WT90_2_AGTTAGCAGGCCGCTT-1,3
WT90_2_TTTCAGTAGGTCTGGA-1,5
WT90_2_CTCCTTTAGTAAGACT-1,0
WT90_2_CCGGTAGCATATCGGT-1,0
WT90_2_AATGGAAGTTACCCTC-1,4
WT90_2_ATTCACTCAGCGACCT-1,3
WT90_2_CATTGAGCACATATCG-1,0
WT90_2_TACTGCCTCCCTCGTA-1,1
WT90_2_TGGGCGTTCATTGCTT-1,1
WT90_2_CCAATTTCATGCCGGT-1,4
WT90_2_ATGTCCCCAAGTGCTT-1,1
WT90_2_ATTACTCTCGTGCGAC-1,3
WT90_2_TGAATGCTCCCTTCCC-1,0
WT90_2_TGCATCCTCTGTCCCA-1,4
WT90_2_TAGACTGCACCCAAGC-1,0
WT90_2_ACGGGTCCACAAGCAG-1,3
WT90_2_CAACGGCCACGGTCTG-1,1
WT90_2_AGTCACACATAACTCG-1,3
WT90_2_ATGGGTTCACCTGTCT-1,3
WT90_2_CCACTTGCATAAGATG-1,3
WT90_2_TGTAGACTCCCGAAAT-1,1
WT90_2_CTTTCAAAGGAGTATT-1,3
WT90_2_AGGACTTGTGACAACG-1,0
WT90_2_CCACGAGAGGGCGAGA-1,0
WT90_2_CTCATTAGTATTCCGA-1,1
WT90_2_TTGGGCGGTCCTCCTA-1,1
WT90_2_GAAGCGAGTCTGCATA-1,0
WT90_2_TACCGGGCAACTAGAA-1,0
WT90_2_GGTAATCAGCGACTGA-1,0
WT90_2_GCCAGCAAGAAACTGT-1,1
WT90_2_TCATTTGTCCGAAGGA-1,0
WT90_2_CACAACACAGCGGATA-1,1
WT90_2_AAGAACACAGATCCTA-1,1
WT90_2_CGTCCATCAGAGTTGG-1,1
WT90_2_AGAACAACAAGCCATT-1,1
WT90_2_TCCAGAACAGCACAAG-1,1
WT90_2_TGACTCCTCAACTGGT-1,0
WT90_2_CTCCAACAGAGACAAG-1,4
WT90_2_CATACTTGTCTCGCGA-1,0
WT90_2_ACGGTCGCACAATGAA-1,0
WT90_2_GAGTTTGTCCTCACTG-1,0
WT90_2_TCTTGCGAGTCCCTAA-1,1
WT90_2_GCCAGTGAGAAGTCCG-1,0
WT90_2_GCAGCTGTCAAAGGAT-1,0
WT90_2_TTGCCTGAGTGTCATC-1,4
WT90_2_TTGGGTACAAACCGGA-1,0
WT90_2_CCCTCAAGTCATCCGG-1,0
WT90_2_GGAGGATGTATGCAAA-1,4
WT90_2_CAACAGTCACGCGCAT-1,1
WT90_2_AGGGTCCCACCCAAGC-1,0
WT90_2_CACTGAAAGTAAACTG-1,0
WT90_2_GATCAGTAGGCATGGT-1,1
WT90_2_TGTTCATTCAGCTCTC-1,0
WT90_2_CTTCTAACAACGCCCA-1,0
WT90_2_TAGTGCACAGATCATC-1,1
WT90_2_ACGTCCTTCACCACAA-1,4
WT90_2_CTTGAGACATTGACAC-1,1
WT90_2_GATGATCCATACGCAT-1,0
WT90_2_AGAGAGCTCCGAAATC-1,0
WT90_2_AGGCCACCAGCTGGTC-1,1
WT90_2_CAGCCAGGTACAATAG-1,1
WT90_2_TTCATGTTCCCGAACG-1,0
WT90_2_AGACAGGCATCCCGTT-1,0
WT90_2_AAAGGTAGTAAGCGGT-1,3
WT90_2_TGTCAGAAGTTGAAAC-1,3
WT90_2_CCTAACCCAACCAACT-1,4
WT90_2_CCACAAAAGTGTAGAT-1,1
WT90_2_CCATCACTCCTCGATC-1,3
WT90_2_TTGGGCGAGACAGCTG-1,3
WT90_2_CGGGCATTCCCTTTGG-1,0
WT90_2_GCCCAGACATGGTGGA-1,0
WT90_2_CTCCTCCGTCCTGTTC-1,0
WT90_2_TAACCAGGTGATCGTT-1,3
WT90_2_AACGAAAAGTTGTCGT-1,3
WT90_2_AACGTCATCCCGATCT-1,3
WT90_2_CAACGGCCAGTAACGG-1,1
WT90_2_GTGGGAATCCGGCTTT-1,4
WT90_2_GTTGTCCGTGCCGTAC-1,0
WT90_2_TTCCAATCAGAATGTA-1,3
WT90_2_TCACATTAGTTCGCAT-1,5
WT90_2_TATGTTCGTTCAAGTC-1,1
WT90_2_TGTTGAGAGATGGCGT-1,4
WT90_2_CGGACACCAGGCTATT-1,3
WT90_2_GACCAATAGATAACGT-1,0
WT90_2_CCACGAGAGAATGTTG-1,0
WT90_2_CTTCCGACACCAATTG-1,0
WT90_2_GCCATGGTCAAAGGAT-1,4
WT90_2_CACGGGTCATCGCTGG-1,4
WT90_2_TCCCATGCATAACAGA-1,0
WT90_2_TGCTCCAAGGTAGCAC-1,0
WT90_2_TTTCGATCAAGGATGC-1,3
WT90_2_ATGATCGAGTTGCTCA-1,1
WT90_2_TCATTACTCATTCTTG-1,0
WT90_2_GGTCACGCATGTGTCA-1,3
WT90_2_TTGGGATTCCACAGCG-1,0
WT90_2_AGTAGCTTCAACTGGT-1,0
WT90_2_TACTGCCGTTAATCGC-1,4
WT90_2_AAAGGTAAGACCTCAT-1,1
WT90_2_CCGTTCACACTGGACC-1,0
WT90_2_ATTGTTCGTTACCTGA-1,3
WT90_2_GCCATTCTCGGCATCG-1,4
WT90_2_CTACCTGAGCGAATGC-1,0
WT90_2_TTGGGTATCGCTCTCA-1,0
WT90_2_TTTGTTGGTGAGTGAC-1,1
WT90_2_TCACGGGGTGGACAGT-1,3
WT90_2_TTGCCTGTCACGTAGT-1,0
WT90_2_TGACTCCGTGACATCT-1,0
WT90_2_TGTGGCGTCTCTATAC-1,3
WT90_2_TAAGCGTCAAGATTGA-1,0
WT90_2_CTGAGCGCATGACAAA-1,4
WT90_2_GTATTGGTCCTCGCAT-1,4
WT90_2_TCTTGCGGTAAGATAC-1,3
WT90_2_TCATGCCAGCAATAGT-1,0
WT90_2_AGAGAATCACGACGTC-1,1
WT90_2_AAGACAAAGTCATGCT-1,3
WT90_2_CATCCCACATGGAATA-1,3
WT90_2_GTAACACTCTTCTGGC-1,3
WT90_2_CGATGCGGTCGAACAG-1,4
WT90_2_GACTCAAAGCCATTGT-1,4
WT90_2_TTGAGTGGTTAAGTCC-1,3
WT90_2_AGCGATTTCCGTGCGA-1,0
WT90_2_GAACGTTAGCAACTCT-1,3
WT90_2_GTGTAACGTTCCGCAG-1,3
WT90_2_CACGTGGCACTGAGTT-1,3
WT90_2_CTTGAGAGTGCAACAG-1,0
WT90_2_ACGATCAAGGTACAAT-1,0
WT90_2_TCTTTGAAGCACTCTA-1,4
WT90_2_TCTGTCGCATAGTCAC-1,1
WT90_2_AGTCTCCGTGGGAGAG-1,0
WT90_2_AGAGCCCTCGCCTCTA-1,3
WT90_2_TAGGTACCAGCGACAA-1,4
WT90_2_TACCGAAAGACCACGA-1,4
WT90_2_CTATCCGTCTGGCCTT-1,0
WT90_2_AGATGCTTCTCACTCG-1,3
WT90_2_GACCGTGGTAAGATCA-1,4
WT90_2_GAAACCTGTGGTCCGT-1,0
WT90_2_CTCCCTCAGCATGCGA-1,4
WT90_2_TGATGGTTCTACGGTA-1,1
WT90_2_AACGGGACAGGAGGTT-1,4
WT90_2_CATGCCTCACAGTGTT-1,1
WT90_2_GGAATGGAGCGCCATC-1,0
WT90_2_TGTCCTGAGTCCGCCA-1,0
WT90_2_AACGTCAGTTCGGACC-1,3
WT90_2_ATCGGATCAGCGTAGA-1,0
WT90_2_TCAGCAAGTCCAGTTA-1,0
WT90_2_TGTCAGAAGCCTGAGA-1,0
WT90_2_GAGACTTCATCATTGG-1,0
WT90_2_TAGGTACCAGAGGCAT-1,0
WT90_2_ATCCATTCACTCCGAG-1,1
WT90_2_TCCTTTCTCCCGAGGT-1,0
WT90_2_GCGTGCACACATGAAA-1,0
WT90_2_GAGTTGTCACTGTTCC-1,3
WT90_2_TTACGCCGTTCGATTG-1,0
WT90_2_AGATCGTCATTCTCCG-1,1
WT90_2_CCATCACTCAGCATTG-1,1
WT90_2_CAGGGCTCAGAGGCTA-1,4
WT90_2_AGCTCAAGTGCCCAGT-1,1
WT90_2_AGTTAGCCATGCAGGA-1,0
WT90_2_CTCCAACCATGTGGCC-1,0
WT90_2_TGGTAGTCATACTGTG-1,0
WT90_2_CTGGTCTCACAGTCAT-1,0
WT90_2_GTCATGATCTAGGAAA-1,0
WT90_2_TCTCCGACATGGAATA-1,1
WT90_2_GAGTTTGTCTCTCAAT-1,4
WT90_2_TTCATGTGTCATCGCG-1,0
WT90_2_CCACAAAAGGAATTAC-1,0
WT90_2_AGGGCTCTCTGTTGGA-1,3
WT90_2_TGAGACTCACAGCATT-1,1
WT90_2_GGAATCTAGTAGTCCT-1,1
WT90_2_AGAGCAGCAGCCGTTG-1,3
WT90_2_AGTTCGACACAAGCAG-1,1
WT90_2_GGCACGTTCCTTGACC-1,0
WT90_2_CTGAGCGCACGCCACA-1,0
WT90_2_AGCGTATAGGGCCCTT-1,0
WT90_2_CTGTCGTCAAAGGTTA-1,1
WT90_2_GTAGTACTCCAGCACG-1,1
WT90_2_TGTCCACTCACAGTGT-1,1
WT90_2_CCGGTGACACCCAATA-1,4
WT90_2_CCGTAGGAGCCTAGGA-1,4
WT90_2_ACCTACCAGAGTTGCG-1,4
WT90_2_GCCCAGAAGCAGGCTA-1,1
WT90_2_TCAAGCAGTCGCATCG-1,0
WT90_2_CGTGCTTCAAATAAGC-1,1
WT90_2_TTTGATCAGATGGTAT-1,0
WT90_2_AACAAAGTCATCTACT-1,0
WT90_2_GTCAAACGTGCCCGTA-1,0
WT90_2_ATTCGTTGTGAGATCG-1,1
WT90_2_GTTGAACGTTCCACGG-1,0
WT90_2_TCTGGCTAGTAAGGGA-1,0
WT90_2_ATTACCTAGGTTACAA-1,1
WT90_2_AGAACCTTCTACGCGG-1,3
WT90_2_TGGGATTGTTGAGTCT-1,4
WT90_2_TTTGACTGTTTAGTCG-1,0
WT90_2_TTTCACACAGATCCTA-1,3
WT90_2_TCTTGCGCAGACACAG-1,0
WT90_2_TCTTAGTCAGACGGAT-1,1
WT90_2_CCGCAAGTCCTCGATC-1,3
WT90_2_TGTTACTGTCCGAAGA-1,0
WT90_2_CATACCCAGAGAACCC-1,0
WT90_2_TCAGGGCCAGGAATCG-1,1
WT90_2_GGGTTTAAGTAATACG-1,4
WT90_2_TTAGGGTTCTAGCCAA-1,4
WT90_2_GAGACTTAGCGATGAC-1,1
WT90_2_GGGACAAGTTGACTAC-1,1
WT90_2_TCTTAGTGTCACTAGT-1,0
WT90_2_GCTTCACGTCGACTGC-1,4
WT90_2_CCTAAGATCTGTCCCA-1,0
WT90_2_CTTCAATTCAAGCCTA-1,0
WT90_2_GTTAGTGAGACTGTTC-1,3
WT90_2_ATTCTTGAGTGTTCCA-1,0
WT90_2_CATCCGTGTATCAAGA-1,4
WT90_2_CTATAGGGTGTGATGG-1,0
WT90_2_TGCGGGTCAATCAGCT-1,4
WT90_2_ACATGCAAGCTACTGT-1,3
WT90_2_CCGTAGGGTGATGTAA-1,0
WT90_2_ACCCAAAAGGGACACT-1,3
WT90_2_ATCACAGCAATTCACG-1,1
WT90_2_GAAGAATTCTTGGCTC-1,3
WT90_2_TCAGCAATCCTGGCTT-1,0
WT90_2_TGACTCCCACTGGATT-1,0
WT90_2_CTCACTGAGGTACATA-1,4
WT90_2_GTCGTAAGTTCTTAGG-1,1
WT90_2_TGCCGAGAGTCAGGGT-1,0
WT90_2_TGGGAAGGTGATTGGG-1,4
WT90_2_TCATGGAAGCGATGCA-1,4
WT90_2_CTGAGCGTCAATCTTC-1,1
WT90_2_ACATTTCTCTAAGCCA-1,0
WT90_2_AAGTTCGAGACCGTTT-1,0
WT90_2_GGATGTTGTTTGGGTT-1,1
WT90_2_TATCAGGCACTCAAGT-1,3
WT90_2_TCTATCAAGCGTGCCT-1,0
WT90_2_AAAGGTACAACCCTAA-1,0
WT90_2_ATGGTTGAGTAGGAAG-1,0
WT90_2_CGCATAATCGCCTATC-1,1
WT90_2_GAATCACCACACCTGG-1,0
WT90_2_AAAGGTAAGAGCCGAT-1,1
WT90_2_GGCAGTCTCAGGACGA-1,3
WT90_2_TACGCTCGTATACAGA-1,1
WT90_2_TTGCGTCTCCTTCAGC-1,0
WT90_2_GTCACGGCACTAAACC-1,0
WT90_2_ATTACTCTCGACATAC-1,0
WT90_2_ATTCCATGTCAACATC-1,3
WT90_2_GTTCATTTCAATCGGT-1,0
WT90_2_CCAAGCGTCTAAGCCA-1,1
WT90_2_TTGAACGTCGGAGATG-1,0
WT90_2_CTCAAGATCTGTCGCT-1,0
WT90_2_TGGAGAGCATGAAGGC-1,4
WT90_2_CGAGTTAAGTTTGTCG-1,4
WT90_2_ACGCACGTCAGCCCAG-1,3
WT90_2_TAGTGCAGTTACGGAG-1,0
WT90_2_TCATTCAAGTCTTCGA-1,1
WT90_2_TCCGATCAGTGTACCT-1,0
WT90_2_GACACGCGTAATTAGG-1,4
WT90_2_GGAATGGGTAACGATA-1,1
WT90_2_CGTCCATGTGAGAGGG-1,0
WT90_2_TTCTGTAAGTCTACCA-1,4
WT90_2_TTCGATTGTCTTCTAT-1,3
WT90_2_GTTACGAGTCGTACAT-1,4
WT90_2_TCCACCAAGACATAAC-1,0
WT90_2_ACTTAGGGTCTTGCGG-1,4
WT90_2_TCCTCGAAGAATAGTC-1,1
WT90_2_GAACGTTAGGGCCTCT-1,0
WT90_2_CGAGTTAGTATACGGG-1,1
WT90_2_CGGAATTTCTTTCGAT-1,0
WT90_2_CGAGGCTCAGCGGTTC-1,3
WT90_2_GATGATCGTAACAGTA-1,4
WT90_2_TCACGGGCAGGGATAC-1,4
WT90_2_TATATCCAGTGCTCGC-1,1
WT90_2_CTCAGAAAGGTTATAG-1,1
WT90_2_GAGGCAATCGGAATGG-1,3
WT90_2_TTGGTTTCATGAATAG-1,4
WT90_2_GCATCTCGTACTGTTG-1,4
WT90_2_GTGAGGAGTTCTGAGT-1,3
WT90_2_GAATCACCACTTGGGC-1,1
WT90_2_TACCGGGCATACAGCT-1,3
WT90_2_TGCTTGCCAGCACACC-1,3
WT90_2_ACGGAAGAGGTACATA-1,4
WT90_2_GTACAGTGTGCAACGA-1,3
WT90_2_TCCTTTCCAGCATACT-1,4
WT90_2_GAGGCCTAGTCAGCCC-1,4
WT90_2_CGAGGAATCTCCAATT-1,4
WT90_2_AGGATAAAGCAACAAT-1,3
WT90_2_CAAAGAATCATCACAG-1,4
WT90_2_TACGCTCGTTCGAAGG-1,1
WT90_2_TACAGGTTCAGTGTCA-1,1
WT90_2_GCTGGGTCAACTGCCG-1,0
WT90_2_CGGGTCATCCACGAAT-1,3
WT90_2_GCTTTCGTCAGACTGT-1,0
WT90_2_CAGTTAGCAGAGTCAG-1,1
WT90_2_GTGTAACAGATAGGGA-1,1
WT90_2_TACAGGTTCAAACGAA-1,1
WT90_2_GAGTCATCAAGACCGA-1,4
WT90_2_TCTTTGATCATTTGGG-1,0
WT90_2_CTGCTCACATGAGGGT-1,0
WT90_2_CGATCGGTCCACGGAC-1,3
WT90_2_ATAGAGAGTACGGGAT-1,1
WT90_2_GATGCTAAGACATCAA-1,0
WT90_2_CTCAGTCCAGATAAAC-1,0
WT90_2_CTCATCGCACTGTGAT-1,3
WT90_2_GTGACGCTCTTGGTGA-1,0
WT90_2_GTCAAACCAGCGTACC-1,3
WT90_2_GCAGCCAGTTCGGTTA-1,0
WT90_2_CTGCCATCAATCGCGC-1,1
WT90_2_CAATACGGTTATGGTC-1,1
WT90_2_AGACTCAGTGATGTAA-1,0
WT90_2_CAAAGAAAGAAGTCCG-1,4
WT90_2_CGGAGAAAGTCGTCTA-1,0
WT90_2_ATAGAGAGTTCGTGCG-1,0
WT90_2_GAGTTGTTCACAGTGT-1,3
WT90_2_AGGGCCTAGAACGTGC-1,3
WT90_2_TGAGTCACAAGTGACG-1,1
WT90_2_ATCGGCGTCTTCGGAA-1,0
WT90_2_GGGTCACGTATCAGGG-1,3
WT90_2_TTGTGGAAGAGGCTGT-1,1
WT90_2_GGGACTCAGGCCATAG-1,4
WT90_2_CTCTCAGAGAGGTATT-1,3
WT90_2_TCAATCTTCAGTGCGC-1,1
WT90_2_TCGGTCTTCAGACTGT-1,3
WT90_2_TTTACCACAAACTGCT-1,3
WT90_2_AATGACCCAGCAGTAG-1,0
WT90_2_CTGCATCGTCCTGGTG-1,1
WT90_2_CATAGACAGCGTCAGA-1,0
WT90_2_GTCATGAAGCGGCTCT-1,4
WT90_2_TGGGAAGGTGTAGTGG-1,1
WT90_2_TACCTGCCAATGGCCC-1,0
WT90_2_CCGTAGGAGCAACAAT-1,3
WT90_2_TGATCTTTCGCCGAGT-1,1
WT90_2_ACACTGAGTCCTGTTC-1,0
WT90_2_GCGATCGAGTCTCGTA-1,1
WT90_2_CATCGGGCAGAGTCAG-1,0
WT90_2_ACGCACGGTACGGCAA-1,1
WT90_2_TTCTAACAGAGCATTA-1,4
WT90_2_GCGTGCATCGGTTAGT-1,1
WT90_2_CCGGGTACAGTCGTTA-1,0
WT90_2_GGAATGGAGAATAACC-1,1
WT90_2_TGACCCTGTTATTCCT-1,0
WT90_2_TGCATCCTCTGATGGT-1,3
WT90_2_CGGACACTCCACGGAC-1,4
WT90_2_GCGGAAACATGGACAG-1,4
WT90_2_TACATTCTCATGAGAA-1,1
WT90_2_TGAGCGCCACAAACGG-1,3
WT90_2_ATTCACTGTGGGCTTC-1,0
WT90_2_TAACTTCGTGAATTAG-1,3
WT90_2_GGTGTTATCGGCATTA-1,1
WT90_2_ACCGTTCGTTATTCCT-1,3
WT90_2_GCACGGTTCTATTCGT-1,4
WT90_2_CCTAAGAAGCGACTGA-1,3
WT90_2_ACTCCCATCGCATAGT-1,0
WT90_2_TATTGCTCACAAAGTA-1,0
WT90_2_CTCAGAATCTACTCAT-1,0
WT90_2_ACCACAACATAAGCGG-1,0
WT90_2_CCTCAGTGTAGATCGG-1,4
WT90_2_GTAAGTCCACTCCTTG-1,4
WT90_2_TTGTTGTAGCTGTACT-1,4
WT90_2_TCATACTCATGTGGTT-1,4
WT90_2_TTTCCTCAGTCAATCC-1,0
WT90_2_GCATCGGTCTCGTTTA-1,1
WT90_2_ATGGTTGAGAGGATCC-1,3
WT90_2_GTTGCGGGTCGCTTGG-1,4
WT90_2_GCGTTTCGTTCAAGTC-1,4
WT90_2_CGCGTGATCGGAATTC-1,3
WT90_2_CAGGCCACAAAGGCGT-1,3
WT90_2_TCAAGCAAGCGTGTCC-1,0
WT90_2_CATACCCAGCGTTCAT-1,0
WT90_2_AAGTACCAGGAGCTGT-1,3
WT90_2_TCCTCTTAGGCCACCT-1,0
WT90_2_GCAGTTATCAAGCGTT-1,0
WT90_2_AATCGACTCTATCACT-1,3
WT90_2_CAGGTATCATCGATAC-1,0
WT90_2_GGCAGTCGTGTACGCC-1,0
WT90_2_CTAACCCGTAGTTCCA-1,1
WT90_2_CCTCACAGTGAGTAAT-1,3
WT90_2_TGATGCATCTTGATTC-1,4
WT90_2_TCTTGCGTCCATAGAC-1,4
WT90_2_GTAATGCTCTCCACTG-1,3
WT90_2_GTTACAGTCATTTCGT-1,1
WT90_2_TCTATACTCAACCTCC-1,4
WT90_2_CTTCCGATCAAATGCC-1,3
WT90_2_AAGCGTTGTCAGGTAG-1,3
WT90_2_GAGAGGTTCTATACTC-1,3
WT90_2_GTCATGAAGGGTGAGG-1,0
WT90_3_CGGTCAGAGAATACAC-1,4
WT90_3_GATTCGAAGGAACGCT-1,4
WT90_3_CTACCCATCGCACGAC-1,0
WT90_3_TTTGGTTAGGGTAGCT-1,4
WT90_3_CCACAAACAGCGATTT-1,3
WT90_3_TCTCACGGTCTACATG-1,4
WT90_3_GCAGCTGAGGGAGGAC-1,3
WT90_3_GAAGAATAGGAACGTC-1,1
WT90_3_TGTGTGAAGAATAACC-1,0
WT90_3_TTGTGTTAGTGGTGAC-1,3
WT90_3_TCATCATTCACCTTAT-1,1
WT90_3_CGAGTTACATACCATG-1,1
WT90_3_CGGGACTGTCCTCATC-1,3
WT90_3_CTGTACCAGGTCGACA-1,0
WT90_3_AATGACCCAATGTCTG-1,3
WT90_3_TGGAACTGTCAGTTTG-1,4
WT90_3_TCCTTCTGTTTACCTT-1,1
WT90_3_CTGTAGATCGTTATCT-1,1
WT90_3_CCTTTGGCAGCTACTA-1,1
WT90_3_TTACTGTCACTAGGCC-1,1
WT90_3_CCCGGAACAAGCTGCC-1,1
WT90_3_GCACATAGTAAGGCTG-1,0
WT90_3_ATTCTTGTCAACTGGT-1,4
WT90_3_TACCGGGTCAAGAATG-1,3
WT90_3_AGACAAACAATATCCG-1,4
WT90_3_AAGTCGTGTCCGGTGT-1,0
WT90_3_TTACGCCCAGCTGTGC-1,1
WT90_3_TAAGTCGAGCGTGAAC-1,0
WT90_3_TAGGAGGGTCTGCGCA-1,1
WT90_3_GGGACTCCAATACCTG-1,1
WT90_3_AGCTACATCATTTGCT-1,5
WT90_3_GGAAGTGAGCGTATGG-1,1
WT90_3_AACCATGAGGTTCATC-1,4
WT90_3_CAGATACGTCACTTCC-1,4
WT90_3_AAATGGAGTGGAACCA-1,5
WT90_3_CGATCGGCATCAACCA-1,4
WT90_3_TGCATGAGTATCGTAC-1,4
WT90_3_TAGATCGGTAATTGGA-1,0
WT90_3_GTTCCGTGTGATACCT-1,1
WT90_3_TGACAGTCAACCACAT-1,0
WT90_3_TTGTTCAGTTATGGTC-1,4
WT90_3_TCCTGCAGTCCGGCAT-1,0
WT90_3_TGCATGACAATTTCTC-1,1
WT90_3_TCCCAGTTCCGGCAAC-1,1
WT90_3_GCCAACGTCCTCACTG-1,0
WT90_3_GGGTTATGTCGCTCGA-1,0
WT90_3_CTCATGCCAGTTTGGT-1,4
WT90_3_TCTGTCGGTCCACATA-1,0
WT90_3_CACTGAAAGGAAAGGT-1,1
WT90_3_AGAAGCGCATCAGCTA-1,0
WT90_3_CGTTAGAAGGCAGCTA-1,1
WT90_3_AGCCAATCATGAATCC-1,1
WT90_3_GATCACAGTTAATCGC-1,1
WT90_3_CTGGTCTGTCCCGTGA-1,0
WT90_3_TTTGATCGTTGTAAAG-1,3
WT90_3_TAATCTCAGGGCCTCT-1,1
WT90_3_GAACACTGTACGATTC-1,3
WT90_3_CTCAGGGCATTCAGCA-1,0
WT90_3_GTAGGTTTCCTCTTTC-1,4
WT90_3_TTAATCCGTGTGATGG-1,1
WT90_3_GATAGCTGTCACCTTC-1,0
WT90_3_TCCACGTTCCCAGCGA-1,0
WT90_3_TCAGTGACAAGCCCAC-1,4
WT90_3_TCATCCGTCTGCGTCT-1,0
WT90_3_GAAGCGAAGCGATTCT-1,0
WT90_3_CTAAGTGGTCGTGGTC-1,1
WT90_3_TTACCGCCATAGTCAC-1,4
WT90_3_TTCGCTGTCTTACGGA-1,1
WT90_3_GAAGAATAGTCACGCC-1,0
WT90_3_CTCCACACATCCGGTG-1,3
WT90_3_TGGGCTGTCCCGAGAC-1,0
WT90_3_TGAGTCATCACCACAA-1,1
WT90_3_GCAGGCTGTAGGTACG-1,3
WT90_3_TCTACCGTCACTGCTC-1,1
WT90_3_CCACCATGTCCGAAGA-1,0
WT90_3_TCTACATAGGCTCTCG-1,3
WT90_3_TCACGGGTCTTACTGT-1,4
WT90_3_ATCCACCAGAAGCTGC-1,3
WT90_3_TGATCAGTCTGAGATC-1,0
WT90_3_CCCTGATCACCGGTCA-1,1
WT90_3_TGAATCGGTGAGATTA-1,3
WT90_3_GGCGTCACAGCACACC-1,1
WT90_3_AGATGAAGTATAATGG-1,3
WT90_3_ACTGATGCAGGAAGTC-1,1
WT90_3_TGCTCGTAGTGAGGTC-1,0
WT90_3_TGACGCGAGGAAAGAC-1,0
WT90_3_CTGTCGTAGCCTCACG-1,4
WT90_3_TGACCCTAGAAGGTAG-1,4
WT90_3_CCTCCAACAGGTTCAT-1,1
WT90_3_AACCAACGTCGCACAC-1,1
WT90_3_TCACGCTCACACCGAC-1,0
WT90_3_AGAAGTATCTCGAACA-1,4
WT90_3_CTGGCAGTCTCATGCC-1,0
WT90_3_GGCTGTGCAAGGTCTT-1,3
WT90_3_TCAATTCGTACCGGCT-1,0
WT90_3_CTCCCTCAGGTACTGG-1,1
WT90_3_TTTCCTCAGTGGACGT-1,0
WT90_3_GTTACCCCAGTTGTCA-1,0
WT90_3_TGAATCGCACACAGCC-1,0
WT90_3_CCGGGTAAGATCCAAA-1,0
WT90_3_AGGACTTCACGGTCTG-1,0
WT90_3_CTTCCTTGTTCAGTAC-1,1
WT90_3_TTCGCTGTCGACGATT-1,0
WT90_3_GAGTCATCACCGTCGA-1,3
WT90_3_ACAGAAACAATCTGCA-1,4
WT90_3_TACCCACGTGGTACAG-1,0
WT90_3_AAGAACACACTCGATA-1,0
WT90_3_CCCTTAGTCGGTTCAA-1,0
WT90_3_AAGCGTTCACTTGTGA-1,1
WT90_3_GTCACTCGTGTTCAGT-1,4
WT90_3_GGTTAACCATGCCGAC-1,1
WT90_3_TGATTTCAGTTGGCTT-1,1
WT90_3_ATGAGGGAGCACTTTG-1,1
WT90_3_TCCTGCACATTGACTG-1,3
WT90_3_TTCACCGCAGGTTCCG-1,0
WT90_3_AGCGCTGCACGTACTA-1,1
WT90_3_AGGAAATCAAACCACT-1,1
WT90_3_TAGACTGCATGTCTAG-1,0
WT90_3_CACTGGGCACCAGCGT-1,0
WT90_3_GTAAGTCAGATCCTAC-1,5
WT90_3_AGGCTGCAGGGTTGCA-1,4
WT90_3_TTCCTCTCAACGTAAA-1,0
WT90_3_TCGCTCAGTTCTGACA-1,0
WT90_3_CATACCCTCACTGTTT-1,1
WT90_3_TCATGCCAGGCGTCCT-1,4
WT90_3_GCCATTCGTCACTCGG-1,0
WT90_3_ACAAAGACACCGTACG-1,3
WT90_3_AGGGCCTGTTCTATCT-1,3
WT90_3_CTCATGCTCGCCCAGA-1,1
WT90_3_TTTCCTCTCCAGCACG-1,0
WT90_3_CTACCTGCACAGTCGC-1,4
WT90_3_CTGTGAACAAAGGCTG-1,1
WT90_3_CCTATCGCACACTTAG-1,1
WT90_3_TGCAGGCCAAGTACCT-1,3
WT90_3_TACTGCCGTAGCACGA-1,4
WT90_3_ATCGCCTAGCCGTAAG-1,0
WT90_3_CTGCTCAGTGCTGTCG-1,3
WT90_3_AGGGTTTCACGACAGA-1,0
WT90_3_CCTTTGGTCAAAGACA-1,0
WT90_3_CGGTCAGAGCAGGGAG-1,0
WT90_3_AGATGCTTCGATTGGT-1,0
WT90_3_GTGCTGGCACAATGAA-1,3
WT90_3_GTCACGGCAGAACTAA-1,1
WT90_3_TCTCCGATCCTACGGG-1,0
WT90_3_ATGACCAGTGCTCTTC-1,4
WT90_3_GAATAGACAATTGGTC-1,4
WT90_3_ACATCGAGTGCTGATT-1,5
WT90_3_AGACAGGAGCAGTACG-1,4
WT90_3_TCATTCAAGAGCCGAT-1,0
WT90_3_TCGGGCAGTACGTGTT-1,1
WT90_3_GGGTGAAGTAAGAACT-1,4
WT90_3_TGAATCGCACCAAAGG-1,1
WT90_3_TGAGGGATCTCACGAA-1,1
WT90_3_TAGGGTTGTGAATAAC-1,1
WT90_3_ACGGGTCAGGCAGTCA-1,4
WT90_3_TGTTCTAAGGAGAATG-1,5
WT90_3_CTGCGAGCAAAGCTCT-1,1
WT90_3_TCACTATTCGTGCGAC-1,4
WT90_3_TACAACGGTGATAGAT-1,0
WT90_3_AGTCAACAGATTACCC-1,3
WT90_3_ATGACCATCCGGTTCT-1,1
WT90_3_GAGTTTGAGTTGGCTT-1,1
WT90_3_GTAGGAGCAGTAACAA-1,4
WT90_3_GGTTCTCCACACTTAG-1,0
WT90_3_CATGCCTGTAATACCC-1,1
WT90_3_TATCTGTTCAGCACCG-1,1
WT90_3_TATCTTGGTGATGAAT-1,0
WT90_3_ATGGAGGGTCTTTATC-1,0
WT90_3_TTGCCTGTCTCTTAAC-1,0
WT90_3_GTAATCGCAGAGTTCT-1,0
WT90_3_GGCTTTCTCACGGAGA-1,0
WT90_3_ATAGAGAAGAGCTGCA-1,4
WT90_3_GTATTGGGTTGCCAAT-1,1
WT90_3_CGAAGGACAGGTGGAT-1,3
WT90_3_GTAGAAATCATTCCTA-1,1
WT90_3_GGGATGAAGGTAGACC-1,0
WT90_3_CGCATGGAGGCCCACT-1,1
WT90_3_AAGTACCCAACAGTGG-1,1
WT90_3_ATTACCTGTTCCCACT-1,0
WT90_3_GGAGGTAAGTATTCCG-1,5
WT90_3_TGAGTCAGTCGTGTTA-1,1
WT90_3_CGAATTGCACGCGCTA-1,1
WT90_3_TCCTTCTAGGACTGGT-1,4
WT90_3_AAACGCTTCCATTTAC-1,3
WT90_3_TTCCTAACATTGAAGA-1,1
WT90_3_GTTGTAGTCTGTCGCT-1,0
WT90_3_CAAGAGGAGGTATAGT-1,1
WT90_3_TTACAGGCAAAGACGC-1,4
WT90_3_TAGTGCAGTACAGTCT-1,0
WT90_3_CATTCCGGTTATCCAG-1,4
WT90_3_AGGCTGCCACACACGC-1,4
WT90_3_TATCAGGGTGAGTTGG-1,0
WT90_3_CTCTGGTAGTTCCGGC-1,1
WT90_3_CTCGAGGCACACTGGC-1,1
WT90_3_GTAGAAACACTATCGA-1,3
WT90_3_CATGCTCTCCCGTTCA-1,1
WT90_3_GAAGGACAGTAGCATA-1,4
WT90_3_GAAGGACTCGAAGGAC-1,3
WT90_3_AGAACAAAGGCTAGCA-1,0
WT90_3_TACACCCCACTGTGTA-1,3
WT90_3_TATGTTCCATGATCTG-1,0
WT90_3_CAGGCCACACTGTCCT-1,3
WT90_3_ATGTCTTAGGACGCAT-1,4
WT90_3_ATGAAAGCACAAATGA-1,0
WT90_3_AGTACTGCATCCCACT-1,5
WT90_3_CTGCATCAGCGCGTTC-1,3
WT90_3_TGGGCTGGTTCAGGTT-1,1
WT90_3_CCTGTTGGTTTCCAAG-1,0
WT90_3_AATGGAACAGGAACCA-1,1
WT90_3_TGCAGTAAGTCGCCAC-1,0
WT90_3_TGATCAGAGTTCTACG-1,1
WT90_3_AGGTCTATCGTAACTG-1,1
WT90_3_ATGTCTTGTATCTTCT-1,1
WT90_3_TTCCGTGCAACGGCTC-1,3
WT90_3_TCCTTTCCACACCTGG-1,3
WT90_3_TCCTCGATCGGTAAGG-1,0
WT90_3_GAATAGATCGCGTAGC-1,0
WT90_3_ATTACTCTCGGTAAGG-1,3
WT90_3_GACTCAATCACTTGTT-1,4
WT90_3_GACTGATGTACGATTC-1,0
WT90_3_ATTTCACGTCCTTGTC-1,1
WT90_3_ATTCCATTCAAGGAGC-1,1
WT90_3_CGGGTCACACAATGTC-1,1
WT90_3_GAGACCCCAGGCTTGC-1,0
WT90_3_GGGTATTAGGTGCAGT-1,3
WT90_3_CCAATGAAGCGTGAAC-1,4
WT90_3_CCTCTAGGTTAAACCC-1,3
WT90_3_TACCGGGAGCGAGTAC-1,5
WT90_3_CCTTCAGGTTAAACAG-1,1
WT90_3_CATCGTCTCGCCAGAC-1,3
WT90_3_CTGTAGACACAGTCGC-1,4
WT90_3_CTTTCGGAGCCACCGT-1,4
WT90_3_CTCAAGACAGCTGTGC-1,3
WT90_3_AGCCAATGTGGCTAGA-1,4
WT90_3_TGTAACGTCTGTGCTC-1,0
WT90_3_CTCAACCCACAGTCAT-1,3
WT90_3_GCAGCTGAGGTAGCAC-1,1
WT90_3_GTACAGTTCTCCTGTG-1,1
WT90_3_GTGGAGATCTTCCACG-1,0
WT90_3_TGTGCGGCAGCGCGTT-1,0
WT90_3_TTGGGCGAGGAACGCT-1,0
WT90_3_ACTATCTAGGTCCTGC-1,0
WT90_3_ATGATCGTCCCATTCG-1,1
WT90_3_TTACCATTCTCATTAC-1,4
WT90_3_ATGCGATGTGTAGCAG-1,3
WT90_3_TAACCAGAGGAATGTT-1,1
WT90_3_ATTCAGGAGATTGCGG-1,1
WT90_3_AAAGTGACATCTCAAG-1,3
WT90_3_CATCCACTCTGTGTGA-1,1
WT90_3_GCTGGGTGTAAGGTCG-1,1
WT90_3_CCAATTTTCAAGTGGG-1,0
WT90_3_GGGTATTCAGAGACTG-1,1
WT90_3_ACCACAAAGAAACTGT-1,1
WT90_3_TGCATCCCAAGAGTTA-1,4
WT90_3_TGTTCCGGTCAGTCGC-1,0
WT90_3_TCGGGTGGTGGAGGTT-1,0
WT90_3_AGATCCAGTCGTCATA-1,3
WT90_3_CTGTATTCACCTCTGT-1,0
WT90_3_TTGCTGCAGCTGACCC-1,4
WT90_3_AAACGAAAGTCATCCA-1,0
WT90_3_CTGGTCTTCAAGGAGC-1,0
WT90_3_TGGAGGAGTACGTGAG-1,0
WT90_3_GCATCTCAGGTGAGAA-1,0
WT90_3_ACATCGAGTGTATCCA-1,3
WT90_3_GATGATCAGCTGACAG-1,0
WT90_3_TGTGCGGAGCCTGGAA-1,1
WT90_3_CTCCTCCAGCCTCAGC-1,0
WT90_3_GCGTGCACAGTGGCTC-1,0
WT90_3_CTATAGGTCTACTATC-1,4
WT90_3_ACCACAAGTTCTCAGA-1,4
WT90_3_AAAGGTACACCGGAAA-1,3
WT90_3_AAGCCATCATGCTGCG-1,1
WT90_3_ACTATTCCATCTGTTT-1,0
WT90_3_TTACAGGCAGGCTACC-1,1
WT90_3_CCCTGATTCAAAGAAC-1,1
WT90_3_TTCGATTAGAATTTGG-1,0
WT90_3_TTTACCAGTGGCAGAT-1,4
WT90_3_TGACCCTCACGCGCAT-1,4
WT90_3_GAGTTTGGTTATAGAG-1,0
WT90_3_GCCATGGCATCCCGTT-1,3
WT90_3_GTGGAGATCCGTGACG-1,3
WT90_3_TACTTCATCTACGCAA-1,4
WT90_3_ACCTGAACATAAGCGG-1,0
WT90_3_CACTGTCTCTATGTGG-1,1
WT90_3_TCATGCCAGTGCGTCC-1,0
WT90_3_CTGTGAAAGAATAACC-1,3
WT90_3_GAGTCTAGTTAACCTG-1,4
WT90_3_AGAAATGAGAGGACTC-1,4
WT90_3_ACCGTTCCAGACGCTC-1,1
WT90_3_GGTAATCGTACCTATG-1,0
WT90_3_TGGGCTGTCTAGACCA-1,1
WT90_3_GTAACACTCTCGACGG-1,0
WT90_3_TGCTCCAGTAAGACCG-1,0
WT90_3_GGTAACTGTACCGTGC-1,1
WT90_3_CTCTCGATCCGTGGTG-1,3
WT90_3_ATGAAAGGTCCACAGC-1,1
WT90_3_CGTGCTTCACGCACCA-1,1
WT90_3_CATAGACCAGATTCGT-1,0
WT90_3_GAACGTTCACTGGCGT-1,4
WT90_3_GACAGCCTCACTTTGT-1,4
WT90_3_CCGCAAGGTGACTCGC-1,0
WT90_3_ATCGTGAAGTCGAATA-1,0
WT90_3_AGGAAATAGTGTACAA-1,0
WT90_3_AGAAGCGAGGACTGGT-1,0
WT90_3_GCATTAGCATCCTTGC-1,4
WT90_3_GTTCTATAGCGTACAG-1,3
WT90_3_GTGACGCGTTGTGGAG-1,4
WT90_3_CGTAATGTCGGAGATG-1,5
WT90_3_CAACCTCAGATTAGCA-1,0
WT90_3_TCCATCGCATTGCCGG-1,0
WT90_3_GTGATGTGTCTTTCTA-1,0
WT90_3_GTTACCCGTACTGCGC-1,1
WT90_3_GTCTGTCAGTATGGAT-1,0
WT90_3_ATGATCGCACTAGGCC-1,0
WT90_3_TGAACGTGTCGGTGTC-1,0
WT90_3_CGATGGCTCAAAGACA-1,3
WT90_3_TATGTTCAGCGCAATG-1,3
WT90_3_CTTCCGATCCTGTTAT-1,3
WT90_3_CCCTCTCCAGGATGAC-1,3
WT90_3_ACCAAACCACTATCCC-1,4
WT90_3_GTCATGACACGGCCAT-1,4
WT90_3_TCGACCTAGAATTGCA-1,0
WT90_3_GGTTGTACACGACAAG-1,1
WT90_3_AGGCATTTCCTACCGT-1,4
WT90_3_ATAGACCGTAACAAGT-1,4
WT90_3_AGGTCTATCCATATGG-1,0
WT90_3_CCACAAATCGGTCGGT-1,1
WT90_3_GCAGTTAGTTGGCCGT-1,0
WT90_3_CTATAGGGTCCACGCA-1,1
WT90_3_TATTGCTAGTCTTCGA-1,4
WT90_3_CACGTGGGTGTCCACG-1,1
WT90_3_TTCCTAACAGCTGCCA-1,0
WT90_3_ACCACAATCGGCACTG-1,1
WT90_3_TTTCAGTGTTGCCATA-1,4
WT90_3_TTCTAGTGTAACACCT-1,0
WT90_3_GCTGAATCATGAAGGC-1,0
WT90_3_CGAGGCTGTCTTTCTA-1,0
WT90_3_AATTTCCAGATGCGAC-1,0
WT90_3_CTAGACACAAGGCAAC-1,0
WT90_3_AGGGAGTCATCGATGT-1,1
WT90_3_GTAGTACCAGTTGAAA-1,4
WT90_3_GATTGGTTCCATATGG-1,3
WT90_3_TAAGCGTGTGCCCGTA-1,3
WT90_3_AGACAGGGTGTTACTG-1,0
WT90_3_TTCCAATAGGTGAGAA-1,0
WT90_3_GGCTTGGTCGTTCCCA-1,4
WT90_3_CAGATACGTGAGACCA-1,1
WT90_3_CCGGTGACATTGGATC-1,3
WT90_3_TTCACGCCATGGAAGC-1,0
WT90_3_GAACTGTGTGCCAAGA-1,3
WT90_3_TCAGCAAGTCTTGGTA-1,1
WT90_3_GTACAGTTCGAGCCTG-1,3
WT90_3_CTACTATTCGGCTATA-1,0
WT90_3_TGTCCTGCAAATGAGT-1,0
WT90_3_CTTGAGAAGGCTGAAC-1,0
WT90_3_AGCTACAGTCACGCTG-1,4
WT90_3_ACTTTGTTCTAACGGT-1,0
WT90_3_AAACCCATCGTCGGGT-1,0
WT90_3_CAAAGAATCCTAAGTG-1,4
WT90_3_TACGGTAAGGACGCAT-1,0
WT90_3_AGGTCATAGCTGTCCG-1,0
WT90_3_CTGCATCGTCAGACTT-1,3
WT90_3_CATAAGCAGATAGCTA-1,0
WT90_3_TTCAATCTCCCGAACG-1,0
WT90_3_TCTGTCGTCTGCCTCA-1,0
WT90_3_TTGTTTGTCCCTCTCC-1,5
WT90_3_AGACAAATCCTGGGAC-1,1
WT90_3_TGACAGTAGAATCTAG-1,3
WT90_3_GTGCTGGTCGAGTGAG-1,5
WT90_3_CACTGAAAGCTTAAGA-1,5
WT90_3_CGTAGTAGTCTAGGCC-1,3
WT90_3_AAGCATCCAAATTGCC-1,1
WT90_3_CACGTGGGTACGGGAT-1,1
WT90_3_GTCACTCGTCAAAGTA-1,4
WT90_3_TCATTACTCTGGTCAA-1,1
WT90_3_GGGCCATTCGCATGAT-1,3
WT90_3_AGTGATCAGCGGGTAT-1,0
WT90_3_GCGGATCAGTGTACAA-1,0
WT90_3_CGTCCATAGTCCCGGT-1,4
WT90_3_GGGTGTCCAATGTTGC-1,0
WT90_3_TAATCTCTCTGAGGTT-1,3
WT90_3_CTCAACCTCCGAGTGC-1,3
WT90_3_GCAACCGAGAGACAAG-1,0
WT90_3_AGGACTTTCTATTCGT-1,4
WT90_3_CCCATTGCAACCCTAA-1,0
WT90_3_GGGTTATCAAGATCCT-1,3
WT90_3_GGGACCTGTGTTGATC-1,0
WT90_3_ATCGTAGTCAGACCGC-1,3
WT90_3_GCCCAGAAGGGCGAAG-1,3
WT90_3_ACTTCGCGTGCCGGTT-1,0
WT90_3_GGCTTTCTCAGATTGC-1,1
WT90_3_CACATGATCGCCATAA-1,0
WT90_3_ACTCTCGAGAGGGTCT-1,3
WT90_3_AGGCATTAGGTTGGTG-1,5
WT90_3_TTGGATGGTGTCATGT-1,0
WT90_3_TTTGACTAGATAGGGA-1,4
WT90_3_CACAGATAGTTGCGCC-1,3
WT90_3_AGTTAGCGTTGCATCA-1,4
WT90_3_AGCTTCCAGACTTCGT-1,4
WT90_3_GTGCAGCAGAGGATGA-1,1
WT90_3_CATTCTAAGCTCAGAG-1,0
WT90_3_CAGTGCGCACCTCTGT-1,3
WT90_3_CGGACACCATAGTCGT-1,3
WT90_3_CAGTTAGTCCTGGGTG-1,1
WT90_3_CAGCAGCTCCTCACCA-1,0
WT90_3_GCCAGCATCAGTGTTG-1,0
WT90_3_CTGGCAGGTTCTGAGT-1,3
WT90_3_GTCATGAAGACCCTTA-1,0
WT90_3_GAACACTAGTTGCTGT-1,1
WT90_3_GCAGTTATCACCATAG-1,4
WT90_3_TGCTTCGTCTGGGCGT-1,0
WT90_3_ATCGTGATCACTCTTA-1,0
WT90_3_GTGGCGTAGTCTGGTT-1,3
WT90_3_CATGCGGAGGACCCAA-1,0
WT90_3_CCACGAGTCGCGTTTC-1,1
WT90_3_ACAAGCTGTAGAATGT-1,3
WT90_3_AGATGAAGTATGCTAC-1,1
WT90_3_GGCTTTCCATGGGTTT-1,3
WT90_3_GATGAGGGTTATGGTC-1,4
WT90_3_ATCATTCCAGGAAGTC-1,0
WT90_3_TGATCTTGTGTTTGCA-1,1
WT90_3_TGACTCCGTCGTTGCG-1,0
WT90_3_TAGATCGAGGATGAGA-1,1
WT90_3_GGTGTTATCGAGCACC-1,3
WT90_3_TGGGTTACACGTCTCT-1,3
WT90_3_TCACTATGTAGTCCTA-1,0
WT90_3_AGACACTTCAGCAATC-1,3
WT90_3_CGGAATTTCCATATGG-1,0
WT90_3_GAGCTGCTCTCGTTTA-1,4
WT90_3_GACTCTCGTGCAAGAC-1,0
WT90_3_TTGAGTGGTCACTACA-1,3
WT90_3_AGAAGTACACATACTG-1,0
WT90_3_GTAGGAGTCATTGCGA-1,3
WT90_3_CGCATGGAGTCTTCGA-1,4
WT90_3_GATGAGGCATGTGTCA-1,0
WT90_3_TCACGCTTCTATTGTC-1,1
WT90_3_TCTTGCGTCCGCAAAT-1,1
WT90_3_TTCGATTTCCAATCCC-1,4
WT90_3_GCTTTCGAGTCTACCA-1,0
WT90_3_TGTTGAGTCGAGAGAC-1,3
WT90_3_CTAGACAAGTGAGTGC-1,3
WT90_3_CCTCAACTCGTTATCT-1,3
WT90_3_CAGATTGTCGTCACCT-1,4
WT90_3_ACTTATCAGTTTCGGT-1,0
WT90_3_CGTAGTATCAGCCTTC-1,1
WT90_3_GATAGCTGTCCAAGAG-1,0
WT90_3_TGTCCACCAGCTTTCC-1,0
WT90_3_GGGAGTATCGAAGCAG-1,0
WT90_3_CAAAGAATCACCCATC-1,4
WT90_3_CGCATAACAGGCTTGC-1,0
WT90_3_TCTATACGTTCCGCTT-1,3
WT90_3_GATGAGGAGCTTTGTG-1,0
WT90_3_ACGATGTAGATGACAT-1,3
WT90_3_CATCCGTCAAAGGCGT-1,3
WT90_3_CCGGTAGCACTGTTCC-1,3
WT90_3_CTCACTGTCGTTGTGA-1,0
WT90_3_TATTGCTGTCCGTACG-1,3
WT90_3_AATCACGTCATGAGTC-1,0
WT90_3_ATTTCTGTCACCGACG-1,1
WT90_3_AGGACTTCAATTGGTC-1,1
WT90_3_GTCATCCTCGCCTCTA-1,0
WT90_3_GGAGCAAGTTGTTGTG-1,0
WT90_3_TATCCTATCTGGGTCG-1,3
WT90_3_AGGCTGCGTCGCACAC-1,0
WT90_3_AGTGCCGAGACTAGAT-1,1
WT90_3_TCTGCCAAGATGAACT-1,1
WT90_3_GGTAGAGCAACGAGGT-1,1
WT90_3_AACGGGATCAGAGTGG-1,3
WT90_3_CATGCCTGTACCATAC-1,1
WT90_3_GCCATGGTCACGAGGA-1,0
WT90_3_TTCGCTGGTCTCTCAC-1,3
WT90_3_TGGTTAGGTAGGACCA-1,0
WT90_3_TGAGCATAGCATGCGA-1,1
WT90_3_ATGCATGTCGAAACAA-1,4
WT90_3_CGGAACCGTATTGGCT-1,0
WT90_3_TGGAGGAAGCATGATA-1,1
WT90_3_GTTACAGCAAACTCTG-1,3
WT90_3_GTCCTCAGTGCGAGTA-1,1
WT90_3_GGGTTATAGACGGTTG-1,3
WT90_3_TCTAACTTCTACGGTA-1,4
WT90_3_ATCATTCCATAACAGA-1,0
WT90_3_TGTGGCGTCGAACCAT-1,0
WT90_3_ATTGGGTTCGCTGACG-1,1
WT90_3_CGTCCATGTACAGGTG-1,1
WT90_3_GCGAGAAAGGCTGGAT-1,0
WT90_3_ACACGCGGTCGGTACC-1,0
WT90_3_CACGAATCATTCACCC-1,0
WT90_3_TCAGTTTGTCTCAAGT-1,4
WT90_3_GCTACCTTCCCGTGTT-1,0
WT90_3_CAGCAGCTCTGGACCG-1,1
WT90_3_CCTCCTCCATGAAGGC-1,0
WT90_3_AACAGGGGTGCATGAG-1,1
WT90_3_TAGACTGAGGTGCCAA-1,0
WT90_3_CTATCCGAGAGCAGTC-1,3
WT90_3_ATACTTCGTCAATGGG-1,3
WT90_3_AGTCAACTCACGGTCG-1,0
WT90_3_TAACACGGTAACGGTG-1,1
WT90_3_GATGATCTCCGTGGTG-1,4
WT90_3_TGACGCGTCATACGAC-1,4
WT90_3_GTCGAATCACATAGCT-1,1
WT90_3_GGACGTCGTAACCCGC-1,3
WT90_3_AGTCAACTCCATACAG-1,1
WT90_3_GGAATGGTCTGTGCTC-1,3
WT90_3_TACTTGTCAAATTGCC-1,0
WT90_3_ATAGGCTTCTCCGAGG-1,0
WT90_3_GTGTTAGTCATTGCTT-1,4
WT90_3_TTTGACTAGGCCTAGA-1,4
WT90_3_TGGTTAGCACCCAATA-1,0
WT90_3_TCGTAGACACTTGAAC-1,3
WT90_3_CCGTTCATCATTGCGA-1,4
WT90_3_GTAAGTCAGGGCATGT-1,0
WT90_3_ACTTTCAAGAGTGACC-1,3
WT90_3_TGACTCCTCCTCAGGG-1,4
WT90_3_CGCATGGAGCCTCGTG-1,1
WT90_3_TATTGCTTCTTCGTAT-1,0
WT90_3_CACAGATAGAGGTATT-1,1
WT90_3_GGCGTCACACTCCGAG-1,1
WT90_3_GATTTCTCAGGTTACT-1,4
WT90_3_AAAGGATAGTGGGAAA-1,0
WT90_3_AGATCGTGTACCGGAA-1,0
WT90_3_GTAGAAAAGACGAAGA-1,0
WT90_3_CGGAATTAGCTAGATA-1,0
WT90_3_TCTACCGTCACGGAGA-1,1
WT90_3_TGATGGTGTTTGGGTT-1,3
WT90_3_TTGTTCAAGGGCAGGA-1,3
WT90_3_TGTAGACTCCCATTTA-1,0
WT90_3_AAGCATCGTACGCGTC-1,1
WT90_3_GTATTTCAGCTACAAA-1,3
WT90_3_GGAACCCGTACATTGC-1,4
WT90_3_TCCGATCGTCGAACAG-1,3
WT90_3_CGTGAATCACGCGCTA-1,3
WT90_3_TACCGAAAGCCGGAAT-1,0
WT90_3_AGACCCGCACGGCACT-1,3
WT90_3_CCTCTAGTCTTTCCAA-1,4
WT90_3_CACACAAGTCCATCTC-1,3
WT90_3_TTTCAGTCAGGTCAGA-1,3
WT90_3_ACATCCCAGGAGAGGC-1,0
WT90_3_GTGGAGATCTGTGCAA-1,1
WT90_3_GGAATGGGTCTTGAGT-1,3
WT90_3_GGTTCTCGTTTGGAAA-1,3
WT90_3_ACAGCCGTCTCTGACC-1,3
WT90_3_GTAACCAAGCGACAGT-1,3
WT90_3_GAGTCTAAGATGGCAC-1,0
WT90_3_CAATCGATCGATAACC-1,3
WT90_3_CTACGGGTCGGATTAC-1,0
WT90_3_ACGCACGTCGGTGTTA-1,3
WT90_3_GGGAGTAAGAAATTGC-1,1
WT90_3_TCATCCGTCGCAACAT-1,1
WT90_3_ACTATCTAGACGTCGA-1,0
WT90_3_GTCTAGATCGCGTGAC-1,4
WT90_3_CTCTCGAGTGTCACAT-1,3
WT90_3_TGTTGAGAGCTGACTT-1,3
WT90_3_GACTCTCAGAATTCAG-1,0
WT90_3_GAGTTTGAGAGAGTGA-1,3
WT90_3_TCGACGGGTGATTCAC-1,4
WT90_3_CATGCGGCATCTTAGG-1,1
WT90_3_AGGACGATCATTCGTT-1,0
WT90_3_GGGTTTATCCTACGAA-1,0
WT90_3_TTTGATCCAGTAACGG-1,1
WT90_3_TGTTCTACAGCTGCCA-1,0
WT90_3_CGAGAAGTCCAAGCTA-1,0
WT90_3_AAATGGAAGACTTCAC-1,0
WT90_3_TACGGTACAGTTGGTT-1,3
WT90_3_CCGTTCACACGACGTC-1,0
WT90_3_GTGTCCTAGGTTACAA-1,4
WT90_3_CACAGGCAGTAGACCG-1,1
WT90_3_CCTTCAGTCTATTTCG-1,1
WT90_3_GGAATGGTCTGCTTTA-1,0
WT90_3_TCTCTGGAGAAGTGTT-1,5
WT90_3_TCTGTCGAGGGAGAAT-1,0
WT90_3_TCACGCTTCCAAGGGA-1,0
WT90_3_ATCGGATCAACTAGAA-1,1
WT90_3_CTGTATTAGATCCCGC-1,0
WT90_3_GTCCCATGTAGGTACG-1,0
WT90_4_AAACGCTCACTATGTG-1,0
WT90_4_AGGTTACGTGTTCAGT-1,1
WT90_4_TGAGCATCACGCGGTT-1,3
WT90_4_CCTCCAACATCCTTCG-1,0
WT90_4_CCCTAACCAAATGAAC-1,4
WT90_4_TTGGATGAGGCAATGC-1,0
WT90_4_AAACGAAAGCTCTTCC-1,1
WT90_4_GACCAATTCTATCGCC-1,1
WT90_4_GGGACCTCATGGGTTT-1,1
WT90_4_AGGTCTACATTGCCTC-1,1
WT90_4_AACGAAAAGTCACTGT-1,4
WT90_4_TCTCACGAGTTGAAAC-1,0
WT90_4_GATGACTCAACACTAC-1,0
WT90_4_GATAGCTAGACGGATC-1,3
WT90_4_TATTTCGTCTTAGTTC-1,4
WT90_4_TCCTGCAAGTAATCCC-1,1
WT90_4_CTCCTCCGTGGATGAC-1,1
WT90_4_TGTTGGAAGGTGCTAG-1,3
WT90_4_AGCGCCATCAGGAGAC-1,1
WT90_4_GTGAGTTCACGTATAC-1,1
WT90_4_GAACTGTGTCAAAGAT-1,1
WT90_4_TCTGGCTGTGTCCTAA-1,4
WT90_4_TAGGTTGCACGACGAA-1,3
WT90_4_CAGTTAGAGTATGCAA-1,3
WT90_4_GATGAGGTCTGCTAGA-1,1
WT90_4_TTCTAACCACTACCGG-1,1
WT90_4_TGGTACAGTAGCTAAA-1,1
WT90_4_CAAGGGACAACTGGTT-1,0
WT90_4_GCCTGTTAGCACTCGC-1,3
WT90_4_TCGCTCAGTTGCTAGT-1,4
WT90_4_AAAGTCCGTGGGACAT-1,0
WT90_4_AGTCTCCAGTAGGGTC-1,0
WT90_4_AGCTCAAGTAACTGCT-1,5
WT90_4_TCAGTTTTCCCGAATA-1,0
WT90_4_CATCCGTTCACAACCA-1,0
WT90_4_GGGAGTACAGACGCTC-1,0
WT90_4_TTGCATTGTTGCAAGG-1,1
WT90_4_TCTCCGATCCCTCTAG-1,4
WT90_4_TCGCACTAGTGCCGAA-1,1
WT90_4_GTCGAATTCTGGGTCG-1,0
WT90_4_ATACCGAAGACGGAAA-1,1
WT90_4_TGTTTGTGTCAAAGCG-1,3
WT90_4_ACCCAAATCCCTAGGG-1,1
WT90_4_TCCCATGCATCGAAGG-1,3
WT90_4_GCTTTCGCACTGGAAG-1,1
WT90_4_AAAGGGCGTTGGATCT-1,4
WT90_4_TCGGTCTGTAGCGTAG-1,1
WT90_4_CGAGTTATCATAGAGA-1,1
WT90_4_ACTATGGTCTCCGAAA-1,1
WT90_4_CCGGTAGCAGTTTCGA-1,0
WT90_4_CGGAATTTCCAGCTCT-1,3
WT90_4_GGAATGGCAGAGACTG-1,1
WT90_4_AGGGTTTAGTCATGAA-1,3
WT90_4_CGAAGGAGTTGCGGAA-1,1
WT90_4_TGGTGATTCCGATAGT-1,0
WT90_4_AAACGAACACTACCCT-1,0
WT90_4_TTGGGTAAGATAACAC-1,1
WT90_4_TCTCCGACATCGAGCC-1,0
WT90_4_ATGCATGGTTACCTGA-1,1
WT90_4_GGGCTCATCCCGTAAA-1,1
WT90_4_GCGAGAAAGGTGGCTA-1,0
WT90_4_CTCCCAAAGGGTACAC-1,1
WT90_4_GAAGCGACACAGAGAC-1,1
WT90_4_CCCAACTGTCCACGCA-1,4
WT90_4_TCAAGCAAGGTACAAT-1,0
WT90_4_TCAGCCTCACTGCGAC-1,1
WT90_4_ATAGACCAGCTGAGTG-1,1
WT90_4_CCCGAAGAGGAGTACC-1,1
WT90_4_GAGGGTATCCCTCTAG-1,4
WT90_4_GAAGGGTTCGACCAAT-1,0
WT90_4_GATAGAACACTCCCTA-1,4
WT90_4_GACTCAAGTTCTATCT-1,1
WT90_4_TTAGTCTAGCGGGTAT-1,0
WT90_4_TCCTCTTAGCTATCTG-1,0
WT90_4_ATTATCCAGTGGCAGT-1,4
WT90_4_CATTCTATCTTGGAAC-1,3
WT90_4_AGAGAGCAGCTGACTT-1,0
WT90_4_ACATGCAAGCTGGCTC-1,0
WT90_4_TTCCTAACATCTCAAG-1,0
WT90_4_ACCGTTCTCTTACGTT-1,1
WT90_4_TGAACGTTCATAGCAC-1,3
WT90_4_GTTACCCCACCTCTGT-1,0
WT90_4_CACAGGCAGCCAGAGT-1,1
WT90_4_TTCTTCCAGTTGCCCG-1,4
WT90_4_AATTTCCGTCTGTTAG-1,0
WT90_4_AACGGGAGTCGTACAT-1,3
WT90_4_TACGCTCAGTTACGAA-1,0
WT90_4_ACATCGACAGGCTACC-1,4
WT90_4_TCTACATCAAACTAAG-1,0
WT90_4_TCAATCTTCTCTGAGA-1,1
WT90_4_AGAAGTAAGGGTTGCA-1,4
WT90_4_CTATCCGAGGATAATC-1,1
WT90_4_GTTATGGAGCCGTAAG-1,0
WT90_4_AAAGGATGTGCGTTTA-1,0
WT90_4_AGACCCGCAGCCCACA-1,3
WT90_4_GGGTGTCAGCGCACAA-1,1
WT90_4_ACCACAATCCTACTGC-1,0
WT90_4_ATCCACCAGCAAGCCA-1,4
WT90_4_GATCAGTTCTGTGTGA-1,4
WT90_4_TTGACCCAGAGTCAAT-1,0
WT90_4_AGATGCTTCCTGGGTG-1,1
WT90_4_CGGCAGTCAGAGTGTG-1,1
WT90_4_TTTGGAGGTAGATCCT-1,0
WT90_4_AGGGAGTAGACGGATC-1,4
WT90_4_GAGCCTGTCACAACCA-1,4
WT90_4_AATTTCCAGCATAGGC-1,3
WT90_4_AGTTCCCAGACCCTTA-1,0
WT90_4_TTCCTCTCAGATTCGT-1,1
WT90_4_CGGGTGTAGCCTTGAT-1,3
WT90_4_CTGCCTACACAATGAA-1,4
WT90_4_AGTGCCGAGACTTCAC-1,0
WT90_4_AGATCCACATATACCG-1,4
WT90_4_GGTGTTAAGTCGTCTA-1,1
WT90_4_TCCAGAAAGCGGGTTA-1,4
WT90_4_ATCCGTCAGAACTCCT-1,0
WT90_4_CCTTCAGTCCCTCGAT-1,0
WT90_4_GACCAATCACAGTGAG-1,0
WT90_4_ATTCCTAGTCTACTGA-1,0
WT90_4_CACTAAGAGGATTTCC-1,0
WT90_4_GGAACCCGTCTCGGGT-1,0
WT90_4_TCTGCCAAGTCAATCC-1,3
WT90_4_AACCTTTTCGACGAGA-1,1
WT90_4_AGCTTCCCACATTACG-1,1
WT90_4_GAGACTTGTTTGGCTA-1,0
WT90_4_CACTTCGAGGCTTAGG-1,1
WT90_4_AATCACGCAAACTCGT-1,1
WT90_4_AGGTCATAGGGTAATT-1,4
WT90_4_TCATGCCCATTACTCT-1,5
WT90_4_ATGAGTCAGACCAAGC-1,0
WT90_4_AGTAACCGTAATTAGG-1,0
WT90_4_TATTGCTTCAAATGCC-1,4
WT90_4_TCAGTTTCAGTTGGTT-1,0
WT90_4_GCATCTCTCTACTTCA-1,0
WT90_4_GTTGCTCCAAGCAGGT-1,0
WT90_4_CGCATAAAGATCCCAT-1,0
WT90_4_CGCATGGCATTCTCCG-1,4
WT90_4_GACTATGTCTTGGCTC-1,3
WT90_4_TCATGGATCCTCGATC-1,1
WT90_4_CCGCAAGTCCCTCGAT-1,3
WT90_4_TAATTCCAGGCGTTAG-1,0
WT90_4_CATAAGCTCTGTCCCA-1,4
WT90_4_CCCTAACCATGGGCAA-1,0
WT90_4_CTTCGGTCACACCGAC-1,1
WT90_4_GACACGCAGCGTGTTT-1,1
WT90_4_TCATGGAGTTCGGTTA-1,1
WT90_4_GAGGGTATCGTCCATC-1,0
WT90_4_TGCGATACACCTGTCT-1,0
WT90_4_TCTATCAGTGATAGTA-1,1
WT90_4_GAAGGACAGACGACTG-1,0
WT90_4_AGAGCAGAGCATGAAT-1,1
WT90_4_AGGCATTTCGGACAAG-1,1
WT90_4_AACCCAAAGTGTACCT-1,0
WT90_4_GCTTCACGTTAGAGAT-1,0
WT90_4_TCAATTCTCCGATAAC-1,4
WT90_4_TGCCGAGGTCAAGTTC-1,4
WT90_4_GGTTGTAGTACAGCGA-1,3
WT90_4_CAATTTCAGACATATG-1,0
WT90_4_TCCACGTCAGGAGGAG-1,1
WT90_4_GCAGCTGTCTTACGTT-1,1
WT90_4_GTAGATCAGTAGGTTA-1,4
WT90_4_ATCCACCTCCATTTAC-1,0
WT90_4_TACGCTCCATGACAAA-1,3
WT90_4_GGGTGAAGTATTCCTT-1,1
WT90_4_TACTTGTAGTGGCAGT-1,0
WT90_4_GGAGATGTCGGCCCAA-1,0
WT90_4_TTGGGTAGTTAGGGTG-1,3
WT90_4_CCTACGTCAGCAAGAC-1,4
WT90_4_TGATCAGAGACATGCG-1,3
WT90_4_TAGAGTCAGCACTAGG-1,1
WT90_4_CAGCGTGGTGCACGCT-1,0
WT90_4_CTGTGGGGTTTCACAG-1,4
WT90_4_AGGGTTTGTTCACGAT-1,3
WT90_4_CCACACTAGTAGGAAG-1,0
WT90_4_CCCAACTAGGTAGACC-1,1
WT90_4_CTGCTCAGTTGGGATG-1,3
WT90_4_CTGCCATTCCAACTAG-1,4
WT90_4_GATCAGTCACCACTGG-1,4
WT90_4_AACGTCAGTAGGCTGA-1,0
WT90_4_TAGGGTTAGCTAGAAT-1,4
WT90_4_CATACAGTCTGCTTAT-1,1
WT90_4_TCCTAATGTATTCTCT-1,1
WT90_4_CACGAATCAGCGAACA-1,3
WT90_4_AGTAACCAGTAGGGTC-1,1
WT90_4_TGGCGTGCACACGCCA-1,0
WT90_4_AACTTCTAGCTCTATG-1,3
WT90_4_GCAACATTCGAAGCCC-1,4
WT90_4_ACATCGACAGGACAGT-1,1
WT90_4_CAGTTCCCAATTCTTC-1,1
WT90_4_TAACCAGTCGAGTGGA-1,1
WT90_4_TTTCAGTCAACTGCCG-1,0
WT90_4_GCACGGTTCATGTCAG-1,1
WT90_4_AACACACTCATCTCTA-1,4
WT90_4_TCCACCACAGAAGTGC-1,1
WT90_4_AAGCATCAGCCTGTCG-1,0
WT90_4_TGCTTGCCATAAGCGG-1,0
WT90_4_TTGACCCGTAACGATA-1,3
WT90_4_GTTACGAAGAGGACTC-1,1
WT90_4_ACCAAACAGAGTTGCG-1,5
WT90_4_AACCACACACTCCCTA-1,4
WT90_4_CTGAGGCCAAAGGTTA-1,0
WT90_4_AGGAATATCAAATGCC-1,0
WT90_4_CTTAGGAAGACGAGCT-1,0
WT90_4_TAGGTACGTGTAAATG-1,1
WT90_4_GATCGTAAGCAATTCC-1,4
WT90_4_CTCCGATTCGATCCAA-1,0
WT90_4_TACGGTAAGACTAGAT-1,1
WT90_4_AGAGAATGTTGGATCT-1,1
WT90_4_CTACAGAGTTCCGGTG-1,4
WT90_4_CCGGACAAGGTACTGG-1,1
WT90_4_ACTTTCACACGCAGTC-1,1
WT90_4_ATTCCCGTCGGACTGC-1,1
WT90_4_AACCCAAAGTTGCGCC-1,1
WT90_4_ATAGAGATCAAGTCGT-1,1
WT90_4_TAAGTCGGTCAGGTAG-1,4
WT90_4_CCGTAGGCAAACTAGA-1,1
WT90_4_CTCACTGCACAAGCTT-1,4
WT90_4_TCCACGTGTTGGTACT-1,0
WT90_4_ACCCTTGCACCATAAC-1,4
WT90_4_TCACATTTCGTAGAGG-1,0
WT90_4_GACGCTGCAGTTTGGT-1,3
WT90_4_AAGGTAAAGGTGGGTT-1,3
WT90_4_GTAGCTAGTCTGTTAG-1,4
WT90_4_AAAGTCCAGGGACCAT-1,0
WT90_4_TATGTTCCAACCGTAT-1,4
WT90_4_ACATGCAGTGCCCACA-1,0
WT90_4_GATTCTTTCGCATTAG-1,4
WT90_4_CTGCATCAGAGAGCGG-1,1
WT90_4_AACAGGGCATACATCG-1,1
WT90_4_TCCGAAAAGTGAGTGC-1,1
WT90_4_TTCTGTATCAAGTAAG-1,5
WT90_4_ATCGTAGGTCGCACAC-1,0
WT90_4_ATTGTTCAGTTCCAGT-1,1
WT90_4_ACTTCGCTCTGACGCG-1,1
WT90_4_GACTATGGTTCTAAGC-1,0
WT90_4_TACAACGTCAAGTCTG-1,1
WT90_4_TGTAACGTCCTGTAAG-1,0
WT90_4_AGACCATGTGGCCTCA-1,3
WT90_4_GGTCACGCACTGCGTG-1,0
WT90_4_AGTTCCCCAACGGCCT-1,4
WT90_4_ATGTCCCTCACAGAGG-1,0
WT90_4_TGAGACTGTGTCATTG-1,0
WT90_4_CATTCATAGTGTACAA-1,1
WT90_4_CCACAAAAGTCACTAC-1,1
WT90_4_ATTGGGTTCGATGCAT-1,0
WT90_4_ACACGCGAGACAACAT-1,0
WT90_4_GTGAGCCAGAGGCCAT-1,0
WT90_4_TGCGGCATCTGTGCAA-1,3
WT90_4_AGAGCCCCATGACGGA-1,0
WT90_4_TCATTGTGTCTAGTGT-1,3
WT90_4_AGCTACATCTCCTACG-1,0
WT90_4_GGGACAACACATAGCT-1,0
WT90_4_GAGTCATAGATTCGAA-1,5
WT90_4_AGTGACTAGCGATGGT-1,3
WT90_4_AGGTCATCACCCTAAA-1,0
WT90_4_CAATACGGTAGCCAGA-1,4
WT90_4_TGATGCATCGTCCTCA-1,3
WT90_4_TATATCCGTCGACGCT-1,0
WT90_4_AAGCGTTGTATCTTCT-1,0
WT90_4_CATCGGGCAAGCTGCC-1,1
WT90_4_TATACCTCAATGGGTG-1,4
WT90_4_TTAGGGTGTATTTCTC-1,1
WT90_4_AGTAACCCATCCGAAT-1,1
WT90_4_TGCAGGCCAGATCATC-1,4
WT90_4_ATCATTCAGAAGATCT-1,3
WT90_4_AAGACTCCACGGCACT-1,0
WT90_4_AAAGTGACAGGCGAAT-1,0
WT90_4_CTGAGGCGTGTTCAGT-1,0
WT90_4_CGCCATTAGTATGATG-1,0
WT90_4_ATACCGACAGCAGACA-1,0
WT90_4_ACACCAAGTCTGTCCT-1,3
WT90_4_ACAGAAAAGTGCCGAA-1,1
WT90_4_CTCATGCTCGATGGAG-1,0
WT90_4_CAAGAGGTCCGCAACG-1,0
WT90_4_CGAGTGCGTTACACTG-1,0
WT90_4_AGAAGCGAGTCGAAAT-1,0
WT90_4_GCAACATCAAGACCGA-1,4
WT90_4_GACCAATGTGTGTGTT-1,0
WT90_4_TACCGAAGTATCGTTG-1,4
WT90_4_CTCCACATCTGGCTGG-1,1
WT90_4_TACGGTATCAGTCACA-1,3
WT90_4_ATATCCTCAAAGGCGT-1,0
WT90_4_GGCAGTCGTGATAGTA-1,3
WT90_4_TCAAGCATCGTCAACA-1,1
WT90_4_ATCCCTGAGCTGCCAC-1,3
WT90_4_GCACGGTTCGTAGAGG-1,0
WT90_4_GGTAATCTCGTAACCA-1,3
WT90_4_ATCGTGAGTTAGGAGC-1,4
WT90_4_GACAGCCGTTTGTTGG-1,0
WT90_4_ACAGAAACAAGCGCTC-1,1
WT90_4_TAACACGCAGGACGAT-1,4
WT90_4_GAAGGGTCACGTCATA-1,3
WT90_4_GTATTTCGTTGAGGAC-1,0
WT90_4_TGCGGGTGTTGCATGT-1,1
WT90_4_CATCCCAGTACAATAG-1,5
WT90_4_CCCGAAGAGAAGAGCA-1,0
WT90_4_CTAAGTGCAACTGTGT-1,0
WT90_4_TCTCTGGTCTTTCAGT-1,3
WT90_4_GTGCTGGTCTGCATAG-1,4
WT90_4_GTTGCTCCAAAGGCAC-1,3
WT90_4_TAAGCACAGAGCATTA-1,4
WT90_4_AATTCCTCAGCGCTTG-1,4
WT90_4_AACACACGTTATAGCC-1,1
WT90_4_GTTCATTGTCTCACAA-1,0
WT90_4_CATACTTAGTGGCGAT-1,1
WT90_4_TGGGCTGCAGCGTGCT-1,0
WT90_4_GATAGAAGTGCCAAGA-1,3
WT90_4_GGGTCACAGTGTACAA-1,3
WT90_4_GTAGAAACAACCGGAA-1,0
WT90_4_ATGGAGGCACTATCGA-1,3
WT90_4_AGGTTACTCGCCAACG-1,3
WT90_4_AGAACCTTCATACGAC-1,4
WT90_4_CATCGGGAGCATGGGT-1,0
WT90_4_TGGATGTAGACTGTTC-1,1
WT90_4_CCAATTTTCGGACAAG-1,1
WT90_4_TCCACCAGTACCCACG-1,4
WT90_4_GACCAATCACCCAACG-1,0
WT90_4_CACCAAACAGGAACCA-1,1
WT90_4_GCCAGTGAGTCATGAA-1,3
WT90_4_CAACGATTCGTGTGAT-1,1
WT90_4_TGCATCCAGTGATCGG-1,4
WT90_4_TTACTGTAGAGCCGTA-1,0
WT90_4_TGATCAGCACACGGAA-1,4
WT90_4_GCAGCCAGTCTTCCGT-1,0
WT90_4_GTTGCGGAGATGTAGT-1,3
WT90_4_GGTCTGGTCGGCTCTT-1,0
WT90_4_GGGTGTCTCGGAGTGA-1,3
WT90_4_CTTGATTCATTGAGGG-1,1
WT90_4_TTTCGATGTGAATATG-1,1
WT90_4_TTCTGTACACACACTA-1,1
WT90_4_TGGGATTCACAATCTG-1,0
WT90_4_AGTTCGATCCTTCGAC-1,4
WT90_4_TTGGGATGTTCGTTCC-1,3
WT90_4_GCCATTCGTCCATACA-1,0
WT90_4_CACTGGGGTCGCGTCA-1,0
WT90_4_TCTTTGATCTGGACTA-1,4
WT90_4_TCCGATCAGTCTACCA-1,1
WT90_4_ATGCATGAGCATCCCG-1,1
WT90_4_GCGGAAATCATCGACA-1,0
WT90_4_ATCCCTGTCGCCTTGT-1,4
WT90_4_ATTCACTTCAGTGTGT-1,4
WT90_4_TGTGAGTCAAGCGATG-1,0
WT90_4_CAGATCACAAGACAAT-1,3
WT90_4_TGATTTCAGGGCCCTT-1,1
WT90_4_ATTCACTTCTGGTTGA-1,4
WT90_4_TCCTGCACACAGCCAC-1,3
WT90_4_AGGCCACGTTACCGTA-1,4
WT90_4_ATAGACCCATGTGTCA-1,3
WT90_4_ACGTACAAGCATCCCG-1,3
WT90_4_AGGAATAGTTAAGACA-1,0
WT90_4_TAGGGTTTCGTCAAAC-1,3
WT90_4_CGTGAATGTACAAGTA-1,1
WT90_4_TCCCACAAGTCAGAGC-1,4
WT90_4_AAGCGTTAGATCGCTT-1,3
WT90_4_CTGGACGTCTGAGCAT-1,1
WT90_4_ATTTACCAGATGGTCG-1,4
WT90_4_TGTTCTAGTATAGGAT-1,1
WT90_4_GGAATCTGTCCAGCGT-1,0
WT90_4_GTTATGGGTACGGATG-1,3
WT90_4_ATTACTCAGGGATCGT-1,3
WT90_4_CTGATCCTCTCCCATG-1,3
WT90_4_CCGGTAGGTTCCAGGC-1,1
WT90_4_TGGGATTAGGATGAGA-1,0
WT90_4_TGTACAGTCATTGCGA-1,3
WT90_4_AAGCGAGAGGTAGCCA-1,3
WT90_4_CTCATTAAGAGTCTTC-1,1
WT90_4_CTTCTAAGTGATTAGA-1,0
WT90_4_TCTCAGCCACGGTGAA-1,4
WT90_4_CTACCCACATTATGCG-1,0
WT90_4_TAGGAGGTCTAGGCAT-1,0
WT90_4_TTCGATTAGGCTCCCA-1,0
WT90_4_AACAACCGTAACACCT-1,3
WT90_4_GGAGCAATCCGTACGG-1,0
WT90_4_CCTCTCCTCGCGGACT-1,3
WT90_4_TCACTATAGAAACTGT-1,4
WT90_4_GCTACAACACTCCGAG-1,0
WT90_4_CAGCAATCAGTATTCG-1,0
WT90_4_TCTCCGAAGGGAGGTG-1,0
WT90_4_AGGTTACAGAATCTAG-1,0
WT90_4_GTAACACCAGGTCCCA-1,0
WT90_4_CATTCTAGTTCCCAAA-1,1
WT90_4_TGAGGAGAGCAACCAG-1,4
WT90_4_CCCGAAGTCAAAGCCT-1,1
WT90_4_GGTAATCTCTATCGGA-1,1
WT90_4_GCCCGAATCATCCTGC-1,4
WT90_4_GCAGCCAAGAGGGTGG-1,0
WT90_4_CTCATTATCCGATAGT-1,4
WT90_4_TCATGGACACTAGGCC-1,0
WT90_4_CATGGTAAGACATAAC-1,1
WT90_4_GTGCTTCAGATGCCGA-1,3
WT90_4_CATCAAGCAGCCATTA-1,3
WT90_4_CATCAAGCACAAACGG-1,4
WT90_4_ATAGGCTCATCTGTTT-1,3
WT90_4_CTGTGGGGTCACGCTG-1,3
WT90_4_GGAACCCCATCCCGTT-1,0
WT90_4_GGATGTTGTGATACAA-1,1
WT90_4_AGCCACGTCTTGCAGA-1,3
WT90_4_GGGAGATGTGAGAGGG-1,0
WT90_4_CCTATCGGTCTGTGAT-1,3
WT90_4_CTTTCAAAGAGGCCAT-1,0
WT90_4_GACTCAACAGAGTTCT-1,3
WT90_4_TCATCCGGTTGTGGCC-1,1
WT90_4_CTATCTATCAAGGAGC-1,0
WT90_4_AGAAATGTCTCATAGG-1,0
WT90_4_AACAACCTCGGTAACT-1,0
WT90_4_TCATGAGAGGTAAGAG-1,3
WT90_4_TTCAATCAGCGTTAGG-1,0
WT90_4_CTACATTTCAGCTTCC-1,3
WT90_4_AGTCAACAGTGTTGTC-1,4
WT90_4_ACCTGAAGTGGTATGG-1,0
WT90_4_GAGACCCTCTATCCAT-1,4
WT90_4_TGCTGAATCCGTGGGT-1,1
WT90_4_AGTGACTGTGGTTTGT-1,1
WT90_4_TGCATGAAGTAGTCAA-1,4
WT90_4_CCACACTCAAGTATCC-1,4
WT90_4_GACTCAACAAAGAACT-1,1
WT90_4_TCAAGTGTCCATTCAT-1,3
WT90_4_TTCGATTGTGTCGCTG-1,4
WT90_4_TGGGAAGCACTGAGTT-1,3
WT90_4_CACGTTCAGGGACACT-1,0
WT90_4_ATGCGATAGGATTTGA-1,1
WT90_4_GACGTTACAACTGCTA-1,1
WT90_4_TGCGACGTCTTTGCAT-1,1
WT90_4_GTTGCTCTCGGAGTAG-1,3
WT90_4_CCATAAGTCAACCCGG-1,0
WT90_4_ACTGATGAGAGCTGAC-1,0
WT90_4_GGAACCCAGCAGCGAT-1,1
WT90_4_TTGCTGCCACCCTGTT-1,0
WT90_4_AAACCCAAGCTGTCCG-1,0
WT90_4_GACTCTCCAACCTATG-1,3
WT90_4_GTCGAATCACACCGAC-1,0
WT90_4_GTCGAATTCACTTCTA-1,3
WT90_4_GTGCGTGCACTGGATT-1,3
WT90_4_ATCGATGTCCATACAG-1,4
WT90_4_TGGTGATTCCTAAACG-1,3
WT90_4_CATACCCCAAGGTCGA-1,3
WT90_4_TTAGTCTAGCTAATGA-1,3
WT90_4_TTACGTTGTACGATCT-1,0
WT90_4_GATCCCTCAAGCCTGC-1,4
WT90_4_GCCAACGTCGCTAATG-1,1
WT90_4_TGAGGTTAGACATGCG-1,0
WT90_4_TCAATTCAGCAACAAT-1,4
WT90_4_GACTGATAGGTGATAT-1,3
WT90_4_CAGTTAGAGTTTCGGT-1,4
WT90_4_TAAGCCATCTTGTGCC-1,4
WT90_4_TGAGACTTCGCAATGT-1,1
WT90_4_GGATGTTGTGGCAGAT-1,4
WT90_4_CTGGTCTAGACGCAGT-1,3
WT90_4_TGCTGAATCGGTCATA-1,1
WT90_4_CGTGTCTGTAGAGTTA-1,4
WT90_4_CGGTCAGGTTATGGTC-1,3
WT90_4_TCAAGCACAACCAACT-1,1
WT90_4_TTCGCTGCATCGTTCC-1,0
WT90_4_GCACATACACACGCCA-1,0
WT90_4_GTCGAATCATAGTCGT-1,3
WT90_4_AAACGCTCAAGATCCT-1,4
WT90_4_TCCTTTCGTGTTCCAA-1,4
WT90_4_ATGAAAGGTAATTAGG-1,0
WT90_4_GCCAGGTAGAGAGAAC-1,3
WT90_4_ACTGTGATCACCATAG-1,3
WT90_4_AGGTTGTGTAAGACCG-1,1
WT90_4_TTTACTGGTTATAGAG-1,4
WT90_4_CTGATCCGTCTTGTCC-1,0
WT90_4_TCTCACGGTCGATTCA-1,3
WT90_4_TGTACAGCAAGAATAC-1,4
WT90_4_CCTCAACAGACTGTTC-1,0
WT90_4_CGTGTCTAGCGATGAC-1,1
WT90_4_TGAGGGACAGGAGGAG-1,1
WT90_4_ATCCTATAGCAACCAG-1,0
WT90_4_CTCCCAAAGACAGCGT-1,4
WT90_4_TTCTTCCCAGGGACTA-1,0
WT90_4_AAGTTCGCACTCCTTG-1,1
WT90_4_TCATCATTCAGCTAGT-1,0
WT90_4_CAGCACGAGTTGCGAG-1,3
WT90_4_TGCGGGTTCGCTACAA-1,4
WT90_4_CTTCGGTTCCAATGCA-1,0
WT90_4_ACGGGTCAGATAGTGT-1,4
WT90_4_TGGGCTGTCTTCTGTA-1,1
WT90_4_GGAATCTTCCATTGTT-1,4
WT90_4_CACCGTTTCTAGTACG-1,0
WT90_4_TCGTGCTGTGACGTCC-1,3
WT90_4_ACCAAACGTCTGTCCT-1,0
WT90_4_ATTCTTGGTAGGAAAG-1,3
WT90_4_CTGTGGGCATGACACT-1,4
WT90_4_TAATCTCTCGAGAAAT-1,3
WT90_4_TCGTGCTTCGGTGAAG-1,0
WT90_4_TACTGCCTCTTCGGTC-1,0
WT90_4_ATGGGTTAGTTAGTGA-1,0
WT90_4_CTCTCAGAGATGTAGT-1,3
WT90_4_TGCATGATCAACGCTA-1,3
WT90_4_AGTTCGACAACGAGGT-1,4
WT90_4_TCAAGTGAGACTCAAA-1,1
WT90_4_AGGTAGGGTTGGGCCT-1,4
WT90_4_TGGGCGTCATACCAGT-1,3
WT90_4_TCCTAATAGAGCCATG-1,0
WT90_4_CAACAACTCCAACTGA-1,3
WT90_4_TTTACGTAGCTGTACT-1,3
WT90_4_CGTGTCTTCTCTGAGA-1,0
WT90_4_TAATCTCGTCTCGACG-1,1
WT90_4_CCACGTTCAAATAAGC-1,1
WT90_4_CCACACTTCCGAGCTG-1,0
WT90_4_GACCTTCAGGCTAAAT-1,0
WT90_4_CAATGACAGGAGGCAG-1,4
WT90_4_GATCAGTAGCTAGTTC-1,1
WT90_4_AACACACAGCACCCAC-1,0
WT90_4_AATGGAATCGGTAACT-1,0
WT90_4_CCCTTAGAGTCACTAC-1,0
WT90_4_TACCGAACACCAAATC-1,4
WT90_4_CTCATTAAGTTCCAGT-1,3
WT90_4_GCTTCACAGTGAGGCT-1,0
WT90_4_ACCCAAAAGTAGCTCT-1,3
WT90_4_ACAGCCGGTGTGATGG-1,3
WT90_4_ATCACTTTCGGTGTAT-1,3
WT90_4_GTCTAGACAGAACTTC-1,5
WT90_4_CACTAAGTCAACTGGT-1,1
WT90_4_GTAGTACTCCGCGATG-1,5
WT90_4_GCCGATGCACGGGCTT-1,1
WT90_4_TCGTGCTAGAGCCGAT-1,3
WT90_4_CAGATACCACCCTTGT-1,3
WT90_4_GTCTCACGTTGCTCAA-1,0
Folr1_E70_1-GTCATGAGTATGGTTC-1,3
Folr1_E70_1-GATCACAAGGCAATGC-1,4
Folr1_E70_1-TGCTCCAAGTAGGGTC-1,3
Folr1_E70_1-GCAACCGCAATAGTCC-1,2
Folr1_E70_1-TCTAACTTCCTAACAG-1,3
Folr1_E70_1-AATGACCAGACCGCCT-1,2
Folr1_E70_1-TAGACCACACTGCACG-1,3
Folr1_E70_1-AACCCAATCGGCCCAA-1,3
Folr1_E70_1-AGTCATGAGGTCATTC-1,3
Folr1_E70_1-CAACGATCAGATTCGT-1,2
Folr1_E70_1-GAAGTAAAGCGTGCCT-1,2
Folr1_E70_1-CAGGGCTCATGTGCCG-1,2
Folr1_E70_1-TTCCGGTTCCCAGTGG-1,3
Folr1_E70_1-TAGCACATCTGAACGT-1,2
Folr1_E70_1-CCACACTCACATAACC-1,3
Folr1_E70_1-TGTGAGTTCCACGAAT-1,2
Folr1_E70_1-TAGCACACATGAGGGT-1,3
Folr1_E70_1-CGACAGCTCCCATACC-1,3
Folr1_E70_1-AGACAGGCAACTGCCG-1,2
Folr1_E70_1-ACCGTTCTCAGCCCAG-1,2
Folr1_E70_1-GGTGATTTCGTACCTC-1,2
Folr1_E70_1-AGTACCAAGGCCACCT-1,4
Folr1_E70_1-GGAACCCGTCTCGACG-1,2
Folr1_E70_1-CTGAATGGTAGAAACT-1,2
Folr1_E70_1-CAAGCTAGTGCCTATA-1,2
Folr1_E70_1-AACGTCACAAATGATG-1,2
Folr1_E70_1-AACCTTTAGTTCATGC-1,3
Folr1_E70_1-TCCACCACAGACTCTA-1,2
Folr1_E70_1-CTCAATTGTTGTGCAT-1,2
Folr1_E70_1-ATACCGAGTACCATAC-1,2
Folr1_E70_1-ACCATTTGTGGAATGC-1,2
Folr1_E70_1-ACCCTTGCAGTTCACA-1,4
Folr1_E70_1-ACCCTCATCTTCGGAA-1,2
Folr1_E70_1-GATGCTATCAGCTTCC-1,4
Folr1_E70_1-GCAGTTAGTTCGTGCG-1,3
Folr1_E70_1-CAGCACGTCCATGATG-1,4
Folr1_E70_1-GAAGCGACAGCACAGA-1,3
Folr1_E70_1-GTTCGCTTCAAGGTGG-1,3
Folr1_E70_1-TTCCACGAGCTAATCC-1,2
Folr1_E70_1-GAGTCTAAGTTAACAG-1,2
Folr1_E70_1-CTTAGGAGTAGATGTA-1,2
Folr1_E70_1-TGAGCGCCAATAGTGA-1,4
Folr1_E70_1-CATCCCAGTCGTTGCG-1,2
Folr1_E70_1-GTGGAAGCACACGTGC-1,2
Folr1_E70_1-TGAGGTTAGTTCATGC-1,3
Folr1_E70_1-TAACCAGGTCCAGCGT-1,2
Folr1_E70_1-TGTGTGAAGTCAATCC-1,2
Folr1_E70_1-ACGTAACCAGAGATTA-1,3
Folr1_E70_1-CATCCGTAGAAGAACG-1,2
Folr1_E70_1-CCCGGAAGTCACCCTT-1,3
Folr1_E70_1-CGTGCTTTCGATAACC-1,3
Folr1_E70_1-TTACTGTTCGCTGTCT-1,2
Folr1_E70_1-AGGTCTACACTCCGAG-1,2
Folr1_E70_1-CAGGGCTCAATACCTG-1,2
Folr1_E70_1-AGAACCTGTTCAAGGG-1,3
Folr1_E70_1-ATTATCCTCCAGTGTA-1,2
Folr1_E70_1-GAGTTTGAGATCGCCC-1,2
Folr1_E70_1-GGAGATGGTGGGTATG-1,4
Folr1_E70_1-CGATGGCGTGGATCGA-1,2
Folr1_E70_1-GAATCGTAGCGTTACT-1,3
Folr1_E70_1-CATTCTATCTAGAACC-1,2
Folr1_E70_1-TCAAGTGGTGAACTAA-1,2
Folr1_E70_1-AGCGTATGTCTAACGT-1,4
Folr1_E70_1-ACCTACCAGATAACGT-1,3
Folr1_E70_1-TGCACGGCACTCTAGA-1,2
Folr1_E70_1-GTCTACCGTGAACTAA-1,2
Folr1_E70_1-GGGACAAAGATGAAGG-1,2
Folr1_E70_1-CACAGATCAACCACAT-1,2
Folr1_E70_1-ACTGTCCGTTCTATCT-1,2
Folr1_E70_1-ATCGTCCCACCAGGTC-1,3
Folr1_E70_1-TGATTCTTCATTCGTT-1,2
Folr1_E70_1-AACCCAAAGCATGATA-1,3
Folr1_E70_1-CACAGATCATCATCCC-1,2
Folr1_E70_1-AGAAGTATCGCAGTGC-1,3
Folr1_E70_1-TCTTCCTTCGACGAGA-1,2
Folr1_E70_1-GTGAGTTCATTGCCTC-1,2
Folr1_E70_1-TTAGGCACACATTACG-1,2
Folr1_E70_1-CACGAATGTATTCCGA-1,2
Folr1_E70_1-TCTTGCGGTAGCGAGT-1,2
Folr1_E70_1-CCGGACAAGTTCTCTT-1,3
Folr1_E70_1-CAAGCTACACCCTTAC-1,2
Folr1_E70_1-TCCTCGAAGTGGAAAG-1,2
Folr1_E70_1-AACGTCACAGTGTGGA-1,3
Folr1_E70_1-TGTCCACCAGGAAGTC-1,2
Folr1_E70_1-CATTTCAGTTGAGAGC-1,2
Folr1_E70_1-CAAGCTATCAAGAGGC-1,2
Folr1_E70_1-CAACCAACAGACGCTC-1,2
Folr1_E70_1-GGGACAATCTTCCAGC-1,2
Folr1_E70_1-TACCGGGGTACTCGTA-1,2
Folr1_E70_1-CAAGCTAGTCTACACA-1,4
Folr1_E70_1-AGGGTGAGTGTTACAC-1,2
Folr1_E70_1-AACCACATCTCGCCTA-1,3
Folr1_E70_1-TCTTAGTAGGCGCTTC-1,3
Folr1_E70_1-CCTCCTCTCTACGGGC-1,2
Folr1_E70_1-GCTACAATCGCTAGCG-1,3
Folr1_E70_1-GATAGCTAGTTAGTAG-1,not_majority
Folr1_E70_1-TTAGGGTTCTGTCAGA-1,2
Folr1_E70_1-AAGTGAAAGCGCCTAC-1,2
Folr1_E70_1-TCGAACAAGTAAATGC-1,2
Folr1_E70_1-GTACAACAGCATTGAA-1,2
Folr1_E70_1-CTAACTTCAACTGGTT-1,2
Folr1_E70_1-GTGCTTCTCCGAGGCT-1,2
Folr1_E70_1-TGATTTCTCTGGGTCG-1,3
Folr1_E70_1-GCTGGGTCACAGTGTT-1,4
Folr1_E70_1-AATTTCCAGAGCAGAA-1,2
Folr1_E70_1-TACATTCGTACCGGCT-1,3
Folr1_E70_1-ACCATTTTCACTCACC-1,4
Folr1_E70_1-CTATAGGTCCATCGTC-1,2
Folr1_E70_1-GGGACTCCATCTAGAC-1,3
Folr1_E70_1-AAGATAGCAGCACCCA-1,2
Folr1_E70_1-CTCATTATCTTCGACC-1,2
Folr1_E70_1-CATCGTCCACTCACTC-1,2
Folr1_E70_1-ACAGCCGCACTGCGAC-1,2
Folr1_E70_1-TGGTGATAGAAACTGT-1,2
Folr1_E70_1-ATCTTCACAGATCCTA-1,2
Folr1_E70_1-CAAGCTATCACTGATG-1,3
Folr1_E70_1-TTTATGCAGCGTCAGA-1,3
Folr1_E70_1-GTCAAACTCGCTTAAG-1,2
Folr1_E70_1-CTTCTAATCGCTTACC-1,3
Folr1_E70_1-CACATGAGTGAGTCAG-1,3
Folr1_E70_1-TGAATGCCAACCCGCA-1,3
Folr1_E70_1-TGTCCACGTCCTGGGT-1,3
Folr1_E70_1-GCAGCTGTCTGCTTAT-1,2
Folr1_E70_1-GACTATGGTGGTTTAC-1,2
Folr1_E70_1-TGCTCCATCGACACCG-1,2
Folr1_E70_1-GCGGATCCACACCGAC-1,2
Folr1_E70_1-ACCTGAACATTCACAG-1,2
Folr1_E70_1-GATGGAGGTTGCTCGG-1,2
Folr1_E70_1-CCAATTTTCCTTCTTC-1,2
Folr1_E70_1-TACGTCCCACAATCTG-1,3
Folr1_E70_1-GGTTGTAGTCTTAGTG-1,3
Folr1_E70_1-CAAGACTAGTGATCGG-1,4
Folr1_E70_1-GATGCTAAGGCTCCCA-1,3
Folr1_E70_1-CCCGGAATCCTTGGAA-1,2
Folr1_E70_1-GCCCGAAAGCTCACTA-1,2
Folr1_E70_1-GGTGGCTGTCTTGAGT-1,4
Folr1_E70_1-GCTTCACCACGTAGTT-1,2
Folr1_E70_1-CAGATACTCGCTGATA-1,2
Folr1_E70_1-GTCATGAAGGACTATA-1,2
Folr1_E70_1-CTACATTGTATCTCTT-1,4
Folr1_E70_1-TGCAGTAGTTCTTCAT-1,4
Folr1_E70_1-ATTACTCGTTATGTCG-1,2
Folr1_E70_1-AAATGGAGTTTCCAAG-1,2
Folr1_E70_1-GAGACTTCAACGGGTA-1,3
Folr1_E70_1-TTACGTTTCCAAGCCG-1,2
Folr1_E70_1-TCACTATAGTATTAGG-1,2
Folr1_E70_1-GCTGCAGAGTCACACT-1,2
Folr1_E70_1-CTACCCACAATTGCCA-1,2
Folr1_E70_1-GTTACGAGTTCACCGG-1,3
Folr1_E70_1-CTCTGGTAGCCACTCG-1,2
Folr1_E70_1-ACCTGTCAGCGATTCT-1,2
Folr1_E70_1-ACCCTTGAGAATTGTG-1,2
Folr1_E70_1-AGATAGACATAGAATG-1,2
Folr1_E70_1-TAGGTTGCAGGATCTT-1,1
Folr1_E70_1-CTCAGAATCGGCTGAC-1,2
Folr1_E70_1-ATGAGGGCAAGGACAC-1,3
Folr1_E70_1-TACCTGCTCACTGTCC-1,2
Folr1_E70_1-TCTATACTCGTAGCCG-1,3
Folr1_E70_1-AGCCACGCAAGCCCAC-1,2
Folr1_E70_1-ATCCCTGAGGACTATA-1,2
Folr1_E70_1-AATTCCTCAAAGACGC-1,3
Folr1_E70_1-CATCAAGAGGTTACAA-1,2
Folr1_E70_1-CACTGGGCACAGAAGC-1,2
Folr1_E70_1-GTAGATCGTAGCCCTG-1,2
Folr1_E70_1-ACGGTCGAGAAGATCT-1,3
Folr1_E70_1-ACGTAACCAAGCCTGC-1,2
Folr1_E70_1-CTCAATTCAATAACGA-1,2
Folr1_E70_1-CGATGGCGTATCAGGG-1,2
Folr1_E70_1-ATTCATCCAGCTAACT-1,2
Folr1_E70_1-ATGGATCCACACGTGC-1,2
Folr1_E70_1-GCACGGTCATTCAGGT-1,2
Folr1_E70_1-CCACGAGCAGCATGCC-1,2
Folr1_E70_1-TTCCACGTCATGACAC-1,4
Folr1_E70_1-GAGCCTGGTGAATAAC-1,2
Folr1_E70_1-TCAGGGCCAGCGACAA-1,2
Folr1_E70_1-TATATCCGTAGATCGG-1,3
Folr1_E70_1-AAGGAATAGCTTCATG-1,2
Folr1_E70_1-AACGGGAGTTCCTTGC-1,2
Folr1_E70_1-TGTCAGAGTAGATCGG-1,2
Folr1_E70_1-GTCAAGTGTGTTACTG-1,2
Folr1_E70_1-ATTACCTTCGCACGGT-1,2
Folr1_E70_1-GTAGAAAAGGTCGTGA-1,2
Folr1_E70_1-AGAGCAGTCTACCTTA-1,2
Folr1_E70_1-GTTCGCTCAGGTCTCG-1,2
Folr1_E70_1-CCGTAGGTCAAAGAAC-1,2
Folr1_E70_1-TTCTTCCTCCCGTGAG-1,2
Folr1_E70_1-GTAAGTCTCCCGAGTG-1,2
Folr1_E70_1-GGTTGTATCAGACTGT-1,2
Folr1_E70_1-CATCCACGTTACGTAC-1,2
Folr1_E70_1-TCAGTGACAGCACCCA-1,2
Folr1_E70_1-CCTCCAACAAGCAATA-1,2
Folr1_E70_1-CTTCTAACACTGGATT-1,2
Folr1_E70_1-CATCCCAAGGTTCCGC-1,3
Folr1_E70_1-AGATGCTTCGCGAAGA-1,2
Folr1_E70_1-GTTTGGAGTATACGGG-1,2
Folr1_E70_1-CTTAGGATCCCTATTA-1,2
Folr1_E70_1-CCGGTGAGTGGAACCA-1,3
Folr1_E70_1-CCTCTAGAGACCTCAT-1,2
Folr1_E70_1-AGTCAACCAAGTATCC-1,2
Folr1_E70_1-CATTCTACATGTGCTA-1,3
Folr1_E70_1-TACCTCGCACAAGCTT-1,2
Folr1_E70_1-GGAGGTAGTATGACAA-1,2
Folr1_E70_1-TCAATTCGTCCAGTTA-1,2
Folr1_E70_1-AGATCCAAGACAGCGT-1,3
Folr1_E70_1-ACTGTGAGTACCGTCG-1,2
Folr1_E70_1-TTACCGCGTGCAGATG-1,3
Folr1_E70_1-TCATTCATCACCTCTG-1,3
Folr1_E70_1-TGACCCTCATACCACA-1,2
Folr1_E70_1-CGCCAGAAGCTTAGTC-1,2
Folr1_E70_1-TTGGTTTAGACATACA-1,2
Folr1_E70_1-TACAACGGTACAAACA-1,4
Folr1_E70_1-TCGTGGGCAGTGCCTG-1,2
Folr1_E70_1-TTTGGTTCAAAGGCGT-1,2
Folr1_E70_1-GGAGCAAAGAAACTAC-1,3
Folr1_E70_1-TATCAGGTCCACCTCA-1,2
Folr1_E70_1-CTTCCGAGTCACTCTC-1,2
Folr1_E70_1-ATCGCCTGTCGCCTAG-1,3
Folr1_E70_1-TCGTAGAAGGTAGCCA-1,3
Folr1_E70_1-TCAGCAAAGGAGCAAA-1,2
Folr1_E70_1-TGTAGACCAATTGCAC-1,3
Folr1_E70_1-TCCAGAACAGGAGGAG-1,2
Folr1_E70_1-CTGCTCACATGGGAAC-1,2
Folr1_E70_1-TCATTCAGTACCGGCT-1,2
Folr1_E70_1-GGTCTGGTCTTTGATC-1,3
Folr1_E70_1-GAGACTTAGGCCCAAA-1,2
Folr1_E70_1-CCGGGTACAGCTATTG-1,2
Folr1_E70_1-TCCCAGTAGGCTCTCG-1,2
Folr1_E70_1-CAAGACTAGATGTTGA-1,2
Folr1_E70_1-CATACTTTCACTACGA-1,3
Folr1_E70_1-AGTGATCCAATTCTTC-1,3
Folr1_E70_1-TGCGGGTGTGTACATC-1,2
Folr1_E70_1-GAGCCTGGTTGAATCC-1,2
Folr1_E70_1-CATTGTTAGCTAGATA-1,3
Folr1_E70_1-TCCTCCCGTTATTCTC-1,4
Folr1_E70_1-TATATCCCATCATTTC-1,4
Folr1_E70_1-TTCTCTCGTAGCTTTG-1,2
Folr1_E70_1-TCAAGCACAAATACAG-1,2
Folr1_E70_1-TTGTTCAAGTGGAAAG-1,3
Folr1_E70_1-AGCCAGCCATTAGGCT-1,2
Folr1_E70_1-CTTCTCTCAGTGCGCT-1,2
Folr1_E70_1-TCCACGTAGTCATGGG-1,2
Folr1_E70_1-CTGCCATCACCAATTG-1,2
Folr1_E70_1-GCTTGGGAGCGCGTTC-1,2
Folr1_E70_1-GGTTCTCCAACGTATC-1,2
Folr1_E70_1-AGTAGTCCAGGGTCTC-1,2
Folr1_E70_1-TGATTCTTCTCTCTTC-1,2
Folr1_E70_1-GCTTGGGCATGTTCGA-1,2
Folr1_E70_1-CATTCATTCCTTATAC-1,3
Folr1_E70_1-GCCAGCAGTCCCTAAA-1,2
Folr1_E70_1-AAGGTAAAGGTTATAG-1,2
Folr1_E70_1-TCGAACACAAGGATGC-1,2
Folr1_E70_1-ACACAGTAGATTGAGT-1,2
Folr1_E70_1-ACACCAACACAATCTG-1,2
Folr1_E70_1-AGATGAACAAGTGGGT-1,2
Folr1_E70_1-ACGGTTAAGATTAGTG-1,2
Folr1_E70_1-ATCGATGTCTGTGTGA-1,2
Folr1_E70_1-CATCCCAGTATGCGTT-1,2
Folr1_E70_1-CATCGGGTCAAGCCCG-1,2
Folr1_E70_1-TTGATGGTCGGAGATG-1,2
Folr1_E70_1-GTGAGGACAGCTTTGA-1,2
Folr1_E70_1-CTGCTCACAACTCGTA-1,2
Folr1_E70_1-CCAAGCGAGAGTTCGG-1,2
Folr1_E70_1-GTCCACTAGATGAATC-1,2
Folr1_E70_1-TCTTCCTGTCCAACGC-1,2
Folr1_E70_1-GCATCGGGTGCCTAAT-1,2
Folr1_E70_1-AAGACAAAGGTGCCAA-1,2
Folr1_E70_1-TTGACCCCATGCCGCA-1,2
Folr1_E70_1-ACTGATGGTGTTACAC-1,2
Folr1_E70_1-CCATCACGTACTCAAC-1,2
Folr1_E70_1-TGTCCCAAGAACGTGC-1,2
Folr1_E70_1-GGAAGTGAGCACTCCG-1,2
Folr1_E70_1-GACTGATCAGCCGTTG-1,2
Folr1_E70_1-GCAGTTATCTCATTGT-1,2
Folr1_E70_1-ATCACTTAGGTAAGTT-1,2
Folr1_E70_1-CACAGATCAGGAACCA-1,2
Folr1_E70_1-ATAGACCCATGCCATA-1,2
Folr1_E70_1-TACGGTAGTACTGACT-1,2
Folr1_E70_1-TCATCCGGTCACGCTG-1,2
Folr1_E70_1-GACGTTACATTGAGGG-1,2
Folr1_E70_1-TCGCTCACAACTACGT-1,4
Folr1_E70_1-CTCACTGAGCGTGAGT-1,2
Folr1_E70_1-AGACAGGGTAACCCTA-1,2
Folr1_E70_1-AGATAGAGTGCCTACG-1,2
Folr1_E70_1-GCACGGTAGGCTTCCG-1,3
Folr1_E70_1-CTGATCCCAATAGGGC-1,2
Folr1_E70_1-CTCCATGCATCTCCCA-1,3
Folr1_E70_1-AACGAAAGTGCGCTCA-1,2
Folr1_E70_1-GTGCTGGGTAATGTGA-1,2
Folr1_E70_1-GTTATGGCAGTAGAAT-1,2
Folr1_E70_1-AGACCATTCGACATTG-1,2
Folr1_E70_1-ATCACAGCACAGTCCG-1,2
Folr1_E70_1-CTAAGTGCATCCGTTC-1,3
Folr1_E70_1-GGATCTATCATTTGCT-1,4
Folr1_E70_1-TACTTGTAGCTGGAGT-1,2
Folr1_E70_1-AATCGACCAATCGAAA-1,2
Folr1_E70_1-TAGGAGGAGGAGATAG-1,2
Folr1_E70_1-ATTCCTAGTAGGACCA-1,2
Folr1_E70_1-GTTGCTCCACGTAGAG-1,3
Folr1_E70_1-GAGTTTGCATGACAAA-1,3
Folr1_E70_1-AGAACCTTCGAGTGGA-1,2
Folr1_E70_1-TGGCGTGGTACCGTGC-1,2
Folr1_E70_1-CTGTCGTTCTCATTTG-1,3
Folr1_E70_1-CATAGACCAAGAGTAT-1,2
Folr1_E70_1-GTACAGTTCGGCATAT-1,2
Folr1_E70_1-TGGAGAGAGGAACTCG-1,2
Folr1_E70_1-CATTGAGGTTAGCGGA-1,3
Folr1_E70_1-CGAATTGCAGAGGTAC-1,2
Folr1_E70_1-TCCATGCCACCGTCTT-1,2
Folr1_E70_1-TGTCCTGCATGTGGTT-1,2
Folr1_E70_1-GCCCGAAGTTCGGACC-1,3
Folr1_E70_1-GTGGAAGTCGCTTAAG-1,2
Folr1_E70_1-CACTGTCGTACCTTCC-1,2
Folr1_E70_1-GGAACCCGTATTAAGG-1,2
Folr1_E70_1-CGTTAGACATGTAACC-1,3
Folr1_E70_1-CCACTTGTCGATACTG-1,3
Folr1_E70_1-TCATTCATCGAACGGA-1,3
Folr1_E70_1-TCGGTCTTCCGAAGGA-1,4
Folr1_E70_1-ACCACAAAGGGTGAGG-1,4
Folr1_E70_1-TAAGTCGCAGGGCTTC-1,2
Folr1_E70_1-TGCGATATCCTTTAGT-1,2
Folr1_E70_1-GGGCGTTCATTCATCT-1,2
Folr1_E70_1-GGAGGTACAGAGGGTT-1,2
Folr1_E70_1-AAATGGAGTACCGGCT-1,2
Folr1_E70_1-AAGCGTTCATCGTGCG-1,2
Folr1_E70_1-TACGTCCAGTCTCTGA-1,2
Folr1_E70_1-GGGTTTAAGTCTTCGA-1,2
Folr1_E70_1-CTAACTTAGAGTGTGC-1,2
Folr1_E70_1-CAACGGCAGCGCCGTT-1,2
Folr1_E70_1-TGACGCGGTTCTCCTG-1,4
Folr1_E70_1-TCCGAAAGTCGAACAG-1,2
Folr1_E70_1-TTCCTCTCAGATTCGT-1,2
Folr1_E70_1-ATTTACCAGGTCTGGA-1,2
Folr1_E70_1-ATACTTCTCATTGTTC-1,2
Folr1_E70_1-AAACGAATCATGACAC-1,2
Folr1_E70_1-GCCAGTGGTGAGTGAC-1,2
Folr1_E70_1-GTCGTTCAGTGCGACA-1,2
Folr1_E70_1-ATGGTTGAGAAGTGTT-1,2
Folr1_E70_1-TTCATTGAGGCTAGCA-1,2
Folr1_E70_1-GAGCTGCAGCTAGATA-1,2
Folr1_E70_1-CACAGATCAGCATGCC-1,2
Folr1_E70_1-TCGGGCAAGAATTGCA-1,3
Folr1_E70_1-CAGATACGTAACTGCT-1,2
Folr1_E70_1-ACCAACACATGAGAAT-1,2
Folr1_E70_1-TCGTCCACATAGGTTC-1,3
Folr1_E70_1-AGGTGTTAGTCTTCCC-1,2
Folr1_E70_1-TTACCGCCAGTGGCTC-1,3
Folr1_E70_1-GCGAGAAGTTCTCCCA-1,2
Folr1_E70_1-TCATTACCAGCGGTCT-1,2
Folr1_E70_1-TGCGACGGTGTCATTG-1,4
Folr1_E70_1-CCTTTGGTCGAGAACG-1,2
Folr1_E70_1-GTAATCGGTAACGATA-1,2
Folr1_E70_1-TGACAGTTCCGAGGCT-1,2
Folr1_E70_1-TGGGATTAGGCTCAAG-1,3
Folr1_E70_1-CATACCCCAGACTCTA-1,3
Folr1_E70_1-TGGAACTCATGCCGGT-1,2
Folr1_E70_1-GACCCAGTCATTGCTT-1,2
Folr1_E70_1-CTTCTAAAGTTACTCG-1,3
Folr1_E70_1-CAACGATAGAGCCTGA-1,1
Folr1_E70_1-TTCTTCCGTCGTTGCG-1,2
Folr1_E70_1-ATTCAGGTCATAGCAC-1,2
Folr1_E70_1-CCTACGTCACCACTGG-1,4
Folr1_E70_1-GACCGTGGTTACTCAG-1,2
Folr1_E70_1-AATGGCTCAGTCAGCC-1,3
Folr1_E70_1-CCCTAACGTACATACC-1,4
Folr1_E70_1-ATCGCCTGTCCTTTGC-1,2
Folr1_E70_1-TTAGGCAGTTCCAGGC-1,2
Folr1_E70_1-TCTTCCTCAAAGGGCT-1,2
Folr1_E70_1-TGAGGGACACACTGGC-1,2
Folr1_E70_1-CTCATCGAGGAGACCT-1,2
Folr1_E70_1-CTGCCATCAGAGCGTA-1,2
Folr1_E70_1-CTTCGGTTCGCATAGT-1,2
Folr1_E70_1-AGTTAGCGTACGTGAG-1,4
Folr1_E70_1-AACAAGAAGCAGTACG-1,2
Folr1_E70_1-ACCAACATCTGGGCAC-1,2
Folr1_E70_1-AGATCGTGTATCGTGT-1,2
Folr1_E70_1-CAATACGCACTATCGA-1,3
Folr1_E70_1-TCTCAGCTCTCGGTCT-1,3
Folr1_E70_1-GACCCAGAGGTCCAGA-1,3
Folr1_E70_1-CACGTGGCAGCTCGGT-1,2
Folr1_E70_1-TACTTCATCAATCTTC-1,3
Folr1_E70_1-GTGCTTCGTTCAAGGG-1,2
Folr1_E70_1-GCCAGCATCGGATAAA-1,2
Folr1_E70_1-TCAAGTGAGAGCAGTC-1,3
Folr1_E70_1-GACCCAGAGTACTGGG-1,2
Folr1_E70_1-TAGGTTGAGTCACACT-1,4
Folr1_E70_1-TCCCATGCAAGTATAG-1,3
Folr1_E70_1-GGTCACGGTGCTAGCC-1,2
Folr1_E70_1-CATACCCAGTCACGAG-1,3
Folr1_E70_1-GTAGCTAGTGAGTAGC-1,2
Folr1_E70_1-AAGTCGTTCAAGCCCG-1,2
Folr1_E70_1-TTGTGTTCACCTATCC-1,2
Folr1_E70_1-GACTTCCTCGTGAGAG-1,2
Folr1_E70_1-AGGATCTTCATCACAG-1,2
Folr1_E70_1-AGCGCTGCATGGAACG-1,2
Folr1_E70_1-GTGTAACCACGTACTA-1,3
Folr1_E70_1-TCTGCCAAGTTACGAA-1,2
Folr1_E70_1-GTGCTGGCACGCAAAG-1,2
Folr1_E70_1-TCAGTGAGTTTCGCTC-1,2
Folr1_E70_1-CGAAGGACATTCCTCG-1,2
Folr1_E70_1-GGTAGAGTCCTCAGGG-1,2
Folr1_E70_1-GAAACCTGTGCATTTG-1,2
Folr1_E70_1-TGGTTAGGTAGAGGAA-1,2
Folr1_E70_1-GTAATGCGTACTAAGA-1,2
Folr1_E70_1-ATTACCTTCCACGGAC-1,2
Folr1_E70_1-CAAAGAAAGAGCAACC-1,3
Folr1_E70_1-CCTCTAGGTTCCACAA-1,2
Folr1_E70_1-GGTGAAGAGATTGAGT-1,2
Folr1_E70_1-ATTCATCTCCAAGCCG-1,1
Folr1_E70_1-ATCGATGGTATTCCTT-1,2
Folr1_E70_1-AATCGTGTCAAATGAG-1,2
Folr1_E70_1-GTGATGTAGTTCTCTT-1,5
Folr1_E70_1-ATCACGACATCGTTCC-1,2
Folr1_E70_1-ATTACCTAGATCCTAC-1,2
Folr1_E70_1-GCTACCTAGCCGGATA-1,2
Folr1_E70_1-GATTGGTAGAGTATAC-1,2
Folr1_E70_1-ATTTCACTCCTGTAAG-1,3
Folr1_E70_1-GGATGTTCAGGTATGG-1,2
Folr1_E70_1-CCGGTGAAGTGGACGT-1,2
Folr1_E70_1-CTTCCTTGTCCCTCAT-1,not_majority
Folr1_E70_1-TTAATCCGTACTGAGG-1,2
Folr1_E70_1-TTGAGTGAGCGAGGAG-1,2
Folr1_E70_1-GCATTAGTCTTACCAT-1,2
Folr1_E70_1-GTACAACTCAGCGCAC-1,2
Folr1_E70_1-ACAAGCTTCTGGCCTT-1,2
Folr1_E70_1-TGGTTAGCACCAGTTA-1,2
Folr1_E70_1-GTAATCGGTGAGCTCC-1,2
Folr1_E70_1-GGGAAGTGTCTGTCAA-1,2
Folr1_E70_1-CCTCATGTCTGGTTGA-1,2
Folr1_E70_1-TGGCGTGCAAATTGGA-1,3
Folr1_E70_1-GAGTCTAGTTGGTGTT-1,4
Folr1_E70_1-TTTCAGTGTAAGCAAT-1,2
Folr1_E70_1-AGGATAAAGGAAGTGA-1,2
Folr1_E70_1-TTGGGATGTGTCACAT-1,2
Folr1_E70_1-CCGATGGCACGGCGTT-1,2
Folr1_E70_1-GCTACAATCGGCATTA-1,2
Folr1_E70_1-ATCGGCGAGACATCAA-1,2
Folr1_E70_1-ATTTCACTCGGTAGAG-1,3
Folr1_E70_1-GATGTTGAGTAGAGTT-1,2
Folr1_E70_1-TGCAGTAGTCGCAGTC-1,3
Folr1_E70_1-AGAGAGCGTAGGTACG-1,2
Folr1_E70_1-AGTACTGCAACCGTGC-1,2
Folr1_E70_1-TTTGTTGAGAATCGAT-1,2
Folr1_E70_1-AACCCAAAGTCGCCAC-1,2
Folr1_E70_1-AGAAATGAGCCATGCC-1,2
Folr1_E70_1-AAAGTCCCAGCTACTA-1,2
Folr1_E70_1-GTGGGAAAGCTATCTG-1,2
Folr1_E70_1-ACCCTTGCACGGATCC-1,not_majority
Folr1_E70_1-TGTGATGCAGGACATG-1,2
Folr1_E70_1-TGCAGGCAGCACGTCC-1,2
Folr1_E70_1-GTAGGAGGTCGTGTTA-1,2
Folr1_E70_1-TCACTATCACTACCGG-1,2
Folr1_E70_1-TGAGCATGTATGTGTC-1,4
Folr1_E70_1-AGGTCATAGTTGTCGT-1,3
Folr1_E70_1-TCACATTAGTAGCAAT-1,1
Folr1_E70_1-ACTTATCAGCGAGAAA-1,2
Folr1_E70_1-CTGCATCGTTATGTGC-1,2
Folr1_E70_1-GGTGGCTTCCAAGAGG-1,2
Folr1_E70_1-CGTGAATCATGACTCA-1,2
Folr1_E70_1-TCCACGTAGGATAATC-1,4
Folr1_E70_1-GAGATGGAGCTTAAGA-1,2
Folr1_E70_1-ATGCCTCTCGTGGGAA-1,4
Folr1_E70_1-GTGCTTCTCAACCGAT-1,2
Folr1_E70_1-ATGCCTCTCGTACCTC-1,4
Folr1_E70_1-CCCTCAAGTCGGAACA-1,2
Folr1_E70_1-ACTGATGCAGTGTATC-1,2
Folr1_E70_1-CTGAATGGTGGTCCCA-1,3
Folr1_E70_1-ACGGGTCCACACCGAC-1,2
Folr1_E70_1-TACGCTCGTTGCTTGA-1,2
Folr1_E70_1-TAGCACAGTTGCTCCT-1,2
Folr1_E70_1-TGACCCTCAGAGTTGG-1,2
Folr1_E70_1-CGGGTGTAGAGCCATG-1,2
Folr1_E70_1-GTGCGTGAGAGCGACT-1,2
Folr1_E70_1-TTTAGTCCATGACTTG-1,2
Folr1_E70_1-TTTACGTTCTGGAAGG-1,2
Folr1_E70_1-CACAGATGTCTACAAC-1,2
Folr1_E70_1-GCTTGGGAGCCAAGTG-1,2
Folr1_E70_1-ACATGCAGTCTATGAC-1,2
Folr1_E70_1-CCATAAGGTAATCAAG-1,2
Folr1_E70_1-CTCCTCCCAAATAGCA-1,3
Folr1_E70_1-CACGTGGGTTCTGAGT-1,2
Folr1_E70_1-CGGGTGTCAGAGAAAG-1,2
Folr1_E70_1-TTTACCATCAGGGTAG-1,2
Folr1_E70_1-ATCCACCAGCAGCCCT-1,2
Folr1_E70_1-ATGGAGGTCACCTACC-1,2
Folr1_E70_1-ATCCGTCCAGCGATTT-1,2
Folr1_E70_1-AGCTCAAGTATGCTAC-1,2
Folr1_E70_1-GCAGGCTAGTATGGCG-1,2
Folr1_E70_1-TCAGTGAGTATGAAAC-1,4
Folr1_E70_1-GGTGAAGTCTGTGCAA-1,2
Folr1_E70_1-AATCACGGTGCCTGCA-1,4
Folr1_E70_1-ACGTAGTGTCGTGATT-1,2
Folr1_E70_1-TCGTGCTTCGCCCAGA-1,2
Folr1_E70_1-CTTGAGAAGAATGTTG-1,2
Folr1_E70_1-TAGCACATCCGATGTA-1,2
Folr1_E70_1-CCCTAACAGGTATAGT-1,1
Folr1_E70_1-CCACTTGCACAATGAA-1,2
Folr1_E70_1-GCACTAAAGTTGAATG-1,2
Folr1_E70_1-CTGGTCTCACGAGGAT-1,2
Folr1_E70_1-CTCATGCCAGGTACGA-1,2
Folr1_E70_1-AGAAGCGTCCGAGAAG-1,0
Folr1_E70_1-ATGGGAGCAAGCCATT-1,2
Folr1_E70_1-AGTCATGAGCGATCGA-1,2
Folr1_E70_1-TATATCCCAGTCGTTA-1,2
Folr1_E70_1-CCGGTGAAGCCGATTT-1,2
Folr1_E70_1-ATAGGCTAGCGATGAC-1,3
Folr1_E70_1-TTGCGTCAGCATGCAG-1,2
Folr1_E70_1-TCTCAGCAGTAATTGG-1,2
Folr1_E70_1-TATACCTGTATCAGCT-1,2
Folr1_E70_1-ACGTACAGTTTCTATC-1,2
Folr1_E70_1-CAGCCAGGTCCGGCAT-1,3
Folr1_E70_1-TCTCAGCCATAGTCGT-1,2
Folr1_E70_1-GTGAGGACAACACTAC-1,2
Folr1_E70_1-GACCCTTCAGGCGATA-1,2
Folr1_E70_1-GGATCTAGTCGCGGTT-1,2
Folr1_E70_1-GTATTGGAGTAAGACT-1,2
Folr1_E70_1-TTCCTCTGTTGGTGTT-1,2
Folr1_E70_1-GGGTCACCATCAGTCA-1,2
Folr1_E70_1-CAAGAGGAGGAGAATG-1,2
Folr1_E70_1-ATGAGGGGTTTGCCGG-1,2
Folr1_E70_1-CTCGAGGCATGTGGTT-1,2
Folr1_E70_1-ACAGGGATCGATTGAC-1,4
Folr1_E70_1-AGTGCCGAGGACGCTA-1,2
Folr1_E70_1-CTCAGGGCAAATACGA-1,1
Folr1_E70_1-CGTCCATAGACATAAC-1,2
Folr1_E70_1-TCAATCTGTCTTTATC-1,2
Folr1_E70_1-TCATGCCCAAAGTGTA-1,2
Folr1_E70_1-TTAGTCTAGTCAGGGT-1,3
Folr1_E70_1-GTGTCCTCATGCGTGC-1,2
Folr1_E70_1-GTCGAATCATCCCGTT-1,3
Folr1_E70_1-TGTTCCGAGCCATGCC-1,2
Folr1_E70_1-ACAGCCGAGTTGCTCA-1,2
Folr1_E70_1-CGTCCATGTTCCGCGA-1,2
Folr1_E70_1-TGTAGACAGTCTAGAA-1,3
Folr1_E70_1-GAAACCTCAGTAGGAC-1,3
Folr1_E70_1-AACAAAGCAGTAGTGG-1,2
Folr1_E70_1-GTTGTGAAGTTGGACG-1,2
Folr1_E70_1-AGGCATTAGGATGCGT-1,2
Folr1_E70_1-TGTGATGAGGTTGTTC-1,2
Folr1_E70_1-GAGTGTTCAATACGCT-1,2
Folr1_E70_1-AAAGTCCGTGGTTTGT-1,2
Folr1_E70_1-GTATTTCGTTATGTGC-1,2
Folr1_E70_1-GAGTTTGAGGATACCG-1,2
Folr1_E70_1-CATGCTCGTTGTCTAG-1,2
Folr1_E70_1-CTTCTAATCCTAGCCT-1,3
Folr1_E70_1-AGAGCAGCAGAGGTAC-1,2
Folr1_E70_1-ACTTAGGTCGCATAGT-1,2
Folr1_E70_1-ATTCGTTAGATGGTCG-1,2
Folr1_E70_1-TTCGATTAGCGACTTT-1,2
Folr1_E70_1-TAACCAGCATAGTCGT-1,3
Folr1_E70_1-TCCCACAAGCATCGAG-1,2
Folr1_E70_1-TCTTTGATCGACATCA-1,3
Folr1_E70_1-TTTCATGCAAGAGGTC-1,2
Folr1_E70_1-TTCCAATCACCAGTAT-1,2
Folr1_E70_1-TATTGCTGTGTGCTTA-1,2
Folr1_E70_1-TCGCAGGCAGCTGTCG-1,2
Folr1_E70_1-ACTATGGCACTCCTTG-1,2
Folr1_E70_1-ATGAGGGAGGCATCTT-1,2
Folr1_E70_1-CTAACCCTCAGTGCGC-1,3
Folr1_E70_1-AGGATCTGTCCATAGT-1,2
Folr1_E70_1-AGCCAGCCAGGAAGTC-1,2
Folr1_E70_1-ACTGATGGTATGGAGC-1,2
Folr1_E70_1-GTCGTAATCTGAACGT-1,2
Folr1_E70_1-CTGAATGGTCTGTTAG-1,2
Folr1_E70_1-TACGGTAGTTCAGGTT-1,2
Folr1_E70_1-ACTTTGTAGAGGTTAT-1,4
Folr1_E70_1-GAGTTTGTCACGATAC-1,2
Folr1_E70_1-CACTTCGAGAAGCGCT-1,2
Folr1_E70_1-TTGCCTGTCTTCTTCC-1,2
Folr1_E70_1-GTCGCGATCATGCGGC-1,2
Folr1_E70_1-CATAGACTCTTGGTGA-1,2
Folr1_E70_1-CTCATCGAGATCGCCC-1,2
Folr1_E70_1-GGCTTGGAGTCCCGAC-1,2
Folr1_E70_1-AAGTCGTGTTCGGCCA-1,2
Folr1_E70_1-AGAGCCCAGCGGGTAT-1,3
Folr1_E70_1-CATTGTTAGGCACTAG-1,2
Folr1_E70_1-CCTACGTTCGCAAGAG-1,3
Folr1_E70_1-TAAGCCAAGTTTAGGA-1,2
Folr1_E70_1-GAGACCCTCATACGAC-1,2
Folr1_E70_1-CACAGGCGTGTCTTGA-1,2
Folr1_E70_1-GGGAAGTTCCCAGGCA-1,2
Folr1_E70_1-ATACTTCGTAAGGCTG-1,2
Folr1_E70_1-GACCCTTGTGCTGCAC-1,2
Folr1_E70_1-TTCTAACAGGGAGAAT-1,2
Folr1_E70_1-TTCGCTGTCCCTCTCC-1,3
Folr1_E70_1-GGGATGACACGTAGAG-1,2
Folr1_E70_1-TCATGTTTCCTCTGCA-1,2
Folr1_E70_1-AGGTAGGTCACTCCGT-1,3
Folr1_E70_1-AAGTTCGTCGTGGAAG-1,2
Folr1_E70_1-AGGACTTCACTTCTCG-1,2
Folr1_E70_1-AAAGGTAGTACAATAG-1,4
Folr1_E70_1-CGTGATACATCGAACT-1,1
Folr1_E70_1-AACACACCAGGTAGTG-1,3
Folr1_E70_1-CGCCATTTCTGATTCT-1,3
Folr1_E70_1-AACAAAGCAGCCATTA-1,2
Folr1_E70_1-TCCGTGTCAGATAAAC-1,3
Folr1_E70_1-GTTCATTTCAGAACCT-1,4
Folr1_E70_1-TGGTAGTGTGGTTTGT-1,2
Folr1_E70_1-CCCATTGCAATGCAGG-1,2
Folr1_E70_1-CCTACGTCAGGATGAC-1,1
Folr1_E70_1-TCCCATGAGATGGCGT-1,2
Folr1_E70_1-ACGTCCTAGTGCACAG-1,2
Folr1_E70_1-ACCCTTGAGCATGATA-1,3
Folr1_E70_1-TGTTCCGCACTTGTGA-1,2
Folr1_E70_1-CAAAGAATCGGTTAGT-1,2
Folr1_E70_1-ATGGAGGGTGCAGTGA-1,2
Folr1_E70_1-TGGCGTGTCCCTAGGG-1,2
Folr1_E70_1-CTAGGTATCTGAGGCC-1,2
Folr1_E70_1-CGCATAATCGGTTAGT-1,2
Folr1_E70_1-TTCTGTAGTACAGAGC-1,2
Folr1_E70_1-TTGTTGTGTTTAGTCG-1,2
Folr1_E70_1-TTTACTGGTATTCCTT-1,4
Folr1_E70_1-TGAGCATAGCGAGGAG-1,3
Folr1_E70_1-TTCGCTGGTAGACAGC-1,2
Folr1_E70_1-CAACAGTGTCAAGTTC-1,2
Folr1_E70_1-CCTGCATCACCAGCGT-1,2
Folr1_E70_1-TGTAACGCACCTCAGG-1,2
Folr1_E70_1-GTCGTAACAGTGTATC-1,2
Folr1_E70_1-CAGTTAGAGAGAGGGC-1,2
Folr1_E70_1-CTGAGCGAGGTAGGCT-1,4
Folr1_E70_1-GTCATGAGTTGCGAAG-1,2
Folr1_E70_1-GCGATCGGTCATAAAG-1,3
Folr1_E70_1-GCGATCGAGAGTTGTA-1,2
Folr1_E70_1-ATCGTGAGTGTAACGG-1,2
Folr1_E70_1-CGTTGGGTCCTGCTAC-1,2
Folr1_E70_1-CTTCTCTTCAGCTAGT-1,2
Folr1_E70_1-CACATGAGTCCGGACT-1,2
Folr1_E70_1-GTGTGATAGCTGCCTG-1,2
Folr1_E70_1-CGTTGGGCAACTCCAA-1,3
Folr1_E70_1-CTGGACGAGCTTACGT-1,2
Folr1_E70_1-GGGCCATCATTGCCTC-1,2
Folr1_E70_1-AGCTCAACATCACAGT-1,2
Folr1_E70_1-TCTCCGAAGTGCCCGT-1,2
Folr1_E70_1-TTAGTCTAGGACGGAG-1,2
Folr1_E70_1-GGAGAACCATCCCGTT-1,2
Folr1_E70_1-AGGTAGGAGGATACAT-1,2
Folr1_E70_1-TCGTAGACAATGACCT-1,3
Folr1_E70_1-CACCGTTTCAACCCGG-1,2
Folr1_E70_1-CTCTGGTAGGGCGAGA-1,2
Folr1_E70_1-GCGTGCAGTTACCCAA-1,4
Folr1_E70_1-GTTTGGACAAGCGCTC-1,2
Folr1_E70_1-TCGATTTCAGGCCCTA-1,2
Folr1_E70_1-TCCAGAACATCTGCGG-1,2
Folr1_E70_1-GCATTAGTCGCTCATC-1,2
Folr1_E70_1-CGTTCTGCAAGTGGGT-1,2
Folr1_E70_1-TAAGTCGAGTTGCATC-1,2
Folr1_E70_1-GTAATGCCAGCCATTA-1,4
Folr1_E70_1-TTTGATCTCTCCTGTG-1,2
Folr1_E70_1-GCGTGCAGTGTCTTGA-1,4
Folr1_E70_1-GTCGTTCGTTCTTGTT-1,2
Folr1_E70_1-CACGGGTGTCGGAAAC-1,2
Folr1_E70_1-GGCACGTAGTTACGAA-1,2
Folr1_E70_1-TTTCAGTGTTCCTTGC-1,3
Folr1_E70_1-TAGATCGTCGCAGTTA-1,2
Folr1_E70_1-ACCAACACATGGATCT-1,2
Folr1_E70_1-GTCGTAATCAAGCCAT-1,3
Folr1_E70_1-ATGATCGGTCGTCGGT-1,2
Folr1_E70_1-GGGTCACCAAGACGAC-1,2
Folr1_E70_1-ACGGAAGAGTGTTCCA-1,2
Folr1_E70_1-TGTCCTGGTACCGCGT-1,2
Folr1_E70_1-GTAAGTCCATATGAAG-1,2
Folr1_E70_1-TGCTTGCGTCGAGCTC-1,3
Folr1_E70_1-ATGGGAGTCCTAGCCT-1,not_majority
Folr1_E70_1-ACGGGTCAGAACCGCA-1,2
Folr1_E70_1-TGCTTCGCAAGATGTA-1,2
Folr1_E70_1-CCCGAAGTCATGGAGG-1,2
Folr1_E70_1-GTCACGGAGTCACTAC-1,2
Folr1_E70_1-TTCATGTAGCGAGTCA-1,3
Folr1_E70_1-GGGACCTAGGTTATAG-1,2
Folr1_E70_1-CAAGGGAAGGTAAGAG-1,3
Folr1_E70_1-TGGAACTAGTCTCTGA-1,2
Folr1_E70_1-TTCCGTGGTTGTGTAC-1,2
Folr1_E70_1-ATCATTCGTATGTGTC-1,2
Folr1_E70_1-GCTGCAGTCGTTGTAG-1,2
Folr1_E70_1-TCACGCTGTTCCGGTG-1,3
Folr1_E70_1-ACATCGAAGGCGTCCT-1,1
Folr1_E70_1-TATTGGGTCGCGAAGA-1,4
Folr1_E70_1-CGTGAATAGGTGCCAA-1,2
Folr1_E70_1-CTGTCGTGTTGAATCC-1,2
Folr1_E70_1-TGTGCGGCAAGTAGTA-1,1
Folr1_E70_1-CAGCCAGAGCGTCAGA-1,2
Folr1_E70_1-TGCAGTACAAAGGCAC-1,2
Folr1_E70_1-GCTGCAGTCCCTCGAT-1,3
Folr1_E75_1-CTACATTGTGGATCGA-1,3
Folr1_E75_1-TCCGATCAGCCATGCC-1,3
Folr1_E75_1-TCACGGGCACAGACGA-1,3
Folr1_E75_1-TGCAGTAAGGACATCG-1,4
Folr1_E75_1-ACTACGATCATTTGGG-1,3
Folr1_E75_1-TAAGTCGCACACGTGC-1,4
Folr1_E75_1-GATCCCTCATCTGCGG-1,3
Folr1_E75_1-GATCGTATCGACGTCG-1,4
Folr1_E75_1-AATGAAGGTGATCGTT-1,2
Folr1_E75_1-ACCTGTCTCCGGCAGT-1,4
Folr1_E75_1-CGGCAGTTCTTACGTT-1,2
Folr1_E75_1-ATCGTCCGTGCAACGA-1,4
Folr1_E75_1-GAGGGATGTCGCTTAA-1,2
Folr1_E75_1-GATCCCTCAAGAGTAT-1,2
Folr1_E75_1-ACGGTCGCAACGTTAC-1,3
Folr1_E75_1-GTCTCACGTTCGGTTA-1,2
Folr1_E75_1-TAACACGAGCTTTGTG-1,3
Folr1_E75_1-TGAGACTTCAATCCAG-1,2
Folr1_E75_1-GTCCACTAGTACAACA-1,2
Folr1_E75_1-GATTTCTAGAGTCTTC-1,3
Folr1_E75_1-TCCTTTCTCACTCGAA-1,2
Folr1_E75_1-AGTCATGTCTATACTC-1,3
Folr1_E75_1-GTGGAAGTCGCGATCG-1,4
Folr1_E75_1-TTCTGTACATTAAAGG-1,4
Folr1_E75_1-CTACATTTCCCGAGTG-1,3
Folr1_E75_1-CGGAACCTCGTCTCAC-1,4
Folr1_E75_1-CTCAGGGAGATTGTGA-1,3
Folr1_E75_1-CCTCAACAGACATAAC-1,3
Folr1_E75_1-AGGAATACAGCGTTTA-1,4
Folr1_E75_1-TCGGATAGTACCGTGC-1,3
Folr1_E75_1-CTTTCGGCACGAGAAC-1,3
Folr1_E75_1-GTAGATCCAGGATCTT-1,2
Folr1_E75_1-ATCCATTTCTCACGAA-1,4
Folr1_E75_1-GTAGATCCACGAGGTA-1,4
Folr1_E75_1-ACATGCAAGTCACACT-1,1
Folr1_E75_1-GAGTGTTTCTTACACT-1,4
Folr1_E75_1-TACCTGCAGGACTGGT-1,2
Folr1_E75_1-CAGATTGTCATGGCCG-1,4
Folr1_E75_1-TCGTCCAGTCGAAGCA-1,3
Folr1_E75_1-AAACGCTAGTAGGCCA-1,3
Folr1_E75_1-TGACTCCTCAAACGTC-1,2
Folr1_E75_1-TCAAGACAGCCTCATA-1,4
Folr1_E75_1-CACATGACAAATGCTC-1,3
Folr1_E75_1-TGGTTAGCAAGTGACG-1,4
Folr1_E75_1-ACTGTGACAGGAAGTC-1,2
Folr1_E75_1-TTTATGCCAGAACTCT-1,2
Folr1_E75_1-TTTGTTGGTGATACAA-1,2
Folr1_E75_1-CCTGCATCAAGGTCTT-1,2
Folr1_E75_1-TGCTCGTGTTGTGGAG-1,3
Folr1_E75_1-AAAGGGCTCCAGTACA-1,2
Folr1_E75_1-GTGCACGAGGTGATCG-1,3
Folr1_E75_1-CAAAGAAGTCATGACT-1,4
Folr1_E75_1-CTAACCCGTCGCGGTT-1,2
Folr1_E75_1-TGAGGTTCACTATCCC-1,2
Folr1_E75_1-ATAGACCGTATCCCAA-1,4
Folr1_E75_1-AACCACAAGCAATTAG-1,4
Folr1_E75_1-TCACAAGCAACTCATG-1,2
Folr1_E75_1-TCGACCTTCCTGTAGA-1,2
Folr1_E75_1-TTACGCCCAAGCGAGT-1,4
Folr1_E75_1-CGGAGAATCCCGATCT-1,2
Folr1_E75_1-ATTATCCCATACATCG-1,2
Folr1_E75_1-GAGACCCGTCGTATGT-1,3
Folr1_E75_1-TACAACGAGGGATGTC-1,3
Folr1_E75_1-TGGAACTGTTAACAGA-1,2
Folr1_E75_1-ACAAAGAAGAACTTCC-1,2
Folr1_E75_1-TGTCCCACACTCCTTG-1,3
Folr1_E75_1-CAGATCATCTCCTGCA-1,2
Folr1_E75_1-TTATTGCGTACCACGC-1,3
Folr1_E75_1-GAGAGGTTCACCGGTG-1,2
Folr1_E75_1-GAAGAATTCCCTCTAG-1,3
Folr1_E75_1-GAGCCTGAGAGATTCA-1,3
Folr1_E75_1-GAGGGATAGAGGTGCT-1,2
Folr1_E75_1-GACTCTCGTAACATGA-1,3
Folr1_E75_1-TCAGGTAGTCTTGTCC-1,4
Folr1_E75_1-AACCTGAAGAAATTGC-1,4
Folr1_E75_1-TTACCATAGACTTGTC-1,4
Folr1_E75_1-TCAGCAATCACCATCC-1,4
Folr1_E75_1-TACAACGTCGGACGTC-1,2
Folr1_E75_1-CACTTCGCATAACGGG-1,3
Folr1_E75_1-CAAGGGAAGTTTGGCT-1,2
Folr1_E75_1-TGTTCTACAATGAGCG-1,2
Folr1_E75_1-CTCATTACAGGCAATG-1,3
Folr1_E75_1-CCGGACACAAGAAACT-1,2
Folr1_E75_1-AAAGGTAGTGTTGATC-1,3
Folr1_E75_1-AAGACAAAGGTGCCTC-1,2
Folr1_E75_1-CTTAGGACAAACCGGA-1,3
Folr1_E75_1-GCTACAACAATTGGTC-1,2
Folr1_E75_1-AGGCTGCGTAGTATAG-1,2
Folr1_E75_1-GAGGGTATCTGGCCTT-1,2
Folr1_E75_1-CCTCCTCCAACCAACT-1,4
Folr1_E75_1-CCCTCTCGTCCATACA-1,3
Folr1_E75_1-CTTTCGGTCCCAGCGA-1,2
Folr1_E75_1-CACAGGCCACTCCGAG-1,2
Folr1_E75_1-CCGGTAGCATGTGCTA-1,4
Folr1_E75_1-AGTGTTGCAGGTTCCG-1,4
Folr1_E75_1-CACCGTTAGAAACCCG-1,3
Folr1_E75_1-AGTAACCTCCGCACGA-1,4
Folr1_E75_1-ACCCTTGAGATCACCT-1,3
Folr1_E75_1-ACTTTGTCAGATTCGT-1,2
Folr1_E75_1-GACTGATGTCTGTCCT-1,2
Folr1_E75_1-TTCCGGTTCTATCGTT-1,2
Folr1_E75_1-GACGTTAGTGCCTACG-1,2
Folr1_E75_1-CCTAAGAAGACTAGAT-1,not_majority
Folr1_E75_1-CTAGGTAAGTGTTGTC-1,4
Folr1_E75_1-CTGCCATCACCTGTCT-1,2
Folr1_E75_1-AACAAAGCACCAACAT-1,2
Folr1_E75_1-TACCTCGGTCCCTGTT-1,2
Folr1_E75_1-TTGTGTTCATCCCGTT-1,2
Folr1_E75_1-CTGCTCACAATGACCT-1,2
Folr1_E75_1-TGATTCTGTCCACACG-1,2
Folr1_E75_1-TCAGGGCAGTCGCGAA-1,3
Folr1_E75_1-CCTTCAGCACGGATCC-1,1
Folr1_E75_1-AAGAACACAAGCCCAC-1,2
Folr1_E75_1-GAAATGAGTTGCTCAA-1,2
Folr1_E75_1-CCGGACATCGGTTAGT-1,3
Folr1_E75_1-TCACAAGGTTCGTAAC-1,2
Folr1_E75_1-TTTGTTGAGGGCGAGA-1,3
Folr1_E75_1-ACAGGGAAGGATACGC-1,4
Folr1_E75_1-GTTTGGACAAACACCT-1,4
Folr1_E75_1-TCTGCCAGTTGCTCGG-1,3
Folr1_E75_1-GCCATGGCACTGAGTT-1,3
Folr1_E75_1-CAACCAATCACGGACC-1,3
Folr1_E75_1-TAAGTCGAGCAACTCT-1,3
Folr1_E75_1-TCCTCTTTCGGCCAAC-1,2
Folr1_E75_1-CAGTTCCTCCCATACC-1,2
Folr1_E75_1-TGTAACGAGATGCCGA-1,2
Folr1_E75_1-GAGCCTGTCGAGGCAA-1,2
Folr1_E75_1-TCAGTCCTCATCGACA-1,1
Folr1_E75_1-ACGGGTCAGGTCCCGT-1,3
Folr1_E75_1-CAACAACGTCGGTGTC-1,2
Folr1_E75_1-TTGTGGAGTCACAGTT-1,2
Folr1_E75_1-GACGCTGTCGACGCGT-1,2
Folr1_E75_1-TACCTCGAGTAAAGCT-1,2
Folr1_E75_1-TACCGAATCGACACTA-1,3
Folr1_E75_1-GCGTTTCCACATGTTG-1,2
Folr1_E75_1-GATCATGCACATAACC-1,1
Folr1_E75_1-GAGACTTAGACTGGGT-1,3
Folr1_E75_1-GAGTCATAGTCACTCA-1,2
Folr1_E75_1-TCAGGTACACCGTGGT-1,2
Folr1_E75_1-TGTCCCAAGCTGAAGC-1,3
Folr1_E75_1-TATTTCGAGTGCACTT-1,2
Folr1_E75_1-TCACAAGGTCACCACG-1,3
Folr1_E75_1-TTACCGCTCCCGAGGT-1,2
Folr1_E75_1-CGCGTGAGTTATAGCC-1,3
Folr1_E75_1-AATGACCGTATCGCAT-1,3
Folr1_E75_1-ATTCACTTCTGTTCAT-1,4
Folr1_E75_1-ACGTCCTAGCGTGAAC-1,4
Folr1_E75_1-CGGTCAGAGTTGGGAC-1,2
Folr1_E75_1-CGGGACTGTTGCGGAA-1,2
Folr1_E75_1-GGGCCATCAATTAGGA-1,4
Folr1_E75_1-CATAGACTCGTCAAAC-1,2
Folr1_E75_1-CGGTCAGCATCCGCGA-1,2
Folr1_E75_1-GATGAGGGTCTCCCTA-1,4
Folr1_E75_1-CTGGACGCAATCGCCG-1,3
Folr1_E75_1-TCATTCACAGCATGCC-1,4
Folr1_E75_1-TTCCACGAGATGAAGG-1,2
Folr1_E75_1-AACGTCACAAATCGTC-1,2
Folr1_E75_1-AGTCAACTCGAGCCTG-1,3
Folr1_E75_1-AGCATCAAGTGCACAG-1,2
Folr1_E75_1-GAGGGTAAGAATACAC-1,2
Folr1_E75_1-TCTTAGTCAGCCGGTT-1,4
Folr1_E75_1-ACCCTCAGTGTCCTAA-1,3
Folr1_E75_1-AGGTCTATCTCCACTG-1,2
Folr1_E75_1-TCACTCGAGCACTCCG-1,3
Folr1_E75_1-ATGAAAGTCTACACAG-1,2
Folr1_E75_1-CATAGACTCACATTGG-1,3
Folr1_E75_1-GATGAGGTCACTTTGT-1,1
Folr1_E75_1-GCGGATCAGATAGCAT-1,2
Folr1_E75_1-CCACACTGTCACTCAA-1,2
Folr1_E75_1-GCATCTCAGTATTAGG-1,4
Folr1_E75_1-GTCCTCAGTATGCGTT-1,2
Folr1_E75_1-GGTAACTGTTGCGTAT-1,4
Folr1_E75_1-GACCCAGAGTGACACG-1,not_majority
Folr1_E75_1-TCCTTCTCATGAGTAA-1,2
Folr1_E75_1-TACGGGCGTATCCCTC-1,2
Folr1_E75_1-TCGATTTTCGAACCTA-1,not_majority
Folr1_E75_1-TTGGATGTCACCATGA-1,2
Folr1_E75_1-AGTGCCGAGACCATAA-1,4
Folr1_E75_1-ATCCCTGAGGAACTCG-1,3
Folr1_E75_1-AGACAAAGTAGCTGCC-1,3
Folr1_E75_1-GCGGAAATCTCAACGA-1,4
Folr1_E75_1-TCGCTTGAGCGACTTT-1,2
Folr1_E75_1-ATCCACCCATGACAGG-1,4
Folr1_E75_1-GCATCTCCACGCCAGT-1,4
Folr1_E75_1-AGATCGTCAATTTCTC-1,2
Folr1_E75_1-TCGTAGAGTATCGGTT-1,3
Folr1_E75_1-GCCGATGCACTACGGC-1,2
Folr1_E75_1-TACTGCCTCGGTCTAA-1,4
Folr1_E75_1-ATCAGGTCAGGCGAAT-1,2
Folr1_E75_1-CAGTGCGAGATCCTAC-1,3
Folr1_E75_1-TCCCACAAGTACCGGA-1,4
Folr1_E75_1-GACGTTAGTAAGCAAT-1,2
Folr1_E75_1-TTTGGAGTCATCCTGC-1,2
Folr1_E75_1-CATACTTAGGAGGTTC-1,4
Folr1_E75_1-CACTGGGCAATAGGAT-1,2
Folr1_E75_1-TGGGAAGTCTCGCTCA-1,2
Folr1_E75_1-CTATAGGCACATTGTG-1,3
Folr1_E75_1-CTACGGGGTTGCATCA-1,4
Folr1_E75_1-GAGCTGCCAGGATCTT-1,1
Folr1_E75_1-AGTGATCCACGACGCT-1,2
Folr1_E75_1-AGAAATGCATGACGTT-1,3
Folr1_E75_1-CACTGGGTCAAAGCCT-1,4
Folr1_E75_1-TTGTGGAGTGCATACT-1,1
Folr1_E75_1-GGGTCTGGTTAGGCCC-1,2
Folr1_E75_1-GTCTCACAGACCTTTG-1,2
Folr1_E75_1-GAGCCTGAGCCATCCG-1,2
Folr1_E75_1-CCTGCATAGGGCCCTT-1,2
Folr1_E75_1-GCAACATAGTCACGAG-1,3
Folr1_E75_1-AGGATAACAATTGCCA-1,4
Folr1_E75_1-GATAGCTCACCTAAAC-1,2
Folr1_E75_1-AGGCATTCATTGCAAC-1,2
Folr1_E75_1-CTCCTCCAGCATCCCG-1,3
Folr1_E75_1-AGCTTCCGTAGCCAGA-1,2
Folr1_E75_1-CGGAATTGTGGCGCTT-1,2
Folr1_E75_1-GCACGGTCACTGTGAT-1,2
Folr1_E75_1-GCAACCGAGTCTAGCT-1,3
Folr1_E75_1-GATGCTAGTACCGCGT-1,4
Folr1_E75_1-GCGAGAATCTCCTGCA-1,4
Folr1_E75_1-TTAGGGTCAACATCGT-1,4
Folr1_E75_1-TCCATCGGTGTAACGG-1,3
Folr1_E75_1-TCATCCGGTGGCTGAA-1,4
Folr1_E75_1-AGAACAAAGGAATGTT-1,2
Folr1_E75_1-GTACAACAGCCTGTCG-1,2
Folr1_E75_1-AGGTCATTCCTCTCTT-1,3
Folr1_E75_1-GACGTTATCTAGTACG-1,3
Folr1_E75_1-AGGTCATGTTAGGCCC-1,2
Folr1_E75_1-AGAAATGGTCGCGTTG-1,2
Folr1_E75_1-CTCCGATCAGACATCT-1,3
Folr1_E75_1-GGTTAACCACGCTGCA-1,3
Folr1_E75_1-ACGTTCCTCCACAGGC-1,2
Folr1_E75_1-TCATGCCCATCCCACT-1,2
Folr1_E75_1-TGCGGGTCATATGGCT-1,4
Folr1_E75_1-AGGTCATCAGCGGTTC-1,2
Folr1_E75_1-TGGAACTCAATAGGGC-1,4
Folr1_E75_1-ACTGTGACAGCAGTCC-1,3
Folr1_E75_1-TTAGGGTGTGACTCGC-1,4
Folr1_E75_1-GGAAGTGGTTAGAGAT-1,4
Folr1_E75_1-ACTGATGGTCCAACGC-1,2
Folr1_E75_1-CACAACACAAACGAGC-1,3
Folr1_E75_1-TACATTCTCCTGGTCT-1,2
Folr1_E75_1-CTCAAGACATACTTTC-1,2
Folr1_E75_1-CATGGTATCTCAGTCC-1,2
Folr1_E75_1-TGATCAGCAACAACAA-1,2
Folr1_E75_1-GCATTAGAGCGTGCCT-1,4
Folr1_E75_1-TCATACTAGAACCGCA-1,3
Folr1_E75_1-CTATCCGCAATGCTCA-1,2
Folr1_E75_1-AACCATGGTTCTCGCT-1,2
Folr1_E75_1-TACTTACTCTCTTGCG-1,3
Folr1_E75_1-GATTCTTCAACCGCTG-1,3
Folr1_E75_1-CACTGTCTCCCGAGGT-1,2
Folr1_E75_1-AGATCGTTCAATCAGC-1,4
Folr1_E75_1-ATCACGATCATCGCTC-1,2
Folr1_E75_1-TTGTTCACACTACCCT-1,4
Folr1_E75_1-CTCCACATCGCTGTTC-1,2
Folr1_E75_1-AGTGACTTCAAGGACG-1,4
Folr1_E75_1-AGGTTGTCAATCGTCA-1,3
Folr1_E75_1-ATCCGTCCAAGCTCTA-1,2
Folr1_E75_1-ACGCACGGTTCACGAT-1,2
Folr1_E75_1-TGTAAGCTCGCCTCTA-1,2
Folr1_E75_1-AATCACGGTCTACATG-1,3
Folr1_E75_1-TCGGGACTCCACGAAT-1,4
Folr1_E75_1-ACTCCCATCTGTCTCG-1,2
Folr1_E75_1-TGGTTAGCAATAACGA-1,2
Folr1_E75_1-CTTGATTCAACCACGC-1,not_majority
Folr1_E75_1-CTTCTCTAGTCAGAGC-1,4
Folr1_E75_1-ACCACAACATCGTTCC-1,1
Folr1_E75_1-GGGTCACGTCAACATC-1,2
Folr1_E75_1-GGCAGTCAGTCACGAG-1,2
Folr1_E75_1-AAACGAATCATGTCTT-1,3
Folr1_E75_1-TCAAGCATCGATCCAA-1,2
Folr1_E75_1-CGGGCATGTAGTGATA-1,4
Folr1_E75_1-TGGATGTCACGACAAG-1,4
Folr1_E75_1-CGTTCTGTCATCCCGT-1,1
Folr1_E75_1-TCTACATGTGAGTAGC-1,2
Folr1_E75_1-AAGACTCTCTCGACCT-1,4
Folr1_E75_1-TTAGTCTCAGATCATC-1,3
Folr1_E75_1-GGGAAGTTCCCTTGTG-1,2
Folr1_E75_1-AGGGTGAGTATGGAGC-1,2
Folr1_E75_1-GGTCACGAGGCGCTCT-1,3
Folr1_E75_1-AAGCATCCAGCACGAA-1,2
Folr1_E75_1-TGCTTGCTCGCCTCTA-1,4
Folr1_E75_1-GGAATCTAGCCTATTG-1,3
Folr1_E75_1-GGAGGATAGGCGCTCT-1,2
Folr1_E75_1-CGATGGCAGATACGAT-1,2
Folr1_E75_1-GTAGAGGTCAGGAGAC-1,3
Folr1_E75_1-TACTTACAGGCCCACT-1,4
Folr1_E75_1-AAGACTCCAAACACGG-1,4
Folr1_E75_1-TTATTGCGTAGATTGA-1,1
Folr1_E75_1-GCACATACACTGCGAC-1,3
Folr1_E75_1-ATCGGATAGATACCAA-1,2
Folr1_E75_1-TTACTGTAGTCGCGAA-1,2
Folr1_E75_1-CGACAGCGTGTCCGGT-1,2
Folr1_E75_1-TCGCTCAAGCCGATTT-1,3
Folr1_E75_1-CGGGTCACATCGCTCT-1,1
Folr1_E75_1-GTAGCTAGTACGGATG-1,3
Folr1_E75_1-CATACCCTCCGACATA-1,2
Folr1_E75_1-AATCGTGCATACCACA-1,4
Folr1_E75_1-AGTTAGCAGGCTCCCA-1,4
Folr1_E75_1-TGCTTCGCAAATTGGA-1,2
Folr1_E75_1-AAGCCATAGATTCGCT-1,3
Folr1_E75_1-TATTCCAGTTATGACC-1,2
Folr1_E75_1-CCTCATGAGATGTTAG-1,2
Folr1_E75_1-GCATCGGTCCCGTTGT-1,1
Folr1_E75_1-ATGACCAAGATGCCGA-1,3
Folr1_E75_1-AGGTGTTGTTCTCCTG-1,2
Folr1_E75_1-CATGGTAGTGATGTAA-1,2
Folr1_E75_1-TCCACCAAGTTACGAA-1,4
Folr1_E75_1-TCAATTCTCATATGGC-1,4
Folr1_E75_1-TCGAAGTTCTTAGCCC-1,2
Folr1_E75_1-TCTCCGAAGTTCGCAT-1,3
Folr1_E75_1-ATGATCGAGTTCCGGC-1,3
Folr1_E75_1-GAGTTACAGGATAATC-1,3
Folr1_E75_1-CACTGAAGTCGAAACG-1,2
Folr1_E75_1-GTAAGTCAGGTCCAGA-1,4
Folr1_E75_1-AAACGCTGTGCAATGG-1,4
Folr1_E75_1-CCGAACGCACTAACGT-1,3
Folr1_E75_1-TAGACCATCATTATCC-1,2
Folr1_E75_1-TTCCAATTCATCGTAG-1,2
Folr1_E75_1-CTCCTCCCAACGGCCT-1,2
Folr1_E75_1-ACCATTTCAGTGTGGA-1,2
Folr1_E75_1-ATCCTATGTTCGAGCC-1,2
Folr1_E75_1-ATTTCACTCACCGACG-1,2
Folr1_E75_1-GGAAGTGGTTACCGTA-1,2
Folr1_E75_1-TACGGTATCCATTTCA-1,3
Folr1_E75_1-TTCGCTGTCAGCCTCT-1,1
Folr1_E75_1-GCCGTGATCTACGCAA-1,2
Folr1_E75_1-CCTGCATCATGAGATA-1,3
Folr1_E75_1-AAAGGTAGTCACAATC-1,2
Folr1_E75_1-TTGACCCCAGAGAAAG-1,3
Folr1_E75_1-AACGAAAAGTCAGAGC-1,2
Folr1_E75_1-TGTTGAGTCAGTAGGG-1,2
Folr1_E75_1-CTTCTAACACTAACCA-1,2
Folr1_E75_1-GACCCTTAGGAACTCG-1,3
Folr1_E75_1-AGGGCCTTCGACGATT-1,2
Folr1_E75_1-TGTCCACGTGGGAGAG-1,3
Folr1_E75_1-AAAGTCCAGTCAGCCC-1,2
Folr1_E75_1-ATCGTGAGTCCCAAAT-1,2
Folr1_E75_1-TGTGCGGCATTATGCG-1,4
Folr1_E75_1-TGACAGTAGACCGTTT-1,2
Folr1_E75_1-TTCAATCTCGATGCAT-1,2
Folr1_E75_1-CGATCGGCAGCAGATG-1,2
Folr1_E75_1-TCCTAATAGCCGTTAT-1,4
Folr1_E75_1-ACGTCCTCAAAGGTTA-1,3
Folr1_E75_1-CTAGACAAGTACTGGG-1,2
Folr1_E75_1-TTGACCCGTGTTTGCA-1,2
Folr1_E75_1-CCCTGATCATTCAGCA-1,2
Folr1_E75_1-GACTATGGTAATGTGA-1,2
Folr1_E75_1-AGGACTTTCGTAGTCA-1,2
Folr1_E75_1-CTCAAGAAGTAACGAT-1,2
Folr1_E75_1-AACCTGAAGCTATCCA-1,3
Folr1_E75_1-CTCAACCCAGCCTTCT-1,2
Folr1_E75_1-AGATAGATCTATTCGT-1,4
Folr1_E75_1-ATCACGAAGTCCGCGT-1,4
Folr1_E75_1-AGAGAGCTCAACCTCC-1,3
Folr1_E75_1-GTTTACTGTAATGTGA-1,2
Folr1_E75_1-TACTGCCGTTCACGAT-1,2
Folr1_E75_1-ACGATCACAGCATTGT-1,3
Folr1_E75_1-ACAACCAGTAAGGCCA-1,2
Folr1_E75_1-GAGACCCCACAAATCC-1,4
Folr1_E75_1-TCACTATTCTAGACAC-1,2
Folr1_E75_1-GGTTCTCAGAACTTCC-1,4
Folr1_E75_1-TATTCCACACCGTCGA-1,not_majority
Folr1_E75_1-GTTGTCCGTGCCCACA-1,3
Folr1_E75_1-GGGCGTTGTCGAATTC-1,3
Folr1_E75_1-GGAGAACAGCTTTGTG-1,2
Folr1_E75_1-AGAGCCCAGTATCTGC-1,3
Folr1_E75_1-CAATTTCTCGCATTAG-1,3
Folr1_E75_1-GACCGTGGTCGCTTAA-1,3
Folr1_E75_1-TAGTGCAAGAGTATAC-1,4
Folr1_E75_1-ACTCCCATCGTTGTGA-1,4
Folr1_E75_1-GCACGTGGTGTATACC-1,4
Folr1_E75_1-CTCTCAGGTAGCTGTT-1,2
Folr1_E75_1-CTACCTGCATCAACCA-1,2
Folr1_E75_1-AGGTCTAAGCAGCACA-1,3
Folr1_E75_1-GATCCCTAGCGTCAAG-1,2
Folr1_E75_1-AGTTCGATCTCAATCT-1,2
Folr1_E75_1-TGAGGGATCTTTCTAG-1,2
Folr1_E75_1-AGGTGTTTCAGATGCT-1,3
Folr1_E75_1-CGATGGCTCACCTACC-1,3
Folr1_E75_1-CTCACTGTCACTACTT-1,2
Folr1_E75_1-TTCCTAAAGCATGATA-1,2
Folr1_E75_1-AATGCCAAGCTATCCA-1,3
Folr1_E75_1-CGACAGCTCGAACGGA-1,4
Folr1_E75_1-CAAAGAAGTTTCTTAC-1,3
Folr1_E75_1-GTAGATCCAACCTAAC-1,3
Folr1_E75_1-AGGTTACCAAGGGCAT-1,3
Folr1_E75_1-ACGGTTAAGAGATGCC-1,1
Folr1_E75_1-AAAGGGCCACCAAATC-1,2
Folr1_E75_1-ACCCTCATCGAACGGA-1,3
Folr1_E75_1-GGTCTGGCATGATCTG-1,3
Folr1_E75_1-TACATTCGTCGAGTGA-1,4
Folr1_E75_1-TCTCACGAGGTCGACA-1,1
Folr1_E75_1-CATGCCTTCCCTTCCC-1,2
Folr1_E75_1-CTCCATGTCCTCAGAA-1,4
Folr1_E75_1-TGACGCGGTGATGTAA-1,4
Folr1_E75_1-GTACAGTAGCGATGGT-1,2
Folr1_E75_1-GTGTTAGTCAACCCGG-1,4
Folr1_E75_1-TGTAACGAGCATGTTC-1,2
Folr1_E75_1-TATACCTAGCAGCCTC-1,2
Folr1_E75_1-TGAGACTGTTGCTGAT-1,2
Folr1_E75_1-GGCAGTCCAGCGGTCT-1,4
Folr1_E75_1-ACTTATCTCTGGGCAC-1,3
Folr1_E75_1-ATTCTTGCACAAATGA-1,4
Folr1_E75_1-GACTGATTCCGCAACG-1,3
Folr1_E75_1-GGCGTCACATTGTGCA-1,2
Folr1_E75_1-TAATTCCAGCTAGAGC-1,4
Folr1_E75_1-GAGACCCGTTGACTAC-1,2
Folr1_E75_1-ACCCTTGAGCCGATCC-1,2
Folr1_E75_1-ACCACAAAGCAACAGC-1,3
Folr1_E75_1-ATGAAAGGTAGCTTAC-1,2
Folr1_E75_1-TGCTCGTGTGGTACAG-1,1
Folr1_E75_1-GTCTACCCAACGAGGT-1,1
Folr1_E75_1-GCTGAATTCTAGTCAG-1,4
Folr1_E75_1-CCACACTGTCGGTGAA-1,3
Folr1_E75_1-CGTAGTAGTGATACCT-1,2
Folr1_E75_1-ATATCCTCACTACACA-1,2
Folr1_E75_1-AGACTCACAATGGCCC-1,2
Folr1_E75_1-AGGGTCCCACGTAGAG-1,4
Folr1_E75_1-GACCTTCTCGATTGAC-1,2
Folr1_E75_1-AGGGAGTCAAGTCATC-1,4
Folr1_E75_1-GGCAGTCAGTGCTCGC-1,3
Folr1_E75_1-TGCGACGAGTACTGTC-1,4
Folr1_E75_1-ATCGCCTTCGGTCTAA-1,3
Folr1_E75_1-GACCCAGGTCCGGTGT-1,3
Folr1_E75_1-AGTGTTGGTATCCTTT-1,4
Folr1_E75_1-TCAAGTGAGAGTCTGG-1,2
Folr1_E75_1-AACCTGAAGGCTAAAT-1,4
Folr1_E75_1-AGGTTGTGTTGTGGAG-1,2
Folr1_E75_1-TAGATCGCACCAGGTC-1,2
Folr1_E75_1-TGGTACATCGGTGAAG-1,2
Folr1_E75_1-CACCAAAGTCACCGAC-1,3
Folr1_E75_1-TCAAGCAGTAACTGCT-1,2
Folr1_E75_1-TACGGTAAGCACCAGA-1,3
Folr1_E75_1-ACTATCTGTTCTCACC-1,2
Folr1_E75_1-TGTCCCACAATTGCTG-1,1
Folr1_E75_1-TGTTGAGGTAGGAGTC-1,3
Folr1_E75_1-GACTCTCGTCTGCATA-1,2
Folr1_E75_1-TCACTATTCCCTCAAC-1,3
Folr1_E75_1-CTCATGCTCAGCTTCC-1,3
Folr1_E75_1-GTCTGTCCACAACCGC-1,4
Folr1_E75_1-CCTCATGGTACGCTTA-1,2
Folr1_E75_1-GGTCTGGCAACATACC-1,2
Folr1_E75_1-TCCCATGGTTGATGTC-1,3
Folr1_E75_1-GTCCCATCATGGGTCC-1,2
Folr1_E75_1-TGAGTCAGTAACCCGC-1,4
Folr1_E75_1-GAAGCGAGTAATTAGG-1,2
Folr1_E75_1-CAAGGGATCACGTCCT-1,4
Folr1_E75_1-ACTATTCTCCACATAG-1,2
Folr1_E75_1-GTAATCGCAAATTAGG-1,2
Folr1_E75_1-ATCGGCGGTCTGCCTT-1,2
Folr1_E75_1-GACTGATAGTTCGCAT-1,2
Folr1_E75_1-AGAGCCCCACCCAATA-1,3
Folr1_E75_1-GGAGGATAGGATTCCT-1,2
Folr1_E75_1-CTTCTCTCAAGTCGTT-1,2
Folr1_E75_1-AACCTGAAGTCTAACC-1,4
Folr1_E75_1-GGGCTCACAAGTCGTT-1,2
Folr1_E75_1-ATGAAAGTCAGAGCGA-1,3
Folr1_E75_1-CCGTTCAGTTCGGTAT-1,4
Folr1_E75_1-CATCAAGAGGTGCAGT-1,2
Folr1_E75_1-CGTTCTGGTGTCTCCT-1,4
Folr1_E75_1-TACTTACCAGTGGCTC-1,2
Folr1_E75_1-AGTCTCCAGCCGCTTG-1,1
Folr1_E75_1-CTGTATTGTTCGTGCG-1,3
Folr1_E75_1-TTCGATTAGCTGGCCT-1,2
Folr1_E75_1-GTCATGAAGCATGAAT-1,2
Folr1_E75_1-ATCCGTCTCGTTGTAG-1,2
Folr1_E75_1-GTTGCGGGTTGAGAGC-1,3
Folr1_E75_1-CCTATCGTCGAACGGA-1,2
Folr1_E75_1-CATGCGGAGGAAGAAC-1,not_majority
Folr1_E75_1-AGTCAACCAGTTACCA-1,2
Folr1_E75_1-ACTTCGCCAAGAAACT-1,4
Folr1_E75_1-TTGCCTGTCTGGGCGT-1,4
Folr1_E75_1-TCGGGCACATGGAAGC-1,4
Folr1_E75_1-TCTTAGTGTAGGATAT-1,2
Folr1_E75_1-CTATAGGCATGCACTA-1,2
Folr1_E75_1-GCTTCACCACAGCCAC-1,2
Folr1_E75_1-AGGGCCTTCTGCGAGC-1,2
Folr1_E75_1-GGGATGAGTCTAGGTT-1,1
Folr1_E75_1-TCACATTGTCATAAAG-1,2
Folr1_E75_1-TGGGTTAGTCTACAGT-1,3
Folr1_E75_1-TCTTTGAAGAACGTGC-1,2
Folr1_E75_1-ACCGTTCAGAGTCTTC-1,3
Folr1_E75_1-CTGCAGGGTAGACAGC-1,2
Folr1_E75_1-CATTTCAAGAGGTTAT-1,2
Folr1_E75_1-TTCGATTGTGTTCCAA-1,2
Folr1_E75_1-AGCTCAACAACACAAA-1,2
Folr1_E75_1-ATGAAAGCATGACTAC-1,2
Folr1_E75_1-ATCTTCAGTCATACCA-1,2
Folr1_E75_1-GTCACGGAGAATCGCG-1,2
Folr1_E75_1-TGTTGGACAAGAGTTA-1,3
Folr1_E75_1-GGAGGATGTCCACGCA-1,2
Folr1_E75_1-TCTTTGAGTATCATGC-1,2
Folr1_E75_1-GGCAGTCAGAACAAGG-1,2
Folr1_E75_1-CGTCAAAGTCGTTGGC-1,2
Folr1_E75_1-TATTGCTAGGTGCATG-1,1
Folr1_E75_1-AGTCACATCAGACCGC-1,2
Folr1_E75_1-TATGTTCGTGACCGTC-1,2
Folr1_E75_1-TGGTAGTTCATTACGG-1,3
Folr1_E75_1-TAGAGTCCACTGCATA-1,2
Folr1_E75_1-AAACGAATCGTGGAAG-1,2
Folr1_E75_1-CCTCTAGAGCGGTATG-1,1
Folr1_E75_1-ATGAAAGTCTACGCGG-1,2
Folr1_E75_1-CAGATCACACTCTGCT-1,2
Folr1_E75_1-TGGTACATCCATATGG-1,2
Folr1_E75_1-GTACAGTGTGTGATGG-1,2
Folr1_E75_1-AACCATGAGGTTTGAA-1,4
Folr1_E75_1-AATCGACAGCATCTTG-1,4
Folr1_E75_1-GGTTGTAGTCCACAGC-1,2
Folr1_E75_1-TAGGGTTTCGTTCGCT-1,3
Folr1_E75_1-GTAGAAACATCTGTTT-1,2
Folr1_E75_1-CCGTTCAGTCGCTGCA-1,1
Folr1_E75_1-CTACATTAGTGGTCAG-1,2
Folr1_E75_1-TCATGGAGTTCGGACC-1,4
Folr1_E75_1-CTGAATGAGGGTCTTT-1,3
Folr1_E75_1-GTAGATCGTATACGGG-1,0
Folr1_E75_1-ATTCATCCAAGACCGA-1,2
Folr1_E75_1-CACGAATAGTCTTCGA-1,2
Folr1_E75_1-TTGTTTGAGCAAACAT-1,4
Folr1_E75_1-GAGTGAGAGATGTTAG-1,2
Folr1_E75_1-TGGAGAGGTAGGAGTC-1,4
Folr1_E75_1-TAGGTACCATGATCTG-1,3
Folr1_E75_1-TTACGTTAGTCTGCGC-1,2
Folr1_E75_1-GCACGGTTCCAGCAAT-1,2
Folr1_E75_1-AGGCATTTCTTCCCAG-1,2
Folr1_E75_1-CGTGATACAGAGAAAG-1,4
Folr1_E75_1-TGACGCGGTAGAGATT-1,2
Folr1_E75_1-GTCGCGAAGGTGATAT-1,2
Folr1_E75_1-TGTGTGACATAACCCA-1,2
Folr1_E75_1-CGTTCTGGTTGGGAAC-1,2
Folr1_E75_1-GATGGAGCAGTACTAC-1,3
Folr1_E75_1-GAAGCGATCACAACCA-1,3
Folr1_E75_1-CCTCTAGCATTCCTAT-1,2
Folr1_E75_1-TAACCAGAGGACGCAT-1,4
Folr1_E75_1-GTGTTCCTCCATGAGT-1,2
Folr1_E75_1-TCAGGTACAACCTATG-1,1
Folr1_E75_1-GACGTTATCTAGGAAA-1,3
Folr1_E75_1-CGAAGTTTCTATGTGG-1,1
Folr1_E75_1-GTGCAGCCAGCTCTGG-1,3
Folr1_E75_1-TCGTGGGGTTGACTAC-1,2
Folr1_E75_1-TCGTAGACAGCTAACT-1,3
Folr1_E75_1-ACAAAGAAGTACAACA-1,2
Folr1_E75_1-GCACGTGTCATCCTAT-1,3
Folr1_E75_1-CTCACTGCAAGTATAG-1,2
Folr1_E75_1-GTAGAGGCAGCTCATA-1,3
Folr1_E75_1-TAGCACAAGACAGCTG-1,1
Folr1_E75_1-TCGGATAAGGAACGAA-1,3
Folr1_E75_1-TCAAGACTCTCTGCTG-1,2
Folr1_E75_1-GACACGCAGTTGAAGT-1,4
Folr1_E75_1-CTGAGCGAGGCGATAC-1,2
Folr1_E75_1-ATCGTGATCACTGTTT-1,2
Folr1_E75_1-AGGTGTTAGGCATTTC-1,1
Folr1_E75_1-AAGATAGGTCACTCGG-1,3
Folr1_E75_1-AAGGTAACAGCTGTGC-1,2
Folr1_E75_1-CTGCCATAGAGAGGTA-1,3
Folr1_E75_1-GGAGGTATCGAGTACT-1,2
Folr1_E75_1-CCCTTAGGTTGGAGAC-1,3
Folr1_E75_1-CTACTATTCTTCACAT-1,3
Folr1_E75_1-AAGGTAACAGAAGTGC-1,4
Folr1_E75_1-GTCTAGATCGTTGCCT-1,2
Folr1_E75_1-AGACCATCAAGAATAC-1,2
Folr1_E75_1-GCGAGAAAGGCAGGGA-1,3
Folr1_E75_1-CCTTTGGCATACAGAA-1,3
Folr1_E75_1-GAGTTACTCTTCTGGC-1,2
Folr1_E75_1-CTCTCAGTCGGAATTC-1,2
Folr1_E75_1-TAACGACTCTCGCTCA-1,3
Folr1_E75_1-GCACGTGTCATTGCCC-1,4
Folr1_E75_1-TCCTTCTGTTCTCCCA-1,3
Folr1_E75_1-TCATTTGCACCGCTAG-1,3
Folr1_E75_1-CAGATACGTCTGTGCG-1,3
Folr1_E75_1-TTGGATGCAGAGGGTT-1,1
Folr1_E75_1-GTTAGTGAGGACATCG-1,2
Folr1_E75_1-AATGGAAAGGTCATTC-1,3
Folr1_E75_1-TGGAGGAAGTGAGTGC-1,2
Folr1_E75_1-CTGAGCGAGATCCGAG-1,3
Folr1_E75_1-TCCGGGACATTCCTCG-1,2
Folr1_E75_1-TGCGGGTCAGCTCGGT-1,1
Folr1_E75_1-CGATGCGCAAGCGAGT-1,3
Folr1_E75_1-GCAACATCACCTTCCA-1,1
Folr1_E75_1-TTGCCTGAGTGGTTAA-1,3
Folr1_E75_1-ATCGCCTAGGTCATAA-1,3
Folr1_E75_1-GAAGGGTTCTTCTTCC-1,3
Folr1_E75_1-CCAATGAAGGTTCCGC-1,4
Folr1_E75_1-CTACCCAAGAGCAGTC-1,2
Folr1_E75_1-AACAAAGAGTTGTCGT-1,4
Folr1_E75_1-GGTTGTAAGCTGCCAC-1,2
Folr1_E75_1-AGTACCATCCTTCACG-1,3
Folr1_E75_1-CTGAATGAGAGCAACC-1,4
Folr1_E75_1-GCCTGTTGTTGGTAGG-1,3
Folr1_E75_1-GCTTGGGTCCACGGGT-1,2
Folr1_E75_1-TGTTCTAAGAAGGCTC-1,2
Folr1_E75_1-CTCAAGATCACGAGGA-1,3
Folr1_E75_1-ACGATGTGTTCATCGA-1,2
Folr1_E75_1-ATAGGCTAGACAACAT-1,2
Folr1_E75_1-ATCACGATCGTCCTCA-1,2
Folr1_E75_1-TTGTGGAGTCGTGATT-1,4
Folr1_E75_1-GACCAATAGGTGCATG-1,2
Folr1_E75_1-TTCGCTGTCGTTGCCT-1,2
Folr1_E75_1-TTAATCCCAACTGGTT-1,1
Folr1_E75_1-TCATTGTTCCATTTCA-1,2
Folr1_E75_1-CGGCAGTAGCTTGTTG-1,3
Folr1_E75_1-GCCATGGGTGATTGGG-1,2
Folr1_E75_1-CAGCCAGGTTTAGACC-1,2
Folr1_E75_1-CACTGGGGTCACTAGT-1,3
Folr1_E75_1-CTCTCGATCATGCTAG-1,2
Folr1_E75_1-CGGGTCATCGTGCTCT-1,1
Folr1_E75_1-GATCGTAGTAGGCAAC-1,2
Folr1_E75_1-GGCACGTCAACCCGCA-1,4
Folr1_E75_1-GCCAGGTAGAAGGGAT-1,3
Folr1_E75_1-CAGGCCACAAGAGCTG-1,2
Folr1_E75_1-CTGAGGCAGGAACTAT-1,4
Folr1_E75_1-TGCATGACAACTTGGT-1,1
Folr1_E75_1-CAAGGGAAGGAGCTGT-1,2
Folr1_E75_1-CTTCCGAGTAGTACGG-1,3
Folr1_E75_1-CCTGTTGGTACAATAG-1,2
Folr1_E75_1-GTTACCCTCCGATCGG-1,4
Folr1_E75_1-CTGAGGCGTAGGTACG-1,3
Folr1_E75_1-CATCGTCAGGAAAGAC-1,2
Folr1_E75_1-CTGGACGAGCGTATAA-1,3
Folr1_E75_1-CCAATGAGTACGACTT-1,3
Folr1_E75_1-CATTGCCCAGGCATTT-1,2
Folr1_E75_1-TACTTGTTCTAGGCAT-1,3
Folr1_E75_1-GTCGAATAGGATTTAG-1,4
Folr1_E75_1-GGGTTTAAGACAACTA-1,3
Folr1_E75_1-TTTGTTGAGGGTTAAT-1,3
Folr1_E75_1-ACGTTCCCAAAGCTAA-1,4
Folr1_E75_1-AGCGCCAGTCTAGTGT-1,2
Folr1_E75_1-TCTCCGAAGAGGTTTA-1,2
Folr1_E75_1-CCACTTGTCGCGGACT-1,3
Folr1_E75_1-TCCTTTCTCAAGAGTA-1,4
Folr1_E75_1-CAGCACGGTGCGGTAA-1,3
Folr1_E75_1-GACGTTAAGACTTCAC-1,1
Folr1_E75_1-GAAGTAAGTCCAAGAG-1,4
Folr1_E75_1-ATGGAGGGTCTGCAAT-1,2
Folr1_E75_1-TATATCCCAACTTCTT-1,3
Folr1_E75_1-TCTTTGAAGCCGAATG-1,3
Folr1_E75_1-GAAGCCCAGACAGCTG-1,2
Folr1_E75_1-ATCGGCGTCGAGTTGT-1,2
Folr1_E75_1-GTGAGGAGTCACTCTC-1,3
Folr1_E75_1-TTATTGCTCCGTGACG-1,4
Folr1_E75_1-TTACCATAGCAAATCA-1,2
Folr1_E75_1-AGGGTCCTCATTTCGT-1,3
Folr1_E75_1-CGGAATTTCAGCTGAT-1,2
Folr1_E75_1-ACAGCCGCAAATCCCA-1,4
Folr1_E75_1-CGATGGCCACTCCGAG-1,3
Folr1_E75_1-AGGGTCCGTTCGGCTG-1,2
Folr1_E75_1-CCGTTCAGTCTTACAG-1,1
Folr1_E75_1-GAACTGTAGACTCTAC-1,3
Folr1_E75_1-AATGGCTGTGTTAAAG-1,2
Folr1_E75_1-TGTTACTAGGTGTGAC-1,2
Folr1_E75_1-TCGTCCATCACGTAGT-1,2
Folr1_E75_1-TTCATTGGTTCATCTT-1,2
Folr1_E75_1-TAGATCGAGTTCTCTT-1,2
Folr1_E75_1-TAATCTCAGGATTCAA-1,2
Folr1_E75_1-TGTGGCGGTACGGGAT-1,3
Folr1_E75_1-GTGCTTCCATCAGTGT-1,not_majority
Folr1_E75_1-AGACAAAGTCCGGATC-1,3
Folr1_E75_1-TCGTAGAGTGGCTTGC-1,3
Folr1_E75_1-ATGCGATGTAGCTGCC-1,2
Folr1_E75_1-GTTACAGTCAGTCCGG-1,2
Folr1_E75_1-CGATCGGAGAATCGAT-1,2
Folr1_E75_1-GCATCGGCAGGATGAC-1,1
Folr1_E75_1-TTACAGGTCCTAACAG-1,1
Folr1_E75_1-TCTCACGTCTCGCAGG-1,2
Folr1_E75_1-TAGATCGTCCTAGAGT-1,2
Folr1_E75_1-CCTACGTTCGCGTTTC-1,2
Folr1_E75_1-TACGTCCTCTTCTCAA-1,3
Folr1_E75_1-GTCGTTCAGGCCCGTT-1,4
Folr1_E75_1-ACGTTCCAGTCAACAA-1,2
Folr1_E75_1-CAGCAATGTGATATAG-1,2
Folr1_E75_1-CATCGGGGTCCACGCA-1,2
Folr1_E75_1-TCATGCCCATTAAAGG-1,4
Folr1_E75_1-TGTAGACAGTACCATC-1,4
Folr1_E75_1-AGTCTCCAGACAGTCG-1,2
Folr1_E75_1-CTTGAGACAAATGAAC-1,3
Folr1_E75_1-GCAGTTACATACACCA-1,2
Folr1_E75_1-GCGATCGGTCTGTGAT-1,2
Folr1_E75_1-CCTGCATCACGCGCTA-1,2
Folr1_E75_1-TGTTCATCAAATCGTC-1,4
Folr1_E75_1-GTACAACTCTGCCTCA-1,4
Folr1_E75_1-TGAGCATAGGTTACAA-1,2
Folr1_E75_1-AGGATAATCGGTTAGT-1,2
Folr1_E75_1-GGGTCACGTGGTAATA-1,1
Folr1_E75_1-GATCACAGTGCAAGAC-1,2
Folr1_E75_1-ACTCCCAGTACCTTCC-1,0
Folr1_E75_1-ATCGTCCAGTTGCGAG-1,2
Folr1_E75_1-CCTATCGAGGCATCAG-1,1
Folr1_E75_1-ACCGTTCCAACAGATA-1,2
Folr1_E75_1-CGTAATGCATCGAAGG-1,4
Folr1_E75_1-GAGTCTAAGAAGGCTC-1,1
Folr1_E75_1-GGTAGAGGTGATACCT-1,4
Folr1_E75_1-GTCACGGCAAGACTGG-1,4
Folr1_E75_1-CTGGCAGTCATCCTGC-1,2
Folr1_E75_1-TTCTGTACATAATCCG-1,2
Folr1_E75_1-AAGCGAGAGGGAGTTC-1,2
Folr1_E75_1-AGTTCCCCAGTAACCT-1,5
Folr1_E75_1-CTGTACCGTTAATGAG-1,2
Folr1_E75_1-GTGTCCTCAAGCTCTA-1,3
Folr1_E75_1-CATGGATGTACCGTCG-1,4
Folr1_E75_1-GCCAGCAGTCCATCTC-1,2
Folr1_E75_1-AGCCAGCCAACCACAT-1,2
Folr1_E75_1-TACCCACTCCGCTTAC-1,3
Folr1_E75_1-AGGGTGATCGCCATAA-1,5
Folr1_E75_1-CAGATCAAGACTTCGT-1,2
Folr1_E75_1-TCTATACCATGGACAG-1,4
Folr1_E75_1-TTTACTGCATAGGTAA-1,2
Folr1_E75_1-GAAGGGTAGTGAGCCA-1,3
Folr1_E75_1-GTTACGATCAACCCGG-1,1
Folr1_E75_1-GTAGTACGTCGGAACA-1,1
Folr1_E75_1-TACACCCGTACGGTTT-1,2
Folr1_E75_1-CAAGGGAGTGTTCGTA-1,2
Folr1_E75_1-ATTCCTACATGTAACC-1,3
Folr1_E75_1-TCGATTTCAGTTAGAA-1,2
Folr1_E75_1-TCGTGGGCAACTGCTA-1,3
Folr1_E75_1-AGGAATAAGGTTGTTC-1,1
Folr1_E75_1-CTGTATTGTCTTCAAG-1,not_majority
Folr1_E75_1-AGAAGCGTCGGACTTA-1,4
Folr1_E75_1-ACTCCCAAGATCGCCC-1,2
Folr1_E75_1-CAATACGAGCTGGCCT-1,2
Folr1_E75_1-GGCACGTGTCCCTGAG-1,2
Folr1_E75_1-CTGAGCGTCTCGCTCA-1,4
Folr1_E75_1-CGTCAAACATGTGTCA-1,2
Folr1_E75_1-AATCGTGTCTCGTGGG-1,4
Folr1_E75_1-GTCTTTACAGTATACC-1,3
Folr1_E75_1-ATTATCCAGGAGAGTA-1,1
Folr1_E75_1-CAAGAGGAGTTGTCAC-1,3
Folr1_E75_1-CGTGCTTGTAGACAGC-1,3
Folr1_E75_1-TAGGAGGCATTCACCC-1,3
Folr1_E75_1-GGGCCATTCTTTCCGG-1,1
Folr1_E75_1-TAGTGCATCTGATGGT-1,3
Folr1_E75_1-CAACCTCCACTCTGCT-1,2
Folr1_E75_1-CATACAGCAACATCGT-1,4
Folr1_E75_1-GTTCGCTAGAATCGCG-1,2
Folr1_E75_1-GGGAAGTTCAGCGTCG-1,2
Folr1_E75_1-ATAGACCGTCGAGTTT-1,2
Folr1_E75_1-AGGGCCTAGTTCATCG-1,1
Folr1_E75_1-CATGAGTTCTTCGTGC-1,2
Folr1_E75_1-GAGTCTACACCGTCGA-1,3
Folr1_E75_1-TCCACGTAGAAGCGAA-1,3
Folr1_E75_1-GTGCACGCAGAGATTA-1,2
Folr1_E75_1-GCACGTGCACTGTGTA-1,3
Folr1_E75_1-AGGCTGCCATCTGTTT-1,1
Folr1_E75_1-GTCCCATGTGGTCCCA-1,4
Folr1_E75_1-GACCCAGAGGAACGCT-1,2
Folr1_E75_1-GAGTGAGTCTCGCTCA-1,2
Folr1_E75_1-GTAAGTCTCTCGGTAA-1,2
Folr1_E75_1-GAGCCTGGTCCGACGT-1,3
Folr1_E75_1-CATTCTACATGTACGT-1,4
Folr1_E75_1-GGAACCCGTCCAAATC-1,4
Folr1_E75_1-AAAGTGATCCGCATAA-1,3
Folr1_E75_1-TCGAAGTCAAGATGTA-1,3
Folr1_E75_1-CATGCTCCACTGTGAT-1,2
Folr1_E75_1-GATGACTAGTTGCTCA-1,3
Folr1_E75_1-GGAGGTAAGGCGCTCT-1,3
Folr1_E75_1-CATCGTCAGGTAGACC-1,2
Folr1_E75_1-CCCTTAGGTAGTCCTA-1,3
Folr1_E75_1-CTCATTAAGACGATAT-1,4
Folr1_E75_1-ATGTCTTTCGATACAC-1,3
Folr1_E75_1-GTCTTTACACATTCTT-1,3
Folr1_E75_1-TCGTGCTAGTCAATCC-1,1
Folr1_E75_1-CTTACCGTCGTTCAGA-1,2
Folr1_E75_1-TCGATTTGTCACTCAA-1,2
Folr1_E75_1-TCAAGCAAGTCATGAA-1,2
Folr1_E75_1-TCGGGCAAGGTATTGA-1,3
Folr1_E75_1-GTCGTAACATAGATGA-1,4
Folr1_E75_1-TTGGGCGTCGTAATGC-1,3
Folr1_E75_1-GACCCAGAGGAGGGTG-1,2
Folr1_E75_1-CTGCCATCATAGGCGA-1,3
Folr1_E75_1-TTCCACGCATAAGCGG-1,2
Folr1_E75_1-TCGTGCTGTGCTCTCT-1,2
Folr1_E75_1-ACTTCGCGTCGAGATG-1,3
Folr1_E75_1-GTAGAGGCACGACAGA-1,2
Folr1_E75_1-TCATTTGGTAACGCGA-1,3
Folr1_E75_1-CTGAGCGTCCGCCTAT-1,1
Folr1_E75_1-CGCATAAGTAGGATAT-1,3
Folr1_E75_1-GTCTTTAAGTTGCTCA-1,3
Folr1_E75_1-TCGACGGAGAGGATGA-1,4
Folr1_E75_1-TGCTCCAAGACTTGTC-1,3
Folr1_E75_1-ACACCAAGTATTAAGG-1,2
Folr1_E75_1-GCGTGCAGTAAGCAAT-1,3
Folr1_E75_1-TGAGTCACACAGCCTG-1,2
Folr1_E75_1-AAGACTCCAATTTCCT-1,2
Folr1_E75_1-TGGTGATAGGAAGAAC-1,4
Folr1_E75_1-TCGAACAGTATTCTCT-1,3
Folr1_E75_1-CGTGAATGTACTCGAT-1,5
Folr1_E75_1-GATCCCTTCCTATGGA-1,2
Folr1_E75_1-TGTTCATGTTCTCCCA-1,1
Folr1_E75_1-GGGCGTTAGAGAGCAA-1,4
Folr1_E75_1-TCGTGCTAGCAAGTCG-1,1
Folr1_E75_1-CCTCTCCAGCGCAATG-1,2
Folr1_E75_1-CCGGACAAGGCACTAG-1,3
Folr1_E75_1-ATCACGAGTCATCTAG-1,2
Folr1_E75_1-TCCATCGTCGGCTATA-1,3
Folr1_E75_1-AGGGAGTCAAATGCGG-1,4
Folr1_E75_1-TCGTGGGAGGCGATAC-1,3
Folr1_E75_1-TCGTGGGAGGTAGCAC-1,1
Folr1_E75_1-ATTCCATGTTGTTGCA-1,4
Folr1_E75_1-GTTAGACTCTCCCTAG-1,3
Folr1_E75_1-GACGCTGAGCCACTCG-1,2
Folr1_E75_1-TGTGGCGAGTCTGGTT-1,2
Folr1_E75_1-GAAGGGTAGCCAAGCA-1,4
Folr1_E75_1-TGCAGATGTGCTATTG-1,3
Folr1_E80_1-TATGTTCCACCAAATC-1,3
Folr1_E80_1-GATTCTTAGGTCATTC-1,3
Folr1_E80_1-TGCTTCGCAACGGCTC-1,3
Folr1_E80_1-ATGCGATAGGAACTAT-1,4
Folr1_E80_1-CCGATGGCACCTTCGT-1,4
Folr1_E80_1-GCCAGTGTCATTGGTG-1,3
Folr1_E80_1-AGGTTGTCATGTGCTA-1,4
Folr1_E80_1-GGGTGAAGTGTATACC-1,3
Folr1_E80_1-ATCCGTCGTACCTGTA-1,4
Folr1_E80_1-ATTCGTTGTGACACAG-1,3
Folr1_E80_1-CGAGTTAGTGCACAAG-1,3
Folr1_E80_1-AGGTGTTCAACCGCTG-1,4
Folr1_E80_1-CAACAGTCATGCCGAC-1,3
Folr1_E80_1-ACATCGAAGTGAGCCA-1,4
Folr1_E80_1-ACCATTTTCCGTGTGG-1,3
Folr1_E80_1-ATCCACCCAATAGTGA-1,3
Folr1_E80_1-CTCACTGCAGGAATCG-1,3
Folr1_E80_1-AGTCACATCAGCCTCT-1,3
Folr1_E80_1-CGGGACTCATGGCCCA-1,2
Folr1_E80_1-ATTCCATCAGTAACAA-1,3
Folr1_E80_1-TCTTTGATCAAAGAAC-1,3
Folr1_E80_1-GAAGTAATCTAGAACC-1,4
Folr1_E80_1-ATTCTACGTCGACGCT-1,3
Folr1_E80_1-CTGCCTAAGGGCGAGA-1,3
Folr1_E80_1-ATGTCTTAGCAAGTGC-1,3
Folr1_E80_1-CAGCAATTCTTGGGCG-1,3
Folr1_E80_1-TGTTACTCAGATCACT-1,3
Folr1_E80_1-GAGGGATCACGACAAG-1,3
Folr1_E80_1-AAGCCATCACATATCG-1,4
Folr1_E80_1-TGATCAGCACTATCCC-1,3
Folr1_E80_1-GCATCTCGTCGAGCTC-1,4
Folr1_E80_1-AGCTACATCCGTAGTA-1,4
Folr1_E80_1-CCGATCTCAGCAGACA-1,3
Folr1_E80_1-TGTGTGAGTGACAACG-1,3
Folr1_E80_1-GTGTGATTCCAACCGG-1,4
Folr1_E80_1-AGGGTTTTCGACATAC-1,3
Folr1_E80_1-AAGAACACAATTCGTG-1,3
Folr1_E80_1-TCCGGGAGTCAGCGTC-1,4
Folr1_E80_1-GATGTTGTCAAACCCA-1,3
Folr1_E80_1-AGTGACTAGGGCCAAT-1,4
Folr1_E80_1-TGCATGACATATCTGG-1,2
Folr1_E80_1-ATCACGAAGTAAACTG-1,4
Folr1_E80_1-CCCTAACGTTACGGAG-1,4
Folr1_E80_1-TAGACTGGTGCACAAG-1,3
Folr1_E80_1-ATGCCTCAGCAAATCA-1,3
Folr1_E80_1-AGGATAACAATTTCTC-1,3
Folr1_E80_1-TGAACGTGTCTAGGTT-1,4
Folr1_E80_1-TCGTCCATCGACATTG-1,3
Folr1_E80_1-TATCTTGTCCCTTGTG-1,1
Folr1_E80_1-AGTACCATCATATGGC-1,3
Folr1_E80_1-GTTCTATCATAATCCG-1,3
Folr1_E80_1-GATCACAGTCCTCCTA-1,4
Folr1_E80_1-TTGACCCGTGGGACAT-1,2
Folr1_E80_1-TATCCTAGTTTCACTT-1,4
Folr1_E80_1-GCCAGCATCACGATAC-1,4
Folr1_E80_1-TCATGCCGTTTGACAC-1,4
Folr1_E80_1-GTCCACTAGCCATCCG-1,4
Folr1_E80_1-TGTGTGACAGCGTACC-1,3
Folr1_E80_1-AAACCCAGTCAGGTGA-1,2
Folr1_E80_1-TACGTCCAGGCTATCT-1,3
Folr1_E80_1-GAAGGACGTATCACCA-1,1
Folr1_E80_1-ACTATTCAGACGGATC-1,2
Folr1_E80_1-GTGCACGAGTCATAGA-1,4
Folr1_E80_1-TCAGGTACACATATCG-1,3
Folr1_E80_1-GGGACCTCAGCTACCG-1,1
Folr1_E80_1-GGAACCCGTCTAACGT-1,3
Folr1_E80_1-TATACCTTCATCGCTC-1,3
Folr1_E80_1-AGTCATGCAACGTTAC-1,1
Folr1_E80_1-CGAGAAGCATGGCCCA-1,4
Folr1_E80_1-TAACTTCAGTACCATC-1,4
Folr1_E80_1-CATCGGGCATGTGCCG-1,1
Folr1_E80_1-TATTTCGCACTCTGCT-1,2
Folr1_E80_1-TCGATTTTCCGATCTC-1,4
Folr1_E80_1-TTCCTCTGTCCGGACT-1,4
Folr1_E80_1-GCTGCAGCAGAACTCT-1,4
Folr1_E80_1-GTAACACAGCTCTATG-1,3
Folr1_E80_1-AGTCTCCAGCGACCCT-1,2
Folr1_E80_1-ACGTTCCTCTCGGGAC-1,3
Folr1_E80_1-CCAAGCGCAGCCGGTT-1,0
Folr1_E80_1-TGAACGTTCTAGTCAG-1,1
Folr1_E80_1-CACCAAAAGCCACAAG-1,3
Folr1_E80_1-GGGCCATTCCCTCAAC-1,4
Folr1_E80_1-GCAGTTATCCATGATG-1,3
Folr1_E80_1-GCACATAAGCCAGACA-1,4
Folr1_E80_1-TAGCACATCAACACCA-1,1
Folr1_E80_1-AAACCCACAAGTGCAG-1,3
Folr1_E80_1-CTATCCGAGAATACAC-1,4
Folr1_E80_1-ATAGAGATCCATACAG-1,3
Folr1_E80_1-GTCTTTAGTCGCATTA-1,4
Folr1_E80_1-AACAAAGTCCGTAATG-1,3
Folr1_E80_1-ACTGCAAGTGCAGGAT-1,4
Folr1_E80_1-AAGTGAAGTACCCACG-1,3
Folr1_E80_1-CATACTTCAAACGGCA-1,3
Folr1_E80_1-GTGAGCCAGCACACAG-1,3
Folr1_E80_1-ATGAGGGCACACACTA-1,1
Folr1_E80_1-AAGAACATCGGCACTG-1,4
Folr1_E80_1-CGAGTGCTCACAAGGG-1,3
Folr1_E80_1-GAGGGATGTTACAGCT-1,4
Folr1_E80_1-GGATGTTCATTCTCCG-1,4
Folr1_E80_1-CTGAGGCGTCCCAAAT-1,4
Folr1_E80_1-TGGTACAAGGATAATC-1,3
Folr1_E80_1-GTAGAGGGTGGTAACG-1,4
Folr1_E80_1-GTTCATTAGCAGTAAT-1,4
Folr1_E80_1-TGCAGTACACTAACGT-1,4
Folr1_E80_1-TCAGCCTTCAAAGAAC-1,3
Folr1_E80_1-GTAAGTCGTGGTCCCA-1,3
Folr1_E80_1-CTATCCGCAACACGTT-1,0
Folr1_E80_1-AGCGTATGTAGGCTCC-1,4
Folr1_E80_1-GGCAGTCCAAGCCATT-1,1
Folr1_E80_1-AAGATAGAGACAACTA-1,3
Folr1_E80_1-TTTGATCAGATGACCG-1,3
Folr1_E80_1-TCGGATAGTTGTTGAC-1,1
Folr1_E80_1-CTTTCAACACTTGACA-1,3
Folr1_E80_1-AGTGATCCATGGAGAC-1,4
Folr1_E80_1-GATGGAGAGAATAGTC-1,4
Folr1_E80_1-TGGAGGACAAGTGGTG-1,4
Folr1_E80_1-TTCATTGTCATGACAC-1,1
Folr1_E80_1-TTCCGTGAGTAAATGC-1,4
Folr1_E80_1-GTGGAAGTCCACAGGC-1,2
Folr1_E80_1-GTTAGACCATACAGAA-1,1
Folr1_E80_1-TCATCCGAGCGTTACT-1,4
Folr1_E80_1-CAATACGGTGGAATGC-1,3
Folr1_E80_1-AATGGAACAAAGCGTG-1,2
Folr1_E80_1-GTGAGGAGTTAGCTAC-1,1
Folr1_E80_1-GTAGAAAAGCCTAGGA-1,3
Folr1_E80_1-CGTTCTGTCGGACGTC-1,4
Folr1_E80_1-GGTCACGGTACCTAAC-1,4
Folr1_E80_1-GTGAGCCCACGGCGTT-1,4
Folr1_E80_1-CCGTAGGCAGACTGCC-1,3
Folr1_E80_1-GAGAAATTCGGAACTT-1,4
Folr1_E80_1-CAACAACTCGCTCATC-1,4
Folr1_E80_1-GAGTCTAGTGCATACT-1,3
Folr1_E80_1-CTCTCGAGTTGGGCCT-1,4
Folr1_E80_1-TTCCTAAGTTAGCTAC-1,1
Folr1_E80_1-ATTTACCAGATGTTCC-1,4
Folr1_E80_1-CTACCCATCGTCAAAC-1,3
Folr1_E80_1-TTGGATGAGCCATTCA-1,1
Folr1_E80_1-CTCATGCCATTGACCA-1,1
Folr1_E80_1-CGGTCAGTCAAACTGC-1,1
Folr1_E80_1-CACTGTCTCACACGAT-1,3
Folr1_E80_1-ATGCCTCTCAAGGTGG-1,4
Folr1_E80_1-TCGTAGACATTGTACG-1,4
Folr1_E80_1-CCACGTTTCCGGTAGC-1,4
Folr1_E80_1-TGGAGAGTCACATCAG-1,3
Folr1_E80_1-AAATGGAAGGTTCCAT-1,2
Folr1_E80_1-CTCTCGAAGTATCTGC-1,3
Folr1_E80_1-CATCCCAGTATACGGG-1,3
Folr1_E80_1-AACAACCGTGCCTGAC-1,1
Folr1_E80_1-ATGCGATAGGACGCAT-1,4
Folr1_E80_1-TCATCATGTCCCGGTA-1,3
Folr1_E80_1-TAGGTACAGAAACTGT-1,3
Folr1_E80_1-TTGCATTAGGTAAGAG-1,4
Folr1_E80_1-CATACAGCAGTTTCAG-1,1
Folr1_E80_1-CTGTACCAGTGGACTG-1,3
Folr1_E80_1-CGCCAGAAGCTAGAAT-1,3
Folr1_E80_1-GACAGCCTCACTTGGA-1,4
Folr1_E80_1-ATGCGATAGTGCCGAA-1,4
Folr1_E80_1-CCGTAGGTCAAACCCA-1,3
Folr1_E80_1-GTTACCCCAGGGAATC-1,3
Folr1_E80_1-GAGTCTAGTCATGGCC-1,3
Folr1_E80_1-CCTCAACTCGTAGTGT-1,1
Folr1_E80_1-CTTAGGAGTTCCAGGC-1,3
Folr1_E80_1-TATTGCTCAATTGCGT-1,4
Folr1_E80_1-CCTCAACGTACAGAAT-1,0
Folr1_E80_1-GATGAGGCACACACTA-1,2
Folr1_E80_1-TGGGAGAAGTGATAAC-1,4
Folr1_E80_1-GCACTAACACTGAATC-1,3
Folr1_E80_1-GTGCACGCAGCGTTGC-1,2
Folr1_E80_1-ATCCTATTCGATCCAA-1,not_majority
Folr1_E80_1-TCATTACGTAGATCCT-1,1
Folr1_E80_1-AGGACGATCTCTCCGA-1,4
Folr1_E80_1-CTAACTTTCGAGAATA-1,3
Folr1_E80_1-CAGGGCTGTCTTCTAT-1,3
Folr1_E80_1-TCCATCGAGTTCCATG-1,3
Folr1_E80_1-CTCACTGGTCGCTCGA-1,1
Folr1_E80_1-TAGACCACAATTCGTG-1,1
Folr1_E80_1-CTGGACGGTGTGCTTA-1,0
Folr1_E80_1-TACCCACAGGGACACT-1,3
Folr1_E80_1-TCACAAGCAACCAACT-1,3
Folr1_E80_1-ATGCGATGTCGTTTCC-1,1
Folr1_E80_1-GGAGGATCAGTTGCGC-1,3
Folr1_E80_1-AGAAGCGAGTTGTAAG-1,4
Folr1_E80_1-GCACGGTTCGTTGTGA-1,2
Folr1_E80_1-ATCGTCCTCGATCCAA-1,4
Folr1_E80_1-AGCCAGCGTTCCTACC-1,4
Folr1_E80_1-CCGCAAGTCTGGAGAG-1,1
Folr1_E80_1-CCTGCATTCTCTGCTG-1,3
Folr1_E80_1-CCTCCAATCCATTGCC-1,3
Folr1_E80_1-CCATAAGCAACTCGAT-1,4
Folr1_E80_1-CCCAACTGTACGTTCA-1,1
Folr1_E80_1-GGCTTGGCAGAAGCTG-1,3
Folr1_E80_1-GTATTTCCAATAGTCC-1,2
Folr1_E80_1-CTCATTATCCGTCAAA-1,2
Folr1_E80_1-CATGGATCACTAGAGG-1,not_majority
Folr1_E80_1-AGTTCGATCTTCCACG-1,3
Folr1_E80_1-CGATGGCCATGATGCT-1,3
Folr1_E80_1-TTCTTCCAGGGCCAAT-1,3
Folr1_E80_1-ATCGCCTGTGTCCTAA-1,not_majority
Folr1_E80_1-CACATGATCAGATTGC-1,1
Folr1_E80_1-TGACTCCCAGCACACC-1,3
Folr1_E80_1-CATGCGGCACTCTCGT-1,3
Folr1_E80_1-CGCAGGTGTCCCGCAA-1,4
Folr1_E80_1-CATACTTTCTATCCAT-1,not_majority
Folr1_E80_1-AAACCCACAATCTGCA-1,3
Folr1_E80_1-AATCGTGGTCCGGACT-1,1
Folr1_E80_1-GATCGTAGTACGAGCA-1,2
Folr1_E80_1-CTTCTCTTCATCACCC-1,4
Folr1_E80_1-GGTGTTAAGACATATG-1,3
Folr1_E80_1-CACGTGGCAGACTCTA-1,4
Folr1_E80_1-TCACAAGGTCATCCGG-1,4
Folr1_E80_1-TCTCAGCTCCTTATAC-1,3
Folr1_E80_1-CGAAGGAAGCATTTCG-1,3
Folr1_E80_1-CATCGCTAGTCCTGTA-1,4
Folr1_E80_1-ATTCATCCACCTGCTT-1,3
Folr1_E80_1-CACATGATCAGATGCT-1,4
Folr1_E80_1-GATCAGTCATCAGCTA-1,1
Folr1_E80_1-AGAGCAGGTGGCTTGC-1,3
Folr1_E80_1-AGGTCTAAGTTGTAAG-1,4
Folr1_E80_1-ATCATTCAGGGTCACA-1,2
Folr1_E80_1-CCCTGATTCGACTCCT-1,4
Folr1_E80_1-AGACAAATCTTCGTAT-1,3
Folr1_E80_1-TCGGATATCCGCAGTG-1,3
Folr1_E80_1-GTTACCCTCTACTGAG-1,3
Folr1_E80_1-ACTTCGCTCACGAGGA-1,2
Folr1_E80_1-ACCCTCAGTGTCCACG-1,4
Folr1_E80_1-CAATGACCATCTAACG-1,3
Folr1_E80_1-GTCATCCGTTAGGAGC-1,1
Folr1_E80_1-TATTCCAGTGTCCTAA-1,4
Folr1_E80_1-ATCACAGCACAGGATG-1,2
Folr1_E80_1-TCCATCGTCCTACCAC-1,3
Folr1_E80_1-AACCTTTAGGGTACAC-1,4
Folr1_E80_1-GAGACTTGTGGGTCAA-1,3
Folr1_E80_1-GGAGGTAAGATGGTAT-1,1
Folr1_E80_1-CCAATGAGTGTTGCCG-1,3
Folr1_E80_1-TTTACCACAGTTGTCA-1,3
Folr1_E80_1-ACTTCGCCACGGCCAT-1,4
Folr1_E80_1-ACGGTTATCGAAATCC-1,3
Folr1_E80_1-TTGGGATGTTTCGATG-1,4
Folr1_E80_1-ATCCCTGTCGCTTTAT-1,3
Folr1_E80_1-GTAGGAGGTGTCCATA-1,1
Folr1_E80_1-ATCCTATAGCTCTTCC-1,4
Folr1_E80_1-GTACAACCACACCGAC-1,4
Folr1_E80_1-CTGCAGGCAACTCATG-1,3
Folr1_E80_1-AAGACAACATCACAGT-1,1
Folr1_E80_1-AGACCCGTCTTAAGGC-1,4
Folr1_E80_1-CATTTCACATGGCTGC-1,1
Folr1_E80_1-TACGCTCAGAAGTATC-1,4
Folr1_E80_1-CTGTGAATCATGCCGG-1,3
Folr1_E80_1-ACCCAAACAATCACGT-1,4
Folr1_E80_1-CCACGTTTCCATTCAT-1,4
Folr1_E80_1-ACACAGTTCGGACAAG-1,3
Folr1_E80_1-CATGCAATCTGGCTGG-1,3
Folr1_E80_1-TGCAGTACAAGCACCC-1,2
Folr1_E80_1-AGGAAATTCTCTGACC-1,4
Folr1_E80_1-GTCATTTGTTGCATGT-1,3
Folr1_E80_1-TCTTAGTTCGAGAGAC-1,2
Folr1_E80_1-CATCAAGAGTAGGAAG-1,2
Folr1_E80_1-ATCTCTATCACCGGGT-1,3
Folr1_E80_1-GCCCGAAAGATGTTGA-1,3
Folr1_E80_1-TCCGGGAAGGGATCAC-1,3
Folr1_E80_1-GCACGGTGTATACAGA-1,4
Folr1_E80_1-CTGCATCGTAGGCAGT-1,3
Folr1_E80_1-CGTAAGTCAAGTTCGT-1,3
Folr1_E80_1-TTTCACAAGTAGTCAA-1,1
Folr1_E80_1-GTCATGACAAGGCAAC-1,4
Folr1_E80_1-AAGACTCTCACTCCGT-1,3
Folr1_E80_1-TGACCCTCACACTGGC-1,4
Folr1_E80_1-GAATCACTCTTCCCGA-1,2
Folr1_E80_1-TGATCAGTCTAGGCCG-1,2
Folr1_E80_1-AGCTACAGTGACATCT-1,4
Folr1_E80_1-GTTGTGAGTGTCTCCT-1,not_majority
Folr1_E80_1-ACACAGTTCACTACGA-1,1
Folr1_E80_1-CCGGTGAAGCCGCACT-1,2
Folr1_E80_1-GATGCTACACCAGTAT-1,3
Folr1_E80_1-CCCATTGGTCGAAGCA-1,3
Folr1_E80_1-CAACCAACATCGATCA-1,1
Folr1_E80_1-CACGGGTGTCAGGAGT-1,3
Folr1_E80_1-GGGCTACCAGGACTTT-1,4
Folr1_E80_1-TGTTGGAAGGATTACA-1,2
Folr1_E80_1-GAACGTTGTTAGGAGC-1,4
Folr1_E80_1-GGTGTTAAGCCAAGTG-1,3
Folr1_E80_1-TACGGTACAAGGACAC-1,1
Folr1_E80_1-TTCTTGAAGAACCGCA-1,2
Folr1_E80_1-AATCGACGTGGAACAC-1,1
Folr1_E80_1-GTGACGCGTGGCGCTT-1,4
Folr1_E80_1-AAGTTCGCACATATCG-1,1
Folr1_E80_1-CCACCATGTCGAGCTC-1,3
Folr1_E80_1-AGTGATCCAGCAGAAC-1,1
Folr1_E80_1-CATTCCGGTCCATACA-1,4
Folr1_E80_1-CTAGGTACAATCGCAT-1,4
Folr1_E80_1-AGACAGGTCATCTCTA-1,4
Folr1_E80_1-GACGTTAAGATACATG-1,4
Folr1_E80_1-AGTCACAAGGCCCACT-1,3
Folr1_E80_1-CAGCCAGTCCAATCCC-1,1
Folr1_E80_1-TCCCATGTCGCACGAC-1,1
Folr1_E80_1-ACTTAGGGTGTGCTTA-1,2
Folr1_E80_1-TCAGTGAAGTTACGTC-1,1
Folr1_E80_1-GTAGCTAGTCCTCATC-1,4
Folr1_E80_1-CACCGTTAGCATCCCG-1,4
Folr1_E80_1-TCTGTCGGTACCTAGT-1,4
Folr1_E80_1-TTTCAGTGTCTTGGTA-1,4
Folr1_E80_1-GGTTAACAGAGTGTGC-1,4
Folr1_E80_1-TGACCCTGTTTGATCG-1,4
Folr1_E80_1-TTCAATCTCAGAACCT-1,4
Folr1_E80_1-TGCTTGCGTTGGGTTT-1,3
Folr1_E80_1-AGTCTCCCAAGCGAAC-1,3
Folr1_E80_1-CTACCCAAGACTCCGC-1,4
Folr1_E80_1-ATGTCTTAGTATTAGG-1,1
Folr1_E80_1-TACCTCGTCACGATAC-1,3
Folr1_E80_1-CGCATAAGTTTAAGGA-1,1
Folr1_E80_1-CTCTGGTTCTTGGAAC-1,1
Folr1_E80_1-CGTTGGGGTTCACGAT-1,4
Folr1_E80_1-GGGCTACCAAACCGGA-1,1
Folr1_E80_1-TAGTGCAGTGGGTCAA-1,3
Folr1_E80_1-TCGGGCACATGTGGTT-1,2
Folr1_E80_1-TCACGCTCAGTTCTAG-1,3
Folr1_E80_1-ACAACCACACAAGCTT-1,1
Folr1_E80_1-TTCATTGGTAGAGTTA-1,4
Folr1_E80_1-CCTCAGTCACACCTAA-1,3
Folr1_E80_1-TAATCTCCAGAATTCC-1,1
Folr1_E80_1-ATTCCTAAGGGCCTCT-1,3
Folr1_E80_1-CAGCGTGGTGCAATAA-1,4
Folr1_E80_1-AAGCGTTGTCGGTACC-1,4
Folr1_E80_1-AACAGGGGTCCTTTGC-1,3
Folr1_E80_1-CTACCCAGTTTGAACC-1,3
Folr1_E80_1-TTCGATTAGCACCAGA-1,1
Folr1_E80_1-GAAGCCCAGGAAACGA-1,4
Folr1_E80_1-GCGTGCATCGCCAGTG-1,1
Folr1_E80_1-GTCACGGAGCAAACAT-1,3
Folr1_E80_1-GAGTGAGAGATCGCTT-1,4
Folr1_E80_1-CTCTGGTGTAGTATAG-1,1
Folr1_E80_1-CCTCACACACGCAAAG-1,1
Folr1_E80_1-CGAAGGACAACTCCAA-1,1
Folr1_E80_1-GCCAACGAGGTTGAGC-1,4
Folr1_E80_1-TCTTGCGAGTTGCTCA-1,3
Folr1_E80_1-CCACAAATCCATAGAC-1,3
Folr1_E80_1-GATGTTGGTTCAAACC-1,3
Folr1_E80_1-AAAGTGAGTCGTGTTA-1,3
Folr1_E80_1-CTGAGGCAGGACAGTC-1,4
Folr1_E80_1-GTACAGTTCGTTGTGA-1,3
Folr1_E80_1-CTCAGTCGTTACAGCT-1,4
Folr1_E80_1-TACCGGGCAACACTAC-1,4
Folr1_E80_1-CTCCAACGTCGTACAT-1,4
Folr1_E80_1-TACCGAATCAAGTCGT-1,1
Folr1_E80_1-CCGTGAGCAGAGAAAG-1,1
Folr1_E80_1-GATCCCTTCAGGGTAG-1,4
Folr1_E80_1-AGTGACTCAAGAGTAT-1,4
Folr1_E80_1-GGGCTACAGTCTGCGC-1,4
Folr1_E80_1-TCAGTCCCATGACGGA-1,1
Folr1_E80_1-GTCCACTCACGTTGGC-1,3
Folr1_E80_1-CACCAAAGTGGAAATT-1,4
Folr1_E80_1-AAGTGAAGTATCACCA-1,1
Folr1_E80_1-AGGGCCTAGCCAGAGT-1,1
Folr1_E80_1-AAGCATCAGGTTGGTG-1,4
Folr1_E80_1-ATTACTCGTTCAAGGG-1,2
Folr1_E80_1-TAGATCGAGTTGCCTA-1,1
Folr1_E80_1-CTCTCGAAGTGCAGCA-1,1
Folr1_E80_1-TTTACTGCAAATCCCA-1,1
Folr1_E80_1-TGGGTTACATCACCAA-1,4
Folr1_E80_1-CACGGGTTCAGCGGAA-1,3
Folr1_E80_1-TGCCGAGGTTGGGATG-1,4
Folr1_E80_1-GAAATGAAGGAATGTT-1,4
Folr1_E80_1-TCTAACTAGATAACGT-1,3
Folr1_E80_1-TCCACGTTCCGTCACT-1,1
Folr1_E80_1-ATGGGTTAGCCTAACT-1,1
Folr1_E80_1-TGGGCTGGTCATCCGG-1,1
Folr1_E80_1-GCATCTCGTATACCCA-1,2
Folr1_E80_1-TACAACGGTTGTGCCG-1,2
Folr1_E80_1-TCTTTGATCTGCGAGC-1,4
Folr1_E80_1-AGCTTCCCAGCTTCGG-1,3
Folr1_E80_1-CACCAAACATGTCGTA-1,1
Folr1_E80_1-TAACTTCGTCCAGCGT-1,1
Folr1_E80_1-AGCTACAAGACATGCG-1,4
Folr1_E80_1-AGCCACGTCTGATTCT-1,2
Folr1_E80_1-GTCCTCACAGCACGAA-1,3
Folr1_E80_1-ATGTCCCCACGCTGCA-1,4
Folr1_E80_1-TTTGATCCAGGAACCA-1,2
Folr1_E80_1-TACTTACGTTGGGATG-1,3
Folr1_E80_1-ACAGGGACAAGACCTT-1,4
Folr1_E80_1-TCTAACTTCAACTACG-1,3
Folr1_E80_1-TGGAACTCACGCTGAC-1,3
Folr1_E80_1-GGGTGAATCCGATGCG-1,3
Folr1_E80_1-TACCTCGCAACTCATG-1,4
Folr1_E80_1-CTCAACCAGTAGGAAG-1,4
Folr1_E80_1-ATGAAAGGTACTGTTG-1,1
Folr1_E80_1-GCATTAGTCATGGAGG-1,3
Folr1_E80_1-AGAACAATCCGTCCTA-1,4
Folr1_E80_1-CATCGCTCAGCCTATA-1,3
Folr1_E80_1-CCCTCAAAGGCTTAGG-1,4
Folr1_E80_1-ACCCTCATCTCGCGTT-1,1
Folr1_E80_1-GACGCTGTCCATCCGT-1,2
Folr1_E80_1-CTGGCAGTCACCGGGT-1,4
Folr1_E80_1-CTGAATGGTCAGGTAG-1,1
Folr1_E80_1-CCGAACGAGACCGCCT-1,2
Folr1_E80_1-ACCATTTCACTGCTTC-1,0
Folr1_E80_1-TCTAACTAGTCTGGAG-1,2
Folr1_E80_1-CTGAATGTCTAGACCA-1,4
Folr1_E80_1-AGCTTCCCAATCACGT-1,4
Folr1_E80_1-TCCTCGAAGCACCAGA-1,3
Folr1_E80_1-GTAGGTTCAGAGTCTT-1,not_majority
Folr1_E80_1-TGTTGGAAGGTCCGAA-1,1
Folr1_E80_1-GACGTTAGTTGCGAAG-1,3
Folr1_E80_1-TACCGGGAGAGTCCGA-1,1
Folr1_E80_1-ATGAGTCAGCCTCAAT-1,1
Folr1_E80_1-ATGACCAGTCATCAGT-1,1
Folr1_E80_1-GACCAATTCAAGCGTT-1,1
Folr1_E80_1-ATTTCACGTAGTTACC-1,4
Folr1_E80_1-ATGCGATGTTTAAGGA-1,4
Folr1_E80_1-ACTGTCCAGTACAGCG-1,3
Folr1_E80_1-CAGATTGTCGGTTCAA-1,4
Folr1_E80_1-CAACGATGTAACAGTA-1,4
Folr1_E80_1-GGAGGATCACATACTG-1,3
Folr1_E80_1-ATCGGCGGTAGGTACG-1,3
Folr1_E80_1-ACAGAAAGTCTAGGCC-1,3
Folr1_E80_1-GCCGATGCAGCTGTGC-1,3
Folr1_E80_1-TTGATGGAGGATGGCT-1,4
Folr1_E80_1-CTCCAACGTGCGTGCT-1,3
Folr1_E80_1-CTTCTCTGTACGCTAT-1,4
Folr1_E80_1-GTGTTCCGTTGCCGAC-1,4
Folr1_E80_1-GAGTTGTCACTTTAGG-1,3
Folr1_E80_1-CCGTGAGCATAGAAAC-1,4
Folr1_E80_1-CTGCATCTCAACGCTA-1,4
Folr1_E80_1-GTCAAGTCACGCGCAT-1,3
Folr1_E80_1-CCCTCTCCAGTAACCT-1,1
Folr1_E80_1-ACTGCAAGTGCAACAG-1,1
Folr1_E80_1-GTAAGTCTCGAAGTGG-1,1
Folr1_E80_1-GATCATGGTCACCACG-1,3
Folr1_E80_1-ACAGGGAAGAATTCAG-1,4
Folr1_E80_1-CGCAGGTCACGCTGAC-1,5
Folr1_E80_1-CCGGTGACAAGGCAAC-1,3
Folr1_E80_1-ATAGGCTAGTATCTGC-1,3
Folr1_E80_1-TTACCGCTCAGCGCAC-1,4
Folr1_E80_1-TCACTATAGCGTATGG-1,2
Folr1_E80_1-TCAAGTGTCCGTGGCA-1,3
Folr1_E80_1-CATTGCCTCAAGGCTT-1,3
Folr1_E80_1-CAGATACGTCGACGCT-1,4
Folr1_E80_1-CATGCGGTCGCCTAGG-1,4
Folr1_E80_1-TGCAGGCGTCACAGAG-1,3
Folr1_E80_1-CAAGACTTCCCTTCCC-1,1
Folr1_E80_1-CCCTGATAGGAATTAC-1,3
Folr1_E80_1-GCAACATAGGAAAGAC-1,2
Folr1_E80_1-TTTGGAGGTGCCAAGA-1,2
Folr1_E80_1-GTCAAGTAGGGAGGAC-1,1
Folr1_E80_1-CCTAAGATCATCGACA-1,1
Folr1_E80_1-CACTGTCCACATGTTG-1,1
Folr1_E80_1-GCCCAGATCCTGGTCT-1,3
Folr1_E80_1-GAGAGGTGTCTTCAAG-1,3
Folr1_E80_1-CTCTCGAAGTGATAAC-1,4
Folr1_E80_1-CCTAACCGTCTCTCTG-1,4
Folr1_E80_1-TGATCTTGTGTGAATA-1,3
Folr1_E80_1-GAGGCCTTCGTAGTCA-1,1
Folr1_E80_1-GTATTGGAGTTAACAG-1,2
Folr1_E80_1-CAACCTCAGTATGCAA-1,4
Folr1_E80_1-AGGACTTGTCGCAACC-1,3
Folr1_E80_1-CTCCTTTAGTACAGAT-1,4
Folr1_E80_1-CCTCATGAGTTGTACC-1,2
Folr1_E80_1-TTGAGTGAGTCAACAA-1,4
Folr1_E80_1-TGCAGATCAGCACGAA-1,2
Folr1_E80_1-CCCTTAGGTTGCGGCT-1,3
Folr1_E80_1-TGTCAGATCCGCACGA-1,3
Folr1_E80_1-GGAGGTACATGGCACC-1,1
Folr1_E80_1-TTGGGATGTACCTTCC-1,3
Folr1_E80_1-CATGCTCGTTAGGACG-1,4
Folr1_E80_1-ACATCGACATCCTGTC-1,4
Folr1_E80_1-TCAGGTATCGTAGCCG-1,1
Folr1_E80_1-TCGCTTGTCTCAGAAC-1,4
Folr1_E80_1-TGATGCATCTCTGCCA-1,3
Folr1_E80_1-TCTCACGCAGCTCTGG-1,4
Folr1_E80_1-AGGGAGTCAGACCATT-1,3
Folr1_E80_1-CCGAACGCAAACACGG-1,2
Folr1_E80_1-GCTCAAATCTGTAACG-1,3
Folr1_E80_1-GTGCTGGGTGTACATC-1,4
Folr1_E80_1-GCAGCCACACGACAGA-1,4
Folr1_E80_1-CGAGTTAAGTAGTGCG-1,2
Folr1_E80_1-TTCGGTCGTACCTGTA-1,4
Folr1_E80_1-TTTCAGTCAGAATCGG-1,4
Folr1_E80_1-GGATCTATCACTAGCA-1,4
Folr1_E80_1-CTCCACATCCGTTTCG-1,1
Folr1_E80_1-GTAATCGAGGATTTAG-1,2
Folr1_E80_1-GCGAGAACATAGGAGC-1,4
Folr1_E80_1-TTATTGCCAGTTCCAA-1,3
Folr1_E80_1-CTCCCAAAGGTCGTCC-1,3
Folr1_E80_1-CTGCCTAAGAGAAGGT-1,1
Folr1_E80_1-AACAACCTCCCGAACG-1,1
Folr1_E80_1-TTAGGCACATCGCTCT-1,4
Folr1_E80_1-GAGTGTTAGTAAGAGG-1,4
Folr1_E80_1-CAACGGCTCATCGCAA-1,1
Folr1_E80_1-TGGGATTTCTGATGGT-1,3
Folr1_E80_1-CTTCTCTTCTAAGCGT-1,3
Folr1_E80_1-AGGGTCCCAACGGTAG-1,3
Folr1_E80_1-ACTATTCGTTCGTTCC-1,2
Folr1_E80_1-CCACCATGTCGCGTTG-1,3
Folr1_E80_1-ATTCCTATCCCATTCG-1,3
Folr1_E80_1-AAGCATCCAAGCTGTT-1,1
Folr1_E80_1-TGGTGATGTGATAGTA-1,1
Folr1_E80_1-GACCCTTTCCATAGGT-1,1
Folr1_E80_1-TTTCATGAGCCTGGAA-1,1
Folr1_E80_1-AAGTGAAGTACCACGC-1,3
Folr1_E80_1-TCTCAGCCACTGAATC-1,4
Folr1_E80_1-GAAGTAAGTACTCAAC-1,4
Folr1_E80_1-AGACCATGTTATAGAG-1,2
Folr1_E80_1-ACCTGTCCAAACACCT-1,4
Folr1_E80_1-GACTATGGTAGGCAAC-1,3
Folr1_E80_1-CTCCAACGTAGGCTCC-1,1
Folr1_E80_1-GGGTTTAAGCTCGTGC-1,1
Folr1_E80_1-CTGATCCTCTGCTAGA-1,2
Folr1_E80_1-AGAAATGGTGAACTAA-1,1
Folr1_E80_1-GCTTCACCAACCACGC-1,1
Folr1_E80_1-ATACCTTGTAATTGGA-1,4
Folr1_E80_1-CGGAACCCATGACAAA-1,4
Folr1_E80_1-ATGCCTCCAGAGAGGG-1,1
Folr1_E80_1-CAATCGATCACCTCGT-1,4
Folr1_E80_1-TGTCCTGGTTAGAAAC-1,2
Folr1_E80_1-ACCGTTCCAGGGATAC-1,3
Folr1_E80_1-TTTACTGTCGAACCTA-1,1
Folr1_E80_1-GTCATGACATAACGGG-1,3
Folr1_E80_1-TCGTCCAGTACGACTT-1,3
Folr1_E80_1-GTCATTTTCGGCAGTC-1,3
Folr1_E80_1-GTCACGGGTGTATCCA-1,not_majority
Folr1_E80_1-CTCCCTCAGAAGGTAG-1,3
Folr1_E80_1-TTGAACGGTACTTGTG-1,2
Folr1_E80_1-TCCAGAACATGACAAA-1,4
Folr1_E80_1-TGTGAGTAGGGCGAAG-1,2
Folr1_E80_1-AATGGCTAGACGTCCC-1,1
Folr1_E80_1-GGCTGTGAGGGACAGG-1,4
Folr1_E80_1-TTACAGGAGTCTGGAG-1,2
Folr1_E80_1-TGTTGAGGTACCCACG-1,1
Folr1_E80_1-TACTTGTTCAGCATTG-1,3
Folr1_E80_1-CAGATCAGTCGTGATT-1,4
Folr1_E80_1-GTAGCTAGTCTACACA-1,4
Folr1_E80_1-TCCTTTCAGCTAAACA-1,3
Folr1_E80_1-CAACAGTAGAGTGGCT-1,3
Folr1_E80_1-TGGGTTAAGCGTATGG-1,3
Folr1_E80_1-GAGTGTTCACAGCTGC-1,4
Folr1_E80_1-ATTCAGGCAGAGGGTT-1,3
Folr1_E80_1-TACAGGTTCAAGTCGT-1,4
Folr1_E80_1-AGATCGTGTCCAGCGT-1,4
Folr1_E80_1-CTCAACCAGAAGTCCG-1,2
Folr1_E80_1-GTCTACCGTTGCTTGA-1,1
Folr1_E80_1-TCATACTGTCTACTGA-1,2
Folr1_E80_1-CACGTTCTCAAACTGC-1,0
Folr1_E80_1-ACGGGTCAGAGGCGGA-1,4
Folr1_E80_1-TGTGCGGTCGAGTGAG-1,4
Folr1_E80_1-AGAGAGCGTAGCTTGT-1,2
Folr1_E80_1-TATCCTAAGGTGTGAC-1,3
Folr1_E80_1-AGGTAGGAGTTAACGA-1,3
Folr1_E80_1-CCACAAATCCTGCCAT-1,1
Folr1_E80_1-CGGCAGTGTTTACCTT-1,3
Folr1_E80_1-GTAGATCTCCCTGTTG-1,2
Folr1_E80_1-TTCGATTGTCCCTGTT-1,4
Folr1_E80_1-AGTAGCTCACTGATTG-1,1
Folr1_E80_1-CCTCAACGTCTAGTGT-1,2
Folr1_E80_1-AGTGTTGCAAGGACAC-1,2
Folr1_E80_1-ACCTGAAAGTAACCTC-1,3
Folr1_E80_1-GTTGCTCCATCTTTCA-1,3
Folr1_E80_1-AGATAGATCGTTGCCT-1,4
Folr1_E80_1-TAGGTTGAGAATTGTG-1,4
Folr1_E80_1-TTTGGTTTCTGCACCT-1,3
Folr1_E80_1-CTCTCGAAGTAGGCCA-1,3
Folr1_E80_1-GCTACAAGTCCAGCAC-1,3
Folr1_E80_1-GTCTTTACAAGTATAG-1,1
Folr1_E80_1-GGAAGTGAGACTGAGC-1,1
Folr1_E80_1-ATGTCTTCATCGTCCT-1,1
Folr1_E80_1-ATTCCTACACGGGCTT-1,4
Folr1_E80_1-AGATCGTGTTGTCCCT-1,5
Folr1_E80_1-TGCGACGAGCTGAGCA-1,1
Folr1_E80_1-CTGTCGTTCAGAATAG-1,3
Folr1_E80_1-CATTGCCAGAGCAACC-1,1
Folr1_E80_1-GTTACCCGTCACTTAG-1,3
Folr1_E80_1-GGTTAACAGTGCGCTC-1,1
Folr1_E80_1-GGAAGTGAGATGTAGT-1,4
Folr1_E80_1-CCACGTTGTTGCGGAA-1,3
Folr1_E80_1-GTAGAAAAGTATGCAA-1,3
Folr1_E80_1-TTACAGGAGGAGTCTG-1,4
Folr1_E80_1-ACCCTTGGTTCGAGCC-1,3
Folr1_E80_1-CCCTTAGTCCGAAATC-1,2
Folr1_E80_1-TTTCGATCAGTCGGTC-1,3
Folr1_E80_1-CTGCAGGGTCAAAGCG-1,3
Folr1_E80_1-TCCATCGTCGCCAGTG-1,4
Folr1_E80_1-GTTAGTGAGTCAACAA-1,4
Folr1_E80_1-GTTACGAAGTCCCTAA-1,4
Folr1_E80_1-ACCTACCTCAACCGAT-1,1
Folr1_E80_1-TGACTCCGTAACCCGC-1,4
Folr1_E80_1-TGTTGGAGTCATCTAG-1,1
Folr1_E80_1-GATGGAGGTCCGGTGT-1,4
Folr1_E80_1-TGAGGAGAGCGATGCA-1,3
Folr1_E80_1-TTCTTGAGTAGCGTTT-1,1
Folr1_E80_1-CAGCGTGCACTGTGTA-1,4
Folr1_E80_1-CATTGCCAGTATGGAT-1,4
Folr1_E80_1-GTAGGTTAGTTGCCCG-1,3
Folr1_E80_1-GACCGTGCAATCGTCA-1,3
Folr1_E80_1-GATTCTTAGTTTCTTC-1,4
Folr1_E80_1-GGTTCTCCAGCGCTTG-1,1
Folr1_E80_1-TTGAACGGTGTTATCG-1,1
Folr1_E80_1-GCATCGGCATTGAGGG-1,1
Folr1_E80_1-GGAGGTACATCGAGCC-1,4
Folr1_E80_1-TTATTGCTCACCCTCA-1,1
Folr1_E80_1-ATGGAGGAGCGTGAAC-1,4
Folr1_E80_1-CTGCATCCAGCACCCA-1,1
Folr1_E80_1-GTCTCACTCGGTCGGT-1,3
Folr1_E80_1-GTAATCGCAAAGGCGT-1,4
Folr1_E80_1-GCAGGCTGTGAGTGAC-1,4
Folr1_E80_1-CCATCACAGGCGCTTC-1,1
Folr1_E80_1-AGGACTTGTGCATTAC-1,3
Folr1_E80_1-GTTAGTGCATGGCCAC-1,1
Folr1_E80_1-GTTCCGTGTGCTCTTC-1,4
Folr1_E80_1-ATTCTACCAACTCCCT-1,2
Folr1_E80_1-ATGAAAGAGAACTCCT-1,1
Folr1_E80_1-ACTACGAAGTTCCGGC-1,1
Folr1_E80_1-TACCCGTAGCCATTCA-1,3
Folr1_E80_1-TATTGGGTCCGGACTG-1,3
Folr1_E80_1-CTTCTCTTCTCACCCA-1,4
Folr1_E80_1-TACCCGTCAGCTCCTT-1,3
Folr1_E80_1-TGGTAGTGTTCCTACC-1,4
Folr1_E80_1-TCGCAGGGTACGATGG-1,3
Folr1_E80_1-GTCGAATTCCCAAGCG-1,4
Folr1_E80_1-GAGTCTAGTTCAAAGA-1,not_majority
Folr1_E80_1-AGAGAGCTCTGCTGAA-1,3
Folr1_E80_1-CAGTGCGAGGCTTCCG-1,4
Folr1_E80_1-TCACGCTAGGAGTCTG-1,1
Folr1_E80_1-CTACTATTCTATTCGT-1,3
Folr1_E80_1-TGCGACGAGAAGAACG-1,1
Folr1_E80_1-CCCGAAGTCGTAGAGG-1,0
Folr1_E80_1-GGGAGTATCTTTACAC-1,1
Folr1_E80_1-GGTGGCTGTTACCTTT-1,1
Folr1_E80_1-GCATTAGCATGATAGA-1,3
Folr1_E80_1-TACAACGTCGCAATTG-1,3
Folr1_E80_1-CCACCATGTGAGAACC-1,3
Folr1_E80_1-TGGTTAGTCCTTGACC-1,3
Folr1_E80_1-CTGATCCTCCTATTTG-1,3
Folr1_E80_1-TACACCCGTTCCGTTC-1,3
Folr1_E80_1-TGATTTCTCTATCGCC-1,2
Folr1_E80_1-TAAGTCGTCTTGGGCG-1,3
Folr1_E80_1-GGAGGTAGTTCTTGCC-1,1
Folr1_E80_1-ATATCCTCAGGTTTAC-1,3
Folr1_E80_1-TCGTGGGCACGGGCTT-1,1
Folr1_E80_1-CGTAAGTTCTAGTCAG-1,not_majority
Folr1_E80_1-TCTCAGCAGGATGCGT-1,3
Folr1_E80_1-GAGGGATAGCCTTTGA-1,3
Folr1_E80_1-GGAAGTGCACCCTCTA-1,2
Folr1_E80_1-GGGACAAGTGAATGAT-1,3
Folr1_E80_1-GAAACCTGTAGAATAC-1,3
Folr1_E80_1-AGGAGGTTCGACCATA-1,4
Folr1_E80_1-ATGGTTGCAGACCAGA-1,3
Folr1_E80_1-GTGTGGCCACACAGCC-1,3
Folr1_E80_1-GACCCTTGTATAGGGC-1,1
Folr1_E80_1-GAAACCTGTAACAGTA-1,2
Folr1_E80_1-CACTGGGAGTTGCATC-1,1
Folr1_E80_1-GCCGTGAGTTGACTGT-1,3
Folr1_E80_1-TGTCCACAGGGCATGT-1,3
Folr1_E80_1-TTCTAGTGTCAGGTAG-1,not_majority
Folr1_E80_1-GGAGCAATCACTTCTA-1,1
Folr1_E80_1-GCTTGGGGTGGACCAA-1,3
Folr1_E80_1-TACCCACTCGCACGGT-1,3
Folr1_E80_1-GTGGTTATCTATCGCC-1,2
Folr1_E80_1-TCTTCCTCATGTTCAG-1,3
Folr1_E80_1-TTGTTTGAGAATAGTC-1,1
Folr1_E80_1-CAGTTCCCAAATAAGC-1,4
Folr1_E80_1-CCTCCTCGTCCGAAGA-1,1
Folr1_E80_1-AGGATAAAGTCGGGAT-1,3
Folr1_E80_1-TAGCACAAGTAGGCCA-1,0
Folr1_E80_1-TCCCAGTCAGCTATTG-1,3
Folr1_E80_1-AAGACTCAGTCGCCCA-1,3
Folr1_E80_1-TTCTTCCGTGCGGTAA-1,1
Folr1_E80_1-TGGGAAGAGGCTCTAT-1,1
Folr1_E80_1-AGTCTCCCAGTTTGGT-1,2
Folr1_E80_1-ACACCAATCACACCCT-1,1
Folr1_E80_1-CATTCTAGTGCCTACG-1,3
Folr1_E80_1-ACACAGTCAGTTCACA-1,1
Folr1_E80_1-AAAGTGATCGGTAGAG-1,1
Folr1_E80_1-TACCGGGAGTATCTGC-1,3
Folr1_E80_1-CCGATCTGTAAGACCG-1,4
Folr1_E80_1-TGTTGGAGTAGATTAG-1,1
Folr1_E80_1-GTTCATTGTTTGGGTT-1,4
Folr1_E80_1-CTTGATTTCCCTCAAC-1,4
Folr1_E80_1-CAGGTATCACAAACGG-1,3
Folr1_E80_1-TAATTCCCACACCGCA-1,3
Folr1_E80_1-TCTGCCAGTGAGAGGG-1,4
Folr1_E80_1-ACGTTCCCAGAACTCT-1,3
Folr1_E80_1-ACTTATCAGTATTAGG-1,3
Folr1_E80_1-AGGCCACGTGCAAGAC-1,1
Folr1_E80_1-TGTTCATCAAATCAAG-1,2
Folr1_E80_1-TGAGCGCAGACTTCCA-1,0
Folr1_E80_1-ATGGTTGTCGAGAATA-1,1
Folr1_E80_1-TTTGGAGAGTCAACAA-1,4
Folr1_E80_1-ATTCCCGAGCATGATA-1,2
Folr1_E80_1-GTAATCGGTGACAACG-1,3
Folr1_E80_1-TGATCTTCAGCATCTA-1,1
Folr1_E80_1-GAAGGGTCATGAGAAT-1,2
Folr1_E80_1-CGTGCTTAGGTTTACC-1,4
Folr1_E80_1-CGCAGGTAGCTTGTTG-1,1
Folr1_E80_1-TTCTGTACAGGCTTGC-1,3
Folr1_E80_1-TACTTCAAGGTAACTA-1,3
Folr1_E80_1-GTTGTAGTCTGAGAGG-1,1
Folr1_E80_1-TTCCTCTGTATGCGTT-1,3
Folr1_E80_1-CTAACTTAGATTCGAA-1,4
Folr1_E80_1-AGGATAATCGCCACTT-1,3
Folr1_E80_1-GTGTTAGGTACTCGCG-1,1
Folr1_E80_1-GTCGCGAAGGTAAACT-1,3
Folr1_E80_1-GTCGCGAGTCCGATCG-1,3
Folr1_E80_1-AAAGGATCACGCTGAC-1,3
Folr1_E80_1-TGGGATTGTGAGTAAT-1,1
Folr1_E80_1-TATCGCCAGCAGGTCA-1,3
Folr1_E80_1-CGTGAATAGCTGTGCC-1,1
Folr1_E80_1-GTCCTCACAGAACCGA-1,5
Folr1_E80_1-ATTCTTGAGCGTCTGC-1,3
Folr1_E80_1-CGGGCATTCGCGTCGA-1,1
Folr1_E80_1-CGAATTGTCCATTGCC-1,3
Folr1_E80_1-GTAATCGAGTTTGTCG-1,4
Folr1_E80_1-CTGCCTAGTACTAGCT-1,3
Folr1_E80_1-CTTCGGTGTAATGATG-1,1
Folr1_E80_1-CGATGGCAGGGTATAT-1,3
Folr1_E80_1-TCGCTCACATGACAAA-1,1
Folr1_E80_1-GGTTAACCAGTCACGC-1,3
Folr1_E80_1-CCTAAGAAGCCAAGTG-1,1
Folr1_E80_1-GATTCGACAAGTTCCA-1,1
Folr1_E80_1-TGAGGAGGTACTCAAC-1,1
Folr1_E80_1-TGAGACTAGCCAACCC-1,1
Folr1_E80_1-TCGTGCTCAGGGAGAG-1,3
Folr1_E80_1-AGTGATCAGCAGCCTC-1,4
Folr1_E80_1-TCCGATCGTCGCATCG-1,1
Folr1_E80_2-ATACCGAGTTCTCACC-2,3
Folr1_E80_2-CACTGGGCAGTCGTTA-2,3
Folr1_E80_2-AAAGGGCCACTGGAAG-2,3
Folr1_E80_2-GTGTAACTCCTACGAA-2,4
Folr1_E80_2-AGACAGGAGGAATGTT-2,4
Folr1_E80_2-TCCTCGAGTGCTGTCG-2,3
Folr1_E80_2-TCAGCCTAGAAGCGAA-2,4
Folr1_E80_2-CGACAGCTCAAGTCTG-2,2
Folr1_E80_2-CCTCAACCACCTATCC-2,2
Folr1_E80_2-ATGGAGGTCTACTGAG-2,4
Folr1_E80_2-TCGGGCAAGTCCCGAC-2,4
Folr1_E80_2-GTTAGTGAGTGGATTA-2,4
Folr1_E80_2-AATCGTGCAACAGATA-2,4
Folr1_E80_2-AAGCGTTCACTACGGC-2,3
Folr1_E80_2-TCAGTCCTCTAGCCAA-2,3
Folr1_E80_2-GTTACCCAGCGAGTAC-2,4
Folr1_E80_2-TCAGTCCGTTAGGCCC-2,3
Folr1_E80_2-AAAGTGAAGTTGAAGT-2,4
Folr1_E80_2-AGTTCGACAGAGACTG-2,4
Folr1_E80_2-CGGAGAAAGGTTCAGG-2,3
Folr1_E80_2-CGGACACCATACAGAA-2,4
Folr1_E80_2-AGCCACGCAACGACAG-2,3
Folr1_E80_2-AGAGCCCGTTATAGCC-2,4
Folr1_E80_2-ATCACAGTCGCGCCAA-2,3
Folr1_E80_2-CCAATTTTCAACCGAT-2,4
Folr1_E80_2-CTGGTCTAGAATCCCT-2,4
Folr1_E80_2-TTCATTGCAATTCTCT-2,4
Folr1_E80_2-TACGCTCAGTTTAGGA-2,1
Folr1_E80_2-CACGGGTAGCCTAGGA-2,3
Folr1_E80_2-AGGATCTTCCTCTTTC-2,3
Folr1_E80_2-GAGTGTTGTCAGTCTA-2,4
Folr1_E80_2-ACACTGAGTGCCTGCA-2,4
Folr1_E80_2-CCTTCAGTCACTGGTA-2,4
Folr1_E80_2-AACGAAAGTCGAGCTC-2,4
Folr1_E80_2-CTACGGGGTACGATTC-2,4
Folr1_E80_2-ACTTAGGAGATGATTG-2,2
Folr1_E80_2-TCTCAGCTCGACATCA-2,4
Folr1_E80_2-ATCACAGAGACCATAA-2,3
Folr1_E80_2-GCTGCAGGTCCAGCCA-2,3
Folr1_E80_2-AAGCGTTGTAGCTGTT-2,4
Folr1_E80_2-GCGAGAATCCCGATCT-2,2
Folr1_E80_2-CATAAGCCATCATCTT-2,3
Folr1_E80_2-TGTGAGTGTGCGAACA-2,4
Folr1_E80_2-ATGGGTTGTCAACCAT-2,4
Folr1_E80_2-CATGGATCAATCTGCA-2,4
Folr1_E80_2-ATCACTTCACGCTTAA-2,0
Folr1_E80_2-CTACATTAGCGACAGT-2,4
Folr1_E80_2-CTGTGAACACCTCGTT-2,1
Folr1_E80_2-AACAAAGCAATAGGAT-2,4
Folr1_E80_2-AGACAGGCATTGTGCA-2,3
Folr1_E80_2-ACGTCCTAGAGGCGGA-2,0
Folr1_E80_2-TATCTGTCAACGCATT-2,3
Folr1_E80_2-TTACCGCTCCCTCTAG-2,3
Folr1_E80_2-CACCAAAGTTCCAGGC-2,2
Folr1_E80_2-GACCTTCAGATGCTTC-2,3
Folr1_E80_2-CTGAATGAGTCATAGA-2,1
Folr1_E80_2-CGATGGCTCATCCTAT-2,3
Folr1_E80_2-CCTCTAGAGACATAGT-2,4
Folr1_E80_2-CGAGTGCTCATGTCTT-2,4
Folr1_E80_2-GTACAGTAGTTCCGGC-2,4
Folr1_E80_2-AAGTACCAGGCTGGAT-2,4
Folr1_E80_2-ACTTCCGTCCTCGCAT-2,4
Folr1_E80_2-AACAGGGAGGTGCCTC-2,4
Folr1_E80_2-GTTGCTCTCTACACTT-2,1
Folr1_E80_2-ATTCTTGGTTATGTGC-2,4
Folr1_E80_2-CTCAAGATCCATATGG-2,2
Folr1_E80_2-ACAACCAAGCAGTAAT-2,4
Folr1_E80_2-GTCATCCAGTTGCTGT-2,1
Folr1_E80_2-ATGGGAGGTAAGGCTG-2,3
Folr1_E80_2-ACACCAATCATTGGTG-2,1
Folr1_E80_2-TGACCCTCATCTAGAC-2,4
Folr1_E80_2-CACGTTCTCTGCTCTG-2,1
Folr1_E80_2-GGCAGTCCAGCGTGCT-2,4
Folr1_E80_2-TCCTTTCAGGGCCAAT-2,1
Folr1_E80_2-CTACCCATCCTACCGT-2,4
Folr1_E80_2-TAGACTGCACCCTAAA-2,4
Folr1_E80_2-CTAGACAAGCCATGCC-2,4
Folr1_E80_2-CTCATCGGTGTATCCA-2,2
Folr1_E80_2-TTACGTTAGCGCTTCG-2,3
Folr1_E80_2-AGGTAGGTCCAATCTT-2,4
Folr1_E80_2-CATGAGTAGGCCTAGA-2,4
Folr1_E80_2-GGATCTAGTCGTTGGC-2,4
Folr1_E80_2-AACCTTTGTTCCTACC-2,4
Folr1_E80_2-TGGGAAGTCTCCACTG-2,1
Folr1_E80_2-TGATTTCGTATCTTCT-2,3
Folr1_E80_2-TTACAGGCAGCGGTTC-2,4
Folr1_E80_2-TCTGGCTAGGGAACAA-2,4
Folr1_E80_2-CATGCTCCACAAAGTA-2,4
Folr1_E80_2-GTAGAAACATATGCGT-2,4
Folr1_E80_2-ATCCCTGGTAACATCC-2,4
Folr1_E80_2-GAAATGACACGTACTA-2,3
Folr1_E80_2-TTCATTGTCTCATTGT-2,3
Folr1_E80_2-GATTCGAAGTCGAAGC-2,2
Folr1_E80_2-CTGAATGAGGCTCTAT-2,2
Folr1_E80_2-CTGCCATGTAATCAGA-2,2
Folr1_E80_2-CTTAGGAAGTTAACAG-2,4
Folr1_E80_2-GGTTGTAAGACGACGT-2,4
Folr1_E80_2-ATCGTAGCATCTCAAG-2,4
Folr1_E80_2-GTACAGTGTAGAGCTG-2,2
Folr1_E80_2-CTTTCAAAGCACCTGC-2,4
Folr1_E80_2-ACTCCCACACATGTTG-2,3
Folr1_E80_2-TGACTCCTCATGCAGT-2,2
Folr1_E80_2-AGAAGCGCAGATTAAG-2,4
Folr1_E80_2-CTGTATTCAGGTTCAT-2,4
Folr1_E80_2-CACAGGCTCAAGTTGC-2,2
Folr1_E80_2-TACACCCCAACGAGGT-2,3
Folr1_E80_2-TCTGCCATCGTCTAAG-2,3
Folr1_E80_2-TTGGATGAGTATCTGC-2,4
Folr1_E80_2-TGTTGGAGTCGAGCAA-2,3
Folr1_E80_2-AACAAGAGTGAGATAT-2,4
Folr1_E80_2-TCATTTGGTAGCCCTG-2,4
Folr1_E80_2-TTCCAATCAGCTCCTT-2,4
Folr1_E80_2-TGCAGTACATCGGAGA-2,1
Folr1_E80_2-ACTGATGTCTTACGTT-2,4
Folr1_E80_2-GCCAGTGGTTGTGTAC-2,3
Folr1_E80_2-CATGCTCAGGATAATC-2,3
Folr1_E80_2-TCATACTAGGAAGTCC-2,4
Folr1_E80_2-AAACGCTGTGAGAGGG-2,not_majority
Folr1_E80_2-CCTCTAGTCCCGTTCA-2,4
Folr1_E80_2-ACCAACATCGAAATCC-2,4
Folr1_E80_2-ATTCCTAAGCCAACCC-2,3
Folr1_E80_2-GAGACCCCAACACAAA-2,3
Folr1_E80_2-CGCAGGTCAGTTAGAA-2,4
Folr1_E80_2-CCGGACAAGAGGCGGA-2,4
Folr1_E80_2-AGCGATTAGCGTCTGC-2,4
Folr1_E80_2-CAACCAAAGGCGTTAG-2,2
Folr1_E80_2-TCCTCGAGTTGGGCCT-2,4
Folr1_E80_2-GTAGAGGCAACAGTGG-2,3
Folr1_E80_2-GTTAGACAGCGCTGCT-2,4
Folr1_E80_2-ATCATTCTCGTAGCCG-2,4
Folr1_E80_2-GTAACACGTGATTCAC-2,3
Folr1_E80_2-AATGGCTTCGACGTCG-2,4
Folr1_E80_2-GTCACGGGTTGTCATG-2,4
Folr1_E80_2-ATCGTCCGTTATAGAG-2,3
Folr1_E80_2-ATTCCATTCACGACTA-2,4
Folr1_E80_2-GGGAAGTGTAACCCGC-2,not_majority
Folr1_E80_2-GGGAGTACATTGAGGG-2,4
Folr1_E80_2-TAGGTTGCATGGTACT-2,4
Folr1_E80_2-GTCTCACTCGCCGATG-2,3
Folr1_E80_2-TCACACCCAGAGAATT-2,3
Folr1_E80_2-CTATCTATCAAGAGGC-2,3
Folr1_E80_2-CTCCTTTCAATTGGTC-2,3
Folr1_E80_2-AACAAAGGTGCCTGCA-2,4
Folr1_E80_2-AACAAAGTCAGGTAAA-2,3
Folr1_E80_2-AAACGAACACCTTCCA-2,4
Folr1_E80_2-CAGTTCCCATTGCTTT-2,4
Folr1_E80_2-TGAATGCCAGAGTAAT-2,1
Folr1_E80_2-TTTACGTAGGTCTACT-2,3
Folr1_E80_2-ACGTAGTCACCTTCCA-2,4
Folr1_E80_2-ATAGGCTGTCGGTGAA-2,1
Folr1_E80_2-CCACTTGTCTACGCAA-2,4
Folr1_E80_2-TTCCGTGAGAGTCAGC-2,4
Folr1_E80_2-TGACGCGGTACAAACA-2,2
Folr1_E80_2-GGTGTCGAGGACTGGT-2,3
Folr1_E80_2-AGAAGTACACTACCCT-2,4
Folr1_E80_2-AGGATCTCATGCCATA-2,4
Folr1_E80_2-ACCACAACAACCGTAT-2,4
Folr1_E80_2-CTCACTGAGTATGAGT-2,not_majority
Folr1_E80_2-GACCAATAGATCGCTT-2,3
Folr1_E80_2-TGACAGTTCTCGGGAC-2,3
Folr1_E80_2-AGCGATTGTCTTGCTC-2,2
Folr1_E80_2-CGAGGCTCAAATCGTC-2,4
Folr1_E80_2-GGGATGAAGTTAGAAC-2,3
Folr1_E80_2-CAATTTCAGCTGAGTG-2,3
Folr1_E80_2-TTTGACTTCCGAGCTG-2,4
Folr1_E80_2-GCAACATGTCCACTCT-2,1
Folr1_E80_2-GTGTAACCACGTGAGA-2,3
Folr1_E80_2-AGTTCCCGTAGCTTGT-2,4
Folr1_E80_2-AGTCATGCAGGACTAG-2,not_majority
Folr1_E80_2-GAAATGATCCGTGTGG-2,4
Folr1_E80_2-ACATTTCAGCGCCTTG-2,2
Folr1_E80_2-ACCAAACGTATTTCCT-2,4
Folr1_E80_2-CCCTGATAGGGAACAA-2,4
Folr1_E80_2-GGGTAGAGTGGTCAAG-2,4
Folr1_E80_2-TAACTTCGTCGTTCAA-2,3
Folr1_E80_2-TTGATGGGTTGCATCA-2,4
Folr1_E80_2-CGGGTCAGTGGCTGAA-2,4
Folr1_E80_2-TGAACGTAGCTGAAAT-2,3
Folr1_E80_2-CCCTCTCGTAGAGTTA-2,2
Folr1_E80_2-GCTACCTCACATTACG-2,1
Folr1_E80_2-GAGGCAAGTCAAGGCA-2,2
Folr1_E80_2-CAAGCTACAGGACAGT-2,2
Folr1_E80_2-TTCAGGATCGACGATT-2,4
Folr1_E80_2-ACCTGTCCATAGAGGC-2,3
Folr1_E80_2-CCGGACAGTTGTGCCG-2,4
Folr1_E80_2-CATGCCTTCAGAGTGG-2,1
Folr1_E80_2-TTGACCCGTCGGCCTA-2,1
Folr1_E80_2-GAGAGGTTCGTTCAGA-2,2
Folr1_E80_2-TCTACATCACCCTGTT-2,4
Folr1_E80_2-TTACAGGAGATGATTG-2,3
Folr1_E80_2-TAGCACACAACAGCCC-2,not_majority
Folr1_E80_2-AGAAGTAAGCCTGGAA-2,4
Folr1_E80_2-TAGGGTTTCAACTACG-2,2
Folr1_E80_2-AACAAAGAGACTCATC-2,4
Folr1_E80_2-CTACTATTCTCTATAC-2,4
Folr1_E80_2-TTACCATGTGCAACGA-2,3
Folr1_E80_2-AGGACTTTCGCGTTTC-2,1
Folr1_E80_2-CCTCTCCGTCCTTTGC-2,3
Folr1_E80_2-GACCGTGCATCGTCCT-2,3
Folr1_E80_2-CTCAAGAAGTTGAATG-2,2
Folr1_E80_2-ATGCGATAGGGCTAAC-2,4
Folr1_E80_2-CTGTCGTCATCACGGC-2,2
Folr1_E80_2-TAGTGCAAGCCTGTCG-2,3
Folr1_E80_2-ATTCCATGTCGCTTAA-2,4
Folr1_E80_2-CACGTGGGTCGCTTAA-2,3
Folr1_E80_2-TCGTCCATCAGTCCGG-2,2
Folr1_E80_2-CCCTCTCGTCTGGTTA-2,2
Folr1_E80_2-GGTAATCGTGATACAA-2,3
Folr1_E80_2-AAGCGAGGTAGACTGG-2,4
Folr1_E80_2-CACAACAAGAGAGAAC-2,4
Folr1_E80_2-GTTCCGTTCCATCACC-2,3
Folr1_E80_2-CGAGTTATCCGTACGG-2,3
Folr1_E80_2-CACGAATAGGGTGGGA-2,3
Folr1_E80_2-AACAAGAGTGCGACAA-2,3
Folr1_E80_2-TGGTGATCACCGTCTT-2,3
Folr1_E80_2-CCATCACTCCAGCAAT-2,3
Folr1_E80_2-GCACTAAGTCCATAGT-2,3
Folr1_E80_2-TTCCGGTTCACCATGA-2,3
Folr1_E80_2-CTTACCGTCAGAACCT-2,4
Folr1_E80_2-TGTGATGGTACGCGTC-2,2
Folr1_E80_2-CTCAGGGTCGTAGTGT-2,3
Folr1_E80_2-AAGCGTTTCGGCTGTG-2,1
Folr1_E80_2-TCCCATGTCATTTCGT-2,2
Folr1_E80_2-GTAAGTCAGACAGCGT-2,1
Folr1_E80_2-CAGCAGCGTTGGGTTT-2,4
Folr1_E80_2-GCCGATGCACGACCTG-2,3
Folr1_E80_2-GGGACAAAGTCACGAG-2,2
Folr1_E80_2-AATAGAGCATTAAGCC-2,4
Folr1_E80_2-CGTCCATAGCTGTACT-2,not_majority
Folr1_E80_2-TTTGACTGTACGACTT-2,4
Folr1_E80_2-AAGAACAAGGAAGTGA-2,3
Folr1_E80_2-GCCAACGGTAGATCGG-2,1
Folr1_E80_2-TTCCTTCCAACTGCTA-2,4
Folr1_E80_2-CAAGACTGTCGAGTGA-2,2
Folr1_E80_2-TCATGCCTCTGTCCCA-2,3
Folr1_E80_2-AATGCCAAGTGTAGTA-2,4
Folr1_E80_2-GATCGTACACGTATAC-2,4
Folr1_E80_2-GACACGCTCAAATGCC-2,2
Folr1_E80_2-CACTTCGCACAGCTTA-2,1
Folr1_E80_2-CAAGACTTCCCTTGGT-2,2
Folr1_E80_2-CCACAAAAGATGACCG-2,3
Folr1_E80_2-ACTACGAAGGTGCTGA-2,1
Folr1_E80_2-GGGCGTTAGAGTGAAG-2,3
Folr1_E80_2-CTCAATTAGCACGGAT-2,1
Folr1_E80_2-TTTCGATCACCATTCC-2,4
Folr1_E80_2-TGCAGGCCAGATACCT-2,2
Folr1_E80_2-TCTGTCGAGTGGCCTC-2,4
Folr1_E80_2-TGGTAGTAGGACTAAT-2,4
Folr1_E80_2-TCACACCGTGATAGAT-2,1
Folr1_E80_2-CAAGGGAGTGCCGTAC-2,4
Folr1_E80_2-CTGTATTGTGCACATT-2,4
Folr1_E80_2-ATCGTGAAGCATTTGC-2,3
Folr1_E80_2-TCATGCCGTAACAGGC-2,2
Folr1_E80_2-CGCATGGAGCTCCACG-2,3
Folr1_E80_2-GCTACCTAGATGAACT-2,4
Folr1_E80_2-CAGCGTGCACGTAGAG-2,1
Folr1_E80_2-TTTATGCAGGCTATCT-2,3
Folr1_E80_2-GGCTTTCGTACAAACA-2,3
Folr1_E80_2-GACATCAAGCTATCTG-2,4
Folr1_E80_2-CATACAGAGTCATCCA-2,4
Folr1_E80_2-GTGCGTGGTCGTAATC-2,3
Folr1_E80_2-TGAATGCCATATGAAG-2,3
Folr1_E80_2-AACAACCAGGAAGTAG-2,1
Folr1_E80_2-TACCGAAGTAGCTTGT-2,3
Folr1_E80_2-CAAGGGAAGTGTCATC-2,2
Folr1_E80_2-GTGTGATCAACGCATT-2,3
Folr1_E80_2-GTTACAGGTCAGCTTA-2,4
Folr1_E80_2-TGGGATTGTGAGAGGG-2,4
Folr1_E80_2-TTTATGCTCCATATGG-2,2
Folr1_E80_2-GGTTGTATCTTGGTGA-2,3
Folr1_E80_2-TTCTAACTCGCACGAC-2,3
Folr1_E80_2-TTTCGATCAGCATCTA-2,4
Folr1_E80_2-GTGTCCTCAGGAATCG-2,not_majority
Folr1_E80_2-ACTTTCACAACTTGCA-2,3
Folr1_E80_2-TCTGCCACAGCTAACT-2,4
Folr1_E80_2-ACTCCCAGTCCATACA-2,3
Folr1_E80_2-TGCGATAAGCCACCGT-2,3
Folr1_E80_2-TTTCAGTGTCAAGCGA-2,1
Folr1_E80_2-GCGGATCCATAGAGGC-2,1
Folr1_E80_2-GACTTCCGTCAAATCC-2,4
Folr1_E80_2-CTGTATTGTCAACCTA-2,1
Folr1_E80_2-CATTGTTAGACCACGA-2,4
Folr1_E80_2-CTGCCTATCAAGTGTC-2,3
Folr1_E80_2-ACATTTCGTATGCGGA-2,3
Folr1_E80_2-AATGAAGAGATGTTCC-2,2
Folr1_E80_2-CGTAGTAGTTCCACGG-2,1
Folr1_E80_2-CAAAGAATCCGCGAGT-2,4
Folr1_E80_2-ACGATGTTCAGGACGA-2,1
Folr1_E80_2-AGTCATGCAGGTTACT-2,4
Folr1_E80_2-ACAGCCGCAGGTTCGC-2,2
Folr1_E80_2-GTGAGCCCACAGTCAT-2,3
Folr1_E80_2-CACCGTTGTTTCCAAG-2,4
Folr1_E80_2-CTGAGCGCAGATTAAG-2,3
Folr1_E80_2-TCATCCGCACTCCCTA-2,4
Folr1_E80_2-AGACTCATCGTTGTGA-2,4
Folr1_E80_2-TTGTTTGCACGGTAGA-2,3
Folr1_E80_2-TTTGACTGTGACCGAA-2,3
Folr1_E80_2-CTGGACGAGAAGAACG-2,3
Folr1_E80_2-TAGTGCAGTATGTGTC-2,1
Folr1_E80_2-ATAGACCAGAGGTATT-2,3
Folr1_E80_2-CGAAGTTTCCAAACCA-2,3
Folr1_E80_2-CCTAAGAAGCTCCACG-2,1
Folr1_E80_2-TCAAGTGGTTACAGCT-2,2
Folr1_E80_2-AAGTGAAAGTTCGGTT-2,2
Folr1_E80_2-CTACTATTCCGTCAAA-2,3
Folr1_E80_2-TAATCTCTCTGGCCTT-2,3
Folr1_E80_2-AAATGGACAGAATGTA-2,3
Folr1_E80_2-GCTTGGGTCGAGATAA-2,3
Folr1_E80_2-ACGTAGTTCAAGAGTA-2,4
Folr1_E80_2-GTTATGGAGGTGCGAT-2,4
Folr1_E80_2-AACGTCAAGACCACGA-2,2
Folr1_E80_2-CCTCTAGAGCAGGTCA-2,1
Folr1_E80_2-GGGTTATGTCATAGTC-2,1
Folr1_E80_2-TGGTTAGTCCTGATAG-2,3
Folr1_E80_2-ACTTAGGGTTCGTTCC-2,3
Folr1_E80_2-TTCGCTGGTATCGTGT-2,1
Folr1_E80_2-ACCTGTCCAGGCCCTA-2,2
Folr1_E80_2-CTGGACGCAATGCAAA-2,3
Folr1_E80_2-AGTGCCGGTATGCGTT-2,2
Folr1_E80_2-CATGGATGTGGCACTC-2,1
Folr1_E80_2-TCTCTGGGTTCCCACT-2,1
Folr1_E80_2-GCTTCACTCCGACATA-2,1
Folr1_E80_2-TGCGGGTCATGGAAGC-2,4
Folr1_E80_2-ACACTGACATCCTAAG-2,4
Folr1_E80_2-TTAGGGTCATCGGAAG-2,4
Folr1_E80_2-AGGTTGTCATCGTCCT-2,4
Folr1_E80_2-GCTACAACACAAATAG-2,1
Folr1_E80_2-TAGGTTGAGACGCCCT-2,4
Folr1_E80_2-CAGTTCCGTGCAACAG-2,2
Folr1_E80_2-AAACCCAAGAACTGAT-2,3
Folr1_E80_2-ATGTCTTGTACTGTTG-2,0
Folr1_E80_2-AGGACGATCCTTCTTC-2,3
Folr1_E80_2-GTTCATTTCTCTCGAC-2,2
Folr1_E80_2-CTCTGGTGTAACGCGA-2,4
Folr1_E80_2-GCAGCCAAGCAGCCTC-2,3
Folr1_E80_2-AACCAACAGGATATGT-2,4
Folr1_E80_2-TACCGAAGTCTCAAGT-2,3
Folr1_E80_2-CTACAGATCGCTATTT-2,4
Folr1_E80_2-TCAGCCTCAATAAGGT-2,3
Folr1_E80_2-TAACTTCAGAGCAGCT-2,not_majority
Folr1_E80_2-CGTAAGTCAGGAATAT-2,2
Folr1_E80_2-TCATTGTGTTGTCCCT-2,2
Folr1_E80_2-ATCCATTAGTCATGAA-2,3
Folr1_E80_2-TTTACCAAGCCTCATA-2,4
Folr1_E80_2-AGGGCCTCATCCGTTC-2,3
Folr1_E80_2-TTCTTGAGTAGCCAGA-2,2
Folr1_E80_2-CGATGCGTCCAACCAA-2,4
Folr1_E80_2-CCAATGATCCAAAGGG-2,2
Folr1_E80_2-ACTCTCGTCCGTGGGT-2,1
Folr1_E80_2-CTACGGGCAACAACAA-2,2
Folr1_E80_2-TATCTTGCAAGAATGT-2,1
Folr1_E80_2-GGAGATGCATTCGATG-2,4
Folr1_E80_2-AACCTGACAATTCGTG-2,3
Folr1_E80_2-GGAAGTGTCCTCAGAA-2,2
Folr1_E80_2-TACCGGGAGTGCCGAA-2,3
Folr1_E80_2-CATACCCAGGAACGAA-2,3
Folr1_E80_2-CGAAGTTCAAGGCGTA-2,3
Folr1_E80_2-GGGAGTATCTATGTGG-2,1
Folr1_E80_2-CATCGCTCAGGACAGT-2,4
Folr1_E80_2-GAGGCAATCGCCTTTG-2,4
Folr1_E80_2-GAAGGGTTCCGCACTT-2,1
Folr1_E80_2-CAACGGCGTAGGCAGT-2,2
Folr1_E80_2-CAACAGTAGTTCATCG-2,3
Folr1_E80_2-TTGCCTGAGAGGATGA-2,3
Folr1_E80_2-AGGTCTATCTACACAG-2,1
Folr1_E80_2-TTCAGGATCCGAAGGA-2,2
Folr1_E80_2-ATGTCCCGTATCGCGC-2,1
Folr1_E80_2-GGGAGTATCACCACAA-2,4
Folr1_E80_2-GGCACGTAGCGAGGAG-2,3
Folr1_E80_2-CTGAATGAGCGGGTTA-2,3
Folr1_E80_2-TGTAACGAGCGTATAA-2,2
Folr1_E80_2-CTATAGGGTGTACATC-2,3
Folr1_E80_2-TGATTCTAGAGTGTGC-2,4
Folr1_E80_2-TGCTGAATCGCTGACG-2,4
Folr1_E80_2-ATTATCCCACACGGAA-2,3
Folr1_E80_2-AATGGCTGTGTTCAGT-2,3
Folr1_E80_2-TTCTGTAAGAAGGATG-2,1
Folr1_E80_2-TTCTCTCGTGCGAACA-2,2
Folr1_E80_2-CAACAGTAGAAAGTCT-2,3
Folr1_E80_2-AAACGCTTCGCCACTT-2,4
Folr1_E80_2-CATTCATCATCTGTTT-2,3
Folr1_E80_2-AAGCGAGGTATCCCAA-2,3
Folr1_E80_2-CTGAATGGTATGCGTT-2,4
Folr1_E80_2-AGCTCAACACTTCAAG-2,4
Folr1_E80_2-CGGACACCAGGACTAG-2,3
Folr1_E80_2-AGGGAGTAGTGTGTTC-2,3
Folr1_E80_2-ACGATGTTCGGTAACT-2,not_majority
Folr1_E80_2-TACGGGCGTATGGGAC-2,2
Folr1_E80_2-GATTTCTAGCCTCTTC-2,1
Folr1_E80_2-GAGACCCCAGACCGCT-2,1
Folr1_E80_2-GCGAGAAGTCGGTACC-2,1
Folr1_E80_2-GTCTCACGTAGCTTGT-2,3
Folr1_E80_2-GTAAGTCGTACGGTTT-2,4
Folr1_E80_2-AGAAATGTCTGGTCAA-2,3
Folr1_E80_2-CTTGATTCAGAGGGTT-2,3
Folr1_E80_2-CTCATGCGTAGCGTAG-2,4
Folr1_E80_2-GTTGCTCGTTACGCCG-2,4
Folr1_E80_2-CCTTTGGGTTTCGTGA-2,2
Folr1_E80_2-CCTGTTGAGTGAGGTC-2,4
Folr1_E80_2-AACAGGGCAGTAACCT-2,1
Folr1_E80_2-ACCTGTCTCTTTCCGG-2,2
Folr1_E80_2-CGTCCATAGACGACTG-2,3
Folr1_E80_2-AGCGCTGTCCTACGGG-2,3
Folr1_E80_2-TGCGGCATCCATCTCG-2,3
Folr1_E80_2-CTACATTGTTGTACGT-2,4
Folr1_E80_2-CCTTTGGAGAGAAGGT-2,4
Folr1_E80_2-AACCTTTTCGCAGTGC-2,4
Folr1_E80_2-TGTTACTGTACCGGCT-2,4
Folr1_E80_2-GATGAGGTCCGGACTG-2,3
Folr1_E80_2-GTCTGTCAGCGTTCAT-2,4
Folr1_E80_2-TCAGGTATCAGCGGAA-2,4
Folr1_E80_2-TGGGAAGGTTTACGAC-2,4
Folr1_E80_2-GGGCTACTCCGTGTGG-2,1
Folr1_E80_2-TTTACTGAGGACTAAT-2,3
Folr1_E80_2-TCCTCTTAGGCTTCCG-2,4
Folr1_E80_2-GTCTGTCAGGTCATTC-2,4
Folr1_E80_2-CTCCAACGTTATGGTC-2,3
Folr1_E80_2-TTTGATCCAAAGCAAT-2,1
Folr1_E80_2-AAGGTAAGTTGTGCCG-2,2
Folr1_E80_2-CATCGTCTCGCCTAGG-2,1
Folr1_E80_2-GGTTCTCCAAGAAATC-2,4
Folr1_E80_2-GATAGAAGTATTTCCT-2,3
Folr1_E80_2-TTGGGATGTTCCGCAG-2,4
Folr1_E80_2-AGAAATGAGTTGTCGT-2,4
Folr1_E80_2-CTGTATTTCGAATCCA-2,1
Folr1_E80_2-CAAAGAAGTCCACATA-2,4
Folr1_E80_2-TCCTCCCCAACACACT-2,3
Folr1_E80_2-TATCTGTAGTAAGAGG-2,2
Folr1_E80_2-GTCTACCCACAGTATC-2,2
Folr1_E80_2-ACGTTCCTCAGAGCAG-2,2
Folr1_E80_2-AGCGTATAGGTGCCAA-2,2
Folr1_E80_2-CTAAGTGCAGTCTCTC-2,2
Folr1_E80_2-TTCACGCGTGTCTAAC-2,2
Folr1_E80_2-CCGGTAGGTAACTAAG-2,4
Folr1_E80_2-GTCAGCGCAAGTGCTT-2,1
Folr1_E80_2-TGGATGTAGTCATAGA-2,4
Folr1_E80_2-ACTACGAGTGTAGGAC-2,4
Folr1_E80_2-GAAGTAACATCAGTCA-2,4
Folr1_E80_2-TACGCTCCAATGTCAC-2,4
Folr1_E80_2-CGCAGGTTCAGTGGGA-2,not_majority
Folr1_E80_2-GATTCTTAGTCGAATA-2,4
Folr1_E80_2-CTGTATTCAACAGATA-2,not_majority
Folr1_E80_2-CATCAAGTCAGCTTCC-2,3
Folr1_E80_2-TGATCAGCACGCTGTG-2,4
Folr1_E80_2-ATCCCTGGTCCACTCT-2,4
Folr1_E80_2-CGGAACCTCGCAATTG-2,1
Folr1_E80_2-CCTACGTCAGCACAGA-2,1
Folr1_E80_2-CTACAGAAGCTCGAAG-2,3
Folr1_E80_2-GGGTTTAAGTCGCTAT-2,4
Folr1_E80_2-GTAGAAAAGTGGAATT-2,2
Folr1_E80_2-CATGGTATCCCTGGTT-2,3
Folr1_E80_2-TTAGGGTCAGGGTCTC-2,4
Folr1_E80_2-CATCGGGAGGTAAGGA-2,2
Folr1_E80_2-CAGCCAGTCGCACGGT-2,1
Folr1_E80_2-TGTACAGCAAGTGGTG-2,not_majority
Folr1_E80_2-GCAGTTACACCATATG-2,4
Folr1_E80_2-TACAGGTCAAGGTCAG-2,1
Folr1_E80_2-TACCCACCAGCGAGTA-2,2
Folr1_E80_2-TGAGTCAAGCTTCGTA-2,3
Folr1_E80_2-GCATTAGTCCGATAAC-2,4
Folr1_E80_2-ATAGACCTCAAGCTGT-2,4
Folr1_E80_2-GGCTGTGAGGTACTGG-2,3
Folr1_E80_2-TTGCTGCGTCGCAACC-2,2
Folr1_E80_2-TATTGGGAGCGTGTTT-2,2
Folr1_E80_2-CGAGTTACAAATGAGT-2,2
Folr1_E80_2-ATCGGCGTCAAGTCGT-2,4
Folr1_E80_2-AGACTCAAGGGTACAC-2,4
Folr1_E80_2-GTCGAATTCGAGATGG-2,3
Folr1_E80_2-GCGTGCACAGTAGAAT-2,3
Folr1_E80_2-ATGGATCTCCGGCAAC-2,4
Folr1_E80_2-CATCGGGGTGTGTGTT-2,1
Folr1_E80_2-GGGTTTATCGCTGCGA-2,3
Folr1_E80_2-TTTCACAAGAAGCGCT-2,1
Folr1_E80_2-ACTATTCCATGACCCG-2,4
Folr1_E80_2-CCACACTTCTTTGCTA-2,4
Folr1_E80_2-TACCCGTAGCTGCCTG-2,1
Folr1_E80_2-GGGTCACCAAGACAAT-2,4
Folr1_E80_2-TCACGGGCAGGCATGA-2,3
Folr1_E80_2-CTTCTAATCAGCTTGA-2,3
Folr1_E80_2-TCTACCGTCTGGAAGG-2,2
Folr1_E80_2-GTGGAAGAGATACATG-2,3
Folr1_E80_2-TAAGCCAGTGGTAATA-2,3
Folr1_E80_2-GTTGCTCAGCTCAGAG-2,2
Folr1_E80_2-TTGAACGGTCCAAATC-2,2
Folr1_E80_2-TTCAATCAGCAACCAG-2,3
Folr1_E80_2-GACGTTACACGACCTG-2,4
Folr1_E80_2-TCTGTCGGTTAAGCAA-2,3
Folr1_E80_2-GCAACCGGTACGAGTG-2,2
Folr1_E80_2-GCTCAAATCTTCCCAG-2,1
Folr1_E80_2-CAGATACCACCAATTG-2,3
Folr1_E80_2-TTGGGTATCGGACTTA-2,1
Folr1_E80_2-GCTTCACCATCTCGTC-2,4
Folr1_E80_2-CGAGGAATCTGCCCTA-2,3
Folr1_E80_2-TTCTAGTCATCGAACT-2,1
Folr1_E80_2-TATACCTAGTAGCATA-2,4
Folr1_E80_2-AACGTCATCGTGTTCC-2,3
Folr1_E80_2-ACCACAAAGTCTGGTT-2,3
Folr1_E80_2-TTCTAACCAAACCACT-2,4
Folr1_E80_2-AGTGATCCAGAACATA-2,3
Folr1_E80_2-TCATGCCTCAATCCGA-2,3
Folr1_E80_2-CAGATCAAGATGTTGA-2,3
Folr1_E80_2-ACATGCAAGACTACCT-2,3
Folr1_E80_2-GCTCAAACAAGAGATT-2,3
Folr1_E80_2-TGAACGTGTGAATTAG-2,4
Folr1_E80_2-CGAGGAATCACTGGGC-2,4
Folr1_E80_2-GTTCCGTCACGGTGAA-2,3
Folr1_E80_2-CCACGTTCATTCAGCA-2,3
Folr1_E80_2-CCTTGTGAGGATACCG-2,not_majority
Folr1_E80_2-CCCTCAAGTGGCAGAT-2,3
Folr1_E80_2-TAGGTACCAAAGGGTC-2,1
Folr1_E80_2-TTCTGTAAGGGTGGGA-2,4
Folr1_E80_2-TACTTACGTGCTCCGA-2,2
Folr1_E80_2-GTAGTACTCCTTTGAT-2,2
Folr1_E80_2-CATCCCATCAAGATAG-2,3
Folr1_E80_2-ATACCGAGTTGTGGAG-2,1
Folr1_E80_2-AGTCACACATCGCTGG-2,4
Folr1_E80_2-TCATTACTCGAGAAGC-2,3
Folr1_E80_2-GCATCGGTCGACGATT-2,4
Folr1_E80_2-ATTGGGTCAGCAGAAC-2,4
Folr1_E80_2-CGTTCTGCACAGAGAC-2,4
Folr1_E80_2-ACCCTTGGTCGAACAG-2,3
Folr1_E80_2-ACCTGTCAGAGTGTGC-2,3
Folr1_E80_2-AAGTACCAGCGCTTCG-2,3
Folr1_E80_2-TCTAACTTCGCCTATC-2,4
Folr1_E80_2-TGATCAGCATCAGCTA-2,3
Folr1_E80_2-AGACAGGAGACGAGCT-2,4
Folr1_E80_2-AATAGAGCAATCACGT-2,3
Folr1_E80_2-TTAGTCTTCGCTAGCG-2,1
Folr1_E80_2-GAATCGTGTCGATTCA-2,4
Folr1_E80_2-TCCGTGTGTGCTCCGA-2,3
Folr1_E80_2-GTTCCGTCATCTCAAG-2,3
Folr1_E80_2-GATTCGAAGACGCAGT-2,1
Folr1_E80_2-ACAAGCTTCAGAGCAG-2,3
Folr1_E80_2-CGTGAATCACAAGGTG-2,4
Folr1_E80_2-ATTTCTGTCAGACAAA-2,4
Folr1_E80_2-ACTTATCAGACGCAGT-2,2
Folr1_E80_2-TCAGCAAAGGAATTAC-2,1
Folr1_E80_2-AATCGTGAGCTGTTAC-2,2
Folr1_E80_2-GATAGAATCCCGGTAG-2,4
Folr1_E80_2-ATTCCTAAGGTAGACC-2,3
Folr1_E80_2-GCACGTGTCGCTAAAC-2,1
Folr1_E80_2-GTGGTTACACTACCGG-2,2
Folr1_E80_2-ATCGTAGAGTATAGAC-2,3
Folr1_E80_2-GTGAGGAGTCGGCCTA-2,1
Folr1_E80_2-GATCGTAAGACTCGAG-2,3
Folr1_E80_2-GTTATGGTCGATGGAG-2,4
Folr1_E80_2-ATACCTTGTGGTTCTA-2,3
Folr1_E80_2-CGCCAGATCCTTATCA-2,3
Folr1_E80_2-CAACGGCGTCTAACGT-2,3
Folr1_E80_2-TTCCAATCAACCGTAT-2,4
Folr1_E80_2-CTCAGTCGTATAATGG-2,4
Folr1_E80_2-AAAGGGCTCTCAGTCC-2,0
Folr1_E80_2-TCATTCAGTTGCTGAT-2,3
Folr1_E80_2-CGATGGCGTCCGTTTC-2,2
Folr1_E80_2-AGGTTGTTCCAAGCTA-2,not_majority
Folr1_E80_2-TTTGACTTCAATGTCG-2,3
Folr1_E80_2-CCATAAGTCCTACCAC-2,1
Folr1_E80_2-TGCATCCGTGGATCAG-2,3
Folr1_E80_2-TTGGGTATCATGACAC-2,2
Folr1_E80_2-TTTCGATAGTATGAAC-2,4
Folr1_E80_2-CCGGTAGTCGCATGAT-2,1
Folr1_E80_2-CTGCAGGTCTGCTTAT-2,1
Folr1_E80_2-GGACGTCTCGTGGCGT-2,2
Folr1_E80_2-GGGTAGATCGCCTCTA-2,1
Folr1_E80_2-CCTCTAGCAATGCAGG-2,3
Folr1_E80_2-TGCAGGCCAGGGAATC-2,1
Folr1_E80_2-ATCGGCGGTACGAGTG-2,4
Folr1_E80_2-TCGGATAGTCATACCA-2,3
Folr1_E80_2-TATTGGGAGGAACGAA-2,3
Folr1_E80_2-ACTTTGTGTTAATCGC-2,1
Folr1_E80_2-TAAGCGTCATGTGACT-2,4
Folr1_E80_2-GTAATGCAGGGATCAC-2,3
Folr1_E80_2-TAGGAGGGTTCTCCTG-2,3
Folr1_E80_2-TAGGTTGCATACTGTG-2,3
Folr1_E80_2-TACGTCCAGCAACTCT-2,3
Folr1_E80_2-TCTGGCTAGAAACCCG-2,3
Folr1_E80_2-CTAACCCTCGTAGTGT-2,4
Folr1_E80_2-AACAGGGAGGAAAGGT-2,3
Folr1_E80_2-TAGGGTTCACCTGCTT-2,3
Folr1_E80_2-CATGCGGAGCTGGAGT-2,3
Folr1_E80_2-GGGTCACCAGAGGACT-2,1
Folr1_E80_2-TTCCTCTGTATGTCTG-2,1
Folr1_E80_2-CATCCGTCACTTGGGC-2,1
Folr1_E80_2-AGCGATTCACCTGCTT-2,4
Folr1_E80_2-ATTCATCGTGGACCAA-2,4
Folr1_E80_2-TTGAACGAGCCTCAGC-2,4
Folr1_E80_2-AGGAGGTAGGGAGGCA-2,1
Folr1_E80_2-GAGTTACGTCGATTAC-2,3
Folr1_E80_2-GGGTATTGTCGAATGG-2,3
Folr1_E80_2-ATCCCTGGTATTTCCT-2,3
Folr1_E80_2-TGAGGGACAGGCTTGC-2,3
Folr1_E80_2-TCAGTCCCAACGTAAA-2,3
Folr1_E80_2-GTGTTCCAGATACAGT-2,2
Folr1_E80_2-TGAACGTCACCTGTCT-2,2
Folr1_E80_2-GTTGAACTCGTCACCT-2,3
Folr1_E80_2-ATCACAGCAGTAGAGC-2,2
Folr1_E80_2-CGCGTGAGTATCGATC-2,1
Folr1_E80_2-GGGCTCACAAGTGGCA-2,1
Folr1_E80_2-AGCGATTTCGAGAATA-2,3
Folr1_E80_2-GGGCCATTCAAAGGAT-2,0
Folr1_E80_2-GTAATGCCAGAGGACT-2,3
Folr1_E80_2-TCTTGCGGTCGTGATT-2,4
Folr1_E80_2-GTCACTCTCCATTTAC-2,3
Folr1_E80_2-CAGGTATGTGGCTAGA-2,4
Folr1_E80_2-CACCAAAGTTAGGAGC-2,1
Folr1_E80_2-CATTTCAGTTCGGGTC-2,4
Folr1_E80_2-CGCAGGTAGGCTCCCA-2,1
Folr1_E80_2-TTTGACTCATGTCTAG-2,3
Folr1_E80_2-AGGTGTTAGCATTGAA-2,4
Folr1_E80_2-TGTTCATAGCCGTTAT-2,3
Folr1_E80_2-GAGCCTGCAAGTGGTG-2,2
Folr1_E80_2-CCGGGTAAGTAGGCCA-2,4
Folr1_E80_2-TTCCTCTTCAGGAAGC-2,3
Folr1_E80_2-GTCATTTGTCAACACT-2,4
Folr1_E80_2-CTCCGATGTCGAGTTT-2,1
Folr1_E80_2-TACTTCAAGCCTTTCC-2,1
Folr1_E80_2-GTCATGACAACATCGT-2,3
Folr1_E80_2-GCTTGGGGTGTCCATA-2,2
Folr1_E80_2-TCCACCAAGCACGTCC-2,3
Folr1_E80_2-TCAATCTGTACGATCT-2,1
Folr1_E80_2-TGTTACTGTCACGTGC-2,4
Folr1_E80_2-AGTGATCAGGCTCTAT-2,1
Folr1_E80_2-AGTCATGAGCTCCCTT-2,1
Folr1_E80_2-TGACTCCTCTCTATGT-2,3
Folr1_E80_2-TGATTTCCATCTCCCA-2,4
Folr1_E80_2-TGGTAGTGTTAGAAGT-2,3
Folr1_E80_2-TATATCCAGCGTTCCG-2,4
Folr1_E80_2-TACGGGCGTGCGACAA-2,3
Folr1_E80_2-TCCCAGTGTCTAGGTT-2,3
Folr1_E80_2-CTCAATTCATCGGTTA-2,2
Folr1_E80_2-CAGGGCTGTCCGGTCA-2,3
Folr1_E80_2-ATGTCTTGTGCAATAA-2,2
Folr1_E80_2-GTCGCGACATCGAAGG-2,3
Folr1_E80_2-CTGTACCAGCTCGGCT-2,1
Folr1_E80_2-ATCACAGGTGGAAATT-2,4
Folr1_E80_2-AGGCTGCGTAGCGAGT-2,1
Folr1_E80_2-AGTACCAAGTCACGAG-2,4
Folr1_E80_2-ACGGGTCTCTCCACTG-2,3
Folr1_E80_2-TCGATTTTCACGATAC-2,4
Folr1_E80_2-TGAGGTTCATCGGATT-2,4
Folr1_E80_2-GAAGTAAGTTCTTGTT-2,3
Folr1_E80_2-CGGCAGTCATGGCACC-2,2
Folr1_E80_2-GCCAGTGAGCTGACCC-2,3
Folr1_E80_2-TGTCCACGTCGTTGCG-2,1
Folr1_E80_2-ATGGGTTAGCTGACTT-2,2
Folr1_E80_2-ATGTCTTGTATGGAAT-2,3
Folr1_E80_2-GTCCTCACACTCGATA-2,3
Folr1_E80_2-CCTCCTCGTACCCAGC-2,3
Folr1_E80_2-CGAGGCTAGCGACTTT-2,2
Folr1_E80_2-TGCAGATGTGGATCAG-2,0
Folr1_E80_2-AGATAGACACCCAAGC-2,3
Folr1_E80_2-CTCATCGGTGGCCTCA-2,2
Folr1_E80_2-TGGTACAGTAGAGATT-2,not_majority
Folr1_E80_2-AAAGGGCAGTATAACG-2,3
Folr1_E80_2-CCTAAGATCAGTGATC-2,4
Folr1_E80_2-GTGAGCCGTGTCCACG-2,3
Folr1_E80_2-TCCTCGAGTGCGGATA-2,1
Folr1_E80_2-TCATGCCCATACAGGG-2,3
Folr1_E80_2-TGGGAAGGTTAATCGC-2,2
Folr1_E80_2-CCCTCAAGTATCACCA-2,4
Folr1_E80_2-AGTCAACTCTGCTCTG-2,3
Folr1_E80_2-TGCTTCGAGTAGGGTC-2,2
Folr1_E80_2-AATGGAATCTCTGACC-2,4
Folr1_E80_2-CATTCTAAGCGTCAGA-2,1
Folr1_E80_2-CGGGTGTAGTTGGCGA-2,1
Folr1_E80_2-AGTGCCGCACAGTCGC-2,3
Folr1_E80_2-TTGTTCAAGTCTAGCT-2,4
Folr1_E80_2-TATCAGGCAATGTGGG-2,3
Folr1_E80_2-AATCGTGAGCAAATGT-2,3
Folr1_E80_2-TGCTGAATCTGGGCAC-2,3
Folr1_E80_2-ACTTCGCTCTACGCAA-2,1
Folr1_E80_2-GGGTCACCACAGGATG-2,3
Folr1_E80_2-TACGGTACAACAAGTA-2,1
Folr1_E80_2-GGTCTGGTCGTGGCTG-2,4
Folr1_E80_2-GCACATAAGGACGCTA-2,1
Folr1_E80_2-GACCCTTCAAATAAGC-2,4
Folr1_E80_2-TCCGATCAGCTTTCTT-2,not_majority
Folr1_E80_2-CTACATTGTTCAAAGA-2,3
Folr1_E80_2-AAGTCGTAGTGATCGG-2,3
Folr1_E80_2-TCCTTCTGTGGATCAG-2,3
Folr1_E80_2-AGCATCAGTTGGAGAC-2,3
Folr1_E80_2-GATAGAAGTGCCTAAT-2,1
Folr1_E80_2-CGGGTGTGTAGAATAC-2,3
Folr1_E80_2-GAGATGGGTCATTCCC-2,4
Folr1_E80_2-CCGTTCACAGGTTCGC-2,4
Folr1_E80_2-CTAACCCGTGGTCTCG-2,3
Folr1_E80_2-TCGCTTGGTAGGACCA-2,3
Folr1_E80_2-TCCTCTTTCATGCATG-2,3
Folr1_E80_2-GAACACTGTTGAAGTA-2,3
Folr1_E80_2-GAACGTTTCGCGTGAC-2,1
Folr1_E80_2-GTTAGTGCAGAATCGG-2,4
Folr1_E80_2-CTCAGGGCAAGAGAGA-2,3
Folr1_E80_2-CCCATTGAGCTGACTT-2,3
Folr1_E80_2-CGTCCATCAGCGTTTA-2,4
Folr1_E80_2-CTTCAATGTACCCAGC-2,1
Folr1_E80_2-CTCATGCGTGTGTGGA-2,2
Folr1_E80_2-GTTATGGCACTCCGAG-2,1
Folr1_E80_2-ATCGGATAGTGCCCGT-2,4
Folr1_E80_2-CATCGCTCAATCGTCA-2,3
Folr1_E80_2-CATGCGGGTAGGCAAC-2,4
Folr1_E80_2-ACTATTCAGGATGAGA-2,4
Folr1_E80_2-AAAGGGCAGTGTTGTC-2,not_majority
Folr1_E80_2-TTCCTTCGTTCTGAGT-2,1
Folr1_E80_2-GAGTCATCAGCCGTCA-2,1
Folr1_E80_2-TTGGTTTCAGAGCGTA-2,2
Folr1_E80_2-GAACGTTTCATTGTGG-2,3
Folr1_E80_2-TTCTGTATCATAAGGA-2,4
Folr1_E80_2-TCTATCAGTCTATGAC-2,4
Folr1_E80_2-ATCCTATAGACAGCGT-2,4
Folr1_E80_2-CTCCAACCATGTGGCC-2,4
Folr1_E80_2-GCCCAGATCCTTCAGC-2,4
Folr1_E80_2-CTAAGTGGTAGAGCTG-2,3
Folr1_E80_2-TCGTGGGGTACAAGCG-2,3
Folr1_E80_2-AGAGAGCGTTCGATTG-2,3
Folr1_E80_2-AGTTAGCTCTAGATCG-2,3
Folr1_E80_2-TCATGCCCAGACGGAT-2,3
Folr1_E80_2-TGATGCAGTGGGTTGA-2,3
Folr1_E80_2-CCCGGAATCGACATAC-2,4
Folr1_E80_2-GAAATGACAGGTGGAT-2,4
Folr1_E80_2-CACCGTTGTTGCATTG-2,4
Folr1_E80_2-CACGTTCGTCGAGCTC-2,1
Folr1_E80_2-AGCCAATGTTACCGTA-2,1
Folr1_E80_2-CAGGCCAGTGCCCACA-2,3
Folr1_E80_2-CTGCGAGTCGCGTCGA-2,4
Folr1_E80_2-GACTCAAGTATCTCTT-2,3
Folr1_E80_2-TAGACTGGTCCCTGAG-2,1
Folr1_E80_2-GCGATCGGTCAGGTAG-2,3
Folr1_E80_2-GTGTGGCGTACTAACC-2,1
Folr1_E80_2-TTACCATTCCCGAGTG-2,4
Folr1_E80_2-CTACCTGTCGCTCTCA-2,3
Folr1_E80_2-TGCGGCAAGGATCATA-2,4
Folr1_E80_2-TTTACTGGTTAAGCAA-2,3
Folr1_E80_2-CAAGACTTCGCCTCTA-2,1
Folr1_E80_2-CTTCCTTAGAGCTGCA-2,4
Folr1_E80_2-ATCCACCGTGCAGGAT-2,4
Folr1_E80_2-ACAAAGACAGAAACCG-2,1
Folr1_E80_2-CACTGTCGTTTGACAC-2,3
Folr1_E80_2-CCGATCTAGCCAGTAG-2,3
Folr1_E80_2-TACCTGCGTCCGAAGA-2,3
Folr1_E80_2-CAGATCATCGGCTGGT-2,not_majority
Folr1_E80_2-GAGAGGTCACAGTACT-2,4
Folr1_E80_2-GGTAGAGTCGTGTGGC-2,2
Folr1_E80_2-CCTTCAGGTATCGAGG-2,1
Folr1_E80_2-AGTTCGACAGAGTCAG-2,3
Folr1_E80_2-GGGAGATCAATTGGTC-2,3
Folr1_E85_1-CCGTAGGCAGATCATC-1,4
Folr1_E85_1-CCCTCTCGTTACGATC-1,3
Folr1_E85_1-ACATTTCCACGTTGGC-1,4
Folr1_E85_1-GAGTTACCAGAGCCCT-1,3
Folr1_E85_1-ACTATTCAGATCCGAG-1,4
Folr1_E85_1-ATTCCATGTCCGGTCA-1,4
Folr1_E85_1-AACCACATCGAGAATA-1,3
Folr1_E85_1-GTTGTGAAGAGATCGC-1,4
Folr1_E85_1-AGACCCGCACCAGCTG-1,1
Folr1_E85_1-ACCTGTCCATGGAAGC-1,4
Folr1_E85_1-ATTCCTATCTGACAGT-1,4
Folr1_E85_1-GTCATCCTCCGGCAGT-1,3
Folr1_E85_1-TGGATCACAAGATGGC-1,3
Folr1_E85_1-GAGCCTGTCACGATCA-1,4
Folr1_E85_1-CTGTGGGTCCAAAGGG-1,3
Folr1_E85_1-AGGGTTTTCACCGGTG-1,3
Folr1_E85_1-GAGTCTAAGATGAACT-1,3
Folr1_E85_1-TTAGGCACATTGTACG-1,3
Folr1_E85_1-CATGGTACAAATACGA-1,3
Folr1_E85_1-GTTGTGACAATGCAAA-1,4
Folr1_E85_1-CAGATACAGCCTTGAT-1,4
Folr1_E85_1-ACAACCAAGCGTTAGG-1,3
Folr1_E85_1-CCGATGGCAAGCGATG-1,4
Folr1_E85_1-GTTCATTTCCATCCGT-1,4
Folr1_E85_1-TGCAGATTCTACTTCA-1,2
Folr1_E85_1-CTGGACGCATGAATAG-1,3
Folr1_E85_1-ACTGTCCAGTATGGCG-1,4
Folr1_E85_1-CCAAGCGCATACAGAA-1,3
Folr1_E85_1-ACTTCGCAGGAAGTAG-1,4
Folr1_E85_1-TCACGCTGTTCTCACC-1,3
Folr1_E85_1-AACAACCGTGTCGCTG-1,3
Folr1_E85_1-CGCGTGAGTCGCAGTC-1,4
Folr1_E85_1-GATAGCTTCATTTCGT-1,3
Folr1_E85_1-TACGGGCTCCGTGGCA-1,3
Folr1_E85_1-CATCCGTTCTTACTGT-1,3
Folr1_E85_1-AACGTCATCCTAGCCT-1,4
Folr1_E85_1-GTCATTTGTATCGTGT-1,1
Folr1_E85_1-CTCAACCAGCTTCGTA-1,4
Folr1_E85_1-CGGCAGTCAGCATGCC-1,4
Folr1_E85_1-TGGGATTTCCCGAACG-1,3
Folr1_E85_1-GGGTATTGTGGCTTAT-1,4
Folr1_E85_1-ACCTACCTCAAAGAAC-1,4
Folr1_E85_1-TCTGTCGCACAGCCAC-1,4
Folr1_E85_1-ATACCTTGTACATTGC-1,not_majority
Folr1_E85_1-TACTTCAAGTAAGAGG-1,4
Folr1_E85_1-TCACTATAGTTGGGAC-1,2
Folr1_E85_1-GATGCTACAGGTCCCA-1,3
Folr1_E85_1-GACTCAAAGGCACTCC-1,3
Folr1_E85_1-GCATCGGAGTTAGAAC-1,3
Folr1_E85_1-CTCATGCAGGAAAGAC-1,4
Folr1_E85_1-TACTTCAAGCAATTCC-1,3
Folr1_E85_1-CAACGATAGGCTAAAT-1,4
Folr1_E85_1-AGACAGGCATCACGGC-1,3
Folr1_E85_1-GGGTCACCAGCGTGAA-1,not_majority
Folr1_E85_1-AGACACTCACGAGAAC-1,3
Folr1_E85_1-CGGAATTGTGTAAATG-1,3
Folr1_E85_1-ATCGGATCACTAGGTT-1,3
Folr1_E85_1-GGTCACGAGTAAGACT-1,3
Folr1_E85_1-TCCTGCACACGTCATA-1,4
Folr1_E85_1-AAGTCGTAGACTACGG-1,4
Folr1_E85_1-TCCTAATCAGTAACCT-1,4
Folr1_E85_1-TACCCACCACATGACT-1,3
Folr1_E85_1-TACGGTACAGACACCC-1,4
Folr1_E85_1-CGGGACTAGAGCACTG-1,3
Folr1_E85_1-CAACGGCCAAATGGAT-1,3
Folr1_E85_1-TAATTCCTCTAAGCGT-1,1
Folr1_E85_1-CTTCTAACATGTGCTA-1,0
Folr1_E85_1-TCAAGACGTCTTCTAT-1,3
Folr1_E85_1-AAGTTCGTCAGGAACG-1,4
Folr1_E85_1-AAACGAAAGAGCCCAA-1,3
Folr1_E85_1-GGAGGATAGTGCACTT-1,4
Folr1_E85_1-GTAATGCGTACTGCGC-1,3
Folr1_E85_1-ATTACTCAGGTAAACT-1,3
Folr1_E85_1-AGGTTGTCACTGGATT-1,4
Folr1_E85_1-ATTCCTACACTGTGTA-1,4
Folr1_E85_1-AAAGGATCAAGTCGTT-1,1
Folr1_E85_1-CACAACAGTACAGTCT-1,4
Folr1_E85_1-TGACCCTGTAAGATCA-1,3
Folr1_E85_1-TGTCCACGTATTAAGG-1,4
Folr1_E85_1-AAAGTGACATGGCCAC-1,4
Folr1_E85_1-GTGATGTAGAAGAACG-1,2
Folr1_E85_1-AGGGCTCGTATCTCTT-1,2
Folr1_E85_1-TAGATCGCAAGAATAC-1,1
Folr1_E85_1-CATTGCCCAAGACCTT-1,1
Folr1_E85_1-ACCATTTCAAGAATGT-1,3
Folr1_E85_1-TACCTGCTCTAGAACC-1,4
Folr1_E85_1-TTCATTGCACACCTAA-1,4
Folr1_E85_1-ATTGTTCAGCCAAGGT-1,1
Folr1_E85_1-CCTCACAGTGTCCGGT-1,4
Folr1_E85_1-GAGTGAGCAGCTTCCT-1,not_majority
Folr1_E85_1-GAGGGTAAGAAATTGC-1,1
Folr1_E85_1-AACAAAGAGCGTGCCT-1,3
Folr1_E85_1-GCCAGCAGTGGCTTGC-1,3
Folr1_E85_1-ACGATGTTCACTCGAA-1,4
Folr1_E85_1-GTCATCCAGATGCAGC-1,4
Folr1_E85_1-TTCACCGGTTGACTAC-1,4
Folr1_E85_1-CTCAAGAAGAAGCTCG-1,1
Folr1_E85_1-CTCATTAGTGTGGACA-1,4
Folr1_E85_1-GGTTAACGTTAACCTG-1,3
Folr1_E85_1-TATATCCAGGCCCACT-1,1
Folr1_E85_1-TCCACCAAGGTCGTCC-1,4
Folr1_E85_1-GATCCCTAGCGAGGAG-1,4
Folr1_E85_1-AGACTCACATCGAAGG-1,3
Folr1_E85_1-GCCCAGACACATGACT-1,3
Folr1_E85_1-GCCCGAATCACCGACG-1,4
Folr1_E85_1-GCACGGTAGTATGCAA-1,4
Folr1_E85_1-TCCGATCAGAGCCCAA-1,3
Folr1_E85_1-GAGCTGCGTAGCACAG-1,4
Folr1_E85_1-AGCGTATAGGCCATAG-1,4
Folr1_E85_1-ACAGGGATCCTTTGAT-1,0
Folr1_E85_1-TAATCTCTCAGCAGAG-1,1
Folr1_E85_1-TGGTAGTTCTCTTCAA-1,4
Folr1_E85_1-CGGAACCTCGACATTG-1,4
Folr1_E85_1-TCAGCCTGTGGCTTAT-1,4
Folr1_E85_1-ACTCCCACATCCGTTC-1,1
Folr1_E85_1-GTATTGGCACGCTGCA-1,4
Folr1_E85_1-ATCCGTCAGGACAAGA-1,3
Folr1_E85_1-ATGTCCCCAGGACATG-1,1
Folr1_E85_1-AGGTTGTCACACGCCA-1,3
Folr1_E85_1-TAGAGTCCATGTGACT-1,4
Folr1_E85_1-CTATCCGTCCAGGACC-1,3
Folr1_E85_1-TCAGTCCCACCCTAGG-1,4
Folr1_E85_1-GACCAATGTTCTCTCG-1,3
Folr1_E85_1-CTCAGAAAGTGGATTA-1,3
Folr1_E85_1-AATGGCTCACGGTAGA-1,3
Folr1_E85_1-GCCAACGTCATGTCAG-1,not_majority
Folr1_E85_1-AAAGAACTCCATATGG-1,3
Folr1_E85_1-ATTCCATAGTGGTGAC-1,2
Folr1_E85_1-CCGGACATCCGTAGTA-1,3
Folr1_E85_1-AACCTGAAGAGAGGGC-1,3
Folr1_E85_1-CCTCCAATCGGCCAAC-1,4
Folr1_E85_1-CTAGGTAAGACATAAC-1,1
Folr1_E85_1-GCAACATAGATCGCTT-1,4
Folr1_E85_1-CAAGAGGAGAGTAACT-1,4
Folr1_E85_1-TTACAGGGTCTGCATA-1,3
Folr1_E85_1-CGTGAATCACCAATTG-1,3
Folr1_E85_1-CCTCAGTAGCCTAACT-1,1
Folr1_E85_1-TAACACGAGATGAAGG-1,4
Folr1_E85_1-GCAACCGAGAAACTCA-1,1
Folr1_E85_1-CATACCCTCGATACAC-1,not_majority
Folr1_E85_1-TCATACTTCGCTTACC-1,4
Folr1_E85_1-CTATCCGCACCAAAGG-1,3
Folr1_E85_1-GATCATGAGTTGGAAT-1,4
Folr1_E85_1-AACAAAGGTACAAGTA-1,3
Folr1_E85_1-CATGCTCGTCCTGGGT-1,4
Folr1_E85_1-GTGCAGCAGTACTCGT-1,4
Folr1_E85_1-GGTGAAGTCATTGCCC-1,4
Folr1_E85_1-CTTGAGACACACCTTC-1,4
Folr1_E85_1-TGGTAGTTCCTGTAGA-1,1
Folr1_E85_1-GCAACATTCCGTCAAA-1,4
Folr1_E85_1-CCGTAGGTCTCGAGTA-1,1
Folr1_E85_1-TAGAGTCTCGAGTCCG-1,4
Folr1_E85_1-AAAGTCCCACCCTGTT-1,4
Folr1_E85_1-AGATGAACACAAGCCC-1,4
Folr1_E85_1-TACTTGTCATACAGGG-1,4
Folr1_E85_1-GATGATCTCGTAGTGT-1,3
Folr1_E85_1-TAAGCGTAGCGCATCC-1,1
Folr1_E85_1-TCCACGTTCACTTGGA-1,4
Folr1_E85_1-GATGAGGTCACTCCGT-1,1
Folr1_E85_1-AGACAAAGTTTGTTGG-1,3
Folr1_E85_1-TGAATGCCACTTGGGC-1,3
Folr1_E85_1-ATCACAGTCCAGTGTA-1,4
Folr1_E85_1-CCTTGTGCAAAGCACG-1,4
Folr1_E85_1-TTCACGCCAGGCGAAT-1,4
Folr1_E85_1-CCGCAAGGTGGTCTGC-1,3
Folr1_E85_1-CTCCCAAAGGTGCTGA-1,4
Folr1_E85_1-GATGACTGTTTGAACC-1,4
Folr1_E85_1-AGGGCTCGTCGTCTCT-1,4
Folr1_E85_1-CGATGGCTCACTGCTC-1,4
Folr1_E85_1-CGGTCAGAGAGCAAGA-1,not_majority
Folr1_E85_1-CCTCCAATCTATGCCC-1,3
Folr1_E85_1-TAGCACACAGGTATGG-1,4
Folr1_E85_1-GAGTTGTCATGGAGAC-1,1
Folr1_E85_1-TTGCCTGCAATGAACA-1,3
Folr1_E85_1-CTGCTCACATGATGCT-1,4
Folr1_E85_1-ATGACCACACAGTCAT-1,4
Folr1_E85_1-GTGACGCTCACTTGGA-1,3
Folr1_E85_1-TTCAGGATCGCCGAGT-1,4
Folr1_E85_1-TAGGGTTGTATGCGGA-1,4
Folr1_E85_1-ACATCCCCAGCCGGTT-1,3
Folr1_E85_1-TAGCACACACTGAGTT-1,4
Folr1_E85_1-CGACAGCGTTCTCGTC-1,3
Folr1_E85_1-TCATCCGGTGTCATTG-1,4
Folr1_E85_1-CGCCATTAGATGCTAA-1,4
Folr1_E85_1-CTGGCAGCAGATACCT-1,2
Folr1_E85_1-CACGTTCCAATAGTCC-1,3
Folr1_E85_1-TGGAGGAGTTCTAACG-1,3
Folr1_E85_1-TTAGTCTAGTGAGGTC-1,3
Folr1_E85_1-ATACCGAGTCCTCCAT-1,3
Folr1_E85_1-GGTGAAGCAGGATCTT-1,4
Folr1_E85_1-ATCGGCGTCCCTTGGT-1,4
Folr1_E85_1-AAAGTGAGTCAAAGAT-1,4
Folr1_E85_1-AGTCACATCCTCTCTT-1,1
Folr1_E85_1-CCGAACGCAACCGGAA-1,3
Folr1_E85_1-GAGTTGTTCATCACAG-1,4
Folr1_E85_1-CGGGACTTCCTCACGT-1,1
Folr1_E85_1-TTGCATTTCTGGGCCA-1,4
Folr1_E85_1-TAAGCACTCTCTGACC-1,1
Folr1_E85_1-CTTCCTTTCGGTAGAG-1,2
Folr1_E85_1-GGGACTCGTGTTTGCA-1,4
Folr1_E85_1-AGGCTGCAGATTAGAC-1,3
Folr1_E85_1-CCGGACATCCCGAATA-1,4
Folr1_E85_1-ACATTTCGTCTAGTGT-1,3
Folr1_E85_1-GTGCAGCCAGAGTGAC-1,3
Folr1_E85_1-ACTATTCAGTACAGCG-1,1
Folr1_E85_1-TAACTTCGTGGTAACG-1,3
Folr1_E85_1-TCATGAGTCAGGGATG-1,4
Folr1_E85_1-TCCGATCAGGACTAAT-1,4
Folr1_E85_1-ATTTCTGAGCTACGTT-1,4
Folr1_E85_1-TTCCAATGTAAGTTAG-1,1
Folr1_E85_1-GAGTTTGTCCTGTTAT-1,3
Folr1_E85_1-GAACACTCAAATGATG-1,4
Folr1_E85_1-GTGGAGATCGTGGGTC-1,2
Folr1_E85_1-CTGGACGGTTGCCGCA-1,3
Folr1_E85_1-GCCCGAATCGTTATCT-1,4
Folr1_E85_1-GTTACAGTCCAATCCC-1,4
Folr1_E85_1-GGGAGATTCATGGAGG-1,1
Folr1_E85_1-CACAGGCTCCCGTGTT-1,3
Folr1_E85_1-GTTGTCCCATTGAGCT-1,3
Folr1_E85_1-TCACATTCATCTTCGC-1,1
Folr1_E85_1-TAGACTGGTCACTTCC-1,4
Folr1_E85_1-ACACAGTAGCATCAAA-1,1
Folr1_E85_1-CATCCGTCATCCCACT-1,3
Folr1_E85_1-ACAGCCGAGGACAACC-1,3
Folr1_E85_1-TCATGGATCTCTTCAA-1,3
Folr1_E85_1-TTGGTTTTCTACTCAT-1,1
Folr1_E85_1-ACACAGTTCTAATTCC-1,4
Folr1_E85_1-GAGAAATCACCGGTCA-1,1
Folr1_E85_1-CTGCCATCAAGGTCTT-1,4
Folr1_E85_1-GATTCGACAACTCATG-1,3
Folr1_E85_1-GGGCGTTTCCAAATGC-1,4
Folr1_E85_1-TTTACCAAGCACGTCC-1,1
Folr1_E85_1-ATACCTTCATAGCACT-1,4
Folr1_E85_1-AGAGAGCCAAGGTCGA-1,4
Folr1_E85_1-TTAATCCCACTGCACG-1,2
Folr1_E85_1-TCTAACTTCGTTGCCT-1,4
Folr1_E85_1-CTCATGCGTTAAGAAC-1,1
Folr1_E85_1-TACCCGTCAACCGATT-1,4
Folr1_E85_1-ATCCATTTCAATGTCG-1,3
Folr1_E85_1-GTGTGGCAGGCAGGTT-1,4
Folr1_E85_1-CGTAGTAAGAAGTCTA-1,3
Folr1_E85_1-GAGATGGAGACCGTTT-1,4
Folr1_E85_1-CTTTCGGTCACGGGCT-1,3
Folr1_E85_1-GTGATGTGTCATCACA-1,4
Folr1_E85_1-GTCGTAACATCCGTTC-1,4
Folr1_E85_1-GGGTGAACACCTGCTT-1,not_majority
Folr1_E85_1-GGTAGAGTCTTACTGT-1,2
Folr1_E85_1-CGTGATATCACTGCTC-1,0
Folr1_E85_1-AACAACCAGTATGGAT-1,3
Folr1_E85_1-ACCTGAATCGGTATGT-1,4
Folr1_E85_1-TGGCGTGTCAGGTAAA-1,2
Folr1_E85_1-GGGTGAATCTCTCGCA-1,4
Folr1_E85_1-ATTATCCGTGAGCGAT-1,4
Folr1_E85_1-TAACACGGTTGTAAAG-1,4
Folr1_E85_1-TTCCGTGGTGAATGTA-1,4
Folr1_E85_1-TATCTGTCAAGGCTTT-1,4
Folr1_E85_1-GAGGCCTTCGATGCAT-1,1
Folr1_E85_1-GGGACTCAGACGACGT-1,3
Folr1_E85_1-CCGTAGGTCCATATGG-1,1
Folr1_E85_1-CCCTGATTCCAGCACG-1,3
Folr1_E85_1-ATCTCTAAGTCGTCTA-1,3
Folr1_E85_1-CAAGGGAAGAAGTCTA-1,1
Folr1_E85_1-AGGTAGGTCGCTGACG-1,3
Folr1_E85_1-GTCCACTGTGTCCAAT-1,4
Folr1_E85_1-TTCGATTTCTACTGCC-1,1
Folr1_E85_1-GGCGTCATCACGTCCT-1,1
Folr1_E85_1-CTCCATGAGGTACTGG-1,4
Folr1_E85_1-CACATGAGTGTCGATT-1,3
Folr1_E85_1-TTCTTCCCAGGCATGA-1,4
Folr1_E85_1-AGGAGGTTCGCCCAGA-1,1
Folr1_E85_1-AATGACCAGCTCACTA-1,3
Folr1_E85_1-AAGTCGTAGGGAGGGT-1,4
Folr1_E85_1-GCAACATAGTTGCATC-1,2
Folr1_E85_1-ATATCCTTCTCGCTTG-1,3
Folr1_E85_1-ATGGATCAGGAGGCAG-1,3
Folr1_E85_1-CTCAGAATCACTTCTA-1,4
Folr1_E85_1-GTGAGCCAGAGCCCAA-1,3
Folr1_E85_1-TTGACCCGTTCCGCAG-1,4
Folr1_E85_1-GCAGCTGAGGCTCTCG-1,4
Folr1_E85_1-CTCCTTTAGCGCCCAT-1,0
Folr1_E85_1-AACGGGAGTTTACGTG-1,1
Folr1_E85_1-GTTACCCTCGTCGCTT-1,4
Folr1_E85_1-ATTGGGTGTCACCGCA-1,3
Folr1_E85_1-CAACGATCACGTGAGA-1,3
Folr1_E85_1-TGTAACGTCTCCGATC-1,4
Folr1_E85_1-ATTTCTGCAGAGAATT-1,3
Folr1_E85_1-TAACCAGAGGATACGC-1,3
Folr1_E85_1-CATAGACTCCCTTTGG-1,4
Folr1_E85_1-ATGAGGGCAACCCTAA-1,4
Folr1_E85_1-CTCAGAACACAAAGCG-1,4
Folr1_E85_1-CATTCTAAGCCAGAGT-1,3
Folr1_E85_1-GCATCGGAGACTTCGT-1,3
Folr1_E85_1-ATCGTCCTCGGTAACT-1,4
Folr1_E85_1-GTGTTAGTCGTAATGC-1,4
Folr1_E85_1-AGCTACAGTGTGCCTG-1,3
Folr1_E85_1-TTGGTTTTCTAAGCCA-1,4
Folr1_E85_1-ACTATTCCAAATCAGA-1,4
Folr1_E85_1-TAGACCAAGACTTCAC-1,5
Folr1_E85_1-AGGGAGTAGATGAATC-1,3
Folr1_E85_1-GGAGGTAGTCTACACA-1,1
Folr1_E85_1-ATAGGCTGTAACCCTA-1,4
Folr1_E85_1-TGAGACTGTAGGAGGG-1,0
Folr1_E85_1-CAACGGCTCGTGCATA-1,4
Folr1_E85_1-TAATTCCTCTGAGCAT-1,3
Folr1_E85_1-GGTAATCGTCGCATTA-1,4
Folr1_E85_1-ATGACCAGTAAGGCTG-1,1
Folr1_E85_1-GGGATCCAGGGCATGT-1,1
Folr1_E85_1-AGAACAATCTTTCCGG-1,3
Folr1_E85_1-ACCAACATCGACATAC-1,3
Folr1_E85_1-GTTATGGGTGGTAATA-1,4
Folr1_E85_1-AGGCATTTCATACGAC-1,3
Folr1_E85_1-AGAAGTAAGAGTCTTC-1,1
Folr1_E85_1-TCTCAGCTCAAAGAAC-1,1
Folr1_E85_1-CATTCATGTGAACTAA-1,4
Folr1_E85_1-TCAATCTGTTAGCTAC-1,4
Folr1_E85_1-GTAATCGGTGAGTTTC-1,3
Folr1_E85_1-TCATACTAGCTTCGTA-1,4
Folr1_E85_1-ACCCTTGAGCCGTTAT-1,3
Folr1_E85_1-TGGAACTAGTGGGAAA-1,4
Folr1_E85_1-GGTTAACCAAAGGTTA-1,3
Folr1_E85_1-CTTCGGTAGCAATTAG-1,1
Folr1_E85_1-CAGGGCTAGATACGAT-1,4
Folr1_E85_1-GAAGGGTCACATATCG-1,3
Folr1_E85_1-AGTTCCCTCAGGGTAG-1,4
Folr1_E85_1-GCATTAGGTTAGAGTA-1,1
Folr1_E85_1-GATTTCTCAGTTGAAA-1,3
Folr1_E85_1-CATCGTCAGACTGTTC-1,3
Folr1_E85_1-CTGGTCTTCCGATAGT-1,4
Folr1_E85_1-TTAGTCTGTTGTAAAG-1,4
Folr1_E85_1-GACACGCGTTACGTAC-1,4
Folr1_E85_1-AGCCACGTCATTTCCA-1,4
Folr1_E85_1-GGCTGTGCAAGCGCTC-1,3
Folr1_E85_1-TATCTTGGTCATCGCG-1,4
Folr1_E85_1-AAGATAGAGCAACTTC-1,3
Folr1_E85_1-TGACAGTCAGTAGTTC-1,3
Folr1_E85_1-CTGCCTACAAGTGCTT-1,4
Folr1_E85_1-GATGGAGTCAAGCTGT-1,2
Folr1_E85_1-CTCACTGAGATCCCGC-1,5
Folr1_E85_1-CCTAACCGTAGTCTGT-1,4
Folr1_E85_1-GGTTGTAGTCTTTCTA-1,0
Folr1_E85_1-TGTGAGTTCAAAGGTA-1,not_majority
Folr1_E85_1-CCTTCAGCAAGAGGTC-1,4
Folr1_E85_1-TGTTCTAAGATGCTAA-1,3
Folr1_E85_1-AGCATCAGTGGCTAGA-1,4
Folr1_E85_1-GTCTAGACAATCAAGA-1,2
Folr1_E85_1-AAGATAGTCCTGCTAC-1,3
Folr1_E85_1-GATCATGTCTAGACAC-1,3
Folr1_E85_1-ATCGCCTGTACGGGAT-1,4
Folr1_E85_1-TGACAGTCACACGTGC-1,3
Folr1_E85_1-CATAAGCCACCTGCGA-1,0
Folr1_E85_1-TTTACCAAGAGGTTAT-1,4
Folr1_E85_1-ACTTCGCAGACGACGT-1,4
Folr1_E85_1-TTAGTCTTCAGCTAGT-1,3
Folr1_E85_1-AGGAGGTAGAGGTGCT-1,4
Folr1_E85_1-TACGGGCCATCTTCGC-1,4
Folr1_E85_1-GAGTTACAGTACTGGG-1,2
Folr1_E85_1-GGGATGACACTAGGTT-1,0
Folr1_E85_1-TTCAATCAGCTGGCCT-1,4
Folr1_E85_1-TAGACCAAGGCCTTGC-1,3
Folr1_E85_1-AGACAGGCAATTGAGA-1,3
Folr1_E85_1-GGACGTCCATATGCGT-1,3
Folr1_E85_1-GAGAGGTAGGACAAGA-1,1
Folr1_E85_1-GTCACGGCATCGATCA-1,3
Folr1_E85_1-GAGTTTGAGGCAGCTA-1,3
Folr1_E85_1-AATGACCGTCCCTAAA-1,3
Folr1_E85_1-TTCCTAACACTGGAAG-1,4
Folr1_E85_1-GTGCACGAGAAGATCT-1,4
Folr1_E85_1-TAGACCAGTGTTCGTA-1,4
Folr1_E85_1-AGACCCGGTTTACGAC-1,3
Folr1_E85_1-TACACCCAGTGGAAAG-1,4
Folr1_E85_1-CAATCGAAGTCACTCA-1,4
Folr1_E85_1-CGAGTGCTCGAGCACC-1,4
Folr1_E85_1-GGTAACTCACTTGTGA-1,not_majority
Folr1_E85_1-CGGAGAACAGGTTTAC-1,1
Folr1_E85_1-TACACCCAGATGACAT-1,3
Folr1_E85_1-TCTATACAGGACTATA-1,4
Folr1_E85_1-GCAGGCTGTATCCTCC-1,1
Folr1_E85_1-TATCTTGAGTAGATCA-1,3
Folr1_E85_1-TGTTTGTAGGGAACAA-1,4
Folr1_E85_1-ACAGAAAAGGCGCTTC-1,3
Folr1_E85_1-GGAGCAACAATTTCTC-1,1
Folr1_E85_1-CAACGATAGCTTCTAG-1,4
Folr1_E85_1-AGTGACTGTCTTTATC-1,1
Folr1_E85_1-ATACTTCTCCGAGCTG-1,4
Folr1_E85_1-CATAAGCGTGATTGGG-1,3
Folr1_E85_1-GTTAGACTCACACCGG-1,4
Folr1_E85_1-TACCCACCATTGGCAT-1,4
Folr1_E85_1-TCACATTGTCTGTGAT-1,1
Folr1_E85_1-ATGTCCCCACATAACC-1,1
Folr1_E85_1-TGTGATGAGCGATTCT-1,4
Folr1_E85_1-ATTCACTTCTCGACGG-1,3
Folr1_E85_1-AGTGACTTCAGCAGAG-1,4
Folr1_E85_1-GTGGCGTGTCTAGTGT-1,2
Folr1_E85_1-TCAAGTGGTCTCGGGT-1,1
Folr1_E85_1-AGTCAACCAGGTGAGT-1,3
Folr1_E85_1-ATCATTCGTTGTTGAC-1,3
Folr1_E85_1-AGGTTACAGACCAAAT-1,4
Folr1_E85_1-CTGTATTCATCTAACG-1,4
Folr1_E85_1-CTGAGCGAGCGTATGG-1,4
Folr1_E85_1-CGCATGGCACGATTCA-1,3
Folr1_E85_1-GGTCACGCAGTCTGGC-1,3
Folr1_E85_1-TCCCATGTCATAGGCT-1,1
Folr1_E85_1-AACAAAGCAACGGGTA-1,3
Folr1_E85_1-TCGCTTGTCACTGATG-1,3
Folr1_E85_1-CAAGCTAGTAGATCCT-1,4
Folr1_E85_1-ATCACTTCAGTAGGAC-1,3
Folr1_E85_1-AGCCACGAGCTCCCTT-1,3
Folr1_E85_1-GCACTAACAACGTTAC-1,3
Folr1_E85_1-TAGAGTCGTGCCTAAT-1,3
Folr1_E85_1-TTTGGAGCAGTGGCTC-1,3
Folr1_E85_1-ACTCTCGCAGGACATG-1,4
Folr1_E85_1-CGGGTGTGTCGTAATC-1,1
Folr1_E85_1-TGTTGAGTCCAAACCA-1,4
Folr1_E85_1-GTTACAGGTTCTGAGT-1,0
Folr1_E85_1-TGGGCTGTCTATACTC-1,1
Folr1_E85_1-TGTTCTAAGATGAATC-1,3
Folr1_E85_1-GCGATCGGTCGTTTCC-1,4
Folr1_E85_1-ATCCCTGGTAAGAACT-1,1
Folr1_E85_1-CTCCCAAAGCAATAAC-1,3
Folr1_E85_1-GTTACAGTCGTCGGGT-1,3
Folr1_E85_1-ACTTCCGCAGTCGAGA-1,3
Folr1_E85_1-TTATTGCGTAGCTGAG-1,1
Folr1_E85_1-GCCGATGAGAAGGCTC-1,3
Folr1_E85_1-CTCATTAGTCAAAGCG-1,1
Folr1_E85_1-GCAGCCAAGGGCAATC-1,1
Folr1_E85_1-ATGTCTTGTAGGGAGG-1,3
Folr1_E85_1-GAAGCGATCCGATGCG-1,3
Folr1_E85_1-TTAGGCAAGGGAACAA-1,4
Folr1_E85_1-TTTACCATCTTTCGAT-1,3
Folr1_E85_1-GCTTGGGTCAGATTGC-1,3
Folr1_E85_1-GTAATCGAGTGAGTGC-1,not_majority
Folr1_E85_1-TCCTCTTTCAACCTTT-1,3
Folr1_E85_1-CTCAGGGGTGAGATAT-1,1
Folr1_E85_1-TTGGATGTCCGTGGTG-1,4
Folr1_E85_1-TTAGGCAGTGAATTAG-1,3
Folr1_E85_1-CTCAAGACAAGACTGG-1,3
Folr1_E85_1-CGCAGGTAGGGATCTG-1,3
Folr1_E85_1-TTTACTGAGGCATCGA-1,3
Folr1_E85_1-GTCACTCGTTCGGTAT-1,4
Folr1_E85_1-CTTCTCTTCCCGAATA-1,3
Folr1_E85_1-AGGTGTTGTTCGGCTG-1,4
Folr1_E85_1-CTCTCGAAGTCCTGCG-1,4
Folr1_E85_1-GTGGAAGAGTAGCAAT-1,1
Folr1_E85_1-ATCATTCGTAACGTTC-1,3
Folr1_E85_1-TTTACGTAGGCACTCC-1,3
Folr1_E85_1-CGGAGAAAGTAAACTG-1,3
Folr1_E85_1-ATCGGATTCTATTGTC-1,1
Folr1_E85_1-GGTAACTAGGGAGGAC-1,3
Folr1_E85_1-AGTACTGTCCAAGCAT-1,4
Folr1_E85_1-TGGATGTTCGTCCTCA-1,3
Folr1_E85_1-CATTGAGAGAAACTCA-1,4
Folr1_E85_1-TCGTGGGGTCAGTCCG-1,3
Folr1_E85_1-CAGGCCACAAACGGCA-1,3
Folr1_E85_1-AGTGACTGTCTACAGT-1,4
Folr1_E85_1-GCTACCTAGAATGTTG-1,4
Folr1_E85_1-CCGATGGAGTGCACAG-1,4
Folr1_E85_1-CGATGCGTCATGGTAC-1,4
Folr1_E85_1-TACCCGTAGTTACTCG-1,4
Folr1_E85_1-GTCAGCGGTAATGCTC-1,1
Folr1_E85_1-GCTACAAGTAACAAGT-1,3
Folr1_E85_1-AAGTCGTTCGAGTACT-1,3
Folr1_E85_1-GCCGTGAAGTGGATAT-1,3
Folr1_E85_1-TCCTCGAAGACTCAAA-1,3
Folr1_E85_1-TCATTACCAGTCGGAA-1,0
Folr1_E85_1-TGTTGAGGTAATTGGA-1,4
Folr1_E85_1-ACGGTTAAGCCTATCA-1,1
Folr1_E85_1-GCGGAAAAGTGGATTA-1,4
Folr1_E85_1-TCGGTCTCAAAGGAGA-1,2
Folr1_E85_1-TTTACCACAGTGTACT-1,4
Folr1_E85_1-CTCATTAGTTGCAAGG-1,1
Folr1_E85_1-GTGGAGACAAGCTGTT-1,4
Folr1_E85_1-ATGGTTGGTCCTGGTG-1,1
Folr1_E85_1-TCTCACGAGGGAGATA-1,3
Folr1_E85_1-GGCGTCAGTGCTCTTC-1,1
Folr1_E85_1-ACTATTCCACCTTCCA-1,3
Folr1_E85_1-GTTTACTCAGATGCGA-1,4
Folr1_E85_1-TTACTGTGTCGGCCTA-1,4
Folr1_E85_1-TCACTATAGTGAGTGC-1,3
Folr1_E85_1-CTGTGAAAGTCACTAC-1,1
Folr1_E85_1-ATGCCTCCATGACAAA-1,3
Folr1_E85_1-CCTGTTGAGTCAGCCC-1,3
Folr1_E85_1-AACACACAGTCACACT-1,2
Folr1_E85_1-AGGTGTTTCTCAATCT-1,3
Folr1_E85_1-TGGTGATAGATTGACA-1,4
Folr1_E85_1-CTGCAGGCAGCAGTAG-1,3
Folr1_E85_1-AGGTCATCACGGCTAC-1,3
Folr1_E85_1-ACAGCCGAGGCTGAAC-1,3
Folr1_E85_1-CGTGCTTGTCTTACTT-1,3
Folr1_E85_1-ACTTAGGGTGTCTTCC-1,4
Folr1_E85_1-CGATCGGTCACTGAAC-1,1
Folr1_E85_1-TCAGCAATCGGCATAT-1,1
Folr1_E85_1-TCTATACCAATGTGGG-1,3
Folr1_E85_1-GTGAGCCCAAGCTACT-1,3
Folr1_E85_1-ACGGTTAGTTGGGAAC-1,1
Folr1_E85_1-CTCATCGAGCAGCACA-1,not_majority
Folr1_E85_1-TGTAGACAGCTAGAAT-1,4
Folr1_E85_1-CAGTTCCGTACGAAAT-1,3
Folr1_E85_1-AGGGAGTGTGTCGATT-1,3
Folr1_E85_1-GGAGGTAGTTCAGCGC-1,2
Folr1_E85_1-ACAGGGAGTGGACTGA-1,3
Folr1_E85_1-TAATCTCAGCAAACAT-1,3
Folr1_E85_1-AGTACTGCAGGATTCT-1,3
Folr1_E85_1-AAGCGAGTCAGCTGAT-1,2
Folr1_E85_1-GATTGGTTCTGCGAGC-1,2
Folr1_E85_1-GTGAGTTTCGGTCGAC-1,3
Folr1_E85_1-AGGTCATCATCGTGGC-1,3
Folr1_E85_1-TATTGGGCAAATCGGG-1,4
Folr1_E85_1-CGTGTCTGTGACACAG-1,3
Folr1_E85_1-ACTATGGAGTGTACCT-1,1
Folr1_E85_1-GAGTGAGGTGGAGAAA-1,1
Folr1_E85_1-TACTTGTCATCCCGTT-1,3
Folr1_E85_1-AGCTCAAAGTTCCTGA-1,not_majority
Folr1_E85_1-CATACAGTCAAACGAA-1,4
Folr1_E85_1-ACATTTCTCTTTGCAT-1,3
Folr1_E85_1-ATTCATCTCGCCGAAC-1,5
Folr1_E85_1-CAAGCTAGTAACATAG-1,1
Folr1_E85_1-CGCAGGTCATCGGAAG-1,3
Folr1_E85_1-TCCCACACATGGAACG-1,2
Folr1_E85_1-TCGTGGGTCGTTAGTG-1,3
Folr1_E85_1-CGCATGGTCTCTAAGG-1,1
Folr1_E85_1-GTGTTCCTCCTAAGTG-1,4
Folr1_E85_1-AAGACTCAGGACACTG-1,not_majority
Folr1_E85_1-AAGTCGTGTCTTCCGT-1,3
Folr1_E85_1-ACAACCAAGTAAGAGG-1,4
Folr1_E85_1-CTGTCGTGTGAATATG-1,2
Folr1_E85_1-TTGTGTTGTTGCCTAA-1,3
Folr1_E85_1-CATCCACGTCAACCAT-1,4
Folr1_E85_1-GCTGAATCACCGTGAC-1,1
Folr1_E85_1-TGGCGTGTCTCGCAGG-1,0
Folr1_E85_1-CGTTAGAGTATGAAGT-1,3
Folr1_E85_1-GCATTAGTCGTTAGAC-1,not_majority
Folr1_E85_1-TCATGTTGTTGCATGT-1,3
Folr1_E85_1-TTGACCCGTGCAACGA-1,4
Folr1_E85_1-GATTGGTCAACACAGG-1,1
Folr1_E85_1-AGAACAAGTGCTCCGA-1,1
Folr1_E85_1-TTCCTAAAGTATTAGG-1,3
Folr1_E85_1-CCACTTGTCCTCACCA-1,1
Folr1_E85_1-GGAAGTGGTACGAAAT-1,1
Folr1_E85_1-ATAGAGAAGAGGGTAA-1,1
Folr1_E85_1-TGCATCCAGTCGAAAT-1,2
Folr1_E85_1-TTTGATCAGGTACAAT-1,2
Folr1_E85_1-TAGATCGCAGCAGTTT-1,2
Folr1_E85_2-GTCACGGAGAAACTGT-2,4
Folr1_E85_2-CCATCACGTCGGCTAC-2,4
Folr1_E85_2-CACACAACACACGGTC-2,3
Folr1_E85_2-TCTCAGCCACAAGGTG-2,3
Folr1_E85_2-CACAGATTCGCCACTT-2,4
Folr1_E85_2-GAGTCTAGTCACTCGG-2,3
Folr1_E85_2-CTACAGACATCTCAAG-2,3
Folr1_E85_2-GATCAGTCACTACGGC-2,4
Folr1_E85_2-CTCCGATCACGTTGGC-2,3
Folr1_E85_2-TGTAACGTCTCTGACC-2,4
Folr1_E85_2-ATCGTCCTCTTACGTT-2,4
Folr1_E85_2-ATGAAAGTCATCCCGT-2,4
Folr1_E85_2-ACAGAAACACCTCAGG-2,4
Folr1_E85_2-GAGTGTTCAACACTAC-2,3
Folr1_E85_2-ACGTTCCTCCCAGGAC-2,4
Folr1_E85_2-TAAGCACCACAGCGCT-2,4
Folr1_E85_2-CACGTTCCATGATCTG-2,4
Folr1_E85_2-TCCTTTCCATGTGTCA-2,4
Folr1_E85_2-ATCACTTCATTGTCGA-2,4
Folr1_E85_2-GTTTGGACAGTTAGGG-2,4
Folr1_E85_2-TGCGACGCACCTCTGT-2,4
Folr1_E85_2-TTCCTCTTCTTCGACC-2,4
Folr1_E85_2-TACCTCGGTGCTCGTG-2,4
Folr1_E85_2-ATTACCTTCCGATCTC-2,3
Folr1_E85_2-TAGAGTCAGTCATCGT-2,4
Folr1_E85_2-TTTCGATGTGGTACAG-2,4
Folr1_E85_2-GATGATCCACACGGTC-2,4
Folr1_E85_2-AGACAAACAGGACATG-2,1
Folr1_E85_2-CGATGCGGTCGGATTT-2,not_majority
Folr1_E85_2-CCTTCAGCATAAGCGG-2,not_majority
Folr1_E85_2-GACCCTTAGGTTAAAC-2,1
Folr1_E85_2-GTGTTAGAGCGACTTT-2,3
Folr1_E85_2-CGAATTGAGGCAATGC-2,3
Folr1_E85_2-CACAGATCAAAGGTTA-2,4
Folr1_E85_2-GTTGAACAGGGCAGTT-2,4
Folr1_E85_2-ATTTCACTCCTCTTTC-2,4
Folr1_E85_2-CAATGACGTGATGGCA-2,1
Folr1_E85_2-TTACTGTAGTTCCGTA-2,3
Folr1_E85_2-CATAAGCCATGTCTAG-2,4
Folr1_E85_2-CAACAACCATCATCTT-2,3
Folr1_E85_2-CAAAGAACATCCCGTT-2,4
Folr1_E85_2-ACGGTTATCGTAGAGG-2,4
Folr1_E85_2-TATACCTGTGAGATAT-2,3
Folr1_E85_2-AAGTTCGGTCATGGCC-2,4
Folr1_E85_2-ACACCAACAGGGCTTC-2,3
Folr1_E85_2-CGCCATTCATCGATCA-2,1
Folr1_E85_2-CAGAGCCGTAATTAGG-2,3
Folr1_E85_2-CACCAAAGTAGGCAGT-2,1
Folr1_E85_2-ATTTACCTCAGACAAA-2,4
Folr1_E85_2-TAAGTCGCAATATCCG-2,3
Folr1_E85_2-AAAGGGCAGGAAGTAG-2,4
Folr1_E85_2-GCTACAACATGAATAG-2,3
Folr1_E85_2-GGAATCTAGAGTTGCG-2,4
Folr1_E85_2-TCGCAGGCATGAATAG-2,3
Folr1_E85_2-GATGACTTCCGAGCTG-2,2
Folr1_E85_2-GGAATCTCATTCAGCA-2,3
Folr1_E85_2-AAATGGAAGCTCTATG-2,3
Folr1_E85_2-TATCTGTAGGTACAAT-2,4
Folr1_E85_2-TCCCACAGTGTCTTGA-2,4
Folr1_E85_2-CCGGGTAAGGAGAGTA-2,2
Folr1_E85_2-GTTGTGACAAACTGCT-2,4
Folr1_E85_2-CCGTAGGAGTGATAAC-2,3
Folr1_E85_2-AACCACAGTTGCAACT-2,1
Folr1_E85_2-CAAGCTAGTTAGGACG-2,4
Folr1_E85_2-AACGTCACATCGATCA-2,3
Folr1_E85_2-GCCAACGCACCCTCTA-2,4
Folr1_E85_2-GAGACTTAGTGATGGC-2,3
Folr1_E85_2-GCAGCCAAGCGCATCC-2,4
Folr1_E85_2-TCTCAGCCAGTGGGTA-2,2
Folr1_E85_2-AGACACTAGTATAGAC-2,1
Folr1_E85_2-TCAATTCAGACGATAT-2,4
Folr1_E85_2-TGCATCCAGATGTTCC-2,2
Folr1_E85_2-GGGATCCAGCTCCGAC-2,4
Folr1_E85_2-TGGTACAGTCTACAGT-2,4
Folr1_E85_2-TCCGAAACACACACGC-2,4
Folr1_E85_2-TGGAGAGCAAGTAGTA-2,3
Folr1_E85_2-GAGTTTGCAGTTGTCA-2,1
Folr1_E85_2-AGGTAGGCAGCCTACG-2,4
Folr1_E85_2-GTCGTAAGTTGGTAGG-2,3
Folr1_E85_2-CATCGTCAGCTGTCCG-2,0
Folr1_E85_2-GAGGCAAGTGGCTGAA-2,4
Folr1_E85_2-ATCGTAGGTTGGAGAC-2,3
Folr1_E85_2-GCCAACGCACATTCGA-2,3
Folr1_E85_2-GCATCTCAGTCACACT-2,4
Folr1_E85_2-GATTCTTCAGCTGTCG-2,1
Folr1_E85_2-CACTGAATCCTTCTTC-2,4
Folr1_E85_2-AACCTTTTCACCTTGC-2,0
Folr1_E85_2-TGTGCGGAGACCAGCA-2,4
Folr1_E85_2-AGGCATTGTTCAGCTA-2,3
Folr1_E85_2-AGCGATTAGCATGCAG-2,3
Folr1_E85_2-GTCAGCGTCCCATACC-2,1
Folr1_E85_2-CACGTTCCATGACACT-2,3
Folr1_E85_2-GTCCTCAAGGCGATAC-2,3
Folr1_E85_2-TCCCACATCCAATCTT-2,1
Folr1_E85_2-GCCATTCTCCCTCTCC-2,1
Folr1_E85_2-GCTCAAATCCGCATAA-2,4
Folr1_E85_2-GTGGTTACACTATCGA-2,4
Folr1_E85_2-CACAACACACTATCCC-2,3
Folr1_E85_2-TCTATACGTCTGCCTT-2,4
Folr1_E85_2-CGAGTGCCACTACCGG-2,4
Folr1_E85_2-ATTTCACTCGGCATAT-2,4
Folr1_E85_2-TTGTGGAGTATCCCAA-2,4
Folr1_E85_2-GATAGAATCATGCCCT-2,4
Folr1_E85_2-ACGGGTCAGGGCCCTT-2,4
Folr1_E85_2-TCACACCGTGTCGCTG-2,4
Folr1_E85_2-AACAACCAGTTGCTCA-2,4
Folr1_E85_2-CCAATTTCAGAAGCTG-2,4
Folr1_E85_2-CACATGACACTTACAG-2,1
Folr1_E85_2-AGCGTATTCGTGGAAG-2,1
Folr1_E85_2-AACCTTTTCATCAGTG-2,1
Folr1_E85_2-TTCCAATCAGCGAGTA-2,4
Folr1_E85_2-CCACAAAGTCGAGCTC-2,3
Folr1_E85_2-CATGAGTTCCGAACGC-2,4
Folr1_E85_2-CTCTCAGAGTAGGATT-2,1
Folr1_E85_2-CTCCTTTAGTGGTGAC-2,4
Folr1_E85_2-TAACGACGTACAGAAT-2,4
Folr1_E85_2-ATAGGCTGTACGACTT-2,3
Folr1_E85_2-GGTGATTAGACCTGGA-2,4
Folr1_E85_2-TGTACAGTCAGCCTTC-2,4
Folr1_E85_2-TCCACGTGTAATGCGG-2,3
Folr1_E85_2-CAACCTCAGTTTGCTG-2,3
Folr1_E85_2-CGGCAGTTCGGTGTAT-2,3
Folr1_E85_2-CATCAAGTCTTTCAGT-2,4
Folr1_E85_2-TACAACGAGTCAGAGC-2,4
Folr1_E85_2-ACCTGAATCCGAGTGC-2,2
Folr1_E85_2-CGGAGAACAGTATTCG-2,3
Folr1_E85_2-CCAATGAAGACAAGCC-2,3
Folr1_E85_2-CTGTGAATCTCCTGAC-2,2
Folr1_E85_2-ACTTCCGCAAGCAGGT-2,1
Folr1_E85_2-TGACCCTGTTATTCCT-2,1
Folr1_E85_2-GTCACGGAGTTACTCG-2,4
Folr1_E85_2-ATTGGGTTCACCGGTG-2,3
Folr1_E85_2-AGCGATTTCCATCGTC-2,4
Folr1_E85_2-AAAGAACTCATCGCAA-2,4
Folr1_E85_2-ATCACAGAGTTTCGAC-2,4
Folr1_E85_2-TTGCATTAGGTTGCCC-2,not_majority
Folr1_E85_2-TGCATCCTCACCATCC-2,4
Folr1_E85_2-AACAACCCACAAGCAG-2,3
Folr1_E85_2-TCTCTGGCAGAACATA-2,3
Folr1_E85_2-CCAAGCGTCAGGAAGC-2,4
Folr1_E85_2-TGATGGTGTAGAATAC-2,3
Folr1_E85_2-TGAGCATAGTAACCTC-2,3
Folr1_E85_2-TTCGGTCAGTCTCCTC-2,1
Folr1_E85_2-GCTACAATCAGACCTA-2,1
Folr1_E85_2-GAGACCCAGGCAGGTT-2,3
Folr1_E85_2-GGCACGTGTCGACTGC-2,1
Folr1_E85_2-GCATTAGCAAATTGCC-2,4
Folr1_E85_2-TACCCACCAAGGATGC-2,3
Folr1_E85_2-TTACCGCTCTAGTTCT-2,4
Folr1_E85_2-TATTCCATCACCTCAC-2,3
Folr1_E85_2-TTGGGCGTCCGTTTCG-2,4
Folr1_E85_2-AGGGCCTCAAGTCCAT-2,3
Folr1_E85_2-GTTACGATCTTGGTGA-2,1
Folr1_E85_2-CGGGCATAGTGCTAGG-2,4
Folr1_E85_2-AGTGACTGTCCACGCA-2,3
Folr1_E85_2-CCGGACACACGAGAAC-2,4
Folr1_E85_2-GGGACAAAGGTCACCC-2,2
Folr1_E85_2-ACCCTCAGTAGTCTTG-2,3
Folr1_E85_2-CTACAGAAGATGAAGG-2,2
Folr1_E85_2-GGTTCTCCAGTCGCAC-2,3
Folr1_E85_2-AAGATAGAGACAACAT-2,4
Folr1_E85_2-ACATTTCGTGCCTAAT-2,2
Folr1_E85_2-CGAGTTAGTACGAGCA-2,4
Folr1_E85_2-GTACAACAGTATTAGG-2,1
Folr1_E85_2-CGGAATTCATGACCCG-2,4
Folr1_E85_2-GCATCGGAGACGAAGA-2,4
Folr1_E85_2-ATCCGTCCACTCCTTG-2,3
Folr1_E85_2-TGTACAGTCAGACCGC-2,3
Folr1_E85_2-CGCCAGAAGATCCCAT-2,3
Folr1_E85_2-TGATTTCAGATGAATC-2,3
Folr1_E85_2-TCCCAGTCAATGTCAC-2,3
Folr1_E85_2-GTTTGGATCTCCCTAG-2,3
Folr1_E85_2-GAGAGGTTCCACACAA-2,0
Folr1_E85_2-AGACAGGGTGATTCAC-2,4
Folr1_E85_2-TCCGGGACAGTTAGGG-2,4
Folr1_E85_2-AGGTAGGAGAGGTTAT-2,4
Folr1_E85_2-GATTCGAGTTGAGGAC-2,4
Folr1_E85_2-TGAGGGATCTCAGGCG-2,3
Folr1_E85_2-TTCTTGAAGTCGAAGC-2,3
Folr1_E85_2-CTCAATTCACCAGGTC-2,1
Folr1_E85_2-AGGACTTAGTCGAAGC-2,3
Folr1_E85_2-CTGTGAAAGGGTAGCT-2,4
Folr1_E85_2-CTCCGATAGGGCAAGG-2,1
Folr1_E85_2-AAAGGGCTCAGCAGAG-2,3
Folr1_E85_2-ACAAGCTAGCTCAGAG-2,3
Folr1_E85_2-ACCTGAAAGCGGATCA-2,4
Folr1_E85_2-TAAGCCAGTTCAGTAC-2,3
Folr1_E85_2-CAGTGCGCATCAGTCA-2,4
Folr1_E85_2-GCCAGCAAGCTACGTT-2,3
Folr1_E85_2-CTGCTCAGTAAGCAAT-2,4
Folr1_E85_2-GTCCTCAAGTTTGAGA-2,3
Folr1_E85_2-GGTGTCGGTTATGACC-2,3
Folr1_E85_2-CGACAGCTCTGGAGAG-2,4
Folr1_E85_2-TCTTTGACATATACCG-2,1
Folr1_E85_2-AGTTCCCGTTGCGGCT-2,4
Folr1_E85_2-CACGGGTAGCTTTCCC-2,4
Folr1_E85_2-TTACCGCCATATAGCC-2,1
Folr1_E85_2-TATTGCTTCACAACCA-2,4
Folr1_E85_2-TGCTCCAAGAGTTGCG-2,2
Folr1_E85_2-TCCTCGAGTCTTGAGT-2,4
Folr1_E85_2-GACGCTGTCGAAACAA-2,2
Folr1_E85_2-TTTGGAGAGGAAGTGA-2,1
Folr1_E85_2-CGACAGCCATATGGCT-2,3
Folr1_E85_2-CAACAGTGTATCCCTC-2,1
Folr1_E85_2-GTCACGGTCTCAAAGC-2,4
Folr1_E85_2-CACAACAAGACCGTTT-2,4
Folr1_E85_2-TAGAGTCAGTATAACG-2,4
Folr1_E85_2-AGGTTACAGCATCCCG-2,1
Folr1_E85_2-GTGCACGGTCGGTACC-2,4
Folr1_E85_2-AGGTAGGAGGTTGGTG-2,4
Folr1_E85_2-GGATGTTCATGTTCGA-2,4
Folr1_E85_2-TTCCTCTGTGTAGTGG-2,3
Folr1_E85_2-ATTTCTGGTTCATCTT-2,3
Folr1_E85_2-GCTGAATTCTCGCTTG-2,1
Folr1_E85_2-TGGAGGAAGTCCTACA-2,2
Folr1_E85_2-CAACAGTAGGGACACT-2,4
Folr1_E85_2-TACTTCATCTTCTGTA-2,3
Folr1_E85_2-GAAGGACAGGTATTGA-2,3
Folr1_E85_2-AACCACATCACTTTGT-2,1
Folr1_E85_2-CTGCAGGTCGTAGAGG-2,4
Folr1_E85_2-CATACTTAGACAACAT-2,4
Folr1_E85_2-GACTTCCTCCAAATGC-2,3
Folr1_E85_2-TTGTTGTTCATAAGGA-2,3
Folr1_E85_2-CTTCTCTTCGGTCACG-2,3
Folr1_E85_2-CACTGAATCACCGACG-2,2
Folr1_E85_2-TACGTCCAGGAATTAC-2,3
Folr1_E85_2-CCGTAGGGTTTACGAC-2,3
Folr1_E85_2-ACCTGTCGTTGTAGCT-2,4
Folr1_E85_2-TCTCTGGAGATACATG-2,3
Folr1_E85_2-GATGACTGTAGAAACT-2,1
Folr1_E85_2-AGATCGTGTTACCCAA-2,4
Folr1_E85_2-ATGGAGGTCCAGCACG-2,1
Folr1_E85_2-TTGAGTGTCAGGAACG-2,1
Folr1_E85_2-TGGAACTAGGGATCTG-2,0
Folr1_E85_2-CAGTTAGTCTACGCGG-2,4
Folr1_E85_2-TCCTTCTAGCCGTTGC-2,3
Folr1_E85_2-CCGTAGGTCGCCGATG-2,3
Folr1_E85_2-AAGAACAAGAGATCGC-2,3
Folr1_E85_2-GCCATGGCAGTACTAC-2,3
Folr1_E85_2-CGTCCATCACTAGGTT-2,3
Folr1_E85_2-CGAAGGACATCGCCTT-2,3
Folr1_E85_2-TTCCTAAGTGAGGCAT-2,1
Folr1_E85_2-GAGGGATGTACCACGC-2,4
Folr1_E85_2-CAAGCTAAGACATAGT-2,4
Folr1_E85_2-CTCAAGATCGATTTCT-2,3
Folr1_E85_2-TTCCTCTTCTAGTTCT-2,3
Folr1_E85_2-ATGGAGGGTAACATCC-2,3
Folr1_E85_2-CCCATTGTCTCAGTCC-2,3
Folr1_E85_2-TCGCACTTCGGTCGAC-2,1
Folr1_E85_2-TCTTTGAGTTTGTGGT-2,4
Folr1_E85_2-GTCAAGTCAGTCGGAA-2,4
Folr1_E85_2-CTACAGAGTCGGCTAC-2,4
Folr1_E85_2-GATGTTGTCGCATAGT-2,4
Folr1_E85_2-TTTCACATCGAAATCC-2,3
Folr1_E85_2-CTACTATTCGTCAACA-2,1
Folr1_E85_2-TTCTTCCTCCCGAACG-2,1
Folr1_E85_2-CAACCTCGTCCATACA-2,4
Folr1_E85_2-TATTGGGTCGTGGTAT-2,2
Folr1_E85_2-CCATCACGTGCTGTCG-2,1
Folr1_E85_2-TCCATGCTCGTGCTCT-2,0
Folr1_E85_2-GGGTGAATCAGTCCGG-2,4
Folr1_E85_2-AACAAAGAGTCACTGT-2,3
Folr1_E85_2-CATTTCACATTGCTTT-2,3
Folr1_E85_2-AACCCAATCAGAGTTC-2,3
Folr1_E85_2-CATCGGGGTTGGTACT-2,3
Folr1_E85_2-CATCCCAAGGCTGAAC-2,3
Folr1_E85_2-CTCTGGTCAACCACAT-2,0
Folr1_E85_2-CTGAGGCAGTTCCGTA-2,4
Folr1_E85_2-AATTCCTGTTTCTTAC-2,3
Folr1_E85_2-GATCGTAAGCACGTCC-2,4
Folr1_E85_2-GCAGCCACAATTTCGG-2,2
Folr1_E85_2-CGGCAGTAGCGAATGC-2,1
Folr1_E85_2-ACACTGATCGCAGTCG-2,3
Folr1_E85_2-ATCCTATGTCCGACGT-2,4
Folr1_E85_2-CTACCCACATCGATCA-2,3
Folr1_E85_2-GAAGTAAGTGGCTACC-2,3
Folr1_E85_2-TCAGTGAGTAGTCACT-2,0
Folr1_E85_2-GCTACCTGTTGAAGTA-2,4
Folr1_E85_2-TTATTGCAGAGTCTGG-2,4
Folr1_E85_2-AGTAACCGTTTCTTAC-2,3
Folr1_E85_2-CCAATTTTCGCTTAAG-2,0
Folr1_E85_2-TACTTCAAGGCTAAAT-2,3
Folr1_E85_2-AACCTGAAGTGAATAC-2,3
Folr1_E85_2-TTTAGTCTCTCAACGA-2,3
Folr1_E85_2-GTTCGCTAGCCTAACT-2,4
Folr1_E85_2-TGTGCGGCAGCGGTCT-2,3
Folr1_E85_2-GCATGATGTACCGTGC-2,3
Folr1_E85_2-TCCAGAACACTCTCGT-2,4
Folr1_E85_2-CGTGATACATTGGCAT-2,4
Folr1_E85_2-ACCAAACCAACGTTAC-2,3
Folr1_E85_2-CACTGTCTCGGTCTGG-2,0
Folr1_E85_2-TGGTACATCAGTCAGT-2,4
Folr1_E85_2-GCCCGAACAGATTCGT-2,4
Folr1_E85_2-TGCACGGTCCGAAATC-2,3
Folr1_E85_2-CGGGTCACAGTGAGCA-2,3
Folr1_E85_2-AAAGTCCAGAGTCACG-2,1
Folr1_E85_2-AGCATCATCATTGTTC-2,4
Folr1_E85_2-ACACAGTCATATCTCT-2,4
Folr1_E85_2-GGGTAGAAGACAGTCG-2,1
Folr1_E85_2-TACAACGCACTACAGT-2,3
Folr1_E85_2-ATCCTATAGGATTTCC-2,3
Folr1_E85_2-ATATCCTCACAGTGTT-2,2
Folr1_E85_2-TACCTCGCAGACCCGT-2,1
Folr1_E85_2-ATCACTTGTACTGGGA-2,4
Folr1_E85_2-TGGATGTAGGGCAATC-2,4
Folr1_E85_2-GAATAGAGTAACACGG-2,1
Folr1_E85_2-GCCATTCGTAAGCAAT-2,3
Folr1_E85_2-TGGTGATTCCGTACGG-2,4
Folr1_E85_2-GATAGCTCAAATACAG-2,4
Folr1_E85_2-TTAATCCTCACGACTA-2,4
Folr1_E85_2-TTTCATGTCCCTCATG-2,4
Folr1_E85_2-ACCCTTGTCCTGTAGA-2,3
Folr1_E85_2-CCTCAGTGTTGGAGGT-2,1
Folr1_E85_2-CAGGGCTTCTAGAACC-2,0
Folr1_E85_2-TTCGCTGAGATACGAT-2,4
Folr1_E85_2-CTGCATCTCTATCACT-2,4
Folr1_E85_2-CGAGAAGTCTTGGCTC-2,3
Folr1_E85_2-GGGTAGACAGCTGTGC-2,4
Folr1_E85_2-CTCCACATCAACCTCC-2,3
Folr1_E85_2-GGTGATTTCTCCGTGT-2,4
Folr1_E85_2-ACGGAAGCACACGGTC-2,3
Folr1_E85_2-GTGCACGGTAACCCTA-2,4
Folr1_E85_2-CTTCTAAGTTGCCGAC-2,3
Folr1_E85_2-CTCAAGACAGGCGATA-2,1
Folr1_E85_2-GGGTCACGTGGCTGCT-2,1
Folr1_E85_2-CTACTATAGGGCTGAT-2,3
Folr1_E85_2-GTCCCATCAACGGCTC-2,1
Folr1_E85_2-ATTTCACCAACACAGG-2,3
Folr1_E85_2-GAATCGTCACGCAGTC-2,3
Folr1_E85_2-CTGCAGGAGCCGAACA-2,3
Folr1_E85_2-CGTCAAAAGCGGGTAT-2,3
Folr1_E85_2-AGGAATATCATTACGG-2,3
Folr1_E85_2-TGGTAGTTCTCCCTAG-2,4
Folr1_E85_2-AACCATGTCACCTCGT-2,4
Folr1_E85_2-TGACGCGGTCCGGTCA-2,3
Folr1_E85_2-GGTGTCGCAAGCGATG-2,3
Folr1_E85_2-ATAGACCAGTTGCTGT-2,3
Folr1_E85_2-ACATGCACACAACGTT-2,3
Folr1_E85_2-CGTGATATCGTGGACC-2,3
Folr1_E85_2-CGATGCGTCACTAGCA-2,3
Folr1_E85_2-ATTCACTTCAAAGAAC-2,1
Folr1_E85_2-TTGCATTAGTAGCAAT-2,3
Folr1_E85_2-GATTGGTGTGTCTTAG-2,3
Folr1_E85_2-GTGGAGAAGAAACTAC-2,4
Folr1_E85_2-CCTCCTCTCTGACGCG-2,1
Folr1_E85_2-CTTCCTTCACACGGAA-2,3
Folr1_E85_2-GGGAAGTGTTGGCTAT-2,3
Folr1_E85_2-TTTACTGGTTGCACGC-2,3
Folr1_E85_2-ACGATCAAGTCATTGC-2,3
Folr1_E85_2-GGATGTTCATGTCGTA-2,3
Folr1_E85_2-CCTCAACCAATAGTGA-2,3
Folr1_E85_2-CACCAAATCTACGCAA-2,4
Folr1_E85_2-GCTCAAAAGCACCTGC-2,4
Folr1_E85_2-TCAGGGCTCCCAGTGG-2,1
Folr1_E85_2-GACCAATAGCTTTCCC-2,4
Folr1_E85_2-CCACTTGAGCACTTTG-2,3
Folr1_E85_2-TACGGGCTCGCTTACC-2,4
Folr1_E85_2-GTCATGACATGACTCA-2,4
Folr1_E85_2-ATTCTTGTCCGACATA-2,3
Folr1_E85_2-TTCAGGAGTTAATGAG-2,4
Folr1_E85_2-CTCCTCCTCCGATGCG-2,not_majority
Folr1_E85_2-ACCCTTGCAGATCCTA-2,3
Folr1_E85_2-TGCTTGCCAACCGCTG-2,3
Folr1_E85_2-CTGAGCGAGCTGACTT-2,1
Folr1_E85_2-ATAGACCGTTCCTAAG-2,4
Folr1_E85_2-GGGCTACTCAGTGGGA-2,3
Folr1_E85_2-TCACGCTTCAAGCCTA-2,3
Folr1_E85_2-AAAGGGCGTAGTAAGT-2,3
Folr1_E85_2-GGGACCTAGCGTCAAG-2,1
Folr1_E85_2-CTCTCGAAGCCTTTCC-2,4
Folr1_E85_2-TCCTTCTTCTAGATCG-2,4
Folr1_E85_2-CTGATCCCAGTTACCA-2,4
Folr1_E85_2-ACTGTCCCAACCGACC-2,4
Folr1_E85_2-CTCATGCTCACTCTTA-2,3
Folr1_E85_2-ACATTTCCATGGCACC-2,3
Folr1_E85_2-TTCACCGGTCGGCCTA-2,4
Folr1_E85_2-ACCAACAAGGCCCACT-2,3
Folr1_E85_2-AAGCGAGTCGAAGAAT-2,0
Folr1_E85_2-TCATATCGTATTTCTC-2,4
Folr1_E85_2-TCACTATTCGTCTAAG-2,3
Folr1_E85_2-GGACGTCTCCACGGAC-2,2
Folr1_E85_2-CCGATCTGTGTACGCC-2,3
Folr1_E85_2-CCACACTCACAAACGG-2,4
Folr1_E85_2-GGGTGTCCATGTTCAG-2,4
Folr1_E85_2-GTCAGCGAGGCCCAAA-2,4
Folr1_E85_2-GACCAATTCCGCTTAC-2,3
Folr1_E85_2-CGAGTGCTCACTGTTT-2,3
Folr1_E85_2-ATAGAGAGTAGCGATG-2,4
Folr1_E85_2-TGGGCTGGTATGGAGC-2,3
Folr1_E85_2-GTGGGAACAAGAAACT-2,3
Folr1_E85_2-GAGACCCGTGGCTAGA-2,4
Folr1_E85_2-GGCTTGGCAGACCAGA-2,4
Folr1_E85_2-GACCGTGAGTTCGGTT-2,4
Folr1_E85_2-TGGAGGACATCACGGC-2,not_majority
Folr1_E85_2-CACAACACAAGTTCCA-2,3
Folr1_E85_2-AGTACCAAGTCGGGAT-2,0
Folr1_E85_2-TGCGGCACAAGACCTT-2,0
Folr1_E85_2-GTTAGTGGTCATAACC-2,1
Folr1_E85_2-TTGGGCGCACTACAGT-2,3
Folr1_E85_2-GTCATCCCAAATCGTC-2,4
Folr1_E85_2-CTCCCTCAGCGCCGTT-2,3
Folr1_E85_2-ACCTGTCCAAGTGGGT-2,4
Folr1_E85_2-GTAATGCTCAGTCCGG-2,1
Folr1_E85_2-GAGAGGTTCTTCCAGC-2,4
Folr1_E85_2-CTCATTAGTTCTTGTT-2,1
Folr1_E85_2-CTGCCATCAACGGTAG-2,3
Folr1_E85_2-CTACCTGGTCAAGGCA-2,4
Folr1_E85_2-GTCACGGAGCTAAGTA-2,4
Folr1_E85_2-GAGTCATGTGTTCATG-2,3
Folr1_E85_2-CCGTAGGCAGCTGTCG-2,1
Folr1_E85_2-GTGAGTTGTGTTATCG-2,3
Folr1_E85_2-TGGTTAGTCATCACTT-2,not_majority
Folr1_E85_2-GAGGGATGTTTCGGCG-2,1
Folr1_E85_2-GGCTTTCAGACCATGG-2,3
Folr1_E85_2-TCACGCTAGGATCACG-2,4
Folr1_E85_2-GTGTAACTCACGGGCT-2,1
Folr1_E85_2-ATTCCTAGTTGCGGCT-2,4
Folr1_E85_2-TCAGGTACACAGGATG-2,4
Folr1_E85_2-TCCGAAATCCAGCTCT-2,4
Folr1_E85_2-TATCTTGCAGGTAGTG-2,4
Folr1_E85_2-GTGTCCTGTACGCTTA-2,4
Folr1_E85_2-TCCTTCTGTCCGTTTC-2,3
Folr1_E85_2-TGACCCTGTAGACTGG-2,3
Folr1_E85_2-TGATCTTCAAACCACT-2,3
Folr1_E85_2-TACAGGTAGTGCCGAA-2,4
Folr1_E85_2-CAAGACTTCTAGGAAA-2,3
Folr1_E85_2-CACCAAAAGTCAGGGT-2,0
Folr1_E85_2-GAGTCATAGTACTGGG-2,3
Folr1_E85_2-AGATCGTCATTCCTAT-2,4
Folr1_E85_2-AGACACTGTCCTATAG-2,3
Folr1_E85_2-CGGGTCAAGTACAACA-2,4
Folr1_E85_2-ATGAGGGTCTGTTCAT-2,3
Folr1_E85_2-CTTAGGATCCACTAGA-2,3
Folr1_E85_2-TTCCAATGTGCGAACA-2,3
Folr1_E85_2-AGAACCTGTCGTATTG-2,1
Folr1_E85_2-TGACGCGCACAGTATC-2,3
Folr1_E85_2-GATGACTTCAATCTTC-2,3
Folr1_E85_2-TCGCTTGAGGCCCAAA-2,3
Folr1_E85_2-CTGCAGGCAATACCTG-2,4
Folr1_E85_2-AGGATCTCAGACAATA-2,4
Folr1_E85_2-GGTGTCGGTACGAGCA-2,4
Folr1_E85_2-GCGTTTCGTACGAGCA-2,4
Folr1_E85_2-AGGATAATCTAAGCGT-2,3
Folr1_E85_2-GTTGTCCAGCCGTAAG-2,3
Folr1_E85_2-ACTTATCTCAGGGTAG-2,1
Folr1_E85_2-ACACTGAAGTTGAAAC-2,3
Folr1_E85_2-TCATGCCGTCGTTTCC-2,1
Folr1_E85_2-GACTCAATCGAACCTA-2,not_majority
Folr1_E85_2-GATCATGGTCGATTCA-2,3
Folr1_E85_2-TCCACGTTCAAGTGTC-2,3
Folr1_E85_2-GGAGGTATCAGCGTCG-2,4
Folr1_E85_2-CTGTATTGTGATATAG-2,4
Folr1_E85_2-TGTCAGAAGCCAACCC-2,4
Folr1_E85_2-AATGGAATCTGCCTGT-2,3
Folr1_E85_2-AGTACCATCTCATTTG-2,3
Folr1_E85_2-GGTTAACTCGCGCCAA-2,3
Folr1_E85_2-CGTGCTTTCGAACCTA-2,0
Folr1_E85_2-GTGGAGAAGGACTATA-2,1
Folr1_E85_2-ACCTGAAAGCAGCGAT-2,4
Folr1_E85_2-CAGTTCCAGACCAAAT-2,0
Folr1_E85_2-CTGGCAGTCATCGACA-2,4
Folr1_E85_2-TACTTCACACCAGCGT-2,4
Folr1_E85_2-CGATCGGTCATTTGGG-2,not_majority
Folr1_E85_2-TGTGTGAAGGTAGTAT-2,3
Folr1_E85_2-TGATCTTTCTAAGAAG-2,3
Folr1_E85_2-AATCACGTCGTCTCAC-2,3
Folr1_E85_2-TCCCACACACTGTGTA-2,3
Folr1_E85_2-GACATCACAGCTCGGT-2,3
Folr1_E85_2-TTACCATAGTCGCTAT-2,1
Folr1_E85_2-GTGGCGTTCGTTGCCT-2,4
Folr1_E85_2-TGACCCTTCTGGGCGT-2,4
Folr1_E85_2-AAGTACCGTCTAGGCC-2,3
Folr1_E85_2-GAGATGGAGTAACCTC-2,4
Folr1_E85_2-GGAGGATGTACCATAC-2,3
Folr1_E85_2-GTGTAACGTCATGGCC-2,3
Folr1_E85_2-GTCTTTAGTGGATACG-2,4
Folr1_E85_2-CCGGGTAGTGTTAACC-2,3
Folr1_E85_2-CTGTGAAGTTGCTTGA-2,4
Folr1_E85_2-TGTTGAGGTGACAGGT-2,1
Folr1_E85_2-CCCGGAAGTCTGTCCT-2,4
Folr1_E85_2-TCGCTTGCAACGTAAA-2,1
Folr1_E85_2-TGCAGGCAGTCTGCGC-2,3
Folr1_E85_2-TAAGTCGTCAGTGTGT-2,4
Folr1_E85_2-CTAGACACAGCTCATA-2,3
Folr1_E85_2-TGTAAGCAGCCGCACT-2,4
Folr1_E85_2-CGGGACTAGGGAGAAT-2,3
Folr1_E85_2-GTCTTTATCTGCGGAC-2,4
Folr1_E85_2-GATTCGAGTTTGTTGG-2,3
Folr1_E85_2-GTCTGTCCAACTCGAT-2,4
Folr1_E85_2-ATAGGCTGTGTGGACA-2,3
Folr1_E85_2-TCTAACTGTGAGGATC-2,3
Folr1_E85_2-AGTGCCGAGGGTTAGC-2,4
Folr1_E85_2-GCAACATCAGGCCTGT-2,4
Folr1_E85_2-TCACGCTTCACAAGAA-2,1
Folr1_E85_2-CATCAAGAGCCTATCA-2,3
Folr1_E85_2-TTCGCTGGTGAGGATC-2,1
Folr1_E85_2-CGGCAGTGTACCAGAG-2,3
Folr1_E85_2-GGTTCTCAGCCTGGAA-2,1
Folr1_E85_2-TCTCCGAGTATGAGAT-2,3
Folr1_E85_2-GTGCTTCCATGACAAA-2,3
Folr1_E85_2-TGGATCATCGCAACAT-2,4
Folr1_E85_2-GGGCCATTCACTGATG-2,4
Folr1_E85_2-GCAGCTGTCAGTAGGG-2,3
Folr1_E85_2-GGGAGTACATTAGGCT-2,3
Folr1_E85_2-TGATGGTCACATAACC-2,3
Folr1_E85_2-CTCCATGCAGTGGTGA-2,3
Folr1_E85_2-CTCAAGACATCAGCGC-2,3
Folr1_E85_2-TTCGCTGGTACGCTAT-2,1
Folr1_E85_2-CACCAAACAATACAGA-2,3
Folr1_E85_2-TAGCACAGTGTTCATG-2,3
Folr1_E85_2-GAAGGACCACATAGCT-2,3
Folr1_E85_2-CCTGCATAGATTAGCA-2,4
Folr1_E85_2-TTTGATCCAAAGAGTT-2,3
Folr1_E85_2-CTACATTGTCTGATAC-2,3
Folr1_E85_2-ATCATTCAGGCTCTCG-2,3
Folr1_E85_2-GCCGTGAAGATTAGTG-2,4
Folr1_E85_2-GTCATGACATTAGGAA-2,3
Folr1_E85_2-TGCTTCGGTCCTCCTA-2,1
Folr1_E85_2-AATTTCCGTGTAGCAG-2,4
Folr1_E85_2-ACTCCCACATGACGTT-2,not_majority
Folr1_E85_2-TTTGGAGGTTAAGGGC-2,3
Folr1_E85_2-GTGCAGCAGTCAACAA-2,3
Folr1_E85_2-GTCGTTCGTTTCGGCG-2,4
Folr1_E85_2-GTCGAATGTCGCATTA-2,1
Folr1_E85_2-TCTTCCTCATACATCG-2,3
Folr1_E85_2-CCTGTTGTCAATCCGA-2,1
Folr1_E85_2-CGGACACAGGTTGCCC-2,3
Folr1_E85_2-GAGTTGTTCGACGCTG-2,1
Folr1_E85_2-CGTGATAAGTGTTGAA-2,4
Folr1_E85_2-TCGGTCTGTCGGCCTA-2,3
Folr1_E85_2-GTTGTGAGTATGGTTC-2,3
Folr1_E85_2-CAATGACAGACGCTCC-2,1
Folr1_E85_2-ATTACTCCAGTCTCTC-2,3
Folr1_E85_2-GGCACGTAGACTACGG-2,4
Folr1_E85_2-TATCCTAGTTCCTAAG-2,3
Folr1_E85_2-AAGTGAAGTATCGATC-2,4
Folr1_E85_2-GGGACCTGTCACGTGC-2,4
Folr1_E85_2-CATGCAAGTCGGATTT-2,3
Folr1_E85_2-ATTCAGGGTAGAGACC-2,4
Folr1_E85_2-TGTGAGTTCGAGTACT-2,1
Folr1_E85_2-TTCTAGTAGATAGCTA-2,2
Folr1_E85_2-TATATCCTCGGTAAGG-2,5
Folr1_E85_2-GATCATGGTAACGCGA-2,1
Folr1_E85_2-TACTGCCTCTTCGTGC-2,4
Folr1_E85_2-TTCTAGTGTTGATGTC-2,3
Folr1_E85_2-TTCACGCCAGCTTTCC-2,5
Folr1_E85_2-AGTACCACACGAAAGC-2,5
Folr1_E85_2-CTGCTCACAGCTACTA-2,1
Folr1_E85_2-TGAACGTGTTATCTGG-2,4
Folr1_E85_2-GGGCCATTCTCCTGTG-2,2
Folr1_E85_2-ATTCCATAGTGGGAAA-2,3
Folr1_E85_2-CTTACCGAGGTCGTGA-2,3
Folr1_E85_2-TGCGATACAATCTCGA-2,5
Folr1_E85_2-AAAGTCCGTCGTGGTC-2,3
Folr1_E85_2-CCGGGTATCCCTTGTG-2,3
Folr1_E85_2-CAGTGCGGTATAGGAT-2,4
Folr1_E85_2-GGTCACGCAAGTTCCA-2,3
Folr1_E85_2-ATTCACTGTTAGAGTA-2,1
Folr1_E85_2-GAACTGTAGAATCCCT-2,3
Folr1_E85_2-GTGGGAAGTAGCCCTG-2,3
Folr1_E85_2-TTGGATGGTATGAGAT-2,1
Folr1_E85_2-CATAGACCAGAGCTAG-2,3
Folr1_E85_2-CTAGGTACAGAGTAAT-2,not_majority
Folr1_E85_2-ACGTACACAACCGTAT-2,3
Folr1_E85_2-TACGGGCTCGAACTCA-2,1
Folr1_E85_2-TTGTGGAGTGCGGATA-2,4
Folr1_E85_2-GAGAGGTCATCTCCCA-2,2
Folr1_E85_2-TTCCGGTTCCGTGGTG-2,5
Folr1_E85_2-GCTGAATGTGGAAATT-2,5
Folr1_E85_2-CACAGATGTTGTCTAG-2,0
Folr1_E85_2-AATGACCTCTCGCTTG-2,1
Folr1_E85_2-GAGTTACTCGTTCCCA-2,5
Folr1_E85_2-CCCTAACAGTCCGTCG-2,3
Folr1_E85_2-TCGTGGGAGCTCCACG-2,3
Folr1_E85_2-AATTTCCCATAGCTGT-2,3
Folr1_E90_1-TCAAGCATCCACACCT-1,0
Folr1_E90_1-GTAACACTCTCCCTAG-1,0
Folr1_E90_1-TCCTCCCTCTGCCCTA-1,3
Folr1_E90_1-TACCTGCTCTTCGATT-1,4
Folr1_E90_1-TGCACGGCATCCCACT-1,0
Folr1_E90_1-AGGAAATAGGTGCTTT-1,1
Folr1_E90_1-CCGGTGACATTCGATG-1,3
Folr1_E90_1-TAAGCACTCACCTCTG-1,1
Folr1_E90_1-CTTCTCTCAAATCAGA-1,1
Folr1_E90_1-CCGTTCAAGCAACTCT-1,4
Folr1_E90_1-TGCGGGTTCATGCCCT-1,4
Folr1_E90_1-ATAGACCCAAGAATAC-1,4
Folr1_E90_1-CACTGGGAGCGTCTCG-1,4
Folr1_E90_1-GAGAAATGTGGAACAC-1,1
Folr1_E90_1-TCCTCTTAGTTAGAAC-1,4
Folr1_E90_1-TCTACATCACAAGCCC-1,4
Folr1_E90_1-GTTGTAGGTGTTGCCG-1,4
Folr1_E90_1-CGATCGGTCATACGAC-1,4
Folr1_E90_1-TCGAACAGTATTCCGA-1,3
Folr1_E90_1-GCTACCTAGACCTTTG-1,1
Folr1_E90_1-TCATGAGTCTCATGCC-1,1
Folr1_E90_1-GAATCGTCATGCAGGA-1,2
Folr1_E90_1-CTTACCGTCCGCCTAT-1,1
Folr1_E90_1-CCTCTCCAGAATCCCT-1,1
Folr1_E90_1-CCGTTCAAGAGAGAAC-1,3
Folr1_E90_1-TCAGGGCGTCAAGCCC-1,4
Folr1_E90_1-AATCGACCATGGCACC-1,4
Folr1_E90_1-CCGGACAGTTCGTAAC-1,3
Folr1_E90_1-ACACCAAGTATGTCCA-1,4
Folr1_E90_1-TCAGGTAGTCATACCA-1,4
Folr1_E90_1-TCGGGACAGAAATCCA-1,5
Folr1_E90_1-TGCGACGCATTGTCGA-1,3
Folr1_E90_1-CTTGAGAAGTTGCTGT-1,4
Folr1_E90_1-AACAAGATCACATCAG-1,4
Folr1_E90_1-CACTGTCGTACCTTCC-1,4
Folr1_E90_1-CATCGGGCAGGAAGTC-1,3
Folr1_E90_1-GTCTAGAAGACATCAA-1,1
Folr1_E90_1-GAGTTGTAGTATGAGT-1,4
Folr1_E90_1-TCCTTTCCACTTGAAC-1,1
Folr1_E90_1-CTTCCGACATAAGATG-1,1
Folr1_E90_1-CTCATTACAACACACT-1,1
Folr1_E90_1-AGGCATTGTCCATAGT-1,0
Folr1_E90_1-TGTACAGAGGGAGGTG-1,0
Folr1_E90_1-TCAAGCATCAAATAGG-1,0
Folr1_E90_1-TAGTGCACAGTCAACT-1,0
Folr1_E90_1-ACTATTCCATCTTCGC-1,3
Folr1_E90_1-AGGCCACGTTGAAGTA-1,0
Folr1_E90_1-AGTACTGCAGTTCTAG-1,3
Folr1_E90_1-GGGAAGTTCGCGCTGA-1,4
Folr1_E90_1-AATAGAGTCAGGAACG-1,4
Folr1_E90_1-AGGGAGTTCGGACCAC-1,3
Folr1_E90_1-ACGTCCTAGGGCCCTT-1,0
Folr1_E90_1-TTGACCCAGACTGAGC-1,1
Folr1_E90_1-GAGACCCTCGATACTG-1,4
Folr1_E90_1-AAACCCACAAACAGGC-1,0
Folr1_E90_1-ACCGTTCGTAGCGTTT-1,1
Folr1_E90_1-CTTTCAAGTCCAAAGG-1,3
Folr1_E90_1-GGAGGTAGTTGGGATG-1,1
Folr1_E90_1-GCAGCTGCAGATACCT-1,1
Folr1_E90_1-TAGACCAAGCGTATAA-1,3
Folr1_E90_1-TTGTTGTGTTCGGGTC-1,0
Folr1_E90_1-GGGCTCAAGTCTGCGC-1,0
Folr1_E90_1-TGCGATATCGACGTCG-1,0
Folr1_E90_1-ACTATTCAGCAATAAC-1,0
Folr1_E90_1-GAGTTTGGTCTCCTGT-1,1
Folr1_E90_1-TGCAGGCCAGGACATG-1,0
Folr1_E90_1-CCGGACAAGGATTTAG-1,1
Folr1_E90_1-TGGAACTCATGTGCTA-1,4
Folr1_E90_1-GTTCGCTTCCGTTTCG-1,0
Folr1_E90_1-GTCATTTTCACAACCA-1,4
Folr1_E90_1-TTGTTCAAGGTCCCTG-1,4
Folr1_E90_1-AACCATGAGAGAGTTT-1,3
Folr1_E90_1-ACGGTTAAGCTGGCCT-1,4
Folr1_E90_1-AGACCCGCATGCCATA-1,4
Folr1_E90_1-GTGTCCTTCAACTTTC-1,3
Folr1_E90_1-GACCGTGGTATACAGA-1,4
Folr1_E90_1-GTTAGACCATCTTCGC-1,3
Folr1_E90_1-ACCATTTTCCGTGGCA-1,4
Folr1_E90_1-CGCATAAAGACTACCT-1,3
Folr1_E90_1-AGTAACCCATGATAGA-1,1
Folr1_E90_1-ATCCCTGCACATCATG-1,0
Folr1_E90_1-AGACAAACATGCAGCC-1,1
Folr1_E90_1-CGAGGCTGTAGCTGCC-1,4
Folr1_E90_1-CTAACCCTCGGTTCAA-1,0
Folr1_E90_1-ACGCACGGTGCTCGTG-1,0
Folr1_E90_1-CTCAACCGTCGAATTC-1,4
Folr1_E90_1-GTGATGTCATGACTAC-1,0
Folr1_E90_1-GAACACTGTGACCTGC-1,3
Folr1_E90_1-ACTATTCCAATGAGCG-1,0
Folr1_E90_1-TCACATTGTTGGGAAC-1,4
Folr1_E90_1-GGGTGAACAACTTCTT-1,1
Folr1_E90_1-CCGGTGACAACTCGAT-1,1
Folr1_E90_1-TAAGCACAGACGCCCT-1,4
Folr1_E90_1-TGATCAGAGGCATCGA-1,1
Folr1_E90_1-TGCCGAGAGCCTGCCA-1,4
Folr1_E90_1-TTTCGATAGACCGTTT-1,4
Folr1_E90_1-TCGCAGGTCGGCGATC-1,4
Folr1_E90_1-AGGAATAAGTAATACG-1,0
Folr1_E90_1-TGTTGAGTCGGACGTC-1,0
Folr1_E90_1-TTCCTTCTCAGTCAGT-1,3
Folr1_E90_1-CGGCAGTTCTCGCGTT-1,1
Folr1_E90_1-AGGGTCCAGACAACTA-1,4
Folr1_E90_1-CCCATTGGTATAGGGC-1,1
Folr1_E90_1-GAAACCTGTCAGCTTA-1,4
Folr1_E90_1-CTCATGCCAGGCTATT-1,0
Folr1_E90_1-TTGGTTTGTACAAACA-1,4
Folr1_E90_1-CCCTGATAGTAGAATC-1,4
Folr1_E90_1-AATCGTGCAGTCTTCC-1,4
Folr1_E90_1-GAGGCAATCCTTGGAA-1,1
Folr1_E90_1-TCAGGGCGTTCAATCG-1,1
Folr1_E90_1-GTCACTCTCATGTCAG-1,3
Folr1_E90_1-ACTATTCTCGCCTTGT-1,3
Folr1_E90_1-CAAGAGGCAATCCAGT-1,0
Folr1_E90_1-ACACGCGAGCCTCTCT-1,0
Folr1_E90_1-GAGGGATGTTGAGGAC-1,1
Folr1_E90_1-GGTGATTCAGTAGTTC-1,0
Folr1_E90_1-ACACCAATCGGCTTGG-1,1
Folr1_E90_1-AGACTCACAGTTGTCA-1,1
Folr1_E90_1-ACATCGAGTCATGACT-1,0
Folr1_E90_1-ACATCCCAGAATCGAT-1,4
Folr1_E90_1-ACAAGCTGTGATACAA-1,0
Folr1_E90_1-CCACAAACATCATGAC-1,3
Folr1_E90_1-TTGAGTGGTTCTCGTC-1,4
Folr1_E90_1-ATTACTCTCGTGTTCC-1,4
Folr1_E90_1-AGAACAACAACTACGT-1,3
Folr1_E90_1-AGGTTACAGTTTCAGC-1,0
Folr1_E90_1-CCGGTAGAGAGCAGAA-1,1
Folr1_E90_1-ACTCCCATCCATGAGT-1,4
Folr1_E90_1-TTACCGCCATACCATG-1,not_majority
Folr1_E90_1-CGGACACTCCACTAGA-1,4
Folr1_E90_1-GTAGATCGTGACGCCT-1,3
Folr1_E90_1-GTCGTAAAGTGGTCAG-1,0
Folr1_E90_1-TTTGACTGTACTAGCT-1,3
Folr1_E90_1-ATGCATGCAGAAGCGT-1,1
Folr1_E90_1-CACTGTCAGAAGCTCG-1,0
Folr1_E90_1-CACTTCGGTAACTTCG-1,4
Folr1_E90_1-CTCCACAAGTATGATG-1,0
Folr1_E90_1-CCCTAACCAAAGCAAT-1,0
Folr1_E90_1-TTTGGTTCAGGTACGA-1,1
Folr1_E90_1-TTTCGATGTTGGGCCT-1,3
Folr1_E90_1-TCTGCCATCTTCTGGC-1,3
Folr1_E90_1-CGAATTGCAGTAGAGC-1,3
Folr1_E90_1-CACTAAGTCCGTCCTA-1,0
Folr1_E90_1-GGTGATTGTAGCGAGT-1,0
Folr1_E90_1-GGTAATCTCTGAGTCA-1,0
Folr1_E90_1-AGAGCAGTCTTACACT-1,4
Folr1_E90_1-TGTTTGTGTAAGATCA-1,not_majority
Folr1_E90_1-CATCGGGGTTGCTCAA-1,0
Folr1_E90_1-GAAACCTGTGAACTAA-1,4
Folr1_E90_1-CCACGTTGTTCCCACT-1,1
Folr1_E90_1-TCCATCGTCGAGAACG-1,0
Folr1_E90_1-TGACTCCTCTCGGTCT-1,0
Folr1_E90_1-AATCACGAGCTGCGAA-1,3
Folr1_E90_1-AGCGCCAGTTTACTGG-1,3
Folr1_E90_1-ACAAGCTCAACCGTAT-1,1
Folr1_E90_1-TGAGGGAAGTAAGGGA-1,1
Folr1_E90_1-GCAGTTACAACCCTCT-1,4
Folr1_E90_1-TTCTAGTCAATAACGA-1,4
Folr1_E90_1-ATTCATCCACACACTA-1,4
Folr1_E90_1-TGGGAGACATAGTCAC-1,1
Folr1_E90_1-TACACCCTCCCGAACG-1,1
Folr1_E90_1-GTCGTAAGTGAGACCA-1,3
Folr1_E90_1-TCTGCCAGTAATCAAG-1,4
Folr1_E90_1-GATTCTTAGTTATGGA-1,4
Folr1_E90_1-GGACGTCCAGTGGTGA-1,4
Folr1_E90_1-CGTAGTAAGAACGCGT-1,0
Folr1_E90_1-AATGCCAAGGGTCTTT-1,4
Folr1_E90_1-GATTCTTGTTTGTTGG-1,3
Folr1_E90_1-TCCTTTCTCGACATTG-1,5
Folr1_E90_1-AATCGACCATTGAGCT-1,4
Folr1_E90_1-TAAGTCGGTAATCAAG-1,3
Folr1_E90_1-TTCCGGTGTTGCTCCT-1,4
Folr1_E90_1-CCACGTTGTAGAGATT-1,0
Folr1_E90_1-ACACTGACAGTTGTTG-1,0
Folr1_E90_1-TTGGGCGGTTAAGACA-1,0
Folr1_E90_1-TGCCGAGGTCTGTAAC-1,4
Folr1_E90_1-AACAGGGCATGCGTGC-1,4
Folr1_E90_1-CGGGTGTAGCCTGCCA-1,0
Folr1_E90_1-AGGCCACAGATGAAGG-1,4
Folr1_E90_1-GAAGCGACAATGGGTG-1,3
Folr1_E90_1-TCTTCCTAGAGCAAGA-1,4
Folr1_E90_1-CATTTCAAGGGTCACA-1,0
Folr1_E90_1-GAGGGATCAGATCACT-1,3
Folr1_E90_1-AAGTACCGTGTCATGT-1,0
Folr1_E90_1-AAAGAACTCTAGGCAT-1,3
Folr1_E90_1-TCAGCAAGTCCTGTCT-1,0
Folr1_E90_1-AGTACTGCACCCTCTA-1,3
Folr1_E90_1-CTTCCTTGTGGTAACG-1,0
Folr1_E90_1-CGGTCAGCATCTCCCA-1,0
Folr1_E90_1-CAGTGCGTCACCGACG-1,1
Folr1_E90_1-ATTCCATTCTGAGCAT-1,4
Folr1_E90_1-CGCGTGAGTCCAGTTA-1,3
Folr1_E90_1-GTGCACGTCGACTCCT-1,3
Folr1_E90_1-CGAGAAGAGGGTCAAC-1,3
Folr1_E90_1-CTTCGGTGTACAAGTA-1,4
Folr1_E90_1-CTAGGTAGTAATCAGA-1,3
Folr1_E90_1-TATGTTCGTCGTATGT-1,3
Folr1_E90_1-TGGAGAGGTAGGAGTC-1,4
Folr1_E90_1-TCAGTGAAGACTTAAG-1,3
Folr1_E90_1-TGGCGTGAGACAACAT-1,0
Folr1_E90_1-GCAACCGAGTCCGCCA-1,3
Folr1_E90_1-AGACCATGTCTTGGTA-1,3
Folr1_E90_1-AGACCATCAGATTAAG-1,4
Folr1_E90_1-CCGAACGGTGAATTGA-1,0
Folr1_E90_1-CTTTCGGCATTAGGAA-1,0
Folr1_E90_1-TGGATGTTCTAGCCAA-1,4
Folr1_E90_1-TCCATGCGTTCCGCGA-1,4
Folr1_E90_1-ACCTGAACACCCTGAG-1,0
Folr1_E90_1-GTAGCTAGTTGCAACT-1,0
Folr1_E90_1-CTTGATTAGGGTGGGA-1,1
Folr1_E90_1-TCAGTTTAGCAGGGAG-1,4
Folr1_E90_1-TGGGATTTCAATGTCG-1,4
Folr1_E90_1-CGGTCAGGTCAGTTTG-1,1
Folr1_E90_1-GCCATGGTCAATGCAC-1,not_majority
Folr1_E90_1-AACTTCTTCTTCTTCC-1,1
Folr1_E90_1-GGCAGTCCAAAGTGTA-1,0
Folr1_E90_1-GCTTGGGGTGGCTCTG-1,0
Folr1_E90_1-AGCGCTGAGCAGTCTT-1,0
Folr1_E90_1-AGCATCAGTTCGGTCG-1,0
Folr1_E90_1-TATCAGGTCGTTGTAG-1,4
Folr1_E90_1-CCACGTTCATCCTATT-1,4
Folr1_E90_1-GTTGTCCAGCTCGACC-1,0
Folr1_E90_1-TTGAACGTCGAAGCCC-1,not_majority
Folr1_E90_1-AGTCTCCAGACGGTTG-1,1
Folr1_E90_1-ATTCCTATCGCCTTTG-1,4
Folr1_E90_1-CCGGTGACAAGCCATT-1,3
Folr1_E90_1-ACTGCAACATAGGTAA-1,0
Folr1_E90_1-CTTCTAACAGGTGGAT-1,4
Folr1_E90_1-TTACAGGCAGTGTGCC-1,3
Folr1_E90_1-GTAGAAAGTACCGGCT-1,1
Folr1_E90_1-AGCTTCCGTTGGTAGG-1,not_majority
Folr1_E90_1-TCGTAGAAGAAACACT-1,0
Folr1_E90_1-AATCACGCATTCACCC-1,4
Folr1_E90_1-ATTGTTCAGTAATACG-1,4
Folr1_E90_1-ACCCAAAGTGTATTCG-1,4
Folr1_E90_1-GGGTCACCAAAGTATG-1,3
Folr1_E90_1-CACTTCGTCGACGACC-1,0
Folr1_E90_1-GGGTAGAGTATAATGG-1,4
Folr1_E90_1-AAGGTAATCCGATGTA-1,4
Folr1_E90_1-GTATTGGCAACTTGCA-1,3
Folr1_E90_1-TGCATCCTCTCTGAGA-1,4
Folr1_E90_1-GGATGTTAGTGATGGC-1,3
Folr1_E90_1-GCCGTGAGTCTTGGTA-1,3
Folr1_E90_1-ATGATCGAGCAAGGAA-1,3
Folr1_E90_1-TTTGGAGAGTATGACA-1,3
Folr1_E90_1-CACGTGGGTACTGCGC-1,0
Folr1_E90_1-GATTCGATCAACTTTC-1,0
Folr1_E90_1-CACTGTCTCCGATTAG-1,3
Folr1_E90_1-TTACGCCAGTGCAGGT-1,3
Folr1_E90_1-GTGCAGCAGGACGCAT-1,0
Folr1_E90_1-TATTGCTAGGTACTGG-1,4
Folr1_E90_1-GTTACCCAGTTGTAGA-1,1
Folr1_E90_1-GAAGGACCATTGTACG-1,3
Folr1_E90_1-TCATCATAGGGAACAA-1,4
Folr1_E90_1-TCCTTCTTCAATCCGA-1,3
Folr1_E90_1-GGTAGAGAGGCCCAAA-1,1
Folr1_E90_1-ACCACAACAACTACGT-1,3
Folr1_E90_1-CAGCGTGCAGCCATTA-1,3
Folr1_E90_1-TTTACGTAGCACGATG-1,0
Folr1_E90_1-GTCGCGATCGCCAACG-1,3
Folr1_E90_1-TGTAGACAGTGCGACA-1,4
Folr1_E90_1-CCGATCTTCAGTGTTG-1,3
Folr1_E90_1-GACCCAGAGCATGGGT-1,3
Folr1_E90_1-GGGTATTCATAGTCAC-1,0
Folr1_E90_1-GGTAACTAGCCACCGT-1,0
Folr1_E90_1-CAGATACGTGTTCCTC-1,1
Folr1_E90_1-TCGCTCATCATCACTT-1,3
Folr1_E90_1-GTGTGATCATGTTTGG-1,0
Folr1_E90_1-TTGTTTGAGAGCATAT-1,3
Folr1_E90_1-TTACGCCAGTCATGAA-1,3
Folr1_E90_1-TACGGTAGTACGAGTG-1,3
Folr1_E90_1-CCATAAGTCCCTATTA-1,4
Folr1_E90_1-CAGATTGGTCCATCTC-1,4
Folr1_E90_1-GGGCTCATCAAGCTGT-1,3
Folr1_E90_1-GGAGCAAAGGATGTTA-1,not_majority
Folr1_E90_1-TCGTCCATCACTAGCA-1,0
Folr1_E90_1-AGTCAACGTATGAAGT-1,0
Folr1_E90_1-TCATCCGGTTACCCTC-1,3
Folr1_E90_1-TCCCAGTCAAACACGG-1,1
Folr1_E90_1-TCATGAGGTATATGGA-1,1
Folr1_E90_1-TGTTACTGTCGGAAAC-1,0
Folr1_E90_1-CGTAATGGTCCAAATC-1,3
Folr1_E90_1-GGGTATTTCGCCAACG-1,4
Folr1_E90_1-TGCTCCAAGCGAATGC-1,4
Folr1_E90_1-ACAACCAAGTAGGATT-1,4
Folr1_E90_1-TGTGATGTCGACGATT-1,0
Folr1_E90_1-GCTGCAGAGATCCCGC-1,4
Folr1_E90_1-CCGGTGACACCAGTTA-1,0
Folr1_E90_1-GCAGGCTAGAGCCGTA-1,3
Folr1_E90_1-GTTACGACAAGATCCT-1,1
Folr1_E90_1-TCCTTTCAGACGACGT-1,0
Folr1_E90_1-GTTGTAGAGGGCTGAT-1,4
Folr1_E90_1-ACCCTCATCCCTAGGG-1,0
Folr1_E90_1-GCCTGTTAGTCTAACC-1,3
Folr1_E90_1-ATGACCATCTGGGCGT-1,4
Folr1_E90_1-TCATATCAGGTTACCT-1,1
Folr1_E90_1-CATTGAGCACTTGACA-1,4
Folr1_E90_1-GTAGGTTTCTCGGTAA-1,3
Folr1_E90_1-ATCCATTAGGAGCTGT-1,1
Folr1_E90_1-AATGGAAAGACTACGG-1,3
Folr1_E90_1-GGGCGTTGTTACACTG-1,4
Folr1_E90_1-GGTAACTGTGGGTTGA-1,0
Folr1_E90_1-GACGTTAGTAAGCTCT-1,3
Folr1_E90_1-ACAAGCTAGCCTGTGC-1,4
Folr1_E90_1-ACAAGCTCAACACGTT-1,4
Folr1_E90_1-CTCTCGATCGGTCATA-1,4
Folr1_E90_1-ATTCTTGGTCTTGAAC-1,1
Folr1_E90_1-CCTAACCAGGGATCAC-1,0
Folr1_E90_1-CTTGATTGTGGATTTC-1,4
Folr1_E90_1-AACCACAAGTGGCGAT-1,0
Folr1_E90_1-GATAGCTTCCCTCAAC-1,4
Folr1_E90_1-CGCGTGAGTCGAGTGA-1,3
Folr1_E90_1-TATCTGTTCCTACGGG-1,3
Folr1_E90_1-CACTGGGAGGGTGGGA-1,4
Folr1_E90_1-TCATACTCAAACTGCT-1,0
Folr1_E90_1-AGCTACAAGGGTTGCA-1,1
Folr1_E90_1-GTGAGTTCATGAGGGT-1,4
Folr1_E90_1-GTTAGTGCACGTCATA-1,3
Folr1_E90_1-CCGTTCAAGTGTTGAA-1,5
Folr1_E90_1-GTGCAGCTCGCCAGAC-1,4
Folr1_E90_1-CTTGAGAAGGTAGTAT-1,0
Folr1_E90_1-GGGTTATTCTAGATCG-1,4
Folr1_E90_1-CTAGGTACAAAGACGC-1,4
Folr1_E90_1-CTATCCGCACCGTACG-1,3
Folr1_E90_1-TGATTCTTCCGATTAG-1,4
Folr1_E90_1-CCGGGTAGTAGATTGA-1,4
Folr1_E90_1-ACTTCCGCATCCCGTT-1,0
Folr1_E90_1-CTTCCTTAGACGGTTG-1,4
Folr1_E90_1-ATGAAAGCAAGAGAGA-1,3
Folr1_E90_1-CGTTGGGGTTCCTAGA-1,0
Folr1_E90_1-TACCGGGCAGGAAGTC-1,3
Folr1_E90_1-GTTAGACCAGCAGTAG-1,3
Folr1_E90_1-GGTGTTACAAGAAATC-1,4
Folr1_E90_1-GGCGTCAAGGTACAGC-1,4
Folr1_E90_1-GAGAAATAGATTGATG-1,0
Folr1_E90_1-TCGACCTTCCTCGATC-1,4
Folr1_E90_1-CATGCCTGTCGGTACC-1,not_majority
Folr1_E90_1-TGATGGTGTCGCATTA-1,3
Folr1_E90_1-CATTCTACAGCGACCT-1,4
Folr1_E90_1-TCCGATCTCTCGCTTG-1,4
Folr1_E90_1-GGGCGTTTCAAAGCCT-1,4
Folr1_E90_1-TCTCTGGGTACATACC-1,1
Folr1_E90_1-TCCCATGCAGACAAGC-1,1
Folr1_E90_1-GTTGTAGAGGATGCGT-1,4
Folr1_E90_1-ATGGAGGGTGCGTCGT-1,4
Folr1_E90_1-AGATCGTGTGCCGTTG-1,4
Folr1_E90_1-CGTAATGGTAACGTTC-1,0
Folr1_E90_1-AGTTCGATCTCGGTCT-1,4
Folr1_E90_1-CAAGACTTCGCAATTG-1,4
Folr1_E90_1-CTGTGAATCTCTCGAC-1,4
Folr1_E90_1-AGCGTATAGTTACGAA-1,3
Folr1_E90_1-GTCCACTGTCCGATCG-1,3
Folr1_E90_1-CTTGAGAAGGTGCTAG-1,4
Folr1_E90_1-CACTTCGTCCATAAGC-1,1
Folr1_E90_1-GATGACTGTCCGGACT-1,4
Folr1_E90_1-TGTGTGACACCGGTCA-1,4
Folr1_E90_1-GTACAGTAGTGAGGTC-1,1
Folr1_E90_1-TGCGGGTAGACTAGAT-1,1
Folr1_E90_1-CACGTGGGTGTTACTG-1,3
Folr1_E90_1-GATGCTAAGGAACATT-1,0
Folr1_E90_1-GCTTGGGCACCATAAC-1,4
Folr1_E90_1-GGTGAAGCAACACAGG-1,3
Folr1_E90_1-ACTATGGTCCGTATAG-1,3
Folr1_E90_1-TACACCCAGCGAATGC-1,4
Folr1_E90_1-CCTGCATAGCCATTTG-1,5
Folr1_E90_1-ATTATCCAGTGAGTGC-1,3
Folr1_E90_1-GGGCGTTTCTCTAGGA-1,4
Folr1_E90_1-CTTTCAACATACTTTC-1,1
Folr1_E90_1-GCCATGGCAATAGTCC-1,3
Folr1_E90_1-TCATACTGTCTACATG-1,4
Folr1_E90_1-CTAAGTGCACGATAGG-1,3
Folr1_E90_1-CACGTTCGTGCTGCAC-1,3
Folr1_E90_1-TGTTTGTGTAACGGTG-1,0
Folr1_E90_1-CGGGTGTGTGATACCT-1,3
Folr1_E90_1-GGTGAAGGTCATTCCC-1,4
Folr1_E90_1-AGGCATTAGGCTTCCG-1,4
Folr1_E90_1-ACGTCCTAGAATGTTG-1,0
Folr1_E90_1-TGTGTGAAGTTCCGTA-1,1
Folr1_E90_1-TATCTTGGTTCTGAGT-1,3
Folr1_E90_1-ACTTTCAAGTCACGCC-1,3
Folr1_E90_1-GGAACCCCAGACACCC-1,3
Folr1_E90_1-AGAGCCCTCTGGCTGG-1,0
Folr1_E90_1-CACGGGTCAAAGAACT-1,4
Folr1_E90_1-GACTCAAGTTAAGAAC-1,3
Folr1_E90_1-CTTCCTTAGACTCGAG-1,0
Folr1_E90_1-TTACAGGGTAAGGAGA-1,not_majority
Folr1_E90_1-CATCCGTAGCTCGTGC-1,4
Folr1_E90_1-CTACCCAAGTCGCCAC-1,0
Folr1_E90_1-AAACGCTCAGTGCCTG-1,3
Folr1_E90_1-CTAGACATCTCCTACG-1,4
Folr1_E90_1-TCTATACTCTGGCCGA-1,3
Folr1_E90_1-TGGGATTCAACCGATT-1,0
Folr1_E90_1-TAGAGTCTCAGGTGTT-1,1
Folr1_E90_1-TGAGGGACACATGGTT-1,3
Folr1_E90_1-CGATCGGTCACCTGGG-1,0
Folr1_E90_1-TCTCACGGTCGGATTT-1,4
Folr1_E90_1-TGCACGGTCGGCTGAC-1,4
Folr1_E90_1-CTTCTCTTCCCATTTA-1,4
Folr1_E90_1-CATTGTTTCCATTGGA-1,1
Folr1_E90_1-TAGAGTCTCAAGTGTC-1,3
Folr1_E90_1-AGATCCATCTGGACCG-1,4
Folr1_E90_1-CGAGTGCCAGCGTGAA-1,3
Folr1_E90_1-AGGGAGTAGGCTCACC-1,3
Folr1_E90_1-TGCGGGTGTAACGTTC-1,5
Folr1_E90_1-TCAGTCCTCTCAGGCG-1,3
Folr1_E90_1-TGGGTTACAAATACGA-1,4
Folr1_E90_1-TGTTGGATCTTTCGAT-1,4
Folr1_E90_1-TCGGGTGGTCAGCTTA-1,0
Folr1_E90_1-AGGAATAAGACGACTG-1,1
Folr1_E90_1-GCCATTCCAGGTACGA-1,3
Folr1_E90_1-TAAGCGTTCTGGCCAG-1,1
Folr1_E90_1-AAAGAACCAATCCTTT-1,3
Folr1_E90_1-AGCGCCAGTTCTTGTT-1,4
Folr1_E90_1-CACAGGCCAATGGCCC-1,4
Folr1_E90_1-TCGAAGTGTAGATCGG-1,4
Folr1_E90_1-GGACGTCTCAGGACAG-1,4
Folr1_E90_1-CAAGACTAGCTGAAGC-1,0
Folr1_E90_1-TCTTAGTCATACAGGG-1,4
Folr1_E90_1-CCGCAAGAGTGGGAAA-1,4
Folr1_E90_1-ATGAGTCGTCTACATG-1,3
Folr1_E90_1-TCCTCGATCCTCCACA-1,0
Folr1_E90_1-CTGTGAAAGACTTCAC-1,3
Folr1_E90_1-GTAATGCTCAATGTCG-1,0
Folr1_E90_1-ATGACCATCATGAAAG-1,1
Folr1_E90_1-AAAGTCCCAGAGGCTA-1,3
Folr1_E90_1-TTTGACTTCAGACCTA-1,not_majority
Folr1_E90_1-GGCTTGGCAACGGCTC-1,4
Folr1_E90_1-AACCACATCCCGAGTG-1,4
Folr1_E90_1-AGCGTCGCACTTGGGC-1,4
Folr1_E90_1-TCATTACTCACTCCGT-1,3
Folr1_E90_1-CAACGGCGTCGCGGTT-1,4
Folr1_E90_1-ATTCCATCACAAGTTC-1,4
Folr1_E90_1-CTTCAATGTGACTATC-1,0
Folr1_E90_1-ATCACAGTCGAGTTGT-1,4
Folr1_E90_1-CAAAGAACATCGATCA-1,0
Folr1_E90_1-GGGTTATTCAGACAAA-1,3
Folr1_E90_2-GTGGAGAAGCACCGTC-2,4
Folr1_E90_2-ATGGGTTAGTTGGCTT-2,4
Folr1_E90_2-CCCTGATCACTCCCTA-2,0
Folr1_E90_2-TTCTAACGTGAACCGA-2,3
Folr1_E90_2-ACGGTCGTCCTGCCAT-2,1
Folr1_E90_2-GTTTACTCAGCTTCCT-2,4
Folr1_E90_2-GTCGCGACAGACACCC-2,4
Folr1_E90_2-GGTGTTAAGGTCTTTG-2,1
Folr1_E90_2-CAGGCCAGTGATTCTG-2,1
Folr1_E90_2-TTTACTGGTGACTGTT-2,0
Folr1_E90_2-TAGGTACCACGGGCTT-2,3
Folr1_E90_2-GTTAGTGGTTATCTTC-2,4
Folr1_E90_2-AATAGAGCAGGAATAT-2,1
Folr1_E90_2-TCCCAGTCAGCAATTC-2,4
Folr1_E90_2-CACCAAACATAGATGA-2,4
Folr1_E90_2-TTGACCCTCTCACTCG-2,4
Folr1_E90_2-TTCTAACCATCCGATA-2,1
Folr1_E90_2-CTTCCTTCAGACAATA-2,4
Folr1_E90_2-AACCTGAAGGTTATAG-2,4
Folr1_E90_2-TCCCACACAACCTAAC-2,1
Folr1_E90_2-GAAGCCCCATCTCAAG-2,1
Folr1_E90_2-AGACAAAGTCTGTGTA-2,1
Folr1_E90_2-CGGAATTAGCGCTGCT-2,4
Folr1_E90_2-TTCCTTCCAAGTAGTA-2,1
Folr1_E90_2-CGAAGGAGTTACACTG-2,4
Folr1_E90_2-CGGAATTGTTTCGGCG-2,1
Folr1_E90_2-TCAATCTCAATGCAAA-2,4
Folr1_E90_2-TAATTCCTCGTGTGGC-2,4
Folr1_E90_2-AGATGCTCAAGACTGG-2,3
Folr1_E90_2-TCCTCCCGTTACCTTT-2,1
Folr1_E90_2-CACGTGGAGCTCTATG-2,1
Folr1_E90_2-ACTTCCGAGAGAGTGA-2,4
Folr1_E90_2-CTCCACATCACAAGAA-2,0
Folr1_E90_2-AGTCAACCATTCCTCG-2,4
Folr1_E90_2-AAAGTCCCAGGCTATT-2,1
Folr1_E90_2-TCAGTCCAGCAATTAG-2,0
Folr1_E90_2-TCCATGCTCTGTAACG-2,4
Folr1_E90_2-ACGTTCCTCTACCACC-2,3
Folr1_E90_2-TAATTCCAGCATTTGC-2,3
Folr1_E90_2-TGATTTCGTCATAGTC-2,0
Folr1_E90_2-GCATGATAGGTCACAG-2,0
Folr1_E90_2-AAGGTAAGTGCTAGCC-2,3
Folr1_E90_2-CTTCTCTGTTAAGTCC-2,0
Folr1_E90_2-TCAATTCAGCGGGTTA-2,3
Folr1_E90_2-AAGTGAAAGAGGTGCT-2,0
Folr1_E90_2-GTAATGCTCAAAGAAC-2,4
Folr1_E90_2-GAGCCTGTCAGGACAG-2,4
Folr1_E90_2-CTACATTAGGTTGTTC-2,3
Folr1_E90_2-GTCGAATAGGTAGTAT-2,1
Folr1_E90_2-GCAGGCTAGGAGATAG-2,3
Folr1_E90_2-CAGATACCACCGTACG-2,4
Folr1_E90_2-CTTTCGGGTGCCCTTT-2,4
Folr1_E90_2-TCCGTGTTCGCTGTCT-2,4
Folr1_E90_2-CCCTCAATCCCGTTGT-2,3
Folr1_E90_2-TCGAACAGTCGCTTAA-2,1
Folr1_E90_2-AGGTAGGTCGGCTTCT-2,0
Folr1_E90_2-GGGTTTATCTTGAGCA-2,0
Folr1_E90_2-TGATCAGTCATCCTAT-2,0
Folr1_E90_2-GCTACCTCAGGCACTC-2,4
Folr1_E90_2-CGTAGTACAGTGACCC-2,1
Folr1_E90_2-ACCTGAATCTGCCTGT-2,4
Folr1_E90_2-ATGCCTCTCCATCACC-2,1
Folr1_E90_2-TAGATCGTCAATCGGT-2,0
Folr1_E90_2-CGGGCATAGAATTCAG-2,1
Folr1_E90_2-TACTTGTCATTGTCGA-2,4
Folr1_E90_2-CAGATACAGCCGTTGC-2,4
Folr1_E90_2-CAATACGTCGCACGGT-2,4
Folr1_E90_2-CTGGACGAGAAGTATC-2,0
Folr1_E90_2-GGAAGTGAGTAGGTTA-2,4
Folr1_E90_2-TCTGTCGGTAACAGTA-2,4
Folr1_E90_2-ACGTACATCTAGCCAA-2,0
Folr1_E90_2-GTCGAATGTTGGCCTG-2,4
Folr1_E90_2-ATCCACCAGAGAGTTT-2,4
Folr1_E90_2-GTTATGGTCTGCATGA-2,1
Folr1_E90_2-TCCCATGCAAGAATGT-2,0
Folr1_E90_2-AGTACCAGTAGCTTAC-2,4
Folr1_E90_2-CCCTAACTCCACACAA-2,4
Folr1_E90_2-ATTCGTTCATTCTCCG-2,4
Folr1_E90_2-AGTTAGCGTGTCGCTG-2,4
Folr1_E90_2-TCTACATCACGTCATA-2,1
Folr1_E90_2-CGGACACCAAGGGCAT-2,3
Folr1_E90_2-CAAGACTTCGCACGGT-2,0
Folr1_E90_2-ACGTAGTCACGGGCTT-2,0
Folr1_E90_2-CTTGAGAAGACGCAGT-2,1
Folr1_E90_2-TGAGACTTCTTCCAGC-2,3
Folr1_E90_2-CATTGAGCATCTCGTC-2,4
Folr1_E90_2-TTACCATGTCCACTCT-2,4
Folr1_E90_2-CCGTTCATCTACTATC-2,0
Folr1_E90_2-TCAGTCCAGCAGGTCA-2,4
Folr1_E90_2-TTCCTCTAGGCTTTCA-2,1
Folr1_E90_2-GATTCGAGTCATATGC-2,4
Folr1_E90_2-AGGGCCTAGGGCAACT-2,1
Folr1_E90_2-CGGGACTTCACCCTCA-2,1
Folr1_E90_2-TGTTACTAGCGTTACT-2,3
Folr1_E90_2-TCACAAGCAGTGTGGA-2,4
Folr1_E90_2-CTCCTCCCACGCTGAC-2,1
Folr1_E90_2-GGGACCTAGCGCCTTG-2,1
Folr1_E90_2-TGGTACATCGAGAGCA-2,0
Folr1_E90_2-AACCACATCACCATGA-2,3
Folr1_E90_2-GTAATCGAGGCGTTAG-2,0
Folr1_E90_2-TGTAGACCAAGGATGC-2,4
Folr1_E90_2-GCAGGCTGTTTGCCGG-2,0
Folr1_E90_2-CTAGGTAGTCCAGAAG-2,1
Folr1_E90_2-ACATCGACACTGCATA-2,4
Folr1_E90_2-AAAGGATGTCACAATC-2,4
Folr1_E90_2-TTCCTTCCAGTTCCAA-2,4
Folr1_E90_2-CCTAAGATCCGATTAG-2,1
Folr1_E90_2-CATTTCATCCTCACGT-2,4
Folr1_E90_2-CCGGACATCACTACTT-2,1
Folr1_E90_2-AACCTTTAGGGCAGGA-2,4
Folr1_E90_2-TTACAGGCACGCTGCA-2,3
Folr1_E90_2-TCTGGCTGTCGAGTTT-2,3
Folr1_E90_2-GAAGAATGTTAATCGC-2,1
Folr1_E90_2-AATGACCAGCACTTTG-2,3
Folr1_E90_2-ACATGCATCATAAGGA-2,0
Folr1_E90_2-CTCATTATCTCACCCA-2,4
Folr1_E90_2-TTACGCCAGCTAATCC-2,3
Folr1_E90_2-AGTAGTCTCATCGCCT-2,3
Folr1_E90_2-CGTGATACATTGTCGA-2,4
Folr1_E90_2-CACAACATCGGAGTAG-2,1
Folr1_E90_2-ATTGGGTAGGGTAATT-2,0
Folr1_E90_2-CCGATGGCACTACCGG-2,1
Folr1_E90_2-CAACGATGTTCTCTAT-2,0
Folr1_E90_2-CACCAAAGTCACTTCC-2,4
Folr1_E90_2-GCAACCGTCTTCCTAA-2,4
Folr1_E90_2-TAAGCCAGTGGATGAC-2,3
Folr1_E90_2-GATCCCTCAGGTAGTG-2,0
Folr1_E90_2-AGCGTATCACAAACGG-2,4
Folr1_E90_2-GAGTTTGTCGATTTCT-2,0
Folr1_E90_2-CTGGACGCAGCAGTCC-2,1
Folr1_E90_2-AGTGATCGTGCCTAAT-2,3
Folr1_E90_2-AGTACTGGTCATCACA-2,0
Folr1_E90_2-CTAGACATCGAACGCC-2,0
Folr1_E90_2-TGGTAGTAGTGAGTGC-2,3
Folr1_E90_2-CGATGGCCAATTGGTC-2,1
Folr1_E90_2-GCTTGGGAGACCTCAT-2,1
Folr1_E90_2-GCACGTGTCGGTCGAC-2,3
Folr1_E90_2-TCATGAGCAAGTGGGT-2,0
Folr1_E90_2-TCTGTCGGTCAGGAGT-2,4
Folr1_E90_2-AGCCAATGTTGAGGAC-2,4
Folr1_E90_2-TGTCCACAGTTCTCTT-2,0
Folr1_E90_2-CCACAAACAGACTCTA-2,4
Folr1_E90_2-TACTGCCAGTAGTCTC-2,1
Folr1_E90_2-TCCAGAAGTTTCGTGA-2,1
Folr1_E90_2-GGGTCTGGTCAGTCTA-2,3
Folr1_E90_2-GGGTATTGTTCCTACC-2,4
Folr1_E90_2-ATGAGGGTCCATCACC-2,4
Folr1_E90_2-CAGCCAGCAACACGTT-2,0
Folr1_E90_2-CGGAGAAAGCAAATCA-2,4
Folr1_E90_2-GTAATCGTCAGGAGAC-2,4
Folr1_E90_2-ACCAACAGTCACAGAG-2,3
Folr1_E90_2-AGGAGGTCAACCAGAG-2,1
Folr1_E90_2-ACCTGAATCTCCAAGA-2,0
Folr1_E90_2-CCACACTAGGATGAGA-2,0
Folr1_E90_2-GTCAAACGTAGTGGCA-2,4
Folr1_E90_2-AAGAACAGTTACACTG-2,0
Folr1_E90_2-GCAGTTAGTCAATCTG-2,1
Folr1_E90_2-TCATCCGGTTTAGACC-2,1
Folr1_E90_2-CCCTTAGAGGAGCTGT-2,4
Folr1_E90_2-ACATTTCCAACCCTAA-2,1
Folr1_E90_2-AGGGAGTGTTAAGCAA-2,0
Folr1_E90_2-TATGTTCTCGATAACC-2,1
Folr1_E90_2-CCACACTGTTGTAAAG-2,not_majority
Folr1_E90_2-TACGGTACAAGAATAC-2,3
Folr1_E90_2-GACACGCCAACGGCCT-2,0
Folr1_E90_2-ACGGAAGTCGTTACCC-2,4
Folr1_E90_2-GATAGAAGTGCGAGTA-2,3
Folr1_E90_2-GCTTTCGTCTAACGCA-2,not_majority
Folr1_E90_2-GACTTCCTCCTGCCAT-2,3
Folr1_E90_2-TTTCAGTCACAAGCAG-2,1
Folr1_E90_2-TCTATACTCAGGTAAA-2,0
Folr1_E90_2-CCTATCGCACTGCTTC-2,3
Folr1_E90_2-CTCAACCTCTTGGAAC-2,4
Folr1_E90_2-CTTCTCTGTCCACACG-2,not_majority
Folr1_E90_2-CGGGCATTCTCCAAGA-2,4
Folr1_E90_2-AACACACGTCCATCTC-2,0
Folr1_E90_2-GTGGTTAAGACCAAGC-2,1
Folr1_E90_2-CAAGCTATCCACTTTA-2,0
Folr1_E90_2-GTTCATTCAGATGCGA-2,3
Folr1_E90_2-TACGTCCAGGAACGTC-2,1
Folr1_E90_2-CGCAGGTTCGCTTACC-2,4
Folr1_E90_2-TGGAGAGGTGTCTTAG-2,4
Folr1_E90_2-GCGATCGAGATGACAT-2,3
Folr1_E90_2-ACAGGGAAGACTCATC-2,1
Folr1_E90_2-TCCCATGGTGGTCTTA-2,0
Folr1_E90_2-TGATCAGTCGGAGTGA-2,0
Folr1_E90_2-AGAACAAGTCCGGATC-2,4
Folr1_E90_2-CGGGTCAGTGGACAGT-2,3
Folr1_E90_2-GTAACCATCACAGTGT-2,4
Folr1_E90_2-CCCGGAAGTTCCAAAC-2,1
Folr1_E90_2-GTGAGCCCATTCCTCG-2,3
Folr1_E90_2-TAATCTCCACCCAATA-2,0
Folr1_E90_2-ACCAACAGTCGAATGG-2,0
Folr1_E90_2-CAACAACAGTTTGTCG-2,4
Folr1_E90_2-GTCCACTAGATGCTGG-2,3
Folr1_E90_2-TGACGCGGTGAGATTA-2,0
Folr1_E90_2-GTGGGAAGTTAGAAAC-2,3
Folr1_E90_2-GTCAAACAGCCTCCAG-2,4
Folr1_E90_2-GACAGCCCATTGTACG-2,1
Folr1_E90_2-TGACGCGCATGGTGGA-2,1
Folr1_E90_2-TCCTAATCAATGCAAA-2,4
Folr1_E90_2-CTCAACCAGGCAGGTT-2,0
Folr1_E90_2-TCATACTGTCTTCAAG-2,3
Folr1_E90_2-TGGGCGTCACGACTAT-2,4
Folr1_E90_2-CGAATTGAGTTTGAGA-2,3
Folr1_E90_2-AGAAGCGCAGAATTCC-2,0
Folr1_E90_2-TCGAAGTCAAGACTGG-2,0
Folr1_E90_2-GAGTGTTAGGGTGGGA-2,3
Folr1_E90_2-CTACCCATCAATCAGC-2,4
Folr1_E90_2-CACAGATGTACCCAGC-2,3
Folr1_E90_2-AGCATCATCTTCGGAA-2,1
Folr1_E90_2-AACAGGGGTTGCCGCA-2,0
Folr1_E90_2-CTCCAACAGGGACTGT-2,4
Folr1_E90_2-CTTCTCTAGGAGATAG-2,3
Folr1_E90_2-GACGCTGAGTCACTCA-2,4
Folr1_E90_2-GTGCTTCGTTGTCTAG-2,0
Folr1_E90_2-TCATATCGTGGCCCAT-2,1
Folr1_E90_2-ACGTAGTTCCCGTGAG-2,0
Folr1_E90_2-AGATGCTCATAAGCAA-2,0
Folr1_E90_2-GGGAAGTCACTTGGGC-2,1
Folr1_E90_2-AAGGAATTCACAGAGG-2,4
Folr1_E90_2-GTCTTTAAGTGAGCCA-2,4
Folr1_E90_2-TGAACGTAGAATCGTA-2,0
Folr1_E90_2-CAATCGATCGCTTAAG-2,0
Folr1_E90_2-AGTGCCGTCAGAGTGG-2,0
Folr1_E90_2-CGTGTCTCAGACGCTC-2,1
Folr1_E90_2-ATGCATGCAGACTGCC-2,4
Folr1_E90_2-AGCATCAGTTTGTTGG-2,3
Folr1_E90_2-TTACGCCAGCAGTAAT-2,3
Folr1_E90_2-AATCACGTCAACGCTA-2,1
Folr1_E90_2-AGGTTACCAACTTCTT-2,1
Folr1_E90_2-CCTCATGGTCCACAGC-2,1
Folr1_E90_2-TTGACCCGTATCTTCT-2,3
Folr1_E90_2-CTCTGGTGTGCGGCTT-2,4
Folr1_E90_2-ACTCCCAGTCCCTGTT-2,1
Folr1_E90_2-CCTATCGGTCGGTAAG-2,0
Folr1_E90_2-TCTGCCACACGAGGTA-2,2
Folr1_E90_2-CTGCATCCACTAACGT-2,3
Folr1_E90_2-GGGCCATCACAAATAG-2,1
Folr1_E90_2-AGTAGTCTCAGATTGC-2,4
Folr1_E90_2-TATCTTGAGGATACAT-2,4
Folr1_E90_2-CACACAAAGGTAAGGA-2,3
Folr1_E90_2-AATCGACAGGGCAATC-2,5
Folr1_E90_2-TACCTGCCATTGCTTT-2,3
Folr1_E90_2-GTGAGTTGTTCAGCGC-2,0
Folr1_E90_2-CCTCAGTGTTCCACAA-2,0
Folr1_E90_2-GCCCGAAGTTCTCTAT-2,4
Folr1_E90_2-TGATTCTAGTGGTCAG-2,0
Folr1_E90_2-TCGGGACCATTGCAAC-2,0
Folr1_E90_2-CTCATCGCACGATAGG-2,4
Folr1_E90_2-TACTTACTCCATCTGC-2,1
Folr1_E90_2-GCCAACGCACCCTAAA-2,0
Folr1_E90_2-ACACTGACACCTCTAC-2,0
Folr1_E90_2-TCGAACATCGGTCTAA-2,0
Folr1_E90_2-CTCCGATTCTGACGCG-2,4
Folr1_E90_2-TCCGTGTCAAGCTCTA-2,4
Folr1_E90_2-GTGCGTGAGCTAATCC-2,0
Folr1_E90_2-GTTGTGAAGTCCGCGT-2,3
Folr1_E90_2-ATGCCTCGTCCCTAAA-2,0
Folr1_E90_2-CCTCAACGTGAGTAGC-2,0
Folr1_E90_2-AACCATGTCGTTCTCG-2,4
Folr1_E90_2-TTTATGCTCATCGCTC-2,4
Folr1_E90_2-ACGATGTCATCCTAAG-2,3
Folr1_E90_2-AGACCATTCCACAGCG-2,3
Folr1_E90_2-ACGTAACCAGCGTTTA-2,3
Folr1_E90_2-CCCTAACCAAGTTTGC-2,0
Folr1_E90_2-CGGAATTTCGTAGAGG-2,0
Folr1_E90_2-TACCGAAAGGATACGC-2,4
Folr1_E90_2-CGTGTCTAGTGTTCCA-2,3
Folr1_E90_2-ATACCTTGTCGTAATC-2,0
Folr1_E90_2-TGCTTCGCATGTGGCC-2,1
Folr1_E90_2-GATCACAGTGCTGTCG-2,4
Folr1_E90_2-TGTAAGCTCACCACAA-2,3
Folr1_E90_2-CAACGATTCAGCCTCT-2,4
Folr1_E90_2-TCGGGTGAGACGCATG-2,0
Folr1_E90_2-CCTATCGGTTCTCGTC-2,4
Folr1_E90_2-AGAGAATCATGAAGCG-2,4
Folr1_E90_2-CATTTCAGTTTGATCG-2,4
Folr1_E90_2-GCCAGCAGTCACGCTG-2,0
Folr1_E90_2-TGTAGACGTGTTACTG-2,4
Folr1_E90_2-GAGTGTTTCCGCAAAT-2,4
Folr1_E90_2-AAACGCTCAACAGCCC-2,4
Folr1_E90_2-CGTCCATTCAAGAGGC-2,1
Folr1_E90_2-CATTGTTGTCTGTCCT-2,4
Folr1_E90_2-TTCCGTGTCCGAGGCT-2,3
Folr1_E90_2-ATTCAGGCAATTGTGC-2,0
Folr1_E90_2-TAGGTACTCAAATGCC-2,1
Folr1_E90_2-TACTTGTCAGAACTTC-2,not_majority
Folr1_E90_2-AGTGATCGTTGAGGAC-2,4
Folr1_E90_2-GTATTTCTCCTCGATC-2,4
Folr1_E90_2-ATACCTTTCTAGAGCT-2,1
Folr1_E90_2-GAATCACTCAAGTGTC-2,3
Folr1_E90_2-GAATCGTCACGAAAGC-2,3
Folr1_E90_2-GAGTTGTAGTACTCGT-2,3
Folr1_E90_2-TGGGCTGAGCCACCGT-2,0
Folr1_E90_2-TCATCATCAAGAGTTA-2,4
Folr1_E90_2-GTTGTGAGTCTGATCA-2,1
Folr1_E90_2-AACAAAGGTCAATCTG-2,0
Folr1_E90_2-CTCCACACAAATCGTC-2,4
Folr1_E90_2-CGTAGTATCCATACTT-2,3
Folr1_E90_2-GTTACGACACAAACGG-2,3
Folr1_E90_2-GCACGTGAGCCTTTCC-2,3
Folr1_E90_2-ACGATCAGTCAGTCGC-2,4
Folr1_E90_2-TCCCAGTTCTCGACGG-2,4
Folr1_E90_2-GTAATGCAGCAGCCCT-2,3
Folr1_E90_2-CCTCCTCGTCGAACAG-2,4
Folr1_E90_2-AATGACCTCGTCAAAC-2,1
Folr1_E90_2-TCCATGCGTCTGTTAG-2,4
Folr1_E90_2-GGCTTGGAGTGGATTA-2,3
Folr1_E90_2-TGGTAGTAGTAAGCAT-2,not_majority
Folr1_E90_2-ACGGAAGCAGGCTACC-2,3
Folr1_E90_2-TCAATTCTCTGAGATC-2,0
Folr1_E90_2-GCAGCCAGTACCCACG-2,0
Folr1_E90_2-ACAAAGATCAAACTGC-2,0
Folr1_E90_2-GTCAAGTAGGCGAAGG-2,4
Folr1_E90_2-AGATCGTCAAGGTCGA-2,3
Folr1_E90_2-CAGAGCCTCCACTGAA-2,4
Folr1_E90_2-TAAGTCGCACGAAAGC-2,4
Folr1_E90_2-TAGGTACGTTCAACGT-2,3
Folr1_E90_2-TCACTCGTCGAGCCAC-2,not_majority
Folr1_E90_2-TATGTTCTCCTGCCAT-2,4
Folr1_E90_2-CCACACTTCCACTTCG-2,0
Folr1_E90_2-GGTCACGAGCCGTTGC-2,4
Folr1_E90_2-AGCCACGTCCATCTCG-2,1
Folr1_E90_2-TGATCAGAGCGCTGAA-2,4
Folr1_E90_2-CGTTGGGGTCCGGCAT-2,1
Folr1_E90_2-TGGGTTAAGACAGCTG-2,3
Folr1_E90_2-ACGTACACAGTTCCAA-2,0
Folr1_E90_2-GACTATGCAGTCGCAC-2,4
Folr1_E90_2-CTGCGAGAGTTGGGAC-2,3
Folr1_E90_2-GTAAGTCCATTGCCGG-2,0
Folr1_E90_2-GAGACCCCAGACCAAG-2,1
Folr1_E90_2-ATCCCTGCACAAGTTC-2,4
Folr1_E90_2-CCACACTCAAAGACTA-2,4
Folr1_E90_2-ATTCCCGTCGACTCCT-2,4
Folr1_E90_2-ACTTTCACAGGATTCT-2,4
Folr1_E90_2-CGCAGGTGTTCTCCCA-2,1
Folr1_E90_2-ACTACGACATTCTTCA-2,4
Folr1_E90_2-TGAATGCAGAGAATCT-2,3
Folr1_E90_2-TCCACGTCACATACTG-2,1
Folr1_E90_2-AACAACCGTCCTACAA-2,0
Folr1_E90_2-AATGCCACAGCGGTTC-2,4
Folr1_E90_2-CTGTGAAGTCAGGTGA-2,1
Folr1_E90_2-ATCCCTGGTTGCCAAT-2,0
Folr1_E90_2-CACGTTCAGTTCACTG-2,0
Folr1_E90_2-GGGAGTACATCGGATT-2,4
Folr1_E90_2-TTCCTAATCTCTTAAC-2,4
Folr1_E90_2-ACGTACAAGGTGCTTT-2,4
Folr1_E90_2-CATCCACCATGGAGAC-2,3
Folr1_E90_2-TACCTCGCAGTTAGGG-2,0
Folr1_E90_2-AGTAGCTTCGGTAGAG-2,4
Folr1_E90_2-CCTAACCTCTACTGAG-2,3
Folr1_E90_2-CCTACGTGTACCAGAG-2,4
Folr1_E90_2-TTAGGGTAGGGAGGCA-2,0
Folr1_E90_2-AGTCACAAGAGTGGCT-2,3
Folr1_E90_2-AGATCCACACATACGT-2,4
Folr1_E90_2-AAGACAAGTACCGGAA-2,3
Folr1_E90_2-TCCACGTTCAGTGTGT-2,4
Folr1_E90_2-GATCCCTGTCGTTATG-2,0
Folr1_E90_2-CCAATGAGTTTACGTG-2,4
Folr1_E90_2-CAGCAATAGTTAGTAG-2,4
Folr1_E90_2-TTAATCCTCTATTTCG-2,3
Folr1_E90_2-ATGGGAGGTACCCGAC-2,3
Folr1_E90_2-CACGGGTCAGGGAATC-2,1
Folr1_E90_2-AGGGAGTCAGCGGATA-2,4
Folr1_E90_2-AATCGTGTCGTAGGGA-2,4
Folr1_E90_2-GTTACCCTCGCCTATC-2,3
Folr1_E90_2-CAACGATCAGCGTACC-2,0
Folr1_E90_2-GAATCGTAGTAGTGCG-2,1
Folr1_E90_2-AAAGAACGTATGTGTC-2,4
Folr1_E90_2-TCGGTCTGTAGCGCTC-2,4
Folr1_E90_2-AATGAAGAGACGCTCC-2,4
Folr1_E90_2-GTTTACTTCAACCGAT-2,4
Folr1_E90_2-GGCAGTCTCCGAGTGC-2,1
Folr1_E90_2-TATACCTGTCTTTCAT-2,4
Folr1_E90_2-TTGCTGCTCCATCTCG-2,3
Folr1_E90_2-ACTATCTAGCAGCCCT-2,3
Folr1_E90_2-CAAGCTACATACAGGG-2,4
Folr1_E90_2-AGTACTGCACCTGATA-2,3
Folr1_E90_2-ATTCCATTCAAGTGTC-2,3
Folr1_E90_2-TCATACTTCACTAGCA-2,0
Folr1_E90_2-TTCTCTCGTCTCACGG-2,3
Folr1_E90_2-GTGCTGGCAAATGGTA-2,0
Folr1_E90_2-CCACCATAGGTCCCTG-2,0
Folr1_E90_2-TCATTTGTCCACGGAC-2,0
Folr1_E90_2-CCACGTTAGAGCTGAC-2,3
Folr1_E90_2-CCTTCAGCAAGACTGG-2,3
Folr1_E90_2-TGTTTGTAGGGATCGT-2,4
Folr1_E90_2-ATCGCCTTCAGAACCT-2,1
Folr1_E90_2-TGCTTCGTCGAAGTGG-2,4
Folr1_E90_2-TAATTCCCAGGTATGG-2,3
Folr1_E90_2-CAGCACGCAGAGTTCT-2,3
Folr1_E90_2-ATGAGTCTCTCATAGG-2,4
Folr1_E90_2-ATTCTTGTCGTGTGGC-2,1
Folr1_E90_2-CCTGCATAGAACGTGC-2,3
Folr1_E90_2-GGGACAATCTCGTGGG-2,4
Folr1_E90_2-GTCCCATGTCGAGCAA-2,4
Folr1_E90_2-CTCATTAGTGTCGCTG-2,4
Folr1_E90_2-TTTAGTCAGTAACGTA-2,0
Folr1_E90_2-CGAAGGAAGAAGATCT-2,0
Folr1_E90_2-GAGTTACGTCCAAATC-2,3
Folr1_E90_2-TCATATCGTATCCCAA-2,1
Folr1_E90_2-GTCTAGAAGGTGCTTT-2,4
Folr1_E90_2-TCACGCTCATCCCACT-2,4
Folr1_E90_2-TTACTGTCAGAGTAAT-2,0
Folr1_E90_2-TTTCAGTAGTAAGGGA-2,0
Folr1_E90_2-GGAAGTGTCTCGCTCA-2,3
Folr1_E90_2-ATGCCTCGTGCATTTG-2,0
Folr1_E90_2-AGGGCTCGTACAACGG-2,0
Folr1_E90_2-AGATAGACATCATGAC-2,0
Folr1_E90_2-TGCGGCATCCAACTGA-2,4
Folr1_E90_2-CATTGAGAGGTGCAGT-2,4
Folr1_E90_2-TACACCCTCCGATAAC-2,4
Folr1_E90_2-CTCCACAGTCTCGGGT-2,3
Folr1_E90_2-CTCCAACGTATTTCCT-2,4
Folr1_E90_2-GCACGTGCAGGAATCG-2,0
Folr1_E90_2-GTGGGAACAGTGACCC-2,4
Folr1_E90_2-ACAAAGAGTACTCCCT-2,0
Folr1_E90_2-TGTGGCGGTCGCGGTT-2,3
Folr1_E90_2-TAAGCACTCATTACGG-2,1
Folr1_E90_2-AGCTACATCGCCAATA-2,3
Folr1_E90_2-CATGGATAGGAACGTC-2,0
Folr1_E90_2-CCGATCTGTAACGCGA-2,1
Folr1_E90_2-GTTTACTAGGCCTTCG-2,3
Folr1_E90_2-CAGAGCCTCGAAATCC-2,3
Folr1_E90_2-ACAGGGAAGTTACGTC-2,0
Folr1_E90_2-GCACGTGGTGGCAGAT-2,3
Folr1_E90_2-CGCCATTGTGGATCGA-2,0
Folr1_E90_2-GTCGTTCCACTCAGAT-2,0
Folr1_E90_2-ACATCCCCATGTCTAG-2,0
Folr1_E90_2-TTGGGCGGTCGGCCTA-2,4
Folr1_E90_2-CTTCTAACAGCTTCGG-2,4
Folr1_E90_2-GATCATGAGGTCTTTG-2,3
Folr1_E90_2-CTCATTACAAACTCGT-2,3
Folr1_E90_2-TCATGAGCACTGGAAG-2,3
Folr1_E90_2-TGATCTTAGGGCAGAG-2,3
Folr1_E90_2-TGGAGGAAGAAGAGCA-2,4
Folr1_E90_2-AAACGCTAGCGATGCA-2,4
Folr1_E90_2-TGGATCATCCCATAAG-2,4
Folr1_E90_2-GTGCTTCCACATTCTT-2,3
Folr1_E90_2-GAACGTTTCGCTTGCT-2,4
Folr1_E90_2-TGCTCGTTCATGCCCT-2,3
Folr1_E90_2-CACTGTCAGGTAAAGG-2,3
Folr1_E90_2-CCGATGGGTCATGACT-2,0
Folr1_E90_2-TCGAACACAACCCGCA-2,4
Folr1_E90_2-CTACCCAAGACGTCGA-2,3
Folr1_E90_2-ACCACAACATGTGCCG-2,4
Folr1_E90_2-ACTTATCGTACGAAAT-2,4
Folr1_E90_2-CGTTGGGAGCGTATGG-2,1
Folr1_E90_2-TGGGAGAGTTATGACC-2,3
Folr1_E90_2-CAGCAGCAGCCATATC-2,4
Folr1_E90_2-TTTGTTGGTGCTGTCG-2,3
Folr1_E90_2-TGGGATTTCACGATCA-2,4
Folr1_E90_2-ATGCGATAGAACGTGC-2,4
Folr1_E90_2-TACACCCTCACTTTGT-2,4
Folr1_E90_2-TCCTGCACAAGTTCGT-2,1
Folr1_E90_2-CGTGAATTCGTGGGAA-2,3
Folr1_E90_2-CGTAGTAAGTTCCGTA-2,3
Folr1_E90_2-ACCACAAAGTACAGCG-2,4
Folr1_E90_2-ACAGAAACATATGCGT-2,3
Folr1_E90_2-CACCGTTTCTGGCCGA-2,1
Folr1_E90_2-GTGACGCCAGCAGTTT-2,3
Folr1_E90_2-ATCCTATGTGTCCAAT-2,4
Folr1_E90_2-TTCGCTGTCATTTCCA-2,4
Folr1_E90_2-GGAGAACTCGTCCTCA-2,3
Folr1_E90_2-AGGGTCCAGCATCGAG-2,4
Folr1_E90_2-GCAGCTGAGATGAAGG-2,3
Folr1_E90_2-ACTCTCGCAGAGGGTT-2,3
Folr1_E90_2-GGAGGATTCTGCATGA-2,3
Folr1_E90_2-TGCTTCGAGGATCACG-2,3
Folr1_E90_2-TCATTGTCAAGTCGTT-2,0
Folr1_E90_2-CTTCCTTGTAGACACG-2,3
Folr1_E90_2-GCTACCTCAGTAACGG-2,4
Folr1_E90_2-CGTGATAAGGGTGAAA-2,3
Folr1_E90_2-CTCTGGTCAGTGTGGA-2,4
Folr1_E90_2-AAGACTCGTCTCGCGA-2,4
Folr1_E90_2-GTTGTGAGTGACCGAA-2,3
Folr1_E90_2-GTGGAGAAGCCACTCG-2,4
Folr1_E90_2-TATCGCCGTACCTAGT-2,3
Folr1_E90_2-GGGAGATCATGAGAAT-2,0
Folr1_E90_2-GACTGATAGTCACTCA-2,0
Folr1_E90_2-TCATCATGTTACCTGA-2,4
Folr1_E90_2-TTTATGCTCTAAGGAA-2,3
Folr1_E90_2-GGACGTCAGAGCCGTA-2,3
Folr1_E90_2-CCTCTAGTCGGATACT-2,3
Folr1_E90_2-TGTAAGCGTACACGCC-2,0
Folr1_E90_2-TGAGGGAGTGGTTCTA-2,1
Folr1_E90_2-ACGGGTCTCAGCGGAA-2,1
Folr1_E90_2-CTTCTCTCATCACAGT-2,4
Folr1_E90_2-GTCCCATTCTGAATGC-2,4
Folr1_E90_2-TTGAGTGGTAGTGTGG-2,4
Folr1_E90_2-AAAGTGACAGATCCAT-2,4
Folr1_E90_2-TAGCACAAGTAGGTTA-2,0
Folr1_E90_2-TGGGAAGAGTATGGAT-2,4
Folr1_E90_2-TCCGTGTCAACACTAC-2,3
Folr1_E90_2-TGAGGGAGTCACCTTC-2,3
Folr1_E90_2-TCTAACTTCCTCACTG-2,4
Folr1_E90_2-AGACAAATCTGATGGT-2,3
