,0,1
WT65_1_CTCCCAATCATCAGTG-1,-0.7919927,9.1516075
WT65_1_TCTAACTGTCATCACA-1,-1.189906,9.359051
WT65_1_AGCATCACACTGCACG-1,-0.80024034,9.292637
WT65_1_AAGAACAAGAATCGCG-1,-1.1031177,9.470192
WT65_1_AGACAAATCCAACCGG-1,-1.4764761,9.931774
WT65_1_CCTACGTAGGCCCAAA-1,-0.6681322,9.182646
WT65_1_TGATGGTTCCAACACA-1,-0.5384505,9.380456
WT65_1_ATTGGGTAGAAGTGTT-1,-0.55465925,9.011754
WT65_1_GGCTGTGTCGACCTAA-1,-0.2589753,9.707489
WT65_1_GGTAATCCAAGTGCTT-1,-0.537937,9.94236
WT65_1_AAAGGGCAGCTCCACG-1,-1.739894,9.55117
WT65_1_ATGAGTCCAGGCACAA-1,-0.7680205,10.221477
WT65_1_GGGATGAAGCGTATAA-1,-1.5806245,9.78921
WT65_1_TTCACCGCATCCGCGA-1,-1.4519111,8.971893
WT65_1_GGGCTCACAGCAGATG-1,-0.7139087,9.055498
WT65_1_CTCTGGTGTTGGACCC-1,0.45563936,8.167355
WT65_1_CATTCCGGTGGAAATT-1,-1.2490467,9.54692
WT65_1_CGCAGGTCACCGAATT-1,0.22725175,9.368551
WT65_1_GGGCTACTCAGCTTCC-1,-1.4192042,8.896197
WT65_1_GCGGAAACAACACAGG-1,-0.2184655,9.075056
WT65_1_ACCCAAATCAACCTCC-1,0.08888399,9.158434
WT65_1_AGGCATTCAGCTAACT-1,-0.44005242,8.950742
WT65_1_TGCTTCGAGGTTCCGC-1,0.2779881,7.211331
WT65_1_ACGTAGTGTAGTCGGA-1,-1.5363622,8.788215
WT65_1_CATTCATAGACCTCCG-1,-1.0759777,8.415044
WT65_1_GAAATGAAGTGACCTT-1,-0.694648,10.241972
WT65_1_TCCTCGAAGGCAGGGA-1,-1.1975732,10.1941595
WT65_1_ACTGTGACACTGAGGA-1,-0.98751587,9.796361
WT65_1_AGGTCATAGACAGCGT-1,-1.3318188,9.463601
WT65_1_CCCTAACAGCTCGCAC-1,-0.889396,9.83394
WT65_1_TCGGTCTAGAAACACT-1,-0.8170037,9.596561
WT65_1_ACCCTCAAGGGAGTTC-1,-0.9606171,9.338735
WT65_1_TGGGTTAAGTTGCTGT-1,-1.5976094,9.216178
WT65_1_CCGTAGGTCAACCTTT-1,0.16646165,8.508702
WT65_1_GAGTTTGAGCTCTATG-1,-0.2400179,8.415157
WT65_1_TTCTAGTTCGCTCTAC-1,-1.3049674,9.792722
WT65_1_TTCACGCGTTTGGAAA-1,-1.7589307,9.334309
WT65_1_TTAGGGTGTGTCTTGA-1,0.65392834,8.374929
WT65_1_TGAGGGACAATATCCG-1,-1.1046588,9.125296
WT65_1_TACTTGTCATTCTCCG-1,-0.29568177,9.339007
WT65_1_CAACAGTCACTTCAGA-1,1.7140902,7.0505896
WT65_1_GTAACACAGCATGCGA-1,-1.4962856,9.607406
WT65_1_TCTTTGATCCATCGTC-1,-0.7999409,9.14975
WT65_1_CGGAATTTCCTACCAC-1,-1.0776621,9.37739
WT65_1_CCTTGTGCAGTCCGTG-1,-1.6101032,9.832038
WT65_1_GTATTTCAGGAACGTC-1,-0.5082462,10.118114
WT65_1_GTGAGTTGTACGTGTT-1,-0.6906228,9.880743
WT65_1_GGCGTCACACGACAGA-1,-0.6982766,9.069362
WT65_1_ATCCATTAGTAGGAAG-1,-0.3129848,9.183891
WT65_1_GCCAGGTTCTCTGAGA-1,-0.7048891,9.618999
WT65_1_ACGATGTTCATGTCTT-1,-1.3803337,9.687469
WT65_1_ATTGTTCTCATTCATC-1,-1.310722,9.1600065
WT65_1_AGTCATGAGATAACAC-1,-0.51865584,9.818154
WT65_1_ATAGGCTCACCATAAC-1,0.97007746,7.439186
WT65_1_ATGAAAGAGCTATCCA-1,-0.76044554,10.516878
WT65_1_GGGTATTAGCATCCCG-1,3.1560137,5.909495
WT65_1_TGCTCCAGTGATTAGA-1,-0.12685674,9.191744
WT65_1_AGTTCGACAGCTACTA-1,3.6233785,5.402415
WT65_1_GTTACGAAGCGTATGG-1,-1.3382285,9.510697
WT65_1_GTACAGTAGGGTCAAC-1,0.2605187,8.304652
WT65_1_TGAGCGCTCAGCGCGT-1,0.05000981,9.260434
WT65_1_TTCCTAACACGCAGTC-1,-0.41622317,9.34706
WT65_1_ATTACTCTCTCCGTGT-1,-0.45177457,10.723678
WT65_1_GTGCTTCGTGGTACAG-1,0.37947363,8.698317
WT65_1_CTCACTGCAACCAATC-1,-0.79661065,8.064769
WT65_1_AGGCTGCGTCCGGTCA-1,-1.2490205,8.626345
WT65_1_GACACGCTCTTAGTTC-1,1.7695606,6.823235
WT65_1_GGAAGTGCATTGTGCA-1,-1.2024285,9.369955
WT65_1_GTCCCATAGCTTTCCC-1,-1.5080367,9.049272
WT65_1_CTCCATGTCTTAGTTC-1,-1.1814516,9.367057
WT65_1_GCTGGGTTCCTCTAAT-1,-1.468591,9.250791
WT65_1_AGACACTCACCATATG-1,-0.031158281,9.03225
WT65_1_CGAGGCTTCGTGACTA-1,-0.22722414,8.733415
WT65_1_TGACAGTCAATTGCTG-1,-1.1344306,9.213382
WT65_1_TCACGCTGTGCAATAA-1,-0.78592426,9.945008
WT65_1_AGATAGATCCGGCTTT-1,-1.3902422,9.07787
WT65_1_GGTGATTGTACTGCCG-1,-0.5645596,8.232971
WT65_1_ACAAGCTGTACTCGTA-1,3.5435286,5.713366
WT65_1_TGGGCTGCACAGCTTA-1,1.5588075,7.215942
WT65_1_CGGTCAGCATTGCTTT-1,-0.58274007,10.630127
WT65_1_GGGACAACAAACGTGG-1,-1.7374014,9.4845915
WT65_1_AGCGCTGCATCATCTT-1,-0.8629957,8.885315
WT65_1_CGAGTTAGTATTGACC-1,-0.70062804,8.638977
WT65_1_GGCTTGGTCGAGTGGA-1,-1.8537711,9.565708
WT65_1_CTCAGAACAAGCCTGC-1,1.5567983,6.7533307
WT65_1_ATCCATTAGATGACCG-1,2.8974297,6.3355594
WT65_1_GCCCAGAAGGGTACAC-1,0.62775666,6.89188
WT65_1_TCTATACGTCTCACGG-1,-0.58116996,8.57843
WT65_1_GAGTGTTCAACAAAGT-1,2.5002296,6.788835
WT65_1_TGCAGATAGATGAAGG-1,-0.90052766,9.33267
WT65_1_TCTACATAGTTACGAA-1,-1.1011469,9.395113
WT65_1_GATAGCTAGTCAATCC-1,-1.686036,8.867278
WT65_1_GATGTTGGTGGCTAGA-1,-0.1883083,9.538712
WT65_1_CTCCCTCGTGGGTCAA-1,-0.2719585,9.625185
WT65_1_CGAGTTACAAGAGAGA-1,-0.07297623,8.510946
WT65_1_AGTAGCTTCTGATTCT-1,-2.080991,9.396876
WT65_1_AGCGTATAGAAACCAT-1,-0.101729654,9.661725
WT65_1_CGTAATGCATGTCTAG-1,-0.5833468,9.282365
WT65_1_AGATCCATCATTCGGA-1,-1.0401025,10.162304
WT65_1_TGGATCAAGTATTCCG-1,-0.846619,9.576918
WT65_1_TTACGCCCATCTGTTT-1,0.75243694,5.1715927
WT65_1_CGGAATTCAGCTTTGA-1,0.47765622,8.360455
WT65_1_GAGAGGTTCCGAGTGC-1,-1.843763,9.081237
WT65_1_TCGCTCACATGATAGA-1,2.3905416,6.2114305
WT65_1_TCACATTTCCGTATGA-1,-1.6872761,8.680255
WT65_1_ACCCTCATCCGACGGT-1,2.3436108,6.8868957
WT65_1_ACTCCCACACCCTGTT-1,-1.4793329,9.471427
WT65_1_GCTGAATTCATTGCGA-1,-1.8229716,9.256855
WT65_1_GGATCTAAGCCGTCGT-1,5.6813784,4.548214
WT65_1_TACCTCGAGGTTGAGC-1,-0.6669252,10.127864
WT65_1_TGTGCGGAGAGTCGAC-1,-1.1474063,10.217543
WT65_1_TTTGACTCAGGGTTGA-1,1.6185685,6.96456
WT65_1_GGTGGCTAGTTGGCTT-1,-1.2209415,9.068571
WT65_1_CATCCACCACACCTGG-1,-1.4853464,9.78208
WT65_1_CACGTTCTCCAACCAA-1,-1.3390514,9.484798
WT65_1_AAGACAACATTCGATG-1,-1.0861818,8.072931
WT65_1_GAGATGGAGCTCGAAG-1,-0.20827954,9.20076
WT65_1_TCCCACAGTGATTAGA-1,-0.71301854,7.980553
WT65_1_AAAGGATCAACGATCT-1,0.58376485,7.8490367
WT65_1_GTAGCTATCCTGCCAT-1,-0.28240812,9.926592
WT65_1_GGAACCCAGGACGGAG-1,-1.2708445,8.736455
WT65_1_TGATGGTGTTACTCAG-1,-0.5010259,10.462443
WT65_1_GCGAGAATCAATCGGT-1,-0.5925845,8.944855
WT65_1_TTCCGTGCAATAGTAG-1,-1.3159038,9.586634
WT65_1_ATACCTTTCAGGAGAC-1,4.7910147,5.147371
WT65_1_GTGTGATAGTCTCGTA-1,-1.041997,8.594149
WT65_1_TTGCTGCGTTCAAACC-1,-0.5762115,10.165596
WT65_1_TTACTGTCATAATCGC-1,-0.5550018,8.648925
WT65_1_GCACGTGTCACTTTGT-1,-1.2950289,9.245272
WT65_1_AGAAGCGGTTGCATAC-1,-0.07566928,9.164054
WT65_1_GCCATTCTCCACATAG-1,-0.24009877,8.746898
WT65_1_AGTAACCTCAGCCCAG-1,-0.68256617,9.50693
WT65_1_TTTCACATCACATCAG-1,-0.38587278,10.4431925
WT65_1_ATCACTTTCAGCCTTC-1,-1.3363119,9.147588
WT65_1_TCATGGATCACACCGG-1,2.0692773,7.1458144
WT65_1_ACGATGTTCGACGCGT-1,-1.0628808,9.46675
WT65_1_TCCAGAATCTAGCAAC-1,-0.73040485,9.251514
WT65_1_TCGTCCAGTTCCGCGA-1,-1.1579424,10.054134
WT65_1_CGGAATTTCACTCACC-1,-1.6409527,9.108676
WT65_1_AAACGAATCCAACCAA-1,1.4680643,7.0569525
WT65_1_GCCAGCACACTTGGGC-1,0.11841743,8.145378
WT65_1_ATTTCACGTGCAGGAT-1,-0.7527491,9.028276
WT65_1_GCGGAAATCAAGGACG-1,-1.5225714,9.889811
WT65_1_ACCATTTTCGAGCACC-1,2.6799355,6.6525183
WT65_1_TAGCACATCATACAGC-1,-1.9031296,9.265019
WT65_1_GTTGCGGGTGTCCGGT-1,-0.73438126,8.949672
WT65_1_TAGAGTCTCTATCGTT-1,-0.87045705,9.383621
WT65_1_GGTAGAGCAATACCCA-1,0.48529965,7.529105
WT65_1_GACCCAGGTGATAGTA-1,-0.9768949,10.287152
WT65_1_ACACAGTTCCCATTCG-1,-0.69906026,8.781421
WT65_1_AAATGGACACCAGCGT-1,0.39416632,8.149199
WT65_1_ACGTCCTTCCGGTTCT-1,-1.098559,10.063358
WT65_1_GTTCATTAGTGGCCTC-1,-0.2534092,9.549912
WT65_1_GGATGTTGTGCCGTAC-1,-0.8201991,9.248093
WT65_1_ATGCCTCAGCAAACAT-1,-0.11502877,9.909741
WT65_1_GGCACGTCATGACAGG-1,-1.4309504,10.083588
WT65_1_TCACTATGTTACGATC-1,-1.1934332,9.500731
WT65_1_TTAGTCTGTCACTCGG-1,-0.7973624,10.231767
WT65_1_GTGCTTCCAGAGGGTT-1,-1.1898857,10.198827
WT65_1_TACATTCTCTATGTGG-1,1.8123184,5.466417
WT65_1_ACGTAGTTCCGAAATC-1,-1.3184255,8.460469
WT65_1_TAGGGTTCACAACGAG-1,0.054974888,8.868571
WT65_1_TTTACGTTCGCTTGAA-1,-0.7797803,9.333364
WT65_1_AGGAGGTGTCCAGAAG-1,-0.70569724,10.3138685
WT65_1_CAATACGGTAGCGAGT-1,-1.3855172,9.236499
WT65_1_GTCATGATCGAGTGGA-1,-0.6240246,9.320063
WT65_1_AGCGCCATCGTAGTGT-1,-0.961267,8.741789
WT65_1_CAGGTATAGAGCGACT-1,-0.5201094,9.828802
WT65_1_ATAGGCTTCTGCTGAA-1,-0.6792473,9.5993185
WT65_1_GCATGATAGCCATATC-1,-1.8409009,9.203222
WT65_1_GAAGGGTTCGAATGCT-1,-1.0741448,8.306161
WT65_1_CATGGTAAGAACAGGA-1,-0.9997432,10.193494
WT65_1_CCTTCAGCAGGAGGTT-1,-0.88804084,8.313071
WT65_1_ATACCTTCAGATTTCG-1,-1.3258039,9.103947
WT65_1_GGAGATGGTCCTATAG-1,-1.4605653,8.990486
WT65_1_GCGGATCAGCTCGGCT-1,-1.3908373,9.227425
WT65_1_CATGCAACAATCCTAG-1,-1.3692069,8.806543
WT65_1_GAGACCCTCGGTCTAA-1,2.3484466,5.969066
WT65_1_GTCTAGACAGTCAGCC-1,0.43182406,9.503334
WT65_1_GAAACCTTCCAACTGA-1,-1.1686652,9.729732
WT65_1_TTGTTGTAGTGTACCT-1,-0.52562606,9.282746
WT65_1_CAGGGCTGTTGGAGGT-1,-1.383054,9.6191435
WT65_1_GTTGCGGCAACGGCCT-1,-1.4420407,9.246243
WT65_1_ACCTGTCTCGACACCG-1,-1.2747998,9.863042
WT65_1_ACGATGTAGAGTTGTA-1,-1.0541127,10.278618
WT65_1_TGTGAGTAGTAAGACT-1,-0.6375927,9.908784
WT65_1_TGCATGACATCTGGGC-1,-1.5679027,8.876403
WT65_1_ACGTCCTTCCCTTGGT-1,-1.075087,9.476927
WT65_1_AGTCACACAGAGATTA-1,-0.89557374,9.482802
WT65_1_CAACCAACAGACGGAT-1,-0.2608266,9.323293
WT65_1_CACAGATAGTAGACAT-1,-0.11560413,8.627037
WT65_1_TGCGATAAGGGTCTTT-1,0.7808222,6.644268
WT65_1_GTGGCGTTCCCAAGCG-1,-0.42888585,10.250545
WT65_1_TCATGGACAATCCTAG-1,-1.8180742,8.634088
WT65_1_GGTGGCTCATAGAAAC-1,1.0757463,8.247521
WT65_1_TCTCAGCCACTGAGTT-1,-0.16220942,10.45073
WT65_1_TCTCCGAAGGTGGGTT-1,2.1387126,6.285735
WT65_1_CTTCCTTGTGACTAAA-1,-0.9990803,8.773872
WT65_1_GTTCATTCATGACGAG-1,0.043494698,9.02567
WT65_1_TAAGCACAGGAAAGGT-1,-0.83315563,10.188591
WT65_1_CACTGGGAGACGAGCT-1,-0.724728,9.525556
WT65_1_GTGTAACTCATCTCTA-1,-1.1251347,9.565858
WT65_1_TGCGGGTGTGATTCTG-1,0.10878868,7.888414
WT65_1_GGGACCTTCACCTCAC-1,-0.7325407,8.572083
WT65_1_TTCCAATGTAAGATTG-1,-1.2421099,9.44952
WT65_1_TCCATCGAGAGTCTGG-1,-0.19462305,9.541689
WT65_1_TGACCCTAGAGCGACT-1,-0.67838764,9.84138
WT65_1_CTGCAGGTCTTCGATT-1,2.1788237,5.6061935
WT65_1_GCACGGTTCTGACCCT-1,-0.6421934,8.588308
WT65_1_GACCCAGCACAAGTGG-1,-0.7952656,9.717813
WT65_1_AGGGCCTTCTATGCCC-1,-0.6199424,9.502858
WT65_1_TTTGGTTCACAGTCCG-1,-1.3219138,9.134955
WT65_1_TGTCCTGTCAAGTGGG-1,-1.6146009,9.576138
WT65_1_TTCCGTGGTTTCGTTT-1,2.3691406,6.190015
WT65_1_CGAGTTATCGGTGTTA-1,-1.6029575,9.646559
WT65_1_TTCACGCGTTATGGTC-1,0.011832761,9.432173
WT65_1_GGGACAATCCGGACTG-1,-0.8222345,10.257733
WT65_1_GTCAGCGTCAACCTTT-1,-0.49861693,8.717339
WT65_1_ATCGGATTCTTCGGTC-1,-0.8452842,9.725076
WT65_1_GCCCAGAAGTATGACA-1,-0.49046707,9.49016
WT65_1_ATTATCCGTTAAACCC-1,-0.1588951,9.774538
WT65_1_TCTTAGTAGGCGTTAG-1,-1.5435593,9.156011
WT65_1_GTCCTCAAGATTCGCT-1,-0.37768576,10.673101
WT65_1_AGTCTCCTCATCTGTT-1,-1.2152692,10.312082
WT65_1_ACTATTCAGTCCGTCG-1,-0.43733755,9.088382
WT65_1_TCTGGCTAGTCCTGCG-1,-1.5127031,9.747055
WT65_1_GATGTTGAGACGAGCT-1,-1.7472448,9.5632
WT65_1_AAACGAATCTCCCTAG-1,1.8537898,0.5504821
WT65_1_CATACTTCAGCACGAA-1,0.98016995,7.204747
WT65_1_AGGACGAGTCCGGTCA-1,-0.62335086,9.156171
WT65_1_GTAAGTCCACTCATAG-1,-0.55045766,9.769457
WT65_1_AGGCTGCGTCTGATAC-1,-0.40449145,10.034869
WT65_1_GACACGCGTGCAGTGA-1,-1.6036733,9.938108
WT65_1_GCTTTCGGTGTGATGG-1,-1.101077,9.757668
WT65_1_AGGGAGTAGGCCACTC-1,-0.5084101,9.7548685
WT65_1_GGAGAACTCCACTTCG-1,-0.5276893,9.156267
WT65_1_GATTGGTTCCTGGCTT-1,-0.025718637,9.058889
WT65_1_TAACGACAGTGGCCTC-1,-1.3546687,9.550363
WT65_1_CACTGGGGTCTCAGAT-1,-0.21073627,10.550931
WT65_1_CCTAACCCAGGTATGG-1,-0.60000086,9.10572
WT65_1_GACGCTGGTCGCAGTC-1,4.305493,5.1813927
WT65_1_TGTGATGAGCACTGGA-1,0.36067626,8.865473
WT65_1_CAGATACAGTGATGGC-1,-0.71109784,9.134298
WT65_1_CACAGGCAGGCCTAGA-1,3.2779126,6.319867
WT65_1_GCTGGGTTCGCATTAG-1,-1.4793233,9.367919
WT65_1_TCCCATGCACTCCTTG-1,0.19961892,8.351124
WT65_1_TCAAGACAGTTCATGC-1,3.6824355,5.596452
WT65_1_TTGTTCAAGCTACTAC-1,-0.7728246,7.763196
WT65_1_CAGAGCCAGGACAGCT-1,-1.0087737,8.618866
WT65_1_TGTCCCACATTATGCG-1,0.3341425,8.088064
WT65_1_GACCGTGCACCGAATT-1,-0.552941,9.250209
WT65_1_ATGGGTTCAACGGCCT-1,-1.3670225,10.011142
WT65_1_CCGGGTAAGTAAGACT-1,-1.0120343,8.445752
WT65_1_GGAGAACGTCTGATAC-1,-0.37688646,8.599985
WT65_1_CTCCACACATTACTCT-1,-0.048519764,9.076969
WT65_1_TATCCTAGTGTAAATG-1,-1.3823346,8.964679
WT65_1_GTGTTCCTCGCTTAAG-1,0.022741912,9.044697
WT65_1_GTGAGGAGTGGATACG-1,-0.6064759,9.063625
WT65_1_GTAAGTCGTCAAGCGA-1,-0.8517302,10.678148
WT65_1_TTCTAGTAGGCTCACC-1,-0.6920002,9.518878
WT65_1_AGCGATTTCGCTTGCT-1,-1.3220059,9.007002
WT65_1_TTGTGTTCATCAGCAT-1,-1.3253012,9.039179
WT65_1_TCTTAGTAGAGAGTTT-1,-1.3536283,9.522801
WT65_1_ATACCTTGTCTCACGG-1,0.1481559,9.837202
WT65_1_CTTTCGGGTTACGCCG-1,-1.2782688,8.618714
WT65_1_GGCTTGGGTATCAGCT-1,-1.2940915,9.732186
WT65_1_CCAATGACACTTGTCC-1,1.8144578,6.869603
WT65_1_CCTCCAAGTATATGGA-1,1.9968195,6.925577
WT65_1_ACTGCAACAAGGGTCA-1,-0.30581528,9.120001
WT65_1_ACCCTTGCAATCAAGA-1,0.3320031,8.8691845
WT65_1_TATCAGGGTGCCTATA-1,1.0334642,7.8701134
WT65_1_ACTATGGTCTTAATCC-1,-0.82788235,9.280981
WT65_1_GCAACCGGTAGCTTAC-1,-1.3800691,9.269849
WT65_1_GCTACCTCATCTGCGG-1,-0.034899138,10.051607
WT65_1_AGAAGCGCAAGCGAGT-1,1.6841,6.397645
WT65_1_CAATGACCACGGTCTG-1,-0.2221388,9.534033
WT65_1_GCTTCACAGTGAGGTC-1,-1.0099123,9.686299
WT65_1_GTGAGGAGTTTAAGGA-1,-0.561975,10.01839
WT65_1_ATCCCTGTCCACAGGC-1,-1.1649759,8.903814
WT65_1_GCATGATGTCTGTGGC-1,-0.6865256,10.064935
WT65_1_ATGTCCCCAGCTCCTT-1,0.61272866,8.680021
WT65_1_GAGCCTGTCTTGATTC-1,-1.6087487,9.144254
WT65_1_CACGTTCAGCCTCGTG-1,-1.5180045,9.627138
WT65_1_CTGTGAAGTGTGTCGC-1,0.21240954,8.617078
WT65_1_CTGTGGGAGCTTTCTT-1,-1.3580737,9.434961
WT65_1_AGACCCGAGACATAAC-1,-0.942181,9.181171
WT65_1_CTATCTAAGTGTGTTC-1,-0.52193207,8.541565
WT65_1_GGAATGGAGCTAATGA-1,-0.56720227,10.177315
WT65_1_ACGCACGAGTGGTCAG-1,3.1004112,6.3002954
WT65_1_ACATCGACACAAATAG-1,-0.7694116,9.8165455
WT65_1_GGGAAGTTCACGGTCG-1,2.447496,6.7279763
WT65_1_ATGCATGTCCGAGGCT-1,5.4360533,5.018139
WT65_1_CTAACTTGTCTGTGCG-1,2.8566883,6.714305
WT65_1_GTGTGATCATGACGGA-1,-1.6183208,9.294187
WT65_1_CTATCTAGTCTTTATC-1,-0.6332098,8.452161
WT65_1_GTGTGGCCATGTTCGA-1,0.08989598,9.3852005
WT65_1_CCTAAGAAGTTCCTGA-1,0.14782713,9.0042715
WT65_1_GGGACAACAGGGAGAG-1,3.4747403,5.3212996
WT65_1_TTGCTGCAGTTGTAGA-1,-0.08470144,7.7081494
WT65_1_AGTGATCAGCGAGAAA-1,3.8823254,5.624785
WT65_1_CTCAGTCTCGTCGACG-1,-0.02175272,9.011512
WT65_1_GTCTGTCAGACCATGG-1,0.32868156,9.25759
WT65_1_TCAGGGCAGAAGCGGG-1,-0.25177732,9.775833
WT65_1_GCAGGCTCAGGACAGT-1,-0.62777156,9.026388
WT65_1_TTACTGTAGTAAACGT-1,3.5725503,6.6896167
WT65_1_TCGTGGGAGCCAGACA-1,-0.34317315,10.560582
WT65_1_GCCGTGACAACGGCTC-1,0.06751723,9.386913
WT65_1_TGCTCGTTCATTGCGA-1,-0.6098562,10.239324
WT65_1_TTCGGTCGTACCTTCC-1,-1.8717997,9.843381
WT65_1_AGATCGTGTTAGTTCG-1,-0.73082,8.37316
WT65_1_CATAGACGTCTTAGTG-1,0.145967,9.420844
WT65_1_CTAACTTGTTGCACGC-1,1.355851,6.0596004
WT65_1_GTGCAGCCAAATCAGA-1,-0.3243624,9.5433035
WT65_1_ACACCAACAATGAACA-1,0.001896223,8.860221
WT65_1_CCGATCTAGTTCGGTT-1,-0.44182408,8.468716
WT65_1_ATGTCCCAGGCTTAAA-1,-1.001465,9.14149
WT65_1_GACACGCCAGATCACT-1,0.09951799,10.1904545
WT65_1_AATTCCTTCTCTTAAC-1,2.503791,6.918988
WT65_1_ACTGTGAAGCGACATG-1,-1.5191181,9.39123
WT65_1_ATTCTTGTCTCTTCAA-1,-1.1526747,10.029809
WT65_1_TCAGTTTGTCGTGTTA-1,-1.0529883,9.792763
WT65_1_AATTCCTAGTCATGGG-1,-0.18076089,9.195105
WT65_1_GTCTCACCAAGAAATC-1,1.7240338,6.274214
WT65_1_CTAACCCTCGACCACG-1,-1.706098,9.1550665
WT65_1_ATCACAGCAATTTCCT-1,-0.051743794,7.0779624
WT65_1_TTTCAGTCAGTCTTCC-1,-0.5350612,9.26834
WT65_1_CCTCAGTGTCGAGCAA-1,-0.749544,9.205748
WT65_1_GCGGAAAGTTGTAGCT-1,-0.606819,8.730451
WT65_1_TTCACCGGTGCAATGG-1,-0.57742226,8.429026
WT65_1_GGGCGTTTCACTGTTT-1,-0.61578554,9.48597
WT65_1_CCCTCTCCATCATTTC-1,-1.3458232,9.12147
WT65_1_CGTGAATTCTCTCGAC-1,-1.231774,9.140273
WT65_1_CAGCAATTCGTGTCAA-1,-0.39933443,10.135519
WT65_1_TGGAGAGCACAGAGAC-1,0.08236458,8.303973
WT65_1_TTACGCCCACCAGCGT-1,-0.18713178,9.043452
WT65_1_CGATGCGCAAAGTATG-1,0.14761737,9.189134
WT65_1_ATCAGGTTCTTTGATC-1,-0.18015401,9.551087
WT65_1_AAGCGAGTCGAGTGAG-1,-0.10890875,9.338574
WT65_1_TACGTCCTCGCGTGAC-1,-1.1559129,9.681123
WT65_1_ACAGCCGGTACCTATG-1,1.4202939,6.9311604
WT65_1_TCAAGCAAGCTAAGTA-1,-1.5477504,9.124875
WT65_1_TCATCATCATCTTCGC-1,2.4475858,5.645461
WT65_1_GCAGCCAGTGACTATC-1,0.53263235,8.739764
WT65_1_AACCCAAAGGTATCTC-1,1.9720176,6.691177
WT65_1_AGGAGGTTCCAGCTCT-1,-1.0719191,8.895668
WT65_1_CCTAAGATCGTCAAAC-1,1.988507,6.8775234
WT65_1_GGTGATTGTACGTAGG-1,0.3955171,9.13571
WT65_1_GGAAGTGCACTTCTCG-1,-0.63293,9.329179
WT65_1_CATCCGTCATCGATCA-1,-1.174484,9.455062
WT65_1_TATTGCTTCGCATGAT-1,0.042366385,10.402355
WT65_1_TTGTTTGGTGGTCCCA-1,-1.6193013,9.539356
WT65_1_AGAGAATAGAGGTTAT-1,-0.8269314,9.414646
WT65_1_AAGTTCGTCCTCTTTC-1,-0.4209173,10.280906
WT65_1_TGCATGATCCTTCAGC-1,0.10094997,8.867131
WT65_1_GTACAGTGTTTCCATT-1,0.44943506,7.701743
WT65_1_TGCAGGCCACGCGCTA-1,-0.01768473,9.146584
WT65_1_ATTTCTGTCTCGTGGG-1,-1.7317116,8.653267
WT65_1_TTCAGGATCTCGGCTT-1,-0.22086793,9.964328
WT65_1_TGAGTCAGTCCACAGC-1,-1.2514509,8.611054
WT65_1_ATGATCGCAGAACTAA-1,-0.6587306,8.998878
WT65_1_GTCCCATGTCGCGTCA-1,-1.0102578,9.188366
WT65_1_GAGTTTGCAATTCTTC-1,-1.2805309,8.12037
WT65_1_GATCATGTCCTTACCG-1,-0.19246098,9.765718
WT65_1_GTCTCACCAGAAACCG-1,-1.0666625,9.579893
WT65_1_TCGAAGTCAGACAAGC-1,3.6261566,5.573234
WT65_1_TTTACGTGTTCGGCTG-1,1.919389,5.6326637
WT65_1_GTGCTTCCACTTGGCG-1,1.6183465,6.815637
WT65_1_AGGAGGTAGGACTAAT-1,-1.1386033,9.127008
WT65_1_TTTCGATGTTGGCCTG-1,-0.77097476,9.533875
WT65_1_TCGGGCAAGACGAGCT-1,-0.13855062,10.359749
WT65_1_TTCCTCTGTAGATTGA-1,-0.86047643,9.378905
WT65_1_GTGTGATGTCTGTCCT-1,0.0053232484,9.096729
WT65_1_TATCGCCAGACCATTC-1,0.5360513,7.9476743
WT65_1_CAAGAGGTCATTTGGG-1,-0.15567593,9.234539
WT65_1_CCCGGAACAGCACGAA-1,-1.6193647,9.956605
WT65_1_ATTCCATCATGACTCA-1,-0.4805161,9.045273
WT65_1_TGTACAGAGTTGTAAG-1,-0.7490195,9.535952
WT65_1_CTGCTCACAGAGACTG-1,-1.3241936,9.25116
WT65_1_CCTCTCCAGACGACGT-1,0.21154669,9.053632
WT65_1_GGGATCCGTAACTAAG-1,1.2827151,7.553946
WT65_1_AAGGTAAGTCGTACTA-1,-0.17235307,8.599893
WT65_1_GAATCACTCAGGACGA-1,-1.4128517,8.638929
WT65_1_AGTGTTGTCATTACCT-1,-0.46506467,10.0849285
WT65_1_GAAGCCCCACGGCTAC-1,-1.4500577,9.667186
WT65_1_TGTTCCGCATTGACAC-1,-0.27127054,10.468889
WT65_1_GTAATCGCACAGGATG-1,0.6749201,8.641856
WT65_1_CAAAGAATCGCATTAG-1,-0.034790594,7.121767
WT65_1_GTGTAACCATGTGCTA-1,0.09198367,8.151406
WT65_1_AATTCCTGTGCATGAG-1,0.70938563,8.119117
WT65_1_CTGAATGGTCCCTGTT-1,0.35393146,9.259418
WT65_1_ATCGTGAAGCTCGTGC-1,-0.67785984,8.421011
WT65_1_CATCCGTCATACAGGG-1,0.0359889,8.851313
WT65_1_ACGGTTAAGTTACGTC-1,2.4838696,6.3936687
WT65_1_TTTGGTTCATACACCA-1,0.438,8.302888
WT65_1_CATGCCTAGACCACGA-1,-1.0601329,9.650928
WT65_1_AAGCGAGTCTTTGGAG-1,-0.5361051,9.287449
WT65_1_GCAACATAGGTCATAA-1,-0.12483665,8.890401
WT65_1_CGGGACTAGCTTACGT-1,-0.9370719,9.763394
WT65_1_CATAGACGTCGCGGTT-1,-0.58454037,8.996239
WT65_1_TGTAACGTCGTGTTCC-1,-0.8939582,9.654203
WT65_1_GGGATCCCATGTGGCC-1,-0.2298798,9.220414
WT65_1_ACAACCAGTCACTAGT-1,-0.6861991,7.9984856
WT65_1_TGTCAGAAGCCTTGAT-1,-0.89593434,9.560268
WT65_1_ATCGTAGTCAAGAGGC-1,2.6435769,5.8011312
WT65_1_AGACCATGTCGAATTC-1,2.044201,5.5892744
WT65_1_TCGTGGGAGTAGATCA-1,-1.462742,8.0949955
WT65_1_GACCTTCAGATGAACT-1,-0.957853,9.855442
WT65_1_TCGGGACAGATGGCGT-1,4.8809814,3.509105
WT65_1_TCGCTTGAGGGCATGT-1,1.2357272,7.374862
WT65_1_GTCGAATAGGGAGGCA-1,0.20073791,9.316871
WT70_1_TTTACTGAGCTGACCC-1,4.099296,7.2978425
WT70_1_CACTGAATCTTTCAGT-1,3.088527,6.606028
WT70_1_AGCCACGAGGGAGAAT-1,-1.2393807,7.8993893
WT70_1_AGTACTGGTTGTTGTG-1,2.8025768,7.0206766
WT70_1_AACCTGAGTCGAAACG-1,2.837982,7.104677
WT70_1_TCAGGGCCACTAGTAC-1,3.9860656,7.3240705
WT70_1_ACTTATCAGGACAGCT-1,8.529474,4.6259065
WT70_1_TCACATTCAGTGCGCT-1,2.2090495,5.559695
WT70_1_TGGTACACAGCTCCTT-1,6.850916,5.84098
WT70_1_TAGGAGGAGCTGGTGA-1,7.2647886,6.1989822
WT70_1_GTAGAGGCAACAAAGT-1,4.0359974,7.4355655
WT70_1_TGCAGATCACAAATGA-1,5.415831,4.8483586
WT70_1_CTCAACCTCAGTGCGC-1,-1.1494431,7.8317475
WT70_1_GTGCGTGTCTGAGATC-1,-1.2526332,8.362573
WT70_1_GTTGTAGTCAACTGGT-1,6.7768073,6.693574
WT70_1_AGCCAGCCAATTCTTC-1,1.332809,5.401454
WT70_1_TTTACGTTCATTCGTT-1,1.502061,6.49718
WT70_1_GGCACGTGTTTCACTT-1,6.777432,5.5401263
WT70_1_CTACGGGCAACTCCAA-1,-0.18986465,6.6250167
WT70_1_AACCATGAGCATCAAA-1,-1.4002609,7.912283
WT70_1_TGGATCACACGTTCGG-1,-0.33773214,7.860241
WT70_1_TCCCAGTTCGCCCAGA-1,-0.13404718,7.487346
WT70_1_GCCATGGAGCATTGAA-1,1.422486,5.6214304
WT70_1_GTGCAGCTCACCTTAT-1,-0.39520192,7.6793637
WT70_1_CACACAAGTGGGATTG-1,1.310895,6.6694565
WT70_1_AGTACCACATCCGAAT-1,1.3639255,4.048784
WT70_1_GCCAGCAAGGATACCG-1,0.1584247,9.597339
WT70_1_GCGGATCCAATACAGA-1,6.2973537,5.469987
WT70_1_CAATTTCAGTATTAGG-1,-1.0251391,8.485019
WT70_1_TCAAGTGCAACTTGGT-1,-0.658489,5.827522
WT70_1_CAGGTATGTTACGTAC-1,-0.3952215,8.996925
WT70_1_ATTACTCCAGCCATTA-1,2.6784275,6.766992
WT70_1_AACCATGCATTGCTGA-1,2.8283505,6.5003085
WT70_1_TACAGGTTCACCTCGT-1,0.6302819,6.3103075
WT70_1_GCCCAGAAGCAGGCTA-1,-0.77992404,7.6143713
WT70_1_TACCTCGGTACAGAAT-1,7.894738,5.9373426
WT70_1_AGGGTTTTCGCTGCGA-1,5.2007937,5.56903
WT70_1_TTGATGGTCTCTCTAA-1,5.315286,5.457424
WT70_1_CACCAAAGTGGTCCGT-1,-1.3172768,8.509965
WT70_1_ACTGTGACAAGTGCTT-1,-0.802038,8.1815405
WT70_1_ACATCCCAGGTGATCG-1,1.5984348,5.9866686
WT70_1_GCTGCAGTCACTACTT-1,0.038614858,6.19828
WT70_1_GTTTGGACATCGAACT-1,-0.845837,8.32204
WT70_1_CAGCGTGAGAGGACTC-1,3.7305958,4.6093717
WT70_1_TAGACTGTCACTTGGA-1,-0.65435547,6.427516
WT70_1_GTCTTTAAGGATGAGA-1,-1.3101542,7.6331344
WT70_1_TCCTCCCCACCACATA-1,-0.7751955,6.9273076
WT70_1_TCACACCCAACTGGTT-1,2.1199083,6.6498895
WT70_1_CACCAAAAGCGTTCAT-1,3.7087376,4.6657476
WT70_1_CTACCTGAGCGCCCAT-1,-0.19539483,10.176474
WT70_1_TCACGGGCACCGCTAG-1,0.35260025,6.9463143
WT70_1_CCTTTGGTCTCGACCT-1,-0.7853702,7.9088492
WT70_1_GATTCGATCACTACGA-1,-0.40432328,7.494986
WT70_1_CTGCCTATCATGTCTT-1,-0.95421314,9.343204
WT70_1_TATCTTGAGGGCTTCC-1,-0.21535349,4.059566
WT70_1_TCAGGGCTCGTAGGAG-1,0.42721617,6.6460752
WT70_1_TCCGTGTGTCGGAACA-1,0.010915183,8.565061
WT70_1_TCCTCGAAGTGCAACG-1,1.0523294,5.797419
WT70_1_TCATCCGCAACGAGGT-1,6.7005177,4.664672
WT70_1_GATCACACAGGCACAA-1,4.091397,4.8724704
WT70_1_TACTGCCCAGTTGAAA-1,0.6293739,4.4558415
WT70_1_TGACGCGAGCACCTGC-1,-1.0576354,8.626221
WT70_1_CTCAGTCTCGAGAAGC-1,3.1930244,5.60472
WT70_1_TGGTAGTGTCTCTCCA-1,-1.6077428,8.893428
WT70_1_GCCTGTTGTCTTCAAG-1,0.24993479,4.833037
WT70_1_GGGATGAAGTAACGAT-1,1.7596496,5.913432
WT70_1_TGAGCGCTCTGAGAAA-1,-0.53606546,6.0613866
WT70_1_ATTCACTAGAATACAC-1,-0.0924431,7.669451
WT70_1_CATACCCAGTACCCTA-1,0.46457314,7.2314425
WT70_1_GGAAGTGTCCGCGGAT-1,0.1281761,7.5086055
WT70_1_GATCACACAAAGGCAC-1,2.751599,6.2407556
WT70_1_CATCAAGCAATACCTG-1,0.43276125,5.923442
WT70_1_TATACCTTCCCAGGAC-1,1.044412,5.9285846
WT70_1_AACCAACGTAACCCGC-1,-0.49175307,8.006727
WT70_1_CACTGGGGTCCTGGGT-1,0.58998656,5.9890375
WT70_1_TGGTAGTCATAAGCGG-1,3.6351213,5.851101
WT70_1_GGAGGTAAGTAGAATC-1,-1.2393377,8.993409
WT70_1_CGGGACTTCCATCCGT-1,-0.020826075,8.871447
WT70_1_TCAATCTCACAGCTTA-1,0.22237362,9.523947
WT70_1_CGAGTGCCATGACAGG-1,-1.0701928,7.29664
WT70_1_ACCTGAAGTGATACCT-1,-1.4389093,7.299872
WT70_1_TCATATCGTTTAAGGA-1,8.169797,6.5564747
WT70_1_CAATCGACACTCTAGA-1,1.6009207,5.588421
WT70_1_CTAAGTGCACGCTGCA-1,-1.6611139,9.023747
WT70_1_AACTTCTTCGCCAGTG-1,0.44067845,7.4444404
WT70_1_CAAGAGGGTGCATTAC-1,3.4596133,3.8392196
WT70_1_AATGACCGTGGGTCAA-1,-1.0492992,6.934359
WT70_1_GTTGTAGTCGCAAGAG-1,0.99255425,6.4322586
WT70_1_GCAGCTGAGAATCCCT-1,1.1505088,5.4643483
WT70_1_TGTTCTAGTGCTCCGA-1,0.8810041,7.9312882
WT70_1_CAGGGCTGTCTGATAC-1,-1.0027218,9.34629
WT70_1_AGGACGACAATTTCGG-1,0.7144964,6.837121
WT70_1_GTGTGGCAGTCAGGGT-1,0.28804561,7.77414
WT70_1_TACCTGCAGGAGGCAG-1,0.50353014,5.4387035
WT70_1_CCTCTCCAGACCATTC-1,-1.2848481,7.23414
WT70_1_TGACTCCTCCAACCGG-1,1.0252236,7.582772
WT70_1_CCACCATGTGGACCAA-1,4.0920315,1.0736004
WT70_1_TCAGTTTGTGATCATC-1,-0.4563086,7.457412
WT70_1_CGATGCGAGGCCACCT-1,-1.4382073,9.229475
WT70_1_ACAGAAACACACTGGC-1,0.2369158,5.989755
WT70_1_CATCCGTAGTCTGTAC-1,0.58679664,5.7646456
WT70_1_TGACTCCCACCTTCCA-1,0.22527984,8.801715
WT70_1_GCACTAAGTCATCGCG-1,-1.1829792,9.27267
WT70_1_AACAACCAGGTCACCC-1,0.021637864,7.6401105
WT70_1_CTCATTAAGTCGCCCA-1,-1.554595,7.7637477
WT70_1_TAAGCGTTCTAGTTCT-1,1.5281178,4.731309
WT70_1_CATTCTAGTATTGCCA-1,7.6446824,5.6796308
WT70_1_TCATCATTCAAGCCCG-1,-1.7079467,7.266109
WT70_1_GATCAGTTCTCGAACA-1,-0.7500826,8.821299
WT70_1_TCATTACCATTACGGT-1,2.541932,4.441703
WT70_1_CGCAGGTCACATACTG-1,-0.933045,6.4402227
WT70_1_ATCACGAAGAATCCCT-1,-0.53570485,9.527338
WT70_1_GTTTACTAGGTATCTC-1,2.5380032,4.3934464
WT70_1_TCGTGCTGTTCATCGA-1,-0.4630879,7.168697
WT70_1_TATTGGGGTCGTACTA-1,2.8951137,6.8417916
WT70_1_ATCCACCAGTGACCTT-1,7.055334,5.6973495
WT70_1_ACGATCACAAACACGG-1,2.8690448,5.5078893
WT70_1_ATTACCTTCGCAGATT-1,4.137889,6.772544
WT70_1_TCGACCTTCGGACTTA-1,-0.38593742,10.034368
WT70_1_TGCACGGGTAGCCAGA-1,1.692006,5.839419
WT70_1_GATTGGTAGTTTGTCG-1,-1.1735935,8.781466
WT70_1_GGGTGTCGTTTGGGAG-1,-0.43798614,8.124637
WT70_1_CTCCCTCAGTTCCAGT-1,3.391598,6.143228
WT70_1_GGGTCTGCAGCACCCA-1,-0.28184748,6.791939
WT70_1_GCAGTTACACTGCTTC-1,7.110534,5.832508
WT70_1_TTACCGCTCGACCTAA-1,7.438191,6.0153694
WT70_1_TTACTGTGTGGTCTTA-1,2.6635413,6.6595473
WT70_1_CAGCAATGTTAAACAG-1,0.36990702,7.4609466
WT70_1_TCTCACGTCATTTCGT-1,-0.29513603,7.747988
WT70_1_ACTCCCAGTCTGTGGC-1,-1.1899356,6.644935
WT70_1_TGTAACGAGACAGCTG-1,0.18237044,7.303714
WT70_1_TTGATGGTCACCACAA-1,0.74561125,7.449194
WT70_1_ATACCGATCAACGCTA-1,-1.3277814,7.9107423
WT70_1_GAACGTTGTTGGGACA-1,0.45171002,7.354444
WT70_1_TATCGCCCAGGGAGAG-1,0.2652541,6.738824
WT70_1_TCAATCTTCCCGTTCA-1,-1.8084042,9.691083
WT70_1_AGGTCTACAAACGAGC-1,3.2501113,5.9562
WT70_1_CATTTCACAGCGACAA-1,0.74939007,5.1536164
WT70_1_CAATGACAGACGCCCT-1,-0.29574978,6.4793267
WT70_1_ACAACCACAGTGCGCT-1,-0.59114903,7.8444
WT70_1_AGGCCACAGCCATCCG-1,-0.13479511,5.299168
WT70_1_GAGACTTCACCCTATC-1,-1.2633976,7.6662626
WT70_1_TGCCGAGGTTGACTGT-1,-0.078583926,8.29062
WT70_1_CGGACACGTTTGAACC-1,2.381606,5.7680984
WT70_1_TGATTCTGTACTCCGG-1,-0.4890027,7.6476245
WT70_1_TCCCAGTCAAACACGG-1,-0.63590795,7.310277
WT70_1_TGCTGAAGTTCTTAGG-1,0.20313467,7.2272844
WT70_1_TACTTCAGTTTAGAGA-1,-1.1181233,6.675918
WT70_1_AGTCTCCCAGTCGCAC-1,3.0126448,4.549396
WT70_1_ATGGATCTCAAGGTGG-1,3.6538064,5.2025228
WT70_1_AGGAATAAGTACCGGA-1,5.984725,4.95256
WT70_1_AATGGCTAGCATAGGC-1,-0.7398582,9.293513
WT70_1_TTCGGTCCATCTAGAC-1,-1.1935269,8.425615
WT70_1_TGATCAGGTATTCCTT-1,-0.9640506,8.151091
WT70_1_AATGACCCATCGTCCT-1,7.526515,5.7859297
WT70_1_AGATCGTCAGCACAAG-1,-1.1710309,7.701511
WT70_1_GACTCTCCAACTTGGT-1,0.11065762,6.0451617
WT70_1_TACTTACTCTCGTGAA-1,-0.28259274,7.493148
WT70_1_AACAAAGCACAACGCC-1,-1.8633686,9.090217
WT70_1_CTCTCAGCAGACCATT-1,-1.2243975,8.428184
WT70_1_GTTGAACAGTTGTCGT-1,-0.681415,7.527816
WT70_1_ATAGACCAGTGCAAAT-1,1.3077323,6.1171556
WT70_1_TCTATCACATAAGCAA-1,2.487006,6.290861
WT70_1_GCAACATCAATAACGA-1,-0.5006661,9.779821
WT70_1_TCTAACTAGGACTTCT-1,6.996814,6.0199833
WT70_1_GCCCGAACAACTGATC-1,-1.8122042,8.957165
WT70_1_GACAGCCAGCGGCTCT-1,-0.07329629,8.395376
WT70_1_ACTACGATCGGTCATA-1,-0.5694505,6.7287965
WT70_1_GAATCACCACTTTAGG-1,-0.8361038,8.181593
WT70_1_TCATTGTGTATGCTAC-1,2.7515087,2.3728614
WT70_1_GACCCAGGTCGAATTC-1,2.146025,5.030923
WT70_1_ATTCCTACAGACGATG-1,4.5307784,5.0522623
WT70_1_GGGTTATCACGAGAAC-1,0.24289611,8.787003
WT70_1_TCCCATGTCGAGATAA-1,-0.36696365,6.8552575
WT70_1_TTACTGTCAGCATGCC-1,-1.6565578,8.288205
WT70_1_TCAAGACAGGACTATA-1,-0.29958698,8.471834
WT70_1_AAAGTCCAGGCGTCCT-1,1.63447,5.9524727
WT70_1_CCCATTGAGCCATCCG-1,0.47315755,6.3272047
WT70_1_TGTAGACAGTCACTGT-1,2.9444747,4.753617
WT70_1_TCCATCGCAGTCGGTC-1,1.7425534,5.55836
WT70_1_TAGGTTGCAACTGCTA-1,-1.0382078,8.955634
WT70_1_TTGAACGTCACTGAAC-1,-0.8324037,8.720791
WT70_1_TAACTTCTCGTTATCT-1,0.4307498,7.210005
WT70_1_CGGACACTCTGTCCCA-1,-0.010617956,6.5015554
WT70_1_CCGATCTAGCAGCCCT-1,0.01983221,8.092152
WT70_1_AAGTCGTAGCCTATTG-1,2.5637894,3.6672192
WT70_1_GGGATCCTCATTTGCT-1,0.12149947,8.027396
WT70_1_TGTTACTGTAAGCAAT-1,2.1831162,7.185032
WT70_1_GTCATGAAGTACCATC-1,-1.8653674,8.764894
WT70_1_TTGTTGTTCATTGTGG-1,0.8638354,6.2224307
WT70_1_CCTAAGAAGTCACGAG-1,1.0113026,3.5647562
WT70_1_TTTGATCGTCTTCAAG-1,-0.8454168,7.3597994
WT70_1_AGACAGGAGCGACAGT-1,2.606141,7.030014
WT70_1_AACCTTTCACGTAACT-1,0.4447243,6.724236
WT70_1_CACCGTTTCGAGGCAA-1,6.963001,5.6744537
WT70_1_CAGATCAAGAACTGAT-1,2.198041,7.169824
WT70_1_TTTCACATCTAGCCTC-1,-0.5171283,8.194532
WT70_1_TGAGGGACAACATACC-1,-0.80912554,9.133842
WT70_1_CAATGACGTTGGCTAT-1,-0.8572522,7.448256
WT70_1_CATCCCAAGGCCTTGC-1,-0.25456536,7.644164
WT70_1_TTAGGGTGTTGTGCCG-1,-0.44710284,8.078075
WT70_1_GTTGCTCAGGTCATAA-1,1.4944581,6.6728244
WT70_1_TCGGGACGTTGGGACA-1,5.9221716,5.507645
WT70_1_CCTCCTCGTACGCTTA-1,-1.4838856,8.320176
WT70_1_TAGCACAAGTTCTCTT-1,-1.0823035,6.923166
WT70_1_CTTTCGGCAACAGTGG-1,2.3937511,6.345898
WT70_1_TCACAAGCACGCAGTC-1,-1.6681743,6.785006
WT70_1_TTATTGCAGACTCTAC-1,-1.1105545,7.8671045
WT70_1_AGACACTAGGGACACT-1,-0.33183393,6.152907
WT70_1_GAGGGTATCGTTGCCT-1,-0.04599034,7.4419627
WT70_1_ACGTAACAGTGATGGC-1,1.7347286,4.0673447
WT70_1_ACAGAAAAGACATCAA-1,-0.2999581,7.744521
WT70_1_GAAATGATCGGTATGT-1,-0.6226359,8.337616
WT70_1_TCATTCAAGCAGTAAT-1,-0.14721161,6.3768578
WT70_1_AACGGGACAAGCTACT-1,-1.2131704,9.130032
WT70_1_GCCCGAAGTAGTCGGA-1,2.055369,3.6024392
WT70_1_AATTCCTCAAGATCCT-1,0.48451224,7.5607753
WT70_1_CAGCGTGAGTACCCTA-1,-0.3972935,8.05009
WT70_1_CGAGGAAGTCCACAGC-1,-0.5218023,6.2466083
WT70_1_ATTTACCTCATTTCCA-1,-1.1524627,6.6047
WT70_1_CTGATCCAGTTGGAGC-1,0.19517642,7.389491
WT70_1_CGCGTGACAAGGATGC-1,1.2898117,7.052716
WT70_1_CCTAAGAAGCACAAAT-1,0.21200973,7.416616
WT70_1_AGGGAGTTCGATGCTA-1,0.495882,6.7200007
WT70_1_CCCGGAACATAATGCC-1,-0.46557626,7.9550633
WT70_1_AGCATCACATGAGATA-1,0.181317,7.5019116
WT70_1_AGAGAATGTAGCGTTT-1,1.6909989,6.027676
WT70_1_GATCACATCGCGGTAC-1,2.5753958,5.5108576
WT70_1_ACTATTCAGACTCTAC-1,0.37120897,7.982972
WT70_1_CTCAGGGGTATTGCCA-1,-0.31838763,9.538199
WT70_1_GGCACGTCACACCTTC-1,-0.30672073,8.010644
WT70_1_GTGAGGAGTATTTCTC-1,1.777552,5.172385
WT70_1_ATCACAGAGGCGATAC-1,1.0229521,7.1681376
WT70_1_CAACAACGTACCGTGC-1,2.1365378,5.883165
WT70_1_AGAGAATTCCCATTCG-1,-1.0751106,6.615335
WT70_1_GCCGTGATCGATTGGT-1,0.33560717,7.2829857
WT70_1_CAGTTAGAGGGCTAAC-1,-0.77117354,8.945672
WT70_1_CGGAATTGTGTAGTGG-1,-0.7237115,8.123942
WT70_1_ATCCTATGTAGTGGCA-1,-0.16140589,9.983147
WT70_1_TATTGGGCACGGCACT-1,-1.5227274,9.008026
WT70_1_CTATCTACACTGATTG-1,-0.38480026,9.87284
WT70_1_GAGGCCTCAAACCATC-1,-0.9388056,5.95221
WT70_1_GGCTTTCAGGTAGCCA-1,-1.4467881,7.5054555
WT70_1_TACTTGTCACACACGC-1,-1.1114022,7.938758
WT70_1_TAGACTGTCAGCGCGT-1,-1.6994705,6.52862
WT70_1_CAACCTCCATGCAGGA-1,-1.5352073,8.682343
WT70_1_TTTGTTGGTGACTCGC-1,-0.6456552,8.418027
WT70_1_TCGTAGACACAAAGCG-1,3.5012417,7.0819674
WT70_1_GTTTGGATCCTAGCTC-1,0.27670252,7.1462574
WT70_1_TACGTCCCACCGCTGA-1,-0.02496683,9.730438
WT70_1_CCGTTCACAAGCTACT-1,2.0112505,5.5893893
WT70_1_ACCACAACAACAGCTT-1,-0.72770923,8.697613
WT70_1_TCCTTTCCAAGTGCTT-1,-1.4822632,8.030731
WT70_1_CATGCTCGTGGTACAG-1,-0.5169873,10.760028
WT70_1_AGCTACAGTTGGAGGT-1,3.7209456,6.6984086
WT70_1_TTACGCCCAAGCACCC-1,-0.05147598,8.735593
WT70_1_GAACACTAGAGCAAGA-1,-0.34298658,8.944509
WT70_1_AAAGTCCAGAAATTCG-1,-0.20570314,7.4130273
WT70_1_TTGGGCGTCAAATGAG-1,-0.6653079,7.869244
WT70_1_TCATTTGTCAGAATAG-1,-1.0075527,8.009926
WT70_1_CATGCCTGTCTAGATC-1,0.10168598,8.339994
WT70_1_ATATCCTTCGAATGCT-1,-0.22059265,6.924865
WT70_1_CAGGCCAGTGTTGCCG-1,1.5545558,6.442602
WT70_1_TGGGAGAGTCGTCTCT-1,-0.42946002,8.611609
WT70_1_TCTTAGTCAGCGTGCT-1,1.3911008,6.3065777
WT70_1_TGTAGACAGGAGTCTG-1,-0.1778564,6.5267544
WT70_1_CTGGTCTTCATTTCGT-1,-1.494486,8.625753
WT70_1_GTAACCACAGAGGTAC-1,-1.6058899,8.60972
WT70_1_ACGATCAGTCACAATC-1,-0.018863238,7.1885457
WT70_1_TTAGGCACACAAAGTA-1,1.9942105,6.6398106
WT70_1_ACACCAAGTCCACAGC-1,-0.003538123,7.9877195
WT70_1_AGAAATGCACGTGAGA-1,1.0328025,2.5705445
WT70_1_ATCGTGACAGAGAAAG-1,0.11340469,6.935375
WT70_1_AATGACCCACAACATC-1,6.6218243,5.225753
WT70_1_TTCCGGTCACTCTCGT-1,-1.5983508,9.005117
WT70_1_ACCATTTAGCGTTCAT-1,3.1898513,6.977287
WT70_1_CGGGTCAAGGCTTAAA-1,6.064892,5.6187706
WT70_1_TATTCCATCGGCTTCT-1,-0.116469495,7.695775
WT70_1_CACTAAGTCAGTGCGC-1,2.392804,5.4460263
WT70_1_AACCACAGTCCAGTTA-1,-0.8797264,6.9728017
WT70_1_TCAGCCTTCTTTGCAT-1,0.9917391,7.798212
WT70_1_CAACAGTTCTTCCGTG-1,1.7860339,5.9972467
WT70_1_TTTCCTCCACTCACTC-1,1.6740694,3.2982836
WT70_1_CCGGACATCTAGGCAT-1,-0.7921242,6.822902
WT70_1_GTAGTACCAACTCATG-1,7.59522,6.2182407
WT70_1_ATTCAGGAGTGGTTAA-1,-1.2189419,8.200061
WT70_1_GTGGAAGTCGAGAAGC-1,-0.67050964,6.5442367
WT70_1_TTTACCAAGTTTGAGA-1,6.3097134,5.503048
WT70_1_CAATCGAGTTGTCATG-1,6.8679633,5.562498
WT70_1_TGCAGATCAGCATCTA-1,1.4664471,6.2258816
WT70_1_TGTTCTAGTATGGTAA-1,0.6257407,5.7103715
WT70_1_GAAGCGAAGCTCGCAC-1,0.2791013,7.9705467
WT70_1_GAAGGGTTCAAAGACA-1,-0.28703165,7.1778255
WT70_1_CTGTCGTAGTCACACT-1,0.050336253,7.7337494
WT70_1_CCTCTCCCAGGAATCG-1,-1.195491,8.305145
WT70_1_CATGAGTGTTGTGTAC-1,-1.2401474,7.9998255
WT70_1_TCCTGCATCTTAGCCC-1,-0.57209754,5.585971
WT70_1_ATTCGTTGTGGAGGTT-1,-0.17954533,3.8903756
WT70_1_GTGTGATGTTGGACCC-1,0.60717493,6.4416733
WT70_1_ACCGTTCGTATAATGG-1,0.28269538,5.1359706
WT70_1_GAGCCTGCATCACGGC-1,-1.2406977,8.53321
WT70_1_TACCTGCCACGGCGTT-1,-0.67362165,8.516544
WT70_1_GGAGATGAGCCGATCC-1,-0.45144832,9.712303
WT70_1_ATTCCCGGTCGTGATT-1,0.5878908,6.254065
WT70_1_GTCCTCACATCTCCCA-1,-0.060496937,8.838095
WT70_1_CTCAAGAAGCTCAGAG-1,-1.3341897,9.400269
WT70_1_GCATCGGCATGGGAAC-1,0.5902635,8.189694
WT70_1_TAAGTCGCACTGTCCT-1,7.5684547,6.1329107
WT70_1_CTGCTCACAGTCACGC-1,3.1358142,5.947002
WT70_1_TGTTCTAGTCAACACT-1,-0.66088635,7.1679955
WT70_1_CAAGGGAAGGATGTTA-1,-1.4563917,7.977573
WT70_1_ATCACGAAGGGAGAAT-1,-0.17421058,8.554984
WT70_1_CTCCGATCACGTCATA-1,-0.24135843,7.5339746
WT70_1_AGTAGCTTCAGACTGT-1,0.70214444,5.8426175
WT70_1_TGATTTCTCCCGTGAG-1,-1.5397167,8.429866
WT70_1_AGGAGGTCAGGCCTGT-1,0.36065087,7.4216967
WT70_1_CGATGCGAGCGATGCA-1,2.6223304,5.1393185
WT70_1_GAGAAATGTGCACGCT-1,0.38294083,7.151563
WT70_1_CTCCCTCGTCCAAATC-1,0.30280244,8.917849
WT70_1_AGACACTCAGCTGAGA-1,0.89081466,5.9366508
WT70_1_AAGTCGTTCCTCACGT-1,-0.98461705,7.23509
WT70_1_TTCATTGAGCCACTCG-1,2.1105971,5.388635
WT70_1_TTCATTGCATGACCCG-1,3.628914,6.2963037
WT70_1_GCAGGCTAGAAGCGGG-1,-0.88323325,8.456948
WT70_1_CTTTCAACACTTCAAG-1,0.27242148,6.8227696
WT70_1_GAGTTTGCAACGGGTA-1,0.731933,2.7761378
WT70_1_TGTCCTGAGTGAGTTA-1,1.3505503,4.234612
WT70_1_CCCGAAGAGTAATTGG-1,1.7986997,6.5023685
WT70_1_TGTTCCGAGGTTAGTA-1,6.4994497,5.5225677
WT70_1_CTGCGAGCATACCGTA-1,-0.5984508,7.472634
WT70_1_GAAGCCCCAGATCCTA-1,-1.394465,7.0906153
WT70_1_TGCAGTACAACGGCCT-1,2.2449098,5.4625325
WT70_1_AGAAGTACAGCAGTAG-1,-1.0605105,7.9289556
WT70_1_TGATCTTGTACAGGTG-1,1.1543779,7.3257318
WT70_1_CTACATTAGACATCCT-1,6.8105025,5.532358
WT70_1_TTGCGTCTCTCTCAAT-1,4.745519,5.02119
WT70_1_ACACAGTTCCGTGGTG-1,0.017732328,9.872444
WT70_1_CATACAGCAACGCATT-1,-0.885485,7.6076565
WT70_1_TCCACCAGTGAGCGAT-1,-1.1898507,7.3417397
WT70_1_AAGACTCTCGTTCTGC-1,-1.2666826,9.784435
WT70_1_CTCTCAGCAAGATGTA-1,-0.3202149,8.604659
WT70_1_CTCTGGTTCTTGCAGA-1,-0.7964301,7.979342
WT70_1_ATTGGGTTCGCTAATG-1,6.0871596,3.9368742
WT70_1_GGGTAGATCACCGGGT-1,-1.4731077,8.751017
WT70_1_GCAACATTCAAGAGTA-1,-0.86415553,6.9633646
WT70_1_CCCTAACTCGCTTGAA-1,3.409717,5.8808646
WT70_1_CAATCGATCCTTCTTC-1,0.04603511,8.080358
WT70_1_GGGATCCCACAATGTC-1,-0.11988154,9.457294
WT70_1_CGGGTCAAGAGCTGAC-1,0.52475935,3.2315152
WT70_1_GGAGATGTCCATTGGA-1,-1.5808839,8.417982
WT70_1_AGCGCTGTCACCATGA-1,-1.6962343,9.419619
WT70_1_CTCCTCCCACAGCTTA-1,0.15833682,8.058068
WT70_1_TCATCATGTCGTGATT-1,0.4096172,5.7218795
WT70_1_GAGAAATAGGCCTGCT-1,3.8209822,7.158662
WT70_1_ATCCACCAGTTGGCGA-1,-0.4961967,5.629694
WT70_1_CGGTCAGGTTAGAAAC-1,-0.8603917,7.3294325
WT70_1_AGCATCACATTGCCGG-1,3.4406908,6.645567
WT70_1_TTCATTGAGTGGTGGT-1,3.627297,3.7299929
WT70_1_CCGATGGAGGTAGCCA-1,2.0680254,5.3725452
WT70_1_GTGTGGCTCTGGTTGA-1,-0.53028685,6.7850533
WT70_1_TGCGACGGTTATTCCT-1,-1.2301561,10.026342
WT70_1_TCACAAGTCGGATACT-1,-0.24235862,8.070652
WT70_1_AGATGCTGTTGGCCTG-1,-1.354389,9.069618
WT70_1_TATTGCTTCATGCCAA-1,-0.6553287,7.814418
WT70_1_AGGGTGACAGTACTAC-1,1.9240665,4.7151246
WT70_1_GATCGTACACATATCG-1,-1.1874013,8.472746
WT70_1_CTTTCGGCACAAGCCC-1,-0.21141736,10.736287
WT70_1_TTCGATTAGCTGTGCC-1,1.3586462,6.719959
WT70_1_ACATTTCCACCCTGTT-1,0.16653849,7.2643476
WT70_1_GGCTGTGCACCAGGTC-1,-0.9341357,10.0059185
WT70_1_CACTTCGCATGACTAC-1,-0.44262037,7.3978662
WT70_1_ATTACTCAGTCACGCC-1,-1.0231397,9.059397
WT70_1_TGGGAAGAGTCTGCGC-1,-0.19338368,6.4277134
WT70_1_GTGTCCTCAGTGGGTA-1,-0.7470823,8.183561
WT70_1_ATTCCCGGTCTCAAGT-1,0.42949846,7.646895
WT70_1_ATCCACCGTTCAAAGA-1,6.715447,5.661959
WT70_1_GTCAGCGGTCAACCAT-1,1.2046984,6.75702
WT70_1_TTATTGCCACTACACA-1,0.3471675,7.3700395
WT70_1_CTATAGGCACCGGTCA-1,0.5585892,6.631178
WT70_1_ATAGACCAGTGTTGAA-1,-1.1321535,8.185315
WT70_1_TATACCTGTACAAGCG-1,2.2483048,3.450814
WT70_1_CCTTGTGCAGCAGATG-1,-0.8500791,8.169029
WT70_1_GATGAGGTCGTCAGAT-1,7.5680747,5.699628
WT70_1_TACAACGTCTGGGCCA-1,-0.5998959,6.829384
WT70_1_TATATCCGTCTTTCAT-1,2.0716987,4.9868107
WT70_1_CGTCCATAGAGAAGGT-1,-0.23087648,8.540901
WT70_1_GTACAGTGTACAGAAT-1,2.5351603,4.621056
WT70_1_GGGCGTTCATTCCTAT-1,-0.1436689,7.207602
WT70_1_ACCCTTGGTAGATCCT-1,0.4099662,7.7957788
WT70_1_TACCTGCTCGGCTGTG-1,1.6915779,4.1660194
WT70_1_CTGGCAGGTAGCTGAG-1,0.07631428,9.298239
WT70_1_TCAGCCTAGAAGGGAT-1,0.00063283864,6.595876
WT70_1_AGCATCATCATTCGTT-1,3.5633407,4.7222495
WT70_1_AGAACAACATGGCTGC-1,-0.28624043,9.865938
WT70_1_CCTCACATCAGGAGAC-1,-1.0188571,8.809082
WT70_1_GATGCTAGTACGTACT-1,0.9560241,5.376909
WT70_1_TTGCTGCCAAGTGACG-1,-1.4381753,9.781077
WT70_1_GACTGATAGAGACAAG-1,-0.7667705,8.631798
WT70_1_GAAGGACCACGTAGAG-1,-1.2482475,9.281765
WT70_1_TTACCATTCCTCTCTT-1,-0.5362547,7.9543138
WT70_1_AGAAGCGAGTAAGACT-1,-0.057020433,8.105031
WT70_1_AGTACCATCAAGTGTC-1,0.40835717,7.4875984
WT70_1_CTACAGATCGTGAGAG-1,-0.6973297,6.209121
WT70_1_GCCGTGATCCGCGGAT-1,0.5592823,5.5024247
WT70_1_GGTCTGGTCCGCATAA-1,4.0735598,5.2159758
WT70_1_GTTCATTTCCTTGGAA-1,0.9105724,2.0734012
WT70_1_GTGAGCCAGCGTTCCG-1,0.767348,6.5337443
WT70_1_TGATTTCTCACGTAGT-1,-0.3210373,6.669263
WT70_1_TACATTCCATAGTCAC-1,-1.3851109,8.286776
WT70_1_AAGGTAAAGTATTGCC-1,2.1972938,5.9169493
WT70_1_GAGAAATTCTCACCCA-1,6.2194014,5.6278434
WT70_1_TCGAACAGTTTGACAC-1,1.6597973,6.2152624
WT70_1_TACTGCCTCGGCCTTT-1,-0.09747771,8.437667
WT70_1_GCGGAAAGTCTTAGTG-1,-0.9663405,7.8852043
WT70_1_AATGGCTAGGACTAAT-1,6.939945,5.4973483
WT70_1_AGTCTCCTCCACTAGA-1,-0.6171371,7.9555583
WT70_1_GCTACAATCCGTACGG-1,3.022598,7.3690305
WT70_1_TAACACGCATAGAAAC-1,5.5633698,3.7365317
WT70_1_AGGTCTAGTGTGCTTA-1,-0.033913236,5.3660655
WT70_1_CTGAATGCAATAGGAT-1,1.2090708,5.5079756
WT70_1_CATCGGGTCTGGCTGG-1,-1.0493758,6.7786746
WT70_1_CGCATGGTCTGCGGGT-1,0.56236714,5.8129897
WT70_1_TCAATTCTCGCCGAGT-1,2.2138834,6.5957327
WT70_1_ATCTTCAGTTAGAAGT-1,4.0700927,6.8201356
WT70_1_GGTAATCGTGTTTGCA-1,4.6986213,3.6327114
WT70_1_TGCGACGGTATGTGTC-1,-0.3121161,7.4032373
WT70_1_GATCATGCAAATCGTC-1,1.5364604,4.9389052
WT70_1_CCCGGAACAGGGATAC-1,1.2732521,3.550548
WT70_1_GTGGAAGGTGGCTCTG-1,-1.1396921,7.399177
WT70_1_ATAGAGAGTTCGGTCG-1,-1.4035548,9.405927
WT70_1_TCATTGTCAAGCTACT-1,1.7491064,6.9465256
WT70_1_CTCAACCTCAGAGTTC-1,-1.2126534,6.950884
WT70_1_TTACGTTTCCGTTGGG-1,4.4075375,3.6690514
WT70_1_TCGCTCACACTACAGT-1,0.6644502,6.5095944
WT70_1_GAGTTTGGTCAAGTTC-1,0.27444515,7.227435
WT70_1_GTCCCATGTACTGACT-1,2.303796,4.9912333
WT70_1_GCCATGGCAATGTCAC-1,0.522322,6.5183196
WT70_1_CTATCTATCATCGCTC-1,2.8831413,6.3212256
WT70_1_CACAGGCTCGCCTTTG-1,-0.67925304,8.440701
WT70_1_GGTTGTATCGTCAAAC-1,6.0341954,4.819157
WT70_1_ACGTAACGTTCTTAGG-1,-1.4628874,9.010755
WT70_1_GGGAGATCATCTGGGC-1,2.7805085,7.308803
WT70_1_TGGATGTGTAGTCTGT-1,2.3802254,4.6953845
WT70_1_GGTGTCGGTTCAATCG-1,-1.0461736,7.67933
WT70_1_CTTCTCTAGGTTCTAC-1,-1.069369,6.8287897
WT70_1_TCATACTGTGGCTTGC-1,2.4000568,5.5749464
WT70_1_TACATTCGTGACAACG-1,-0.596309,8.216454
WT70_1_CTATCCGCATGGGTCC-1,1.4102083,3.9389474
WT70_1_ACATCGATCTCGTGAA-1,0.3963343,6.361572
WT70_1_TATCCTATCTCATGGA-1,-0.5330101,8.130563
WT70_1_TACATTCTCATTCATC-1,0.16856392,6.2318006
WT70_1_CCACCATAGTAATTGG-1,-0.18319407,7.111583
WT70_1_ACATCCCCAGACAAGC-1,-1.6139477,7.731882
WT70_1_TCGCACTAGGATACAT-1,1.7906754,4.427494
WT70_1_TATCAGGGTACGGATG-1,-0.15341724,7.9806795
WT70_1_CATCGGGTCCATTCAT-1,0.072659954,8.732848
WT70_1_ATCGGATGTGACTCGC-1,1.8271832,5.283884
WT70_1_AGTCATGTCCTGTTGC-1,0.4699252,5.3102884
WT70_1_GCACATACAAGTGGTG-1,2.114284,5.5827928
WT70_1_CTGCCTAAGCGACTTT-1,1.5499482,6.968993
WT70_1_TCAATTCGTCCGTACG-1,1.3565948,5.300195
WT70_1_ATTCATCCAACCAATC-1,5.5875726,5.7609982
WT70_1_CTACTATCACTCCTTG-1,0.14084293,6.3297634
WT70_1_TAGACCACATCTTTCA-1,-0.18852481,7.9840803
WT70_1_ACGTTCCTCTTTCAGT-1,3.692826,2.8558187
WT70_1_TTAGTCTTCAGTCATG-1,7.314851,4.9851046
WT70_1_GTGAGGAGTAGCCCTG-1,2.8874767,3.7617126
WT70_1_AGGTGTTTCGCTAAAC-1,6.277226,5.3241343
WT70_1_GTCAGCGGTTCATCTT-1,-1.2051158,8.539401
WT70_1_GAGTGTTCACTATCGA-1,1.5432085,2.5604827
WT70_1_GGAATCTTCTTCTGGC-1,1.7551816,2.3126853
WT70_1_ACCTGAAAGTAGGATT-1,-0.631942,6.2521577
WT70_1_GGTAACTTCTCGGCTT-1,1.0363486,5.7806273
WT70_1_CATCGGGCAGAACGCA-1,1.9431051,6.0997534
WT70_1_GCGTGCAAGTGATGGC-1,0.15558347,7.9239655
WT70_1_ATCAGGTCACCGCTAG-1,5.9441495,5.360518
WT70_1_TGTTTGTGTTCAGCGC-1,-1.2475799,8.852436
WT70_1_CTTCCGACACTCTCGT-1,-0.8774357,8.814477
WT70_1_ATTTACCAGTAAACTG-1,-0.10479324,7.0152187
WT70_1_AGGTGTTTCATAGACC-1,0.21445109,7.0848937
WT70_1_CTCAGTCCACACACGC-1,5.572149,4.7937813
WT70_1_ACTTATCCATAGACTC-1,-0.99953705,8.021006
WT70_1_TTCATTGGTGAAGCTG-1,2.36095,5.837626
WT70_1_CGGGACTGTGATACCT-1,0.09995041,8.52095
WT70_1_GACATCAGTGGAATGC-1,0.13395028,4.796803
WT70_1_AAGCGAGCATGACAAA-1,-0.64885753,6.1897435
WT70_1_CAACAACCAATTCGTG-1,3.725016,5.91092
WT70_1_AGGTCTATCGTCGGGT-1,6.702759,6.0530066
WT70_1_GCAGGCTTCACTGGTA-1,-0.75698644,6.501614
WT70_1_CTCCCAAAGTCAATCC-1,0.96707046,6.152558
WT70_1_CGAGAAGAGGCTCTAT-1,1.8007975,5.682423
WT70_1_ACTTTGTGTATCGTTG-1,-0.62507915,8.00067
WT70_1_GTTGTGAAGTAAGAGG-1,7.875309,5.63446
WT70_1_ACTTATCGTTCCATTT-1,-0.22670864,7.779295
WT70_1_ATTATCCGTGCAAGAC-1,4.1760383,7.1790137
WT70_1_GTGACGCAGCTGACCC-1,0.59107786,7.4274836
WT70_1_TAAGCGTCACACAGCC-1,-1.1410342,8.577257
WT70_1_AAGTGAAAGCCAACCC-1,-0.056905065,7.6779838
WT70_1_CGGACACGTTGCGAAG-1,2.4021816,6.0243
WT70_1_TTCCTTCGTGGACAGT-1,-0.0466607,7.9001455
WT70_1_GAACACTAGACGCATG-1,2.087145,3.386044
WT70_1_CCGTAGGAGGTAATCA-1,3.4177327,4.534826
WT70_1_TTGGTTTTCATGGATC-1,1.064645,5.5550447
WT70_1_GCCAGTGTCGTCAACA-1,-0.35733786,7.9399943
WT70_1_TTAGGGTAGGGCAATC-1,-1.5640162,7.679666
WT70_1_CTGGTCTAGAGGGTGG-1,-1.4299253,7.7841287
WT70_1_GGAGATGCAACCACAT-1,1.0586811,3.4409645
WT70_1_TTATTGCCAATACCCA-1,1.0608857,4.5322704
WT70_1_TCCCAGTTCTGGTTGA-1,-0.92874736,7.2799907
WT70_1_AAGCATCAGCCAAGGT-1,3.2628932,6.6972094
WT70_1_AGGTTACCATCATGAC-1,3.4539144,7.5932684
WT70_1_CGAGGCTTCGGAATGG-1,-0.34066248,7.6435833
WT70_1_TGCATCCGTCTGATAC-1,3.3331735,5.6329803
WT70_1_ATTCCATTCCGAACGC-1,3.4987266,3.2394073
WT70_1_GAGACTTCACTCCCTA-1,5.89377,4.6920958
WT70_1_TGAGCGCGTGTTCCAA-1,-0.4418826,8.64785
WT70_1_CTTCGGTAGAAACACT-1,0.14051495,5.5400324
WT70_1_GTAGAAAAGATAACGT-1,6.871837,4.7582865
WT70_1_CTAAGTGGTTGTAAAG-1,5.8655944,5.1609116
WT70_1_AGGTAGGTCATTACGG-1,0.46021494,7.207926
WT70_1_TGGTAGTGTGCAATGG-1,0.7776818,7.3777313
WT70_1_GTCCCATAGCTTAGTC-1,0.7915571,6.541398
WT70_1_TCGCTTGCAGACAAAT-1,7.163659,5.566244
WT70_1_TCTGTCGGTCGGAAAC-1,-0.6703834,8.5092535
WT70_1_CTTGAGAGTTTCACAG-1,-0.5770838,8.121096
WT70_1_TAGGAGGAGTTAACGA-1,0.29784226,3.826653
WT70_1_GACGCTGGTCCCTAAA-1,-0.37415335,8.606326
WT70_1_TACCTGCCATGTGGTT-1,6.5373225,4.724922
WT70_1_TCATGAGGTGCCCTTT-1,2.779955,6.03862
WT70_1_AGGTCATGTGGGTTGA-1,2.2136908,3.7298234
WT70_1_GCGATCGGTCGAATGG-1,0.30880976,7.891331
WT70_1_GTTCATTGTTTAGAGA-1,1.2161783,4.596107
WT70_1_CGATCGGAGGAACGCT-1,0.523159,6.2906094
WT70_1_CAGTTAGTCGGTCACG-1,0.35687575,6.615764
WT70_1_AGGAGGTAGTTGGAAT-1,3.7438395,7.171034
WT70_1_TGATTTCGTTGCATTG-1,0.06255759,7.17958
WT70_1_CTTCAATGTATTTCGG-1,3.9764214,7.7727094
WT70_1_AATAGAGTCGCAATTG-1,-0.7372148,7.427754
WT70_1_CCAATGAAGGTATAGT-1,6.091807,4.903846
WT70_1_GCGGAAAAGGGAACAA-1,2.1083243,3.3286698
WT70_1_TCCCAGTGTGACCTGC-1,2.8728871,6.2556977
WT70_1_TTATTGCCAAACGAGC-1,0.33865565,6.9773207
WT70_1_TAAGCGTCAGTTTGGT-1,1.2541676,7.1446304
WT70_1_GTTACCCGTATTCCTT-1,4.1712837,7.6994863
WT70_1_ATTCCCGAGGAAACGA-1,0.21173885,7.705308
WT70_1_ATTCTTGCAAGCCATT-1,-0.019660966,7.3677683
WT70_1_CTTGATTGTCAAGTTC-1,3.1686635,6.720638
WT70_1_GTTGTGATCCACTGAA-1,0.60513365,6.7268047
WT70_1_ATGGAGGGTAAGGTCG-1,0.5348021,8.174391
WT70_1_GCCATGGTCAAGCGTT-1,5.7706604,5.4251885
WT70_1_CCGTTCAAGCATGCGA-1,-0.5766066,10.025692
WT70_1_TGGTAGTCAAAGTGTA-1,2.5226924,5.0089154
WT70_1_TTAGTCTCACCCAATA-1,5.952622,6.5462074
WT70_1_TTCGATTCACTGGCCA-1,5.972806,5.066362
WT70_1_ATTCTTGAGAGGCGGA-1,0.065269135,8.565797
WT70_1_AATCGACGTCGAGTTT-1,1.1370438,3.8670044
WT70_1_CCTGTTGGTAAGTCAA-1,0.56658995,3.982459
WT70_1_GGTGTTAGTTGCTCCT-1,0.34032366,6.087422
WT70_1_TACCCACTCCCTCTTT-1,1.6652622,6.164443
WT70_1_TGATTCTCATTCGGGC-1,4.9202447,4.9550023
WT70_1_CTTCCTTCACAGACGA-1,-0.9932189,7.7416377
WT70_1_CCCATTGTCTCTAAGG-1,0.48023897,6.3624763
WT70_1_CCGTGAGAGTGCAGCA-1,0.37834463,8.568473
WT70_1_GGCGTCATCGCAACAT-1,5.991909,5.5532985
WT70_1_AGGATCTTCGTAACCA-1,4.0545263,3.0385506
WT70_1_CTTCTCTAGCTGGTGA-1,0.7705634,4.8929906
WT70_1_TCTCTGGGTAGGTCAG-1,6.454964,4.8138666
WT70_1_AGACAAACAGCAGTCC-1,3.6040103,4.299475
WT70_1_TGTTCCGCAGTGTGGA-1,2.8944328,7.0399094
WT70_1_TCGGTCTTCGGAAACG-1,5.6945405,5.269584
WT70_1_AGACAAATCGTGCTCT-1,2.130526,5.1132054
WT70_1_CCTCACAGTTGTTGTG-1,-1.3399473,9.865176
WT70_1_TGGGAGATCCCATAGA-1,0.22997989,8.094488
WT70_1_CGAGTGCAGGCATCAG-1,-1.4691265,8.092204
WT70_1_TCATTGTGTGGTCAAG-1,2.7501943,4.3089113
WT70_1_GGGTGTCTCTCCGCAT-1,3.9198813,7.681132
WT70_1_ATGCGATGTATCGCTA-1,0.90712976,6.0754843
WT70_1_CATTGAGGTCTCCCTA-1,-0.33337957,6.529634
WT70_1_CGTTCTGCATTCTGTT-1,4.51062,5.608098
WT70_1_TCCACGTCAGGTTTAC-1,-0.21556085,7.6386247
WT70_1_TGCATGATCAGTAGGG-1,1.9208404,3.324847
WT70_1_ATTCTTGTCTCTGCCA-1,0.0486881,6.9234757
WT70_1_GTCTAGACAAACGGCA-1,1.3289002,6.445869
WT70_1_ACGATCAAGTATAACG-1,-0.32844737,9.567162
WT70_1_CCGAACGAGCACCTGC-1,4.069075,7.5286784
WT70_1_GTCCACTAGGCCTGAA-1,0.59154886,5.5911055
WT70_1_GACTCTCTCTGAGGCC-1,2.1513262,5.22793
WT70_1_TCTTCCTCAAAGGCGT-1,1.1306303,3.9099293
WT70_1_GTTGCTCAGAATCCCT-1,3.9333668,3.0525224
WT70_1_TCGCACTTCCACTAGA-1,1.7448894,6.4486656
WT70_1_CATCCGTGTGGTACAG-1,3.979604,4.4466977
WT70_1_TTCCTCTGTCGAGCTC-1,0.16456518,7.883934
WT70_1_AGTTCGATCGTTGTTT-1,-0.32856995,6.733771
WT70_1_ACGATCAGTCGAGCAA-1,-0.3952507,6.845319
WT70_1_CGGGCATCACGTTGGC-1,2.5767603,6.2069793
WT70_1_CTCATGCAGGTAAAGG-1,-0.76663685,7.9119897
WT70_1_GGGCTACCAGGTCTCG-1,3.889337,6.374201
WT70_1_TCGTCCAAGAATACAC-1,-0.36001617,2.564034
WT70_1_CGTGTCTAGATACTGA-1,-0.14418957,5.433232
WT70_1_TTTACCACACGGCGTT-1,5.719642,4.969686
WT70_1_CATCAAGCAGCTCGGT-1,3.8243272,7.601476
WT70_1_AGTTCGATCCCGTGAG-1,-0.40941235,8.742182
WT70_1_TACACCCAGACATAAC-1,1.6096568,7.3868876
WT70_1_CTCAGTCGTCCGGACT-1,3.1033776,6.70579
WT70_1_TTACCGCGTGACCGTC-1,-0.6345563,7.0129247
WT70_1_GACCCAGCAAGTATCC-1,0.8219944,6.178724
WT70_1_CTGCCATAGCAAGTCG-1,6.617262,5.877175
WT70_1_CTCATCGAGGTCGACA-1,-0.14652413,6.6353025
WT70_1_TTTCAGTAGGTACTGG-1,3.2411513,6.658124
WT70_1_TGTGCGGCAGATCCAT-1,1.3278213,5.678826
WT70_1_TTAGGGTCATGGTACT-1,3.2711797,5.0068235
WT70_1_CTGTGAATCCAAAGGG-1,2.379386,5.5451455
WT70_1_TATTGGGCATTGACCA-1,0.47804528,4.456012
WT70_1_TTCGGTCAGTACGTCT-1,2.856662,4.469742
WT70_1_TCGCTCATCGCAAGAG-1,-0.7389102,7.9719954
WT70_1_AGGATCTGTCTTGGTA-1,-0.19607383,7.537092
WT70_1_ATCTTCAGTGTCCAAT-1,3.6287918,6.5781603
WT70_1_ATAGACCAGAGAGAAC-1,0.2328541,8.05174
WT70_1_CCCTAACGTGTAGCAG-1,0.37502962,7.8001924
WT70_1_TGGAGGAGTGGCTACC-1,-0.069438666,7.646016
WT70_1_ACTACGATCTCGTCGT-1,-0.22524191,6.835458
WT70_1_TTCCGTGCAGCAGGAT-1,2.0906456,4.9893622
WT70_1_CGTGTCTAGGCCTAAG-1,5.920226,5.8428674
WT70_1_TTGTTTGGTTCGTTCC-1,1.4407874,4.8063173
WT70_1_TCCACGTGTATACAGA-1,2.584631,4.6596947
WT70_1_TCCATCGGTCCGACGT-1,2.6397994,6.749465
WT70_1_TCGAAGTAGAACGTGC-1,0.5611154,8.18811
WT70_1_GTGCGTGCAATAGGAT-1,-0.054369286,7.545721
WT70_1_CCGATCTCAGATCCTA-1,-0.37887648,7.6455774
WT70_1_GTGAGTTTCCGTGGGT-1,-0.04227621,8.535788
WT70_1_GTAGAAACACTTCAAG-1,2.8062592,3.347867
WT70_1_GAAATGAGTAGTTACC-1,-1.021611,8.057021
WT70_1_GTTTGGATCGCTATTT-1,-0.026135443,8.862749
WT70_1_CTAACCCAGGTGAGAA-1,3.436474,2.7340567
WT70_1_GTCACTCTCAACACGT-1,-1.4366934,7.0645723
WT70_1_CGTGCTTGTCCTTGTC-1,5.906198,6.0799885
WT70_1_GTCCCATGTAGATGTA-1,-0.2027229,6.442882
WT70_1_CTGAATGGTCGCAGTC-1,0.655202,5.1144843
WT70_1_TCATTACCACGACGTC-1,0.53541166,5.2334437
WT70_1_AGGGAGTAGGTCTTTG-1,0.73174024,6.514
WT70_1_CATCAAGCACCACTGG-1,1.3093586,5.3006625
WT70_1_AGCGCCAAGGCAGGGA-1,5.2407584,4.4240184
WT70_1_AGACAAAAGCGTCTCG-1,-0.4141305,9.232823
WT70_1_ATGAGGGTCATTCACT-1,0.21830754,7.3899083
WT70_1_CACGAATCATGTTCGA-1,-0.1492833,7.782662
WT70_1_ATCGGCGCAGATGCGA-1,1.3104963,7.31815
WT70_1_ATTTCTGGTCTAATCG-1,0.20082963,8.154696
WT70_1_TTAGGCATCCGACGGT-1,4.78694,7.5966134
WT70_1_CATACAGTCGGACTTA-1,-0.35974216,6.998336
WT70_1_ACGATGTGTACCAGAG-1,6.824119,5.397627
WT70_1_CGTGTCTTCCTCACGT-1,1.0159712,7.463367
WT70_1_TGACTCCAGAACTCCT-1,0.7654978,4.5132833
WT70_1_ATCGGATCATTGGATC-1,0.47149187,7.8087606
WT70_1_CGGGTCAGTTAATCGC-1,4.9799047,4.495215
WT70_1_AACGTCACATACAGGG-1,0.85949576,7.7660933
WT70_1_GGCTGTGTCGTGGAAG-1,3.9245043,4.603953
WT70_1_CGAGTGCGTAAGGTCG-1,-1.2041808,7.302289
WT70_1_GAAATGAAGCTAGCCC-1,0.37423855,2.6832962
WT70_1_GTTACGACACCGTGAC-1,8.355081,5.2573028
WT70_1_CCCTAACGTTCGCGTG-1,-1.033879,7.6120896
WT70_1_ACTGTGACACGCTGAC-1,2.2003868,4.6709266
WT70_1_AGCGTCGGTACCCGCA-1,-0.4072019,7.628882
WT70_1_TCGATTTGTGGTTTGT-1,1.3118412,5.804869
WT70_1_CATCGTCAGTGAACAT-1,1.9112529,6.7996926
WT70_1_GTGACGCGTCGAATTC-1,0.28102988,6.3477464
WT70_1_CGAGAAGCAGGACTTT-1,7.9031334,5.4637733
WT70_1_TGTCAGACAGGTTCCG-1,-0.84265554,8.55368
WT70_1_ATGCCTCGTCATCGGC-1,-0.26912442,5.918605
WT70_1_GTGATGTGTTCTCCTG-1,1.2482916,4.723047
WT70_1_TACGCTCGTTGGCCGT-1,0.883055,5.9989386
WT70_1_CTACCCACATTCAGCA-1,4.00055,7.9116383
WT70_1_CGTGATACACTGAGTT-1,5.6334605,4.967405
WT70_1_ACTGTGAGTGTCGCTG-1,-0.1085311,8.7644415
WT70_1_CAGCGTGGTGACGTCC-1,0.34779215,9.418232
WT70_1_TGAGGGATCACTGAAC-1,0.02800755,6.265856
WT75_1_CAAGCTAGTAGCGCTC-1,4.5541873,6.9205956
WT75_1_CATTCATGTGAGACCA-1,4.5135574,6.8842835
WT75_1_GAGTGTTAGAAGGCTC-1,8.110175,5.742331
WT75_1_AGGATCTCACAACGAG-1,7.981518,5.332585
WT75_1_AATCGACAGCCAAGCA-1,0.65547156,6.358396
WT75_1_GCCATTCTCGGACAAG-1,5.5549154,7.879087
WT75_1_GGGTAGATCTCACGAA-1,8.581065,5.363236
WT75_1_GAGACTTCAGCGTACC-1,1.9352959,5.517801
WT75_1_CTAACCCTCTCGCCTA-1,7.1027145,5.970097
WT75_1_ATGGAGGGTTCGTACA-1,0.2731,4.770417
WT75_1_GTGCAGCCAAACCACT-1,8.058755,5.8752365
WT75_1_ACCATTTTCCATAGGT-1,8.768077,4.7473345
WT75_1_AGTACTGAGCGACCCT-1,8.830421,4.568488
WT75_1_AACCACACATCCTCAC-1,7.2233005,6.013113
WT75_1_TGCAGGCCACATGACT-1,3.336863,4.795958
WT75_1_GGGCTACTCTTAGCAG-1,5.518853,5.587193
WT75_1_TACCCGTTCTGGCCTT-1,6.9540653,5.7712326
WT75_1_ACGTAACCACTAGAGG-1,9.719968,3.8060832
WT75_1_GGGAGTACAGGGAGAG-1,6.972524,4.591318
WT75_1_AGCGATTGTGGATGAC-1,4.2509413,6.5512304
WT75_1_TGTAAGCCATGTCTAG-1,5.8954535,5.7317777
WT75_1_TACGTCCAGGAGTCTG-1,5.943275,7.732844
WT75_1_TCGACGGCAGACACAG-1,8.048101,5.6978693
WT75_1_TCGGGCAAGCCAAGTG-1,6.9108634,5.3711033
WT75_1_TCCCACATCCCAGTGG-1,-1.248643,7.6807942
WT75_1_ACATCCCTCCGCTAGG-1,-0.23457214,6.4118
WT75_1_CACTAAGAGATGCTAA-1,0.20088442,5.830347
WT75_1_TACCGAAAGTGGTTAA-1,4.294462,7.1670814
WT75_1_AACCTGAGTATGACAA-1,1.7642542,3.98969
WT75_1_CCTCCTCCAGGACAGT-1,-0.4363004,6.4148955
WT75_1_CCAATGAGTTGGCTAT-1,2.1190684,4.714031
WT75_1_GTTCTATTCGGAGATG-1,-1.2620746,6.999384
WT75_1_TGATCTTTCCACTGGG-1,9.25261,3.9003093
WT75_1_CTACTATCATATGAAG-1,-0.9951991,7.2055035
WT75_1_GTGCTTCCAAGTGACG-1,3.9234502,3.5718586
WT75_1_AGCCAATAGGTCATCT-1,0.6735619,5.2200313
WT75_1_GAAGGACCATGTGACT-1,-0.8424967,7.0764766
WT75_1_AAAGGTACAAACTAAG-1,0.66213554,5.97055
WT75_1_GATCGTAAGTGATGGC-1,6.792699,5.6307845
WT75_1_CATTTCAAGACGCCAA-1,6.7305756,5.7078443
WT75_1_ATTGTTCAGCTGTTCA-1,2.2052658,2.537119
WT75_1_TGTACAGGTGGGTCAA-1,0.7922726,5.392828
WT75_1_GAACTGTTCTGACCCT-1,6.3109584,5.7548866
WT75_1_GGCAGTCTCATCGCTC-1,3.5121627,4.923628
WT75_1_GACCCTTGTGCTATTG-1,0.8979208,7.2916894
WT75_1_CAGCAGCTCCGGTAGC-1,9.25877,5.6973543
WT75_1_CATCGTCGTAAGGCCA-1,1.5502853,6.023292
WT75_1_CGCGTGACAAGCTGTT-1,7.997775,6.1285324
WT75_1_TTCCGTGTCCAGTTCC-1,5.5793443,8.009813
WT75_1_AGACCCGGTCCCGGTA-1,7.0069575,5.092251
WT75_1_TCTGCCATCTGGCCGA-1,2.2898366,6.166449
WT75_1_AAAGTCCCATTGTAGC-1,7.0959578,5.707923
WT75_1_GGAACCCTCCTGCCAT-1,1.0036,4.2791076
WT75_1_GATCAGTAGGTTTACC-1,0.6322049,6.65988
WT75_1_AGACAGGGTCATACCA-1,7.729737,5.548799
WT75_1_TTTAGTCAGGTGAGAA-1,8.84277,4.8682623
WT75_1_TATATCCAGGTACATA-1,-0.90899897,6.6414456
WT75_1_CAATTTCCAAGAGTGC-1,0.7208323,4.6497483
WT75_1_GCATTAGAGACTCGAG-1,1.0964626,4.7705894
WT75_1_TGTGCGGTCGTGCTCT-1,6.3163185,5.3619275
WT75_1_TCTGTCGCAGATCACT-1,3.1171756,2.3993049
WT75_1_ACTGCAACAGTCGAGA-1,-0.08118703,6.3742876
WT75_1_CGGGACTCACAATGTC-1,-1.0116738,7.1014347
WT75_1_GTGACGCCACCCATAA-1,-0.23288436,6.3169904
WT75_1_AAGTTCGCACCGCTAG-1,5.6007767,4.8455358
WT75_1_TCACACCGTACCCGCA-1,0.6856336,6.2528167
WT75_1_TCAGGTAAGTCGTCTA-1,7.6191487,5.5895915
WT75_1_GCAGCTGTCAGTGTTG-1,0.029995874,6.6302905
WT75_1_TCTTGCGCAGGCTACC-1,2.4630058,3.1988325
WT75_1_CTGTGGGCATGGGATG-1,6.572342,5.5823183
WT75_1_TACGCTCAGTCATAGA-1,1.5985304,3.6316698
WT75_1_TCAGTGATCTGCGTCT-1,1.5273691,5.3591886
WT75_1_CTGCCTACAATTTCCT-1,1.7880803,4.0167136
WT75_1_TGCGGGTCATTCCTAT-1,-0.52155405,6.0157886
WT75_1_AGGTTACTCCCATTCG-1,-0.42374402,7.6601686
WT75_1_GGTAGAGGTCCTGGGT-1,1.8584155,3.08169
WT75_1_TACCCACCACAACGAG-1,-1.2538693,7.671063
WT75_1_TTTGACTAGGGACACT-1,1.2542682,3.4620912
WT75_1_AGAGAGCAGCCTTGAT-1,5.826941,4.858496
WT75_1_AGGAATATCGCCTTTG-1,6.99712,5.5326366
WT75_1_GTTACAGCAGCTACCG-1,0.8498884,5.7996984
WT75_1_AAAGGTACAATAAGGT-1,7.258791,5.2944613
WT75_1_AAGCGAGTCGTTCCCA-1,1.8154385,2.54752
WT75_1_GGGAAGTCATGAATAG-1,5.070956,3.57028
WT75_1_TCATCATTCCCTCTTT-1,-0.8701903,7.836798
WT75_1_ATAGACCTCCAAGCCG-1,3.0988636,2.8270316
WT75_1_AGACCCGAGGTCCTGC-1,5.1607323,4.60162
WT75_1_ATGCATGCACCATTCC-1,1.7590115,2.5101824
WT75_1_TGTTACTTCCAACACA-1,7.924707,3.8770382
WT75_1_CATCCCAAGTCTGCAT-1,2.0320442,2.337836
WT75_1_TGAATGCCAGGTTTAC-1,1.4512761,4.424219
WT75_1_GTTGTAGGTAGATTGA-1,0.5597822,7.147365
WT75_1_GGTAGAGCAACGACAG-1,-0.18331067,6.9101257
WT75_1_TCAGTCCGTCTGTTAG-1,2.1855571,2.279792
WT75_1_CTAGACAAGCTCGAAG-1,-0.337874,6.68126
WT75_1_GGGTGAATCAAGCCGC-1,1.7713342,3.1025906
WT75_1_GGGATCCAGTCATTGC-1,2.919915,2.4906712
WT75_1_CCCTGATTCGTCCATC-1,0.66167635,5.630568
WT75_1_GATAGAATCACAAGGG-1,2.855042,2.6321747
WT75_1_TAGACCAGTGATTCAC-1,0.6565158,6.3738832
WT75_1_TTCCACGAGTTCAACC-1,1.8882337,2.1951723
WT75_1_GTATTTCTCGCTGTTC-1,0.8999226,4.2809815
WT75_1_TCGCACTTCAACGAGG-1,7.2050233,5.729633
WT75_1_TCGAACACACCAGTAT-1,0.4638747,5.0240755
WT75_1_GCCCGAAGTGAAGCTG-1,2.7466109,4.8605065
WT75_1_CCGGACATCTCAATCT-1,0.7001065,2.5520551
WT75_1_TCCACGTGTCCAAAGG-1,7.3629136,5.2177596
WT75_1_CTGCATCCAGTGCGCT-1,3.082362,6.978182
WT75_1_GGGAGTATCTCTGACC-1,4.7143445,7.8458366
WT75_1_GAACACTAGGCTTCCG-1,2.7614136,2.9846845
WT75_1_GGGTAGACAACTCCAA-1,0.25199062,6.798909
WT75_1_TTACGTTCAGAGCCCT-1,-0.872686,6.0183687
WT75_1_CATGCCTTCGCGTGCA-1,6.4773836,5.8909135
WT75_1_TGCGACGGTTCCCACT-1,1.1093266,4.652088
WT75_1_CAGCGTGTCCACCCTA-1,-0.66314065,6.697755
WT75_1_TGATGGTTCTCATGCC-1,0.85203147,5.216391
WT75_1_CAAGAGGTCCTTCTTC-1,4.6065125,4.4206605
WT75_1_AGACACTTCGTTCTCG-1,-0.40905166,7.7239623
WT75_1_GGAGAACAGCCGCTTG-1,3.6617525,1.5971366
WT75_1_ATTCCTACAACTGGTT-1,0.40254205,6.14044
WT75_1_GGGTGTCAGGGAGGGT-1,1.1779878,5.500167
WT75_1_CATAAGCAGCGCACAA-1,1.4889234,5.2327976
WT75_1_AGTTAGCCAACTGATC-1,2.8781056,2.3026314
WT75_1_TGAGTCAGTTCCACGG-1,6.81746,6.0344343
WT75_1_TATCAGGGTACGCTTA-1,3.3312244,4.0513344
WT75_1_GTGCTGGTCCGTAGGC-1,1.5511396,4.0311923
WT75_1_CAAGGGATCCATTGGA-1,5.4951572,4.356361
WT75_1_CCTAAGAGTAACAGTA-1,-1.259233,7.643366
WT75_1_AAAGAACCAGCGATTT-1,0.01426222,6.9087825
WT75_1_ACCCTTGCAATGAACA-1,2.1495457,2.0682964
WT75_1_TCATCATAGAGCGACT-1,-0.39035627,6.8936543
WT75_1_GAGACTTAGGAACTAT-1,-0.5021939,5.0436172
WT75_1_CAAGGGAAGCACCTGC-1,2.0579503,2.9886923
WT75_1_ATTCATCGTTCATCTT-1,3.560256,3.0515213
WT75_1_GATAGAATCTCTGCTG-1,-0.66715205,6.9890656
WT75_1_TGCTCGTTCCCATACC-1,-0.7161615,7.0579014
WT75_1_AACAAAGCAGCTTCGG-1,-0.3454502,6.439674
WT75_1_TCCGTGTTCGGAGTGA-1,1.9451164,2.0586462
WT75_1_GTTTACTTCAGCAGAG-1,4.9305377,5.7110243
WT75_1_ATACTTCGTCGCTTGG-1,1.504828,3.8618174
WT75_1_TCATATCGTGTGCTTA-1,4.509346,3.5262702
WT75_1_GAGATGGGTAACATAG-1,2.4705894,3.3761275
WT75_1_ACTTCCGAGTGTTCAC-1,5.0264564,4.4839983
WT75_1_TGGATGTAGATACATG-1,-1.0145991,6.7264934
WT75_1_TCATTCAGTACAGTCT-1,2.0967784,3.7244728
WT75_1_TCGACCTAGTCCCGAC-1,3.9987502,4.3295407
WT75_1_ACCACAATCATCGCAA-1,3.0127056,3.285722
WT75_1_TCCATGCTCACTGTTT-1,4.041906,0.68871737
WT75_1_TTACTGTAGAAACTAC-1,7.988596,5.5930033
WT75_1_TACCCGTAGTGGGAAA-1,2.2067664,2.7091224
WT75_1_GAACACTAGGTCTGGA-1,2.5851858,2.7306874
WT75_1_CCTCCAAAGCTACAAA-1,-1.0967642,6.9981136
WT75_1_ACTCCCAGTACTGACT-1,3.722988,1.7596422
WT75_1_TTATTGCAGGTTCTAC-1,4.619114,5.654314
WT75_1_ATTCTACAGGTGCCTC-1,3.5852454,1.547249
WT75_1_TCGGTCTTCTCTAGGA-1,-0.365445,8.391508
WT75_1_ACTACGATCTGACCCT-1,-0.042339478,4.5397596
WT75_1_TCTATCAAGCCTCACG-1,5.246463,4.5642037
WT75_1_TGGGATTTCCATTTCA-1,1.10992,3.6038847
WT75_1_AAAGAACCATCGGTTA-1,2.4440958,2.4425042
WT75_1_TGTGAGTTCCTACACC-1,0.15296958,7.064406
WT75_1_CATTGTTAGAAGATCT-1,0.43244934,2.9149802
WT75_1_CAACAACCATGTGACT-1,-0.67612433,7.8917127
WT75_1_TCATGGAAGCACTAGG-1,1.6908389,4.4512806
WT75_1_GTTTGGATCCCTCATG-1,7.6455135,5.600078
WT75_1_TTGTTTGAGCACCGAA-1,-0.30034998,6.0592904
WT75_1_GCAGCCAGTTGCTAGT-1,0.919093,6.9206247
WT75_1_TTTCATGTCCCAAGCG-1,-0.9776766,7.287538
WT75_1_CCTCAGTAGAGTCTTC-1,3.0169992,4.6013136
WT75_1_AGTACTGCAATGCAGG-1,0.19521813,6.249822
WT75_1_GCTGCAGGTCAAATCC-1,-0.41704443,5.964927
WT75_1_TTAGGCATCAAGAAAC-1,0.77396935,6.25702
WT75_1_ATTCCTAAGGGCAAGG-1,1.275143,3.8254468
WT75_1_CTCCCAATCAGTCAGT-1,2.7086992,2.519476
WT75_1_GTAGATCAGGCTCAAG-1,2.5273352,2.334665
WT75_1_AAAGGGCAGGGAGGAC-1,-0.98205316,7.0239706
WT75_1_TCTAACTTCTAGAACC-1,-0.32823333,5.578543
WT75_1_ATGGATCTCTTAGGAC-1,-0.2054922,6.5400314
WT75_1_AACCATGGTCTCGGAC-1,-0.5865567,7.9039574
WT75_1_AGGTAGGGTGCAACAG-1,1.66454,5.3445177
WT75_1_AGGCATTGTCGGAAAC-1,3.4734318,5.369257
WT75_1_CTTAGGAGTGATACTC-1,-0.19815533,7.4972634
WT75_1_GAGTCATTCTCATGCC-1,-0.098345146,5.5286293
WT75_1_GTTACAGCATAATCGC-1,-0.284474,7.201763
WT75_1_TCACTATGTGCCGTAC-1,-1.1866806,6.643522
WT75_1_CAACAACAGCAACAAT-1,-0.15329653,7.583712
WT75_1_GATCAGTAGTAGTCAA-1,-0.16310683,7.1934495
WT75_1_TGTCCCAGTTTCACTT-1,1.6985792,3.175383
WT75_1_GTGTAACTCATTGAGC-1,5.0837255,2.987989
WT75_1_ACTGTCCGTTCAAACC-1,3.012512,4.683643
WT75_1_CTATAGGGTCACCTTC-1,1.0219097,3.053888
WT75_1_GGATGTTTCCAGCCTT-1,2.9120796,0.588312
WT75_1_CCTCTCCGTATGCTTG-1,3.3847654,7.385389
WT75_1_GTTGAACTCGAGCACC-1,-0.3827237,7.259753
WT75_1_TTTAGTCGTCGGATTT-1,1.6212987,4.8026314
WT75_1_AATGCCAAGGGCAAGG-1,0.61459607,4.935188
WT75_1_GTTCATTAGTGGTTAA-1,-1.4798962,6.3976927
WT75_1_AGGTCTACATAACAGA-1,2.474687,6.22369
WT75_1_CATGCAATCTGAACGT-1,-0.30738762,6.457608
WT75_1_ACTATGGTCAACGTGT-1,4.1954255,6.3347425
WT75_1_ATGACCAAGCGCATCC-1,-0.3154537,9.299754
WT75_1_GAACACTTCATTCACT-1,7.466673,5.8458877
WT75_1_AGCATCACATCACCAA-1,2.3769884,3.059072
WT75_1_AAACCCAAGTTGCGAG-1,7.821284,5.8078637
WT75_1_GTGAGGAAGGTTCCGC-1,6.8490767,5.6240597
WT75_1_CTCTCAGTCAACTTTC-1,5.457983,4.3637576
WT75_1_AGTAACCCACGCCAGT-1,6.8873763,3.6399364
WT75_1_CGTAATGCATGACGGA-1,1.0046003,4.9221444
WT75_1_TTTCACAGTATCGATC-1,4.880298,3.8111484
WT75_1_TGGTTAGGTATCGCGC-1,1.6303983,2.8411646
WT75_1_CCACGAGTCCGCTGTT-1,3.79234,2.9352045
WT75_1_GTAGCTACATCTATCT-1,-0.3461052,8.838661
WT75_1_CTGGCAGCACCTGTCT-1,0.16242138,5.2109094
WT75_1_AACCTTTCATGCCGAC-1,1.373177,3.8710763
WT75_1_GGAACCCGTAGTTACC-1,4.790339,3.4618993
WT75_1_GGTAGAGGTAGACAGC-1,2.0890815,4.896358
WT75_1_TAACTTCCACACCTTC-1,-0.33297783,7.5753436
WT75_1_TTGCATTAGGTTGGTG-1,5.681111,4.132313
WT75_1_TACAACGCATAATCGC-1,-0.44056648,5.6118803
WT75_1_CGGGACTGTTTACCAG-1,2.9335139,3.7503316
WT75_1_CTGAGGCCAATCTCGA-1,-1.975046,8.347695
WT75_1_ATTCGTTAGACCTCAT-1,4.0126176,6.245353
WT75_1_TTTGGAGGTCTTGAGT-1,2.5306027,2.2967622
WT75_1_GGTCTGGTCCGACGGT-1,3.73758,5.983123
WT75_1_ATTACCTTCTTCGTGC-1,1.6646476,5.1166477
WT75_1_GCCATTCTCAAATAGG-1,4.1370435,2.3097591
WT75_1_TAGGGTTAGTGAGGTC-1,-0.9040475,6.8593764
WT75_1_TCTACATTCGCACTCT-1,-1.0693828,7.4159784
WT75_1_AGACCATAGAGGCGTT-1,1.1024342,5.9912953
WT75_1_GTGGTTAAGAGCATCG-1,-0.8518901,6.9581914
WT75_1_ACACTGAAGTTAGTGA-1,8.916607,4.4929147
WT75_1_ATCACGACAAAGAGTT-1,-0.76995105,5.8973002
WT75_1_AAGCGAGAGCCTGGAA-1,0.4084733,6.858662
WT75_1_GGAAGTGAGGACAGCT-1,2.5187957,6.526619
WT75_1_TGATCTTGTGGTAACG-1,1.0700089,5.141762
WT75_1_CAATGACGTAGGTTTC-1,0.12049028,6.932588
WT75_1_TTCGATTGTCTGCCTT-1,0.7838151,5.049415
WT75_1_GCACATACATCAGTGT-1,0.91158134,4.559819
WT75_1_CATACTTAGTCCCTAA-1,0.60426384,7.810894
WT75_1_GCATCTCGTCCGTACG-1,-0.07834709,6.161824
WT75_1_ATCATTCGTAGCGCCT-1,0.12565878,7.447457
WT75_1_TATTGCTGTCACAATC-1,-0.21899131,7.0507355
WT75_1_AGCTACACAAGCTACT-1,7.437662,5.844473
WT75_1_ACCATTTAGGTATCTC-1,2.354726,2.6564546
WT75_1_GGGTGTCTCTGAATGC-1,3.964041,2.3151734
WT75_1_TAGGGTTAGTCGTTAC-1,-0.4841223,9.211951
WT75_1_TATCTGTAGGGAGGAC-1,0.8559389,4.5096946
WT75_1_ACAAGCTGTCTACACA-1,2.51567,4.889041
WT75_1_TTAATCCTCCAGCACG-1,8.442211,3.382405
WT75_1_GCCCAGAGTCTTTCTA-1,4.5406065,4.692558
WT75_1_ATGCCTCAGGCCACCT-1,2.202282,1.8615571
WT75_1_TTTGTTGTCATCACCC-1,-1.1607745,6.54471
WT75_1_ACGTTCCAGGCATTTC-1,0.17169403,5.0564227
WT75_1_TCCACGTTCGTTCAGA-1,-0.9235793,8.759681
WT75_1_CTGGCAGCAGAACTTC-1,1.4279184,3.6481159
WT75_1_ATGGGAGTCTTCTGGC-1,5.79793,5.0773306
WT75_1_TACTTGTTCCAACACA-1,0.3416734,7.6730933
WT75_1_CATTCATCAAGAGGTC-1,0.9094977,5.864174
WT75_1_AAACGAAAGGTGCATG-1,3.6238391,4.4558916
WT75_1_TTCATTGTCATGGAGG-1,1.3163509,5.8301845
WT75_1_TCACAAGAGAAGGGAT-1,7.04903,6.417525
WT75_1_GGGTAGAGTGTGGACA-1,-0.16103753,4.030438
WT75_1_TCTATACGTGTCCAAT-1,6.9783072,5.007281
WT75_1_AGAACCTAGTTCTCTT-1,-0.00017309985,6.816062
WT75_1_TCTCACGTCCACCTGT-1,3.928011,3.5867424
WT75_1_AAACCCACAGTCAGTT-1,4.6566024,6.490873
WT75_1_TCCACCATCTCAAAGC-1,-0.14783031,6.205657
WT75_1_AGAGAATAGGGACACT-1,3.389298,2.367193
WT75_1_GTCTTTAAGGAAGAAC-1,-1.461285,8.100387
WT75_1_AGTTCCCCAGGCTTGC-1,2.274954,2.8211057
WT75_1_AAGCGAGTCTACTTCA-1,0.64858127,4.492184
WT75_1_TGAGGTTTCGAGTTGT-1,1.3218868,6.289873
WT75_1_CCAATTTCAGCCATTA-1,3.1890483,3.441958
WT75_1_AAACGCTAGCTGAAGC-1,3.1050787,0.36028004
WT75_1_ACAACCAGTCGAAGCA-1,0.04516941,6.981948
WT75_1_CTTCTAAGTGACTCTA-1,5.6328864,4.934311
WT75_1_AGCGTATCATGACTAC-1,7.8175993,5.4871087
WT75_1_GGGTTTAGTAGACGGT-1,2.1673927,2.4534245
WT75_1_CTGCGAGTCCACTTCG-1,-0.8898986,6.780329
WT75_1_GGGCTCAGTAGTCTGT-1,2.4597747,2.93293
WT75_1_ATGTCCCTCGTTATCT-1,0.28030378,6.203486
WT75_1_AACCAACAGGACGCTA-1,5.022123,7.281726
WT75_1_CCTCTCCGTGGACCAA-1,-1.3366704,8.447987
WT75_1_GTGGTTAGTGGCTGAA-1,2.9885168,2.1644652
WT75_1_CATCGTCGTTAACCTG-1,-0.53158957,6.1071157
WT75_1_TGAGGAGTCTGGGATT-1,-0.62302613,6.8234615
WT75_1_AACCAACAGTGAACAT-1,-0.96061015,6.720182
WT75_1_CATCCGTTCGCCACTT-1,0.34230298,5.69458
WT75_1_GGGAAGTCATGGCTGC-1,2.591769,1.7461928
WT75_1_GTAGTACCATAATGAG-1,-0.24316275,7.2999578
WT75_1_AGATGAAAGGCTCAAG-1,-0.6819896,5.6076255
WT75_1_TATTCCAGTAGGCAGT-1,3.3000672,4.4666343
WT75_1_TAGGTTGGTCAAAGAT-1,-0.06913579,7.8233724
WT75_1_TATCAGGCACAGTCGC-1,1.2282134,5.8946695
WT75_1_TGTCCCAGTAGATTGA-1,1.1553674,4.798227
WT75_1_TTGAGTGGTCCATACA-1,8.368846,5.696553
WT75_1_TATTCCAAGCGTCTCG-1,-0.49677694,6.2742524
WT75_1_TGTCCCATCGTTCTAT-1,2.975507,4.8749833
WT75_1_ACGGGTCTCAACCGAT-1,-0.84778726,6.3249397
WT75_1_GTCGTAAGTTCGTGCG-1,1.6343288,3.2551324
WT75_1_TCTGCCATCCGACGGT-1,-0.3455881,7.106268
WT75_1_TCAGTGATCTTCCCGA-1,7.680564,5.22138
WT75_1_TGTAAGCTCAACGAGG-1,5.7123184,3.6370647
WT75_1_ATGTCTTCAGAGAAAG-1,3.7987115,2.57993
WT75_1_GCAGCTGTCAGGACGA-1,4.189503,5.996222
WT75_1_TTAGGCAGTACCGGCT-1,7.10863,5.3466477
WT75_1_CCTCCTCCACTGCACG-1,-0.026488993,6.8815417
WT75_1_CTGTAGACAATTCTCT-1,0.73395795,4.8255963
WT75_1_ATGGGAGCACTGTCCT-1,1.7571709,4.942674
WT75_1_GCGTTTCAGCGCTGAA-1,0.005404433,5.901948
WT75_1_GGAACCCAGGGAGGTG-1,5.464978,6.1125636
WT75_1_GGGTCACGTAAGGTCG-1,3.747769,1.4742607
WT75_1_TTGTTTGAGTTCCGTA-1,2.9107783,1.1583912
WT75_1_GGTAATCAGTTGAATG-1,-0.60636276,6.9275813
WT75_1_CTGTGAAGTCGAATGG-1,3.4849758,2.1905553
WT75_1_GATCATGTCGAGATGG-1,2.6576345,2.2023935
WT75_1_CATAAGCAGCTGGCTC-1,4.521433,5.9773016
WT75_1_TCTGCCAAGAGAGGGC-1,0.007356407,6.343009
WT75_1_TAGTGCACAAATGCTC-1,0.15214665,6.538509
WT75_1_GCTCAAAGTACGCTTA-1,3.6464639,5.0746455
WT75_1_ATCGCCTAGCGTGCCT-1,1.1578228,5.782655
WT75_1_TCATTTGCAAATTAGG-1,3.0364845,3.1815443
WT75_1_GGGTTATAGAACAAGG-1,-0.017446725,7.240172
WT75_1_TCACATTGTCCGGATC-1,-1.8300353,7.860473
WT75_1_TCATGAGTCCAGTGCG-1,8.853532,6.217108
WT75_1_TGAACGTTCTTAGCCC-1,4.8608155,5.963079
WT75_1_CTAGACACATATTCGG-1,-0.56052196,7.0386357
WT75_1_CGATGCGAGCGACCCT-1,0.34284896,7.02599
WT75_1_AGGACTTGTGACACAG-1,1.100544,5.99873
WT75_1_GGGAGTAGTATCGAAA-1,1.432378,6.2366376
WT75_1_TTCTTGAGTTGAAGTA-1,0.9366472,3.1697414
WT75_1_CATCCCATCATTGTTC-1,8.7023735,4.6301622
WT75_1_AGGTTACGTCTTACTT-1,1.5583235,5.2179303
WT75_1_GATCACAAGAAGTGTT-1,0.653942,5.313768
WT75_1_GTTGTGAGTAACATAG-1,2.368586,2.339252
WT75_1_AAAGGTAAGACGAAGA-1,1.6451522,3.430594
WT75_1_CTGGCAGCAACCAGAG-1,-0.33661023,6.46029
WT75_1_GATGAGGCAACGTATC-1,1.8792027,2.0930703
WT75_1_TGAATGCGTCCAGGTC-1,5.215177,4.2656546
WT75_1_ATCACTTTCTAGCAAC-1,4.8376875,7.062967
WT75_1_TCCTCGAGTACGACTT-1,2.8686726,2.2895348
WT75_1_TGGTTAGTCGCAATTG-1,4.2609954,4.9054465
WT75_1_GTGTAACAGGATGGCT-1,2.2266247,3.1544068
WT75_1_ATGCATGTCTCCACTG-1,2.714032,4.638434
WT75_1_GGGCTACTCGGTATGT-1,4.491473,6.6918955
WT75_1_GGCAGTCCAGCGGTTC-1,4.569193,3.8131802
WT75_1_ATTCCTAGTGTTAACC-1,2.7915502,2.847559
WT75_1_TAAGTCGCATCGGAGA-1,6.033559,5.8111362
WT75_1_GGTGTTACATCTAACG-1,1.7828982,2.8470511
WT75_1_TGACAGTTCACCTGGG-1,0.082382865,4.819631
WT75_1_ATTCCTAGTAGCGTTT-1,0.89873946,3.3521597
WT75_1_AGACCCGGTATCCTCC-1,1.9286993,3.2472548
WT75_1_CCTCACAAGGTACATA-1,0.903899,7.0158296
WT75_1_CTTCTAAAGCAAACAT-1,0.8521788,5.5354466
WT75_1_CACGTTCAGAGGATCC-1,5.0781493,-1.0457219
WT75_1_ATTTCTGGTTCGCGTG-1,5.315431,1.4669615
WT75_1_CACATGAGTTAGGCCC-1,0.03509008,6.5946026
WT75_1_ACCAAACAGCGTATGG-1,-0.58151525,6.2895794
WT75_1_GAGGCAACAGTCAACT-1,4.7702665,-1.2030119
WT75_1_TGAACGTAGTTGCCTA-1,1.9013101,3.4336414
WT75_1_CTCTCAGGTTACGGAG-1,0.40015632,7.286005
WT75_1_CATCCACTCCGGGACT-1,0.28579307,5.7250795
WT75_1_GTGCTGGTCCCTGGTT-1,1.8173157,3.2000365
WT75_1_CAATGACGTGCCCAGT-1,6.6517177,4.9185286
WT75_1_AGGCCACGTTCGAGCC-1,4.02022,1.995217
WT75_1_TCTATCAGTAGTCGGA-1,6.4246626,4.0717854
WT75_1_CGATCGGAGGGTGAAA-1,2.5408566,2.346604
WT75_1_AGTCAACGTTTGACAC-1,1.6040878,3.569749
WT75_1_GCACGGTCAACGCATT-1,5.5078835,5.5893364
WT75_1_GCCATGGTCTCAAAGC-1,2.297953,2.5138555
WT75_1_ATTGTTCGTAATTGGA-1,-0.592076,6.654204
WT75_1_CTGAGGCGTAACATCC-1,2.1588874,2.8679984
WT75_1_ATAGGCTTCTTGAACG-1,3.4414992,7.0571938
WT75_1_GTACAGTCACTGGATT-1,1.9777982,2.6927109
WT75_1_ACAAGCTGTGTTAAAG-1,3.3882284,5.3059483
WT75_1_CTCAACCGTGAGCTCC-1,0.032695774,6.6178565
WT75_1_CATAGACAGCCATTCA-1,3.203745,2.321368
WT75_1_TCTATCATCAGACTGT-1,2.0734158,3.0532615
WT75_1_TCAAGCAGTCTAACGT-1,-0.86822474,7.497942
WT75_1_ACCAAACAGTGCGACA-1,2.237265,1.870247
WT75_1_TGAGTCAGTGGTGATG-1,1.1009779,4.8668475
WT75_1_TGGCGTGCACGCCAGT-1,1.0431435,5.2491603
WT75_1_TGGCGTGGTCAAGCGA-1,1.2823161,4.2264543
WT75_1_AAGCGTTTCTATCGTT-1,2.4020174,2.206773
WT75_1_GAAGCCCAGTGCCAGA-1,0.628326,5.4751654
WT75_1_TGTTGGATCATCACAG-1,4.991159,7.2909393
WT75_1_GACTGATGTATCACGT-1,3.2001655,2.236578
WT75_1_TCATTGTGTCGATTCA-1,1.1489449,3.8670182
WT75_1_TCGTAGATCGGTATGT-1,2.5625525,2.3252337
WT75_1_GTGTCCTAGCAGTAAT-1,2.4645438,3.0559459
WT75_1_CCCTGATCACTTCTCG-1,2.443556,2.4201856
WT75_1_AGTTCCCCAAGAAACT-1,-0.13462277,5.7848935
WT75_1_CCCTCAATCTGGGTCG-1,0.27461618,7.577011
WT75_1_AACCACAAGGTTCTTG-1,3.8105547,7.451237
WT75_1_CTACGGGCATTCATCT-1,3.5322149,4.3519044
WT75_1_GCTACAAGTCGCATTA-1,1.4024956,6.158203
WT75_1_CGTGATAGTACGTAGG-1,0.5860868,6.436891
WT75_1_CGTTCTGGTATAGGGC-1,-1.105337,7.746625
WT75_1_GATCAGTTCCATAAGC-1,5.2344294,4.801198
WT75_1_GAAGGGTGTGCTTATG-1,0.87665296,3.6882153
WT75_1_CCGAACGAGGACAACC-1,3.8294969,2.0685027
WT75_1_GTTACGAAGCTCGTGC-1,5.4491158,7.788917
WT75_1_TGTCAGATCCACGTAA-1,3.6381404,1.917794
WT75_1_TAGGGTTAGAACCCGA-1,1.3424385,4.5926933
WT75_1_AACCAACCACGCTATA-1,1.3383492,5.9172945
WT75_1_CAGGCCATCCGACAGC-1,1.7419919,-0.17357734
WT75_1_GCGTGCAGTCCGGCAT-1,-1.5719255,6.7187934
WT75_1_CTTACCGGTTTGGGAG-1,0.24203728,6.2160797
WT75_1_ACTATCTGTACAACGG-1,3.785221,2.4646282
WT75_1_ATTTCTGGTTGAGAGC-1,-0.26155734,6.5816607
WT75_1_GGTGAAGAGCCTATCA-1,-0.12124719,6.3354115
WT75_1_CGCAGGTTCTGGCCAG-1,0.2228508,5.476645
WT75_1_CTACAGACAGTGTGCC-1,1.1399194,4.1204367
WT75_1_CAGTGCGGTGAACGGT-1,1.2717841,3.7327852
WT75_1_GAGGCAAGTCTCAAGT-1,4.824359,2.6254015
WT75_1_GGAGGTAAGCACACAG-1,1.5903618,4.372671
WT75_1_TGTAGACTCATCTATC-1,-0.62939936,7.0924773
WT75_1_TGTGTGATCTTTGCGC-1,0.11676082,6.241544
WT75_1_AGATGAAGTTTGAACC-1,1.2787187,4.6521745
WT75_1_TGCTCGTAGCGGACAT-1,1.3164648,3.1696079
WT75_1_TCGTAGAAGGTACCTT-1,1.4408467,2.1814148
WT75_1_TGACCCTTCTGTTCAT-1,4.2302,6.873089
WT75_1_TCTTCCTCACCTTCGT-1,-0.51613045,6.44669
WT75_1_GGGCTACCAGAAATTG-1,1.1633443,5.424339
WT75_1_GATTGGTTCGTGTCAA-1,5.6186275,5.032111
WT75_1_GTGGGAAGTACCCGAC-1,0.786746,6.2400146
WT75_1_TAACTTCGTTAAACAG-1,3.00721,1.8258116
WT75_1_TGCTCCATCACTTGTT-1,-0.16198784,6.668703
WT75_1_ACGGTTACACCCATAA-1,2.4583435,2.917255
WT75_1_GTCAAACTCGTCACCT-1,-1.2058871,6.6606236
WT75_1_CAGTGCGAGTAAGAGG-1,4.3818574,6.3083105
WT75_1_CAATGACCAGTAGTTC-1,2.1253715,5.2722297
WT75_1_CCGCAAGAGACGAGCT-1,1.6945772,2.6332867
WT75_1_ACTTTGTGTTGCTAGT-1,5.769095,5.3609905
WT75_1_TGCACGGAGGTCACTT-1,4.287874,6.543629
WT75_1_AGGCTGCCACAAAGCG-1,4.3893785,3.7122564
WT75_1_CATGCGGTCCACTGAA-1,0.39947286,4.6722236
WT75_1_CATCGCTCACGCGTCA-1,3.589547,2.3897698
WT75_1_GTTCGCTCATTGGGAG-1,5.3478355,6.1893153
WT75_1_CAGGGCTAGTGGAAGA-1,0.4136173,6.1637483
WT75_1_TCCCACACATGGAAGC-1,6.5954547,3.458491
WT75_1_GTTCTATTCCCTTTGG-1,-0.55068487,6.710464
WT75_1_TATACCTGTTCAGGTT-1,7.1275134,5.8784103
WT75_1_TCACACCGTCGTGATT-1,-0.53223115,6.6160836
WT75_1_TTGATGGCAATTAGGA-1,0.89134914,7.688844
WT75_1_TTGTTTGAGGACCCAA-1,5.3095536,6.8748055
WT75_1_CAGGCCAAGTGGAATT-1,1.1013793,6.01114
WT75_1_GTCGTTCTCTCGTCAC-1,-0.5876487,8.418825
WT75_1_TCCATCGGTCTTGCGG-1,3.3986723,0.6012723
WT75_1_GTGTCCTGTACGAGCA-1,1.5593505,5.153443
WT75_1_ACACGCGCAGAACTTC-1,0.57007724,6.025595
WT75_1_TTCCTAAGTCAACATC-1,-0.32158434,3.0727131
WT75_1_TACTTACAGTGCGCTC-1,3.0407202,3.701231
WT75_1_CATTGCCAGCGTTACT-1,2.3545737,2.131455
WT75_1_ACCTGTCAGCGTGCCT-1,1.2389556,5.120606
WT75_1_ACTTTGTGTAGGTAGC-1,-1.053462,7.430296
WT75_1_GTGTTAGAGCTTGTTG-1,3.9543648,3.97693
WT75_1_GTTCATTGTGACTATC-1,2.6506152,5.663764
WT75_1_CGTGTCTCAATGGGTG-1,7.58839,5.92877
WT75_1_GTTTGGACACTCAAGT-1,3.3240685,2.8671224
WT75_1_CATCGCTCATACACCA-1,2.2414393,5.742179
WT75_1_GCATCTCTCGTGGGAA-1,0.19343333,6.0057173
WT75_1_ACGGAAGAGTCGAAAT-1,2.8906932,3.198191
WT75_1_TTCATTGCATCATTTC-1,2.0745072,2.5427153
WT75_1_CCCGGAACAGGAAGTC-1,4.53937,2.7771764
WT75_1_GTCTGTCAGGAACGCT-1,2.0867999,4.5952663
WT75_1_AGCGTCGGTCTACAGT-1,-1.053386,6.9458747
WT75_1_TCATATCTCCATTCGC-1,2.2597053,4.578787
WT75_1_TGCTTGCGTTAGGGTG-1,1.4776645,5.837199
WT75_1_AGGCATTTCCACGGGT-1,0.819422,6.018364
WT75_1_AGCGTATTCCATTTCA-1,0.34336227,6.0202403
WT75_1_AGGACTTGTGATACCT-1,3.018707,1.6932391
WT80_1_TAGAGTCCAGCTGTCG-1,6.2157836,5.412269
WT80_1_AGTGACTGTGAATGTA-1,3.0700843,5.941681
WT80_1_ATCGGATTCCATAGAC-1,1.0341885,3.8028886
WT80_1_TCAGGGCTCTTCCCAG-1,0.25344592,3.113273
WT80_1_TGCATGAAGACCGCCT-1,-0.4147002,3.4462752
WT80_1_AGCGATTAGAATAACC-1,1.9239646,-0.33727098
WT80_1_AGCTACAAGCACTTTG-1,8.841753,1.9064608
WT80_1_GACCTTCAGAGCAGAA-1,0.9219402,0.39654493
WT80_1_TAAGTCGTCCATGATG-1,-1.0361784,3.6512523
WT80_1_AGCTCAATCATGCGGC-1,9.318663,1.732462
WT80_1_AACCCAACAGCACACC-1,11.071336,6.0389094
WT80_1_TGAATCGAGCAGTACG-1,1.6752087,1.8554455
WT80_1_CGCCATTAGCACAAAT-1,8.149274,2.3744287
WT80_1_GTACAGTGTCATAAAG-1,0.44904792,2.7589052
WT80_1_TCTATCAGTGACATCT-1,3.4417036,0.72112143
WT80_1_GAATCGTCAATTCACG-1,9.564225,4.0033584
WT80_1_TCTTTGATCTGTCGTC-1,7.5126863,5.499148
WT80_1_ATCGTGACAAATTAGG-1,8.424661,2.0275195
WT80_1_ACCTGAAAGGTCGAGT-1,4.7095017,2.881082
WT80_1_TTCCTAACAGTAGTGG-1,0.20978215,1.777715
WT80_1_TGCGGCATCGCAACAT-1,8.407183,6.9217987
WT80_1_AAGGTAACAGGTGTTT-1,2.3909612,5.2241116
WT80_1_ACATCCCTCTAGGAAA-1,9.499566,4.895875
WT80_1_GATGAGGGTTGCCATA-1,4.67117,6.6990705
WT80_1_CTCACTGCATGCACTA-1,6.7785273,5.0825915
WT80_1_ATTGGGTCATCGGCCA-1,-0.2518386,1.7145576
WT80_1_TTCTGTAAGGGCTGAT-1,0.4462415,2.6462207
WT80_1_GCGGAAACACCCTCTA-1,2.1516259,2.248871
WT80_1_GAAGTAACACACCAGC-1,2.3635304,1.4944996
WT80_1_CTACATTCATAACCCA-1,4.796216,7.4973903
WT80_1_CAATTTCGTCAAGCGA-1,7.9703617,4.648338
WT80_1_TCCTTTCTCGTTGCCT-1,9.963755,6.110716
WT80_1_AAAGAACGTGTATTCG-1,-0.11363659,4.223128
WT80_1_ATAGACCAGAGGTGCT-1,1.1785804,1.9746308
WT80_1_ACCATTTCAAAGCAAT-1,0.19391133,2.8307679
WT80_1_GCATCTCTCATTATCC-1,2.8198278,1.2070004
WT80_1_CATACAGTCGAACGCC-1,0.5600301,0.43005452
WT80_1_GGCAGTCCATCGTTCC-1,4.4075007,3.932875
WT80_1_TCGTCCAAGGTACAGC-1,0.7309501,3.7268627
WT80_1_AGACCCGTCAGTCACA-1,5.0564327,0.83200604
WT80_1_CGCCAGATCATGTCTT-1,5.063339,7.7641263
WT80_1_TCTACCGTCTAGTTCT-1,3.6415007,-0.45626777
WT80_1_ACATCGACATGGCTGC-1,0.63289905,2.533806
WT80_1_GTGGTTAAGCGTTCCG-1,7.989951,4.567122
WT80_1_CATTCTAAGTTTGAGA-1,1.7138412,2.2647262
WT80_1_TAGGAGGCAACTTCTT-1,-0.580409,2.2840264
WT80_1_CATTGCCGTACACGTT-1,5.6904273,3.6531806
WT80_1_TTCTTGAGTGTAACGG-1,0.97296613,-0.17534685
WT80_1_AGGCTGCTCGACGTCG-1,2.3217,0.6383526
WT80_1_ATTCGTTGTCATGCAT-1,7.9564457,5.283897
WT80_1_CTGTACCAGCACACAG-1,6.5808544,4.7390733
WT80_1_GGCTGTGCATAGCTGT-1,5.5877833,3.2867749
WT80_1_ATTCCCGGTCTTGAGT-1,9.620439,5.376533
WT80_1_CGGACACTCCGCGGAT-1,3.9478016,1.2768514
WT80_1_CAAAGAATCCGTGACG-1,0.61930245,2.8169932
WT80_1_ATAGGCTAGACACACG-1,5.8602257,4.6341877
WT80_1_AATCACGCATCCCACT-1,-0.8982056,3.6385167
WT80_1_AACCTTTCAATTGCTG-1,1.6424338,-0.98155916
WT80_1_GACCAATGTGCCTTCT-1,0.6098712,2.8143296
WT80_1_TTTGATCTCGTAATGC-1,1.2991142,-1.1650748
WT80_1_TCAGCCTAGTGCTAGG-1,2.1643727,3.5242622
WT80_1_CTGGACGAGTAGTCAA-1,9.790638,3.3739989
WT80_1_CGGGACTAGCTTTGTG-1,8.295389,1.5879116
WT80_1_GTTGCTCAGCTACTGT-1,-0.537841,2.9974291
WT80_1_GAGTGAGAGGGATCTG-1,0.7607294,2.2689645
WT80_1_TGTTGGAAGATTGTGA-1,2.02833,1.2118413
WT80_1_CTTACCGAGCCGTAAG-1,-0.3421813,1.8944048
WT80_1_AATGCCATCCGCAAAT-1,2.1139007,2.2399628
WT80_1_GATGTTGGTAACGATA-1,5.5317383,6.4431357
WT80_1_TGTTCATGTGCTCCGA-1,8.44333,5.0039487
WT80_1_TGTGGCGAGACTCGAG-1,-0.54629064,2.003733
WT80_1_GGCAGTCCAATATCCG-1,-0.6709699,2.657262
WT80_1_TTCAATCAGTATCTGC-1,2.4489298,1.8044952
WT80_1_GGGTGTCGTACGCGTC-1,0.28819755,2.2253966
WT80_1_TCAAGCAGTTAGCGGA-1,-0.9276933,3.7378316
WT80_1_AAAGGGCCAGACCAGA-1,5.3245535,7.952164
WT80_1_CGGGTGTAGTCTTCCC-1,2.0442064,0.25487778
WT80_1_CAGCAATAGTGTGTTC-1,2.2193696,2.909256
WT80_1_ATTATCCAGAAGCGAA-1,9.738948,5.935116
WT80_1_TTGATGGCAATAGGAT-1,1.8806179,-0.5013575
WT80_1_CTCTCGACAACTGCTA-1,7.693304,3.641442
WT80_1_GCTACCTGTGTATTGC-1,2.0007207,-1.1151679
WT80_1_TCTCCGACACAAATCC-1,0.28025398,0.661788
WT80_1_TGAATCGCACCCAACG-1,4.7780604,5.1590266
WT80_1_CGCATGGGTATCGATC-1,0.86803865,5.9050508
WT80_1_CCATCACTCGAACGCC-1,0.6834631,6.009658
WT80_1_TAGCACACATGGGAAC-1,1.741901,1.8601837
WT80_1_ACATCGATCTCGCAGG-1,-0.21552819,3.1492307
WT80_1_CCGAACGAGTGTAGAT-1,1.3404117,-0.7632759
WT80_1_TTTGGAGAGCGATCGA-1,9.771846,4.5247784
WT80_1_TGGTGATTCATCACTT-1,7.207213,3.7306874
WT80_1_GTGCTGGCACATCCCT-1,-0.48134083,1.0007443
WT80_1_CCGGTAGCACTTGAAC-1,8.250895,4.2435427
WT80_1_TCTCACGTCAACTACG-1,5.4534693,3.6475165
WT80_1_AGTAACCAGGGTCAAC-1,3.697359,2.8206434
WT80_1_AAGACTCAGGGTACAC-1,2.364114,-1.3075445
WT80_1_AGATGAAAGCGTATGG-1,-0.787619,1.2115605
WT80_1_AAGCCATAGTTACGGG-1,2.6437018,0.20516656
WT80_1_TTACAGGTCACCTCTG-1,2.9877017,1.9129002
WT80_1_GACCAATAGATACCAA-1,0.2679927,3.0945683
WT80_1_TCCTCCCGTGGCAACA-1,0.40828156,2.878321
WT80_1_CTGTACCGTCTTGAGT-1,7.6029196,3.6082475
WT80_1_TATCCTAAGGCTAGCA-1,5.319468,7.6559315
WT80_1_ACTATGGCACTGCGAC-1,1.1960605,0.6593109
WT80_1_CTGGACGGTATTGGCT-1,-1.2019078,1.5347778
WT80_1_CCTTTGGAGCCTCAAT-1,-0.26944792,3.9995687
WT80_1_GTTCTATCAAGATCCT-1,-0.57843685,2.9169087
WT80_1_GAAGCCCCAGTGTGCC-1,4.539373,7.480492
WT80_1_AGTACTGAGCAGTACG-1,-0.9192106,2.3595936
WT80_1_ACTTTCAAGAGTGGCT-1,-0.10255401,1.8097637
WT80_1_TTGCCTGAGTTCCGGC-1,4.349137,2.8702128
WT80_1_AAGCGTTAGGCGATAC-1,-1.111794,3.390195
WT80_1_TGCGGCAGTATCGATC-1,-0.15599093,3.461607
WT80_1_CGTTCTGAGGAAGTCC-1,-0.6108456,1.7046473
WT80_1_AGTGACTAGACGCTCC-1,2.7485144,2.608183
WT80_1_TGCGGCATCTCGTGGG-1,0.1695388,0.83505297
WT80_1_TCACTATAGCAAATGT-1,0.95841205,3.92844
WT80_1_GTTGTCCTCGGTAAGG-1,9.063544,1.6184887
WT80_1_ACTATGGAGGGAGTTC-1,4.281549,1.8021713
WT80_1_GATGAGGCAGCAGTCC-1,1.23699,1.7159401
WT80_1_TCAATCTTCGTTGTGA-1,3.271073,2.0277338
WT80_1_CCTATCGCACTGGCCA-1,2.1128726,5.9244113
WT80_1_AAAGAACGTTGGGCCT-1,8.643497,3.6988504
WT80_1_AGCATCAGTCCTATAG-1,-0.68252677,3.1175334
WT80_1_TCATTCAGTACACGCC-1,8.919658,3.9941812
WT80_1_ATGGGAGCAAATGGTA-1,9.087273,1.3595366
WT80_1_ATTGGGTTCTGACGCG-1,0.31100258,2.0018263
WT80_1_CCTTGTGGTCTCGACG-1,2.9263327,2.0127535
WT80_1_GGTGTCGGTCACTTCC-1,9.159091,3.0889785
WT80_1_GTGCAGCTCCCGTTCA-1,1.110293,1.0747769
WT80_1_AGGCTGCAGCTTCATG-1,2.1050715,2.4647574
WT80_1_TGAGGGAAGGACGCTA-1,0.9316007,1.8325133
WT80_1_GAATCACCACGCTATA-1,2.5847168,2.4654076
WT80_1_ACGTCCTCAAGCACAG-1,2.6825912,5.8696904
WT80_1_GAGTGAGAGATCCCGC-1,3.0187373,1.4676143
WT80_1_CATAGACTCACCGCTT-1,2.5317981,-0.99278325
WT80_1_CCCTGATGTCGTACTA-1,9.758119,4.754407
WT80_1_GAACGTTAGGCCACCT-1,10.041826,6.3422794
WT80_1_GAGTTTGGTAGTACGG-1,1.2615361,4.7293196
WT80_1_TGTGGCGCAATTTCGG-1,9.598058,5.1265707
WT80_1_TTGCCTGCACTGGATT-1,-0.5349546,1.176856
WT80_1_TAAGTCGCATGCGGTC-1,4.5519757,0.4778548
WT80_1_AGGCATTTCTGCGATA-1,1.8889259,1.6079096
WT80_1_CGTCCATCATTGCAAC-1,1.6883326,1.6759678
WT80_1_AAGATAGTCCGAGATT-1,-0.54357255,2.87264
WT80_1_TTCCGGTTCGTAGCTA-1,-0.31606117,2.426797
WT80_1_TACAGGTGTCATACCA-1,1.5946916,3.3737507
WT80_1_AACACACGTCTGTAAC-1,1.180476,1.704584
WT80_1_ACCGTTCCACGAGGAT-1,-0.14458436,4.500163
WT80_1_TCAGCAAGTCCTCAGG-1,8.953923,4.3234763
WT80_1_GTAGGTTGTTCTCCAC-1,9.608874,4.243979
WT80_1_GTCACTCAGACGACGT-1,-0.9013892,3.9422219
WT80_1_TGATGGTCAAGAGATT-1,0.045994468,2.270308
WT80_1_ATCGGCGAGTCCGCCA-1,7.090459,4.651672
WT80_1_TCTACCGTCACATCAG-1,0.7162672,3.4551637
WT80_1_TATTGCTTCTCCGAAA-1,-0.5443113,2.184538
WT80_1_TGCAGTAAGTGGCGAT-1,10.181117,4.9842825
WT80_1_CAGGTATTCGAGTGGA-1,-1.0858713,2.3473778
WT80_1_AGTGACTGTGCCGAAA-1,7.7872434,3.7591667
WT80_1_GGAATGGGTCTGGTTA-1,1.5936698,1.9382921
WT80_1_CTTACCGCATGCACTA-1,-0.9329089,3.8525538
WT80_1_TCAAGACAGATGCTTC-1,1.8868064,1.5493454
WT80_1_ACAAGCTGTTCCACGG-1,-0.13378863,2.8555064
WT80_1_ATCCACCAGAGGTCGT-1,0.036563,3.5263748
WT80_1_GTGGAAGTCTTAGCTT-1,0.82543266,1.7759589
WT80_1_ACCAACATCTGAACGT-1,7.3645906,5.9737444
WT80_1_AGCTACAAGTGATAAC-1,0.9836069,1.3928106
WT80_1_CGCATAATCAGTCACA-1,1.4891547,1.2257469
WT80_1_TCCCACACACCCATAA-1,0.9418087,1.7906659
WT80_1_CTCCCTCCATCTAACG-1,2.2983928,2.2956228
WT80_1_GTTCATTCACGAGGTA-1,2.997681,1.8644248
WT80_1_TAAGCCATCAGCTCTC-1,2.1642144,2.1745138
WT80_1_ACTTTGTAGTGCAAAT-1,0.43368277,1.6070259
WT80_1_CGTAAGTCAGAAGTTA-1,8.753792,4.1397333
WT80_1_ACTCTCGAGACGCTCC-1,-0.70392644,2.905889
WT80_1_GCATCTCTCTTCTGGC-1,1.4885875,1.75409
WT80_1_CTTCTCTAGGTATAGT-1,1.8934278,4.0633297
WT80_1_TGATGCAGTCGACTTA-1,8.606909,3.1385
WT80_1_CTACCTGCAACTGGTT-1,1.899674,4.6420074
WT80_1_GGATGTTCACAGAAGC-1,2.8495235,1.6944432
WT80_1_TAGACTGAGCTGCCTG-1,6.354738,2.1754842
WT80_1_ATCGGATGTACCCGCA-1,-0.33439815,3.1451902
WT80_1_GCATCTCGTGTTACAC-1,1.8255804,5.0202847
WT80_1_AAAGTGATCTCATAGG-1,3.4885685,-0.46990058
WT80_1_GGTAGAGAGAGCGACT-1,-0.16505057,1.9295527
WT80_1_CCTTGTGTCTCCCTAG-1,8.785199,5.9483485
WT80_1_CCTCTAGCAGGTTCGC-1,2.4223228,0.9371821
WT80_1_ATCGTAGAGCCTCCAG-1,8.786936,5.9824715
WT80_1_TTGAGTGAGACATATG-1,8.775631,3.9282517
WT80_1_TCTTTGAGTTGCACGC-1,2.9521332,-2.2394748
WT80_1_CGTAGTATCGATCCCT-1,8.696751,6.278221
WT80_1_CATGCGGTCCATACAG-1,2.2704604,2.5552084
WT80_1_TGCCGAGCACTTGTCC-1,0.61330086,3.199825
WT80_1_TGTTCTATCTCGTCGT-1,8.440485,6.2104115
WT80_1_TCAGTCCTCATACAGC-1,8.2901535,6.0876317
WT80_1_TTCGCTGGTACGAGTG-1,2.4503338,1.3573173
WT80_1_GTGGAGATCTTACGTT-1,-0.38146004,3.2143772
WT80_1_CACGTTCAGTGATAAC-1,1.6106238,0.36721954
WT80_1_TTACGCCTCAGACAAA-1,4.297074,4.267895
WT80_1_CAATTTCTCGTCTACC-1,-0.54127645,3.189327
WT80_1_TTGTGTTAGGCCATAG-1,9.018319,1.8787346
WT80_1_CATCGTCAGTCATGAA-1,7.159281,3.8903706
WT80_1_ATGAAAGAGGGTCTTT-1,10.208955,4.188443
WT80_1_ACTTCGCCACGTGAGA-1,8.055708,4.4404397
WT80_1_CTCATTATCGAGTGGA-1,1.8305757,2.6967657
WT80_1_CAATCGAGTCTTGAGT-1,-0.6729123,2.9590068
WT80_1_TTCCTAATCGAGTCCG-1,8.820663,4.129245
WT80_1_ATCACAGCACGGTGCT-1,1.8262881,1.9519432
WT80_1_ATTCGTTCAGTCGCAC-1,7.8766646,5.242479
WT80_1_CCTACGTTCCATAAGC-1,2.1254818,2.092426
WT80_1_GGTAGAGCAACCCTAA-1,4.663072,6.858896
WT80_1_AAGTCGTCACAAGTGG-1,1.1029302,3.4202666
WT80_1_AACAACCGTCCCTGTT-1,0.019680653,3.521041
WT80_1_CTAGACACATATCTGG-1,3.7388544,-2.8069208
WT80_1_TTCACCGCAGGTGTTT-1,2.67083,2.1349905
WT80_1_CCCTGATTCGCGCCAA-1,2.129248,-0.046260376
WT80_1_GAATCACAGCGAACTG-1,2.0226507,2.4003751
WT80_1_TGCTTGCTCACGGGCT-1,2.9934778,3.4426408
WT80_1_TCAGCCTCATCGAAGG-1,1.2926829,1.2362392
WT80_1_GGTGGCTTCGCCTATC-1,-0.19392158,2.7178674
WT80_1_TCAGCAACATTAGGCT-1,4.5953827,6.3837624
WT80_1_GATGTTGCACACTTAG-1,-0.7214419,2.498096
WT80_1_AGGAGGTGTGTTCGAT-1,7.475925,5.313665
WT80_1_TTTGATCCAATTGCTG-1,3.5543234,2.1844559
WT80_1_CGTAGTAGTTGGGTTT-1,0.7355314,1.7727234
WT80_1_TGAGTCAGTTAGGGAC-1,0.50451833,1.532496
WT80_1_GCTTCACCAGCTGTAT-1,4.9279456,4.116335
WT80_1_ACATTTCAGCAAGTCG-1,-0.7047656,4.8279223
WT80_1_CAGCAATCAAAGTATG-1,2.1591628,4.352944
WT80_1_ATGGAGGGTAGACACG-1,0.12606525,1.8701488
WT80_1_TTCTTCCAGAACGTGC-1,9.5366955,4.401388
WT80_1_CGGGTCATCTCGCCTA-1,9.771304,5.652271
WT80_1_TGTTCCGAGACTACCT-1,0.54447055,1.5183536
WT80_1_CACTGAAAGTATAACG-1,-1.3731496,2.3084757
WT80_1_CTCCCTCCACTCAAGT-1,-0.6526197,2.6850662
WT80_1_TCTCTGGGTGAGTAAT-1,-0.28893003,3.6402683
WT80_1_TCCTAATAGATCCCGC-1,1.5190117,1.2417754
WT80_1_TACGTCCGTGGTCTTA-1,1.7893124,2.934181
WT80_1_TACTGCCGTACTGACT-1,0.87577266,2.0151238
WT80_1_ATTACTCGTCCTGGTG-1,0.40154698,0.6219281
WT80_1_AAAGTGAGTCTCTCCA-1,8.026034,1.4183351
WT80_1_CGATGCGGTGTGACCC-1,1.1099335,0.5089571
WT80_1_GAGCTGCGTGCATCTA-1,7.7100515,5.2562327
WT80_1_GAGTTGTAGTTGCTGT-1,-1.0769747,3.577538
WT80_1_GGGCGTTAGAACGTGC-1,8.470495,3.5631704
WT80_1_TTGATGGAGGCACAAC-1,2.8774445,-0.48930645
WT80_1_CCGATGGTCAACTTTC-1,1.6809894,5.669442
WT80_1_ATCGTGATCAGCTGAT-1,0.13259766,1.772028
WT80_1_CCGGACATCCCATTTA-1,-0.21274152,4.542207
WT80_1_GTGGCGTGTCGTATGT-1,0.2687637,1.7473445
WT80_1_AGTAGCTAGTTGGGAC-1,3.1163166,0.93780273
WT80_1_CGTCAAACATGACGAG-1,1.4837112,2.021832
WT80_1_AGCTTCCTCCGCTTAC-1,2.4488683,1.997831
WT80_1_GCCAACGGTTTCGTAG-1,0.49137694,2.5274224
WT80_1_TGATGCATCCTATTGT-1,1.3808639,-0.19623703
WT80_1_CATGCCTAGGGCAGAG-1,-1.0995374,3.095489
WT80_1_GCCTGTTTCAAGAGGC-1,3.998363,1.212567
WT80_1_CGTTCTGGTGGCTACC-1,9.20976,5.7315764
WT80_1_AGTGCCGGTGATCGTT-1,0.20123297,1.6699064
WT80_1_CTCACTGGTCCGATCG-1,1.2095181,3.669806
WT80_1_CATACAGGTTCGAACT-1,0.6751796,3.3058925
WT80_1_GAATCACAGGAAGTAG-1,1.8958665,-2.091256
WT80_1_CCACAAATCTACGGGC-1,-0.6367857,1.4273578
WT80_1_AAGGAATGTGAGCTCC-1,1.6080381,-0.954649
WT80_1_GAATAGATCTCATTAC-1,0.49382547,4.1757936
WT80_1_ATTCTTGGTTAAACCC-1,2.0526354,3.8715563
WT80_1_TCACGGGCATTGCAAC-1,2.834804,2.095846
WT80_1_ATCGATGTCATGCGGC-1,-0.1874718,3.2965884
WT80_1_CTACGGGAGTCACGAG-1,3.1756842,-1.1196734
WT80_1_CTGCGAGTCACCATCC-1,-1.176434,3.5263002
WT80_1_CCAAGCGAGGTCACTT-1,8.594315,6.2083635
WT80_1_TCCAGAAAGGCACTCC-1,-0.34181258,2.7241137
WT80_1_TCCGGGACATTGACCA-1,-0.36074093,1.201112
WT80_1_CAAGAGGGTCAAATCC-1,0.7275612,0.47350872
WT80_1_TGTCCACAGATGGTCG-1,0.89739347,2.7646518
WT80_1_TGGGAGATCGTAGCCG-1,2.8226247,5.22921
WT80_1_GCCAGCAGTTGGAGAC-1,0.81760603,2.4866009
WT80_1_GATAGAAAGGATCACG-1,3.1273162,-2.4112988
WT80_1_CAACCAAGTGACTATC-1,2.969282,-0.7178404
WT80_1_TGACAGTCAAGTTGGG-1,2.7831175,1.796352
WT80_1_AACCATGAGTAACCGG-1,7.0293126,3.9561093
WT80_1_AAAGTGAGTCTCACAA-1,1.4902254,-0.8870275
WT80_1_TGCTTGCGTCACCGAC-1,-0.96164334,2.1542342
WT80_1_GCATGATCACCAGCGT-1,0.8879267,1.7474862
WT80_1_CCAAGCGAGGCCACCT-1,2.9946089,-0.29994422
WT80_1_CAGTTAGAGGTTATAG-1,3.698106,-1.9071809
WT80_1_CACGTTCAGATGTTAG-1,7.90635,2.1252499
WT80_1_AGGTTGTGTCCGATCG-1,-0.1309871,1.7913661
WT80_1_CGTCCATCAAGGTACG-1,-0.019898513,2.1286807
WT80_1_CACGTTCAGGGCGAGA-1,5.349985,-0.0941079
WT80_1_ACTTCGCAGAAGGGAT-1,0.20761709,4.1414776
WT80_1_GTCCACTTCGCAATGT-1,3.6834145,5.7888055
WT80_1_CACCGTTTCTTTACAC-1,8.309134,2.2280755
WT80_1_GTTAGACAGGTCTTTG-1,4.513392,-2.6128008
WT80_1_CGGAACCGTCCGGACT-1,-0.9568011,1.884958
WT80_1_TTGCCTGTCCGATGTA-1,-0.32267147,2.5941393
WT80_1_ACTCTCGAGTAACCGG-1,4.0899363,2.8469756
WT80_1_TCAAGCAGTTCCATTT-1,4.440826,5.879674
WT80_1_GGTTGTAAGGATACGC-1,-0.35307422,2.3411477
WT80_1_ATCCACCAGCCGCTTG-1,-1.108827,2.182014
WT80_1_TAGGAGGTCGGCTGGT-1,-0.65728265,2.618517
WT80_1_CTATCTATCATCTCTA-1,8.498071,2.3581214
WT80_1_TTTGACTTCGTGACTA-1,5.3391557,7.1211967
WT80_1_ATCGTCCCACCTGTCT-1,2.7786,3.447519
WT80_1_TATCTTGAGTCGGCAA-1,0.21574956,1.7698234
WT80_1_TCGACCTAGCTCCCTT-1,3.2784376,3.1962676
WT80_1_CTTCTCTTCTCTCGCA-1,5.3639045,7.593137
WT80_1_TGCTGAAGTCCGAAGA-1,2.6023364,2.3804734
WT80_1_ATCTCTAGTAGAGACC-1,-0.8944628,1.475782
WT80_1_AGATCCACATGAGAAT-1,0.33716655,4.448851
WT80_1_TCATGAGGTGTTCCAA-1,1.321391,1.5537628
WT80_1_CAACAGTCACGTCGTG-1,1.5920295,1.5473863
WT80_1_CCTCTCCCAGGTTCCG-1,9.155579,4.3164625
WT80_1_GTCTAGAAGTTGCGCC-1,4.086274,3.1560822
WT80_1_AGACTCACATCGGAGA-1,0.27298686,3.29562
WT80_1_GACTATGCAAATGAAC-1,-0.140889,3.6068654
WT80_1_GTTCCGTTCGGAGATG-1,0.7613678,-0.5978277
WT80_1_ACATGCACAACAGTGG-1,-0.14053984,2.6503084
WT80_1_ATACCTTTCAATGCAC-1,5.1967597,6.6915264
WT80_1_CTCAGGGGTTCCCACT-1,5.5524125,3.7605531
WT80_1_CTGCAGGGTAACATAG-1,-0.47574553,1.7522086
WT80_1_GTGAGCCGTCATATGC-1,10.136379,6.014123
WT80_1_ACTTTCAAGCCGATAG-1,2.513187,-0.3875349
WT80_1_TGTTGGATCTAAACGC-1,-0.32883868,2.7768202
WT80_1_GGGAGTATCAGTGGGA-1,2.9937873,-0.142138
WT80_1_GAAGGACAGCCACTCG-1,0.3001181,1.7369474
WT80_1_TCTCTGGCAGAGGTAC-1,4.9238334,-2.2659957
WT80_1_TATCAGGCACCTCTAC-1,9.048383,3.9403088
WT80_1_GTCGCGAGTATGTCAC-1,-0.46412554,2.045928
WT80_1_GTGATGTGTCAGGCAA-1,3.4313862,5.741391
WT80_1_CAGTGCGTCATTACCT-1,-0.66340727,1.3866458
WT80_1_ACGCACGGTGAGGAAA-1,-0.63267946,1.4173124
WT80_1_TCCTCGACATAGCTGT-1,-0.5288562,2.1963692
WT80_1_TCTGCCAGTGGCGTAA-1,9.423061,6.194237
WT80_1_CGCCATTCACGGGTAA-1,1.9522321,-0.90263027
WT80_1_ATCACAGTCTGGTTGA-1,0.103898935,1.5400809
WT80_1_CATCCGTAGAAACTCA-1,-0.4492026,2.5992403
WT80_1_ACATCGAAGCGTCAAG-1,-0.4696604,0.85426164
WT80_1_GAGACCCAGACTGAGC-1,-0.18425977,2.8737571
WT80_1_ACTTCCGGTTAGGACG-1,3.459664,2.2523713
WT80_1_TCGTGGGGTCGTCATA-1,2.2522323,-0.11818793
WT80_1_GCAGTTAGTGTCGCTG-1,-0.40489477,1.6702827
WT80_1_AGAACCTTCCGTCAAA-1,-0.9615097,3.1594172
WT80_1_TGTTCTAGTCCCTAAA-1,2.0815926,2.1238766
WT80_1_TCATGAGTCATATGGC-1,8.821783,2.0675209
WT80_1_CACAGGCCACACAGCC-1,9.439213,3.982715
WT80_1_CAGATTGCAAATGAGT-1,1.4436547,0.57157415
WT80_1_ACTATGGCACACACGC-1,4.997696,7.6046267
WT80_1_CAGTTCCTCCCGAGGT-1,5.7416434,0.28333628
WT80_1_AGGTAGGCAAGTTTGC-1,3.5033157,-1.41043
WT80_1_AGAGAGCTCCATTTGT-1,4.3585567,0.13049112
WT80_1_AGGATCTTCACTTCTA-1,-0.54912394,6.3376627
WT80_1_TACGGGCCACGGTAGA-1,-0.6497463,1.616018
WT80_1_CCGGTGAAGCAATTCC-1,1.3163577,4.250614
WT80_1_AGTGCCGAGGCCCAAA-1,6.458502,3.6993067
WT80_1_TCGCTTGAGTCTCTGA-1,1.8824911,1.7115737
WT80_1_TAAGTCGCACATATGC-1,3.3637652,3.6931868
WT80_1_GAGGCAAAGTCTCCTC-1,-0.61285263,2.5744143
WT80_1_TGATGCATCCACCTCA-1,10.660666,6.58113
WT80_1_GGTGAAGTCTAGATCG-1,0.6034673,-0.71760625
WT80_1_TTTGATCCACCCTTGT-1,0.98349047,3.7668962
WT80_1_GGGAGATGTATACGGG-1,1.7159407,1.9483746
WT80_1_GAGGGATTCTTAGGAC-1,4.169439,3.9431581
WT80_1_TGCGGCAAGCAGCGAT-1,-0.13490982,2.4241283
WT80_1_AGAAGTATCTTACGTT-1,5.290959,3.9500122
WT80_1_GTAGCTATCTGAGCAT-1,10.300694,5.258064
WT80_1_CATACTTAGTTTGTCG-1,-0.2617148,4.4116044
WT80_1_GGGAAGTGTCTCAGGC-1,1.9452218,1.261968
WT80_1_TCCACGTCAGGTACGA-1,-0.67401415,2.7620177
WT80_1_CCGTTCAAGCTGAGCA-1,2.416694,2.0025392
WT80_1_ATCGCCTAGGGAACAA-1,3.1111784,0.2903161
WT80_1_CAATACGGTCCCGGTA-1,-0.4688735,4.6929364
WT80_1_TGAGGTTGTTGGGAAC-1,8.602433,1.5699484
WT80_1_CTTAGGATCCGGACTG-1,0.20799734,2.7735453
WT80_1_TAATTCCTCATTCTTG-1,0.8282992,2.2158768
WT80_1_ACTATCTAGCCAAGCA-1,2.5046594,2.842051
WT80_1_GTGCTGGTCCCGAAAT-1,2.7614086,-1.2682068
WT80_1_TCGCACTGTGTCCCTT-1,1.2903074,2.3844981
WT80_1_GTGTGATGTACCGTGC-1,2.7760212,-1.1134263
WT80_1_TTTACCATCCATACTT-1,-0.24817815,1.6518126
WT80_1_GATCGTAAGTGAGTTA-1,1.5670775,0.26997903
WT80_1_GAGTTGTTCTGCTTTA-1,-0.6463545,3.415338
WT80_1_CATAAGCAGGTGGTTG-1,0.762706,3.8452075
WT80_1_TCTCACGCAGCCTACG-1,6.5179567,5.372597
WT80_1_CGAGTGCAGACGGTTG-1,0.80928963,7.7100625
WT80_1_GGTCTGGCATTAGGAA-1,1.2698852,-0.5565887
WT80_1_AAGACAACAGGTTACT-1,2.3929505,1.7850896
WT80_1_CCAATGAAGAGTCACG-1,6.3058634,3.8370404
WT80_1_CACAGGCAGAGAGTGA-1,0.52532977,4.0896363
WT80_1_AAACGAAGTTATTCTC-1,0.56004184,0.7322379
WT80_1_CATTGTTTCCGTATAG-1,8.563614,1.5433624
WT80_1_GGGTGAATCCCACAGG-1,4.474005,6.304981
WT80_1_AGGGTCCGTAACGGTG-1,3.5597289,4.898249
WT80_1_TGTAGACCACTATCCC-1,2.3110025,2.5856802
WT80_1_AGAAATGGTTCCCAAA-1,1.4947449,-1.089354
WT80_1_GAAGCCCTCTGCGAGC-1,2.1976063,3.6100252
WT80_1_CAGCCAGCAATCCTTT-1,2.3458638,0.31529596
WT80_1_ATGGGAGAGTGAATAC-1,1.9773599,0.5999551
WT80_1_GAGTTTGGTCGCTCGA-1,6.6187325,4.592764
WT80_1_CATCAAGGTTCGGTCG-1,-0.7699856,1.4896785
WT80_1_TCAGGGCCAGAAGTGC-1,9.424437,6.4178753
WT80_1_TTCATTGAGTGCCTCG-1,8.9951,1.573847
WT80_1_CTTGAGAAGTTAGAAC-1,8.466647,4.5642085
WT80_1_CATTCCGAGCAGTCTT-1,1.0755738,2.8550446
WT80_1_CGCCAGATCCCGGTAG-1,4.887934,5.870989
WT80_1_TATTGCTCAATCGAAA-1,0.17385076,0.036976863
WT80_1_ACTTCGCTCGCAGAGA-1,0.17164516,2.928139
WT80_1_AATGGAAGTTCAGCTA-1,1.4478797,2.871757
WT80_1_ATATCCTGTGTGAGCA-1,7.22442,4.69996
WT80_1_ATTCATCCAGGCACAA-1,3.5439918,4.0185475
WT80_1_GGAGGATCATTGTCGA-1,2.5237992,2.9466095
WT80_1_CTGCATCTCAGGACAG-1,1.5161358,1.8584788
WT80_1_GAGTCTAGTATACAGA-1,2.419057,3.1774597
WT80_1_ATCGGCGGTCTACGAT-1,-0.94770515,3.3866222
WT80_1_GTAGCTACACAGTACT-1,0.6800185,1.3664526
WT80_1_TTGTTTGAGATGGCGT-1,0.09179301,1.273639
WT80_1_CATTGAGGTCGGCACT-1,0.5671251,3.5396552
WT80_1_TTCCTAATCGTGGCTG-1,1.8004357,-0.6194011
WT80_1_ATACCGAGTCTTCAAG-1,-0.79256505,2.7422283
WT80_1_ATTCCCGAGGCTCACC-1,3.5475602,4.504123
WT80_1_CATTTCAAGCACCCAC-1,0.10598727,0.8376122
WT80_1_GGAACCCAGGCTATCT-1,2.5594559,0.028323153
WT80_1_CCGTGAGTCCCGTAAA-1,6.5085096,4.61288
WT80_1_CGGGTGTTCTGGACTA-1,7.501269,4.0911727
WT80_1_GGAGATGGTGCTCTCT-1,1.7035862,4.2347946
WT80_1_CAGTTAGCAAGCACAG-1,-0.13320872,1.6381432
WT80_1_CCACCATGTCTTTATC-1,0.34198868,1.7372372
WT80_1_AGGGCCTAGCATATGA-1,1.5984794,2.9186325
WT80_1_AAGACTCCAGAAGTTA-1,1.5983738,-1.29274
WT80_1_TCCTAATCAGTCCGTG-1,3.9638944,3.0284452
WT80_1_ACACTGAGTCGCACAC-1,5.4672613,-1.1087626
WT80_1_TAGCACACAGCACAGA-1,0.35964307,2.4417124
WT80_1_CGTTAGACATTCTCCG-1,-0.8903223,1.6410846
WT80_1_TATTTCGCAACCCTAA-1,2.0208452,5.7696185
WT80_1_CTCAATTAGCAAGGAA-1,0.5148092,2.1367223
WT80_1_TTTGGTTGTGCTCCGA-1,2.290975,2.0008152
WT80_1_ACGTTCCAGCAATAGT-1,0.47889605,-0.039880488
WT80_1_CACAGATGTCAGCGTC-1,4.877541,7.0621343
WT80_1_GGTCACGAGCAAATGT-1,1.875478,2.658234
WT80_1_CAATTTCCACTTGAAC-1,0.6069006,2.891944
WT80_1_CAAGACTAGGTAGACC-1,-0.9762291,2.7135386
WT80_1_GTGAGTTTCGAGATAA-1,-0.5898357,3.5633945
WT80_1_TACTTACTCATTTGCT-1,-0.61540526,3.26265
WT80_1_TACCCGTAGACCTCAT-1,7.987802,4.327523
WT80_1_TCATGCCCAGTGCGCT-1,0.39637578,-0.1684437
WT80_1_TCGCTCACATGACTCA-1,-0.69205576,1.5371159
WT80_1_GAAGAATTCCTGGCTT-1,3.3961024,3.755329
WT80_1_TCGGGTGCACACCGAC-1,0.46638623,3.0653696
WT80_1_CATTGTTAGCATATGA-1,-0.26580614,1.788253
WT80_1_TCAATCTGTCTGCCTT-1,-0.7099975,3.3054223
WT80_1_GTTTGGATCTGTCAGA-1,2.0927205,-1.3398044
WT80_1_TGGGAGACATACCGTA-1,1.1205623,2.019474
WT80_1_GTGTCCTCAGAATCGG-1,2.271986,-2.2103038
WT80_1_GTTGCTCAGAGCATAT-1,-0.24167049,3.0004694
WT80_1_TCTCCGAAGTGATAAC-1,0.2648591,1.9843117
WT80_1_AGGAATACACCTATCC-1,1.9347363,1.3655089
WT80_1_CACAACAGTCTCCCTA-1,3.9593997,-1.2499735
WT80_1_CATGCTCGTCCATACA-1,2.964151,2.0469296
WT80_1_ACAGGGACAGCGAGTA-1,2.3656337,1.991907
WT80_1_GAGTGAGAGGTCGACA-1,3.7336934,0.009657192
WT80_1_CATCAAGCAGTCTACA-1,6.012413,5.0839877
WT80_1_CTTCCTTCAGTTGCGC-1,4.3271027,6.9500384
WT80_1_GCTGCAGCATGTGACT-1,-0.4855371,1.2304556
WT80_1_TCTAACTTCGTCAAAC-1,0.3931358,3.8702948
WT80_1_CGCCAGATCGCCACTT-1,8.011356,4.775832
WT80_1_CAACAACTCCTTCTGG-1,4.9895287,7.579772
WT80_1_GCACGGTTCGAGAAGC-1,2.532899,1.492386
WT80_1_CCCTCTCGTCTGTCAA-1,2.294952,2.2997677
WT80_1_GGGAGATGTGCGGATA-1,-0.6088521,1.4572699
WT80_1_CAGAGCCGTTAATCGC-1,1.2230028,5.735454
WT80_1_GTTGTGATCACTCACC-1,0.95633274,3.9644089
WT80_1_GCATGATCAGACCTGC-1,2.6193154,2.664232
WT80_1_TGATGCAAGTTCATGC-1,-0.81387854,2.02863
WT80_1_GAAGGACCAATAGTCC-1,4.2038565,6.8269944
WT80_1_ACCTGAAGTCTGCCTT-1,-0.67319083,2.573155
WT80_1_TCAGGTAAGGTAAAGG-1,9.399171,3.8004196
WT80_1_CTGAATGTCGAGAACG-1,2.3942392,3.3441553
WT80_1_TCCGATCCAGCGGTCT-1,0.83099115,1.5624886
WT80_1_ACTGTGATCCGCCTAT-1,3.4210653,-0.7551029
WT80_1_GGTGGCTTCGCCTCTA-1,7.93003,1.7766111
WT80_1_GAAGCCCCACAGTGTT-1,4.69265,7.630459
WT80_1_TTTACCAAGAAGATCT-1,2.3004825,-1.2453218
WT80_1_TACCCGTCAGATACCT-1,0.29703835,3.6165323
WT80_1_TGGATCATCGCAGAGA-1,-0.8592928,1.6432532
WT80_1_GCATTAGCACCACTGG-1,10.581854,6.158272
WT80_1_ACCTACCAGGGACAGG-1,-0.14883204,2.387557
WT80_1_AAGCGAGAGGGCAACT-1,-0.80849016,3.1453903
WT80_1_GATAGCTCACCATTCC-1,0.969707,1.4359217
WT80_1_CCTCTCCAGCAAGCCA-1,0.17198974,1.4374971
WT80_1_ATGAAAGTCCGGACTG-1,4.0981193,-2.781907
WT80_1_TAACGACCACAAGTTC-1,1.8144128,2.4433832
WT80_1_GATTCTTAGACGTCGA-1,3.754081,1.9750478
WT80_1_AGATAGACAAAGAGTT-1,5.6188307,8.1453085
WT80_1_ACAAAGAGTCCTACAA-1,1.8593255,2.990456
WT80_1_GGAGATGGTTTCTATC-1,6.0732718,7.4152484
WT80_1_GTCATGAAGATTGAGT-1,8.706068,6.0868897
WT80_1_ATTATCCGTGGATGAC-1,0.24029176,6.08816
WT80_1_AGACAGGCATTGACAC-1,2.4805303,-0.46377486
WT80_1_AGAAATGGTCGCAACC-1,0.7996504,1.1201149
WT80_1_CTATCCGGTTTAGACC-1,2.9007347,2.0125499
WT80_1_TGAATCGCACATATCG-1,0.36186603,1.5399957
WT80_1_CTATCTAGTGATCATC-1,3.3872657,-2.6699958
WT80_1_CTCCAACGTGACAACG-1,0.9591771,2.552943
WT80_1_CCTCAACGTGTATACC-1,0.86906147,1.8433937
WT80_1_TCCCAGTGTCTAGTGT-1,-0.82081574,1.9495883
WT80_1_ATTGGGTAGATACCAA-1,-0.8555475,2.0573773
WT80_1_CAATCGACAACTCATG-1,7.3407483,1.9308875
WT80_1_GTCGTAACATCACGGC-1,7.5772014,6.5238895
WT80_1_GTCGCGATCCGAAGGA-1,0.32098547,2.7277665
WT80_1_AACGAAACACGGGCTT-1,1.3162766,3.6422625
WT80_1_GAGTTGTGTTCCTAGA-1,4.1211867,-1.9633745
WT80_1_TCTTGCGTCCATTGCC-1,1.2886988,-1.0675367
WT80_1_GTTGAACTCCTGGGTG-1,1.0901803,4.4661183
WT80_1_AGAAATGTCAGATTGC-1,-1.0064874,3.5061855
WT80_1_ACTATGGCAGAGGTTG-1,2.7902591,-1.8968666
WT80_1_CATAAGCCAACTCCCT-1,4.369649,-1.0943849
WT80_1_GTTACAGAGATGAAGG-1,2.9405572,2.3972776
WT80_1_CTCCATGCAAAGGGCT-1,4.590394,6.048345
WT80_1_TGGAGGACAATACCCA-1,5.2013507,7.3206906
WT80_1_CCTCTAGTCGGCACTG-1,3.769009,-0.35949856
WT80_1_CTGCTCATCTGTTCAT-1,0.77736723,3.61568
WT80_1_ACGGTTATCGAACGGA-1,1.3820143,1.467439
WT80_1_GTAGAGGAGGATACGC-1,3.2641373,0.8547896
WT80_1_AGGTAGGCAGATCCAT-1,0.06225458,-0.06177534
WT80_1_GCACGTGTCCTTCACG-1,0.031475842,1.1439428
WT80_1_GTAGAAAAGTCTGGTT-1,3.1229298,4.1116867
WT80_1_GTAACACCAACCACGC-1,-0.98439246,2.594728
WT80_1_CGGGACTAGCGCTGCT-1,-0.595927,1.779299
WT80_1_AGTCAACTCAAGCTTG-1,0.6722113,2.50733
WT80_1_GGCACGTCACATTCTT-1,-0.33605042,3.6974313
WT80_1_TCGATTTCAGAAGTTA-1,7.060859,5.6010714
WT80_1_GGTCACGAGAGTGACC-1,3.4205627,4.761801
WT80_1_AACTTCTTCACTGCTC-1,-0.98140746,3.3563404
WT80_1_CCTCTAGGTCTAGATC-1,3.1968615,4.909524
WT80_1_GTGTTAGAGCTGACAG-1,2.2760036,2.5695918
WT80_1_AGGAAATAGAACGCGT-1,1.8442221,2.4809625
WT80_1_CATAGACGTACCATAC-1,0.17065741,0.8179873
WT80_1_GAGGGTATCATATGGC-1,-0.3631439,3.3925583
WT80_1_CTAGACATCGTGGAAG-1,1.4983895,1.9313163
WT80_1_GTTTACTCAAGTGCAG-1,1.8806757,1.7022738
WT80_1_CATACAGGTTGGAGAC-1,-0.67570615,2.0923436
WT80_1_TACGGGCAGCATCAAA-1,1.7788777,1.5906758
WT80_1_TCTTTGACAAGTTTGC-1,3.1087363,5.299534
WT80_1_CACTGTCCAGAAGTTA-1,3.0768678,-2.5145104
WT80_1_GGAGGTAAGACATGCG-1,2.9973588,1.9797552
WT80_1_TCGGGTGAGTAGAATC-1,-1.2198917,1.7903472
WT80_1_ATGATCGAGGGCGAAG-1,-0.87163377,1.5385282
WT80_1_TTGCTGCTCCAAGAGG-1,5.455778,1.4849918
WT80_1_ATTTACCGTTCACCGG-1,1.0006527,2.572334
WT80_1_AATGAAGTCGACGCGT-1,1.9540793,2.336768
WT80_1_AATCGACGTTCGAAGG-1,5.507519,6.6574173
WT80_1_TGTACAGTCGACCACG-1,0.71033996,1.206814
WT80_1_TCAGTCCGTTCATCGA-1,2.8291378,3.015751
WT80_1_ACACGCGTCTGGCTGG-1,0.0038318553,2.3578892
WT80_1_GTGGAAGTCTGTTCAT-1,3.1625087,1.2280709
WT80_1_TCACACCTCTTGCGCT-1,1.1979109,1.7383454
WT80_1_CTGCTCAAGGAGGCAG-1,2.6418462,2.4645877
WT80_1_AGACAGGCAGATTTCG-1,0.7112335,1.2956969
WT80_1_ATTCAGGGTAGAATAC-1,-0.028216137,2.5700269
WT80_1_GAGACTTAGGTGAGCT-1,0.533173,4.016844
WT80_1_TCATGCCTCATTGAGC-1,-0.3986532,2.777091
WT80_1_TCCTTCTCAATCGAAA-1,3.3697035,1.9868755
WT80_1_AGAAGCGTCGGTCGAC-1,0.947723,-0.07295255
WT80_1_GCGGAAAAGCATCGAG-1,0.3879627,2.0504675
WT80_1_CTAACTTCAGTTTGGT-1,2.5615103,5.3007407
WT80_1_CGTTAGATCGCTACAA-1,3.98323,-0.10677379
WT80_1_TTTACGTCAAATCAAG-1,6.0555043,4.113064
WT80_1_GTTAGTGGTAGATTGA-1,1.4953307,2.4744914
WT80_1_GCAACCGTCAAATGCC-1,0.4689119,4.2688494
WT80_1_GGTGATTTCGTTGTAG-1,3.5005772,0.5237128
WT80_1_GAGTTACCAACACAAA-1,0.9302587,1.3146862
WT80_1_CAGCACGCACAAACGG-1,3.1864414,3.0588768
WT80_1_TTAGGCAGTTTGTTCT-1,-1.2867669,2.3246202
WT80_1_TCTGTCGTCTATCACT-1,6.235907,4.34447
WT80_1_TCTCCGACAGACAAAT-1,4.23239,2.8873227
WT80_1_CCTATCGTCAAAGCCT-1,-0.6011352,1.9172833
WT80_1_TTGGGATAGACGGAAA-1,2.0462027,1.7031925
WT80_1_TGATTTCTCTCCCTAG-1,-0.9821889,2.0704558
WT80_1_TCATTCAGTTGCATCA-1,2.434165,2.2969172
WT80_1_CAGGCCATCGAACACT-1,1.0651557,3.078382
WT80_1_AAGCGTTCATCCTTCG-1,1.4100671,2.368795
WT80_1_GTGTAACTCTCATTAC-1,4.168116,4.591584
WT80_1_AGACACTTCGCTCTAC-1,1.1144096,1.6946456
WT80_1_TCGTGCTCAGAAATCA-1,0.18991953,1.674184
WT80_1_ATCACAGGTCCGAAGA-1,2.7109742,1.1767884
WT80_1_AGCTCAAAGCCTTGAT-1,5.159333,5.4011846
WT80_1_TTGGTTTGTAAGGAGA-1,2.6013634,1.6551245
WT80_1_GGGAAGTCACGTTGGC-1,-0.9561309,2.0756366
WT80_1_GTCGTAAAGTCACTGT-1,3.0783257,-0.57832193
WT80_1_ATTCCTACATACATCG-1,1.0759583,-0.45894212
WT80_1_GTGGTTAAGGAGTACC-1,0.998535,2.7562366
WT80_1_TGTACAGCAATACCTG-1,4.0952196,4.45038
WT80_1_GCTTTCGAGGTTGGAC-1,-0.04624612,3.2175179
WT80_1_ACATCGAAGAGGTCAC-1,0.49831733,0.94911695
WT80_1_TACATTCCAGTTCACA-1,1.9312571,5.3878675
WT80_1_CGATGCGTCAAGTCGT-1,1.6000667,2.3220906
WT80_1_GCTCAAATCCGCGGAT-1,2.3487544,2.6867752
WT80_1_GTACAGTGTCATAACC-1,1.7858845,0.27802712
WT80_1_GTGTTCCGTACGTGAG-1,0.8629166,2.2389953
WT80_1_CATCCACGTACTAGCT-1,1.0621465,1.9412
WT80_1_CGATCGGTCCGCTAGG-1,3.526094,-2.9799829
WT80_1_GGGATCCAGTACAGAT-1,0.88696474,5.1328416
WT80_1_GTGGAAGAGCTTAGTC-1,4.069815,-0.40795618
WT80_1_TTTGGAGAGAGTAACT-1,4.4135714,-0.9327029
WT80_1_TACGTCCGTTCCGCAG-1,-0.56255764,1.7349563
WT80_1_ATCGCCTTCCCATAGA-1,4.6427164,6.53171
WT80_1_GGTTCTCGTGACATCT-1,4.662033,0.9812015
WT80_1_TCTTAGTCAAAGACTA-1,5.3064995,7.611661
WT80_1_TTAGGGTTCGAGAGAC-1,-0.12544966,1.9022563
WT80_1_CCTCAGTCACGCGCAT-1,4.4795346,1.528007
WT80_1_CTGGTCTAGAGGCGTT-1,0.33298787,2.4107044
WT80_1_GGATGTTGTTGGTACT-1,3.2998793,1.7786416
WT80_1_TTGTTGTGTATACCCA-1,0.6712885,3.7116635
WT80_1_ACCTGTCGTAACAGTA-1,5.212816,5.4591556
WT80_1_CTCTCAGAGCGACATG-1,-0.7453151,1.9719609
WT80_1_ATTCCTACACTAGGTT-1,2.1745741,2.373523
WT80_1_ATTACCTAGCCTGGAA-1,5.94304,4.9388943
WT80_1_CGTCAAAGTTTGGAAA-1,5.6470037,6.5027003
WT80_1_CTCATTAGTTGAATCC-1,0.020767337,3.2293973
WT80_1_TTCATGTAGACTACGG-1,7.2877593,1.4918923
WT80_1_GTCACGGTCCAATCCC-1,2.855329,2.526445
WT80_1_CCTTTGGCAAGCGCTC-1,0.03571869,2.9726553
WT80_1_TTTAGTCGTTCAAGTC-1,3.2680194,-1.9028275
WT80_1_CCCTAACTCTACAGGT-1,6.8254156,2.9093728
WT80_1_CACATGACAGTTTCGA-1,5.454324,1.5760679
WT80_1_TGTCAGAAGAGCTGAC-1,-0.77860725,2.7665272
WT80_1_GCTACAAGTGAGTTGG-1,0.7245299,4.681577
WT80_1_GTCGTTCGTGTGTTTG-1,1.2041912,2.0521772
WT80_1_TTGAACGTCGAGATAA-1,5.694654,6.0278897
WT80_1_AATGACCTCTGCGAGC-1,6.6352563,1.6446718
WT80_1_GAGTGAGCAATACCCA-1,0.67193323,1.7186975
WT80_1_CGGGTCAAGGTGATAT-1,2.664323,3.4280217
WT80_1_ATTGGGTAGTAGTCTC-1,3.9110115,-2.7579129
WT80_1_TTGCATTTCAGTCCGG-1,1.6617283,1.1691211
WT80_1_AATCGTGGTATTGAGA-1,-0.33823225,2.030712
WT80_1_ATGCGATGTTAACCTG-1,2.397003,1.5392096
WT80_1_GATGCTACAACCCGCA-1,4.4028673,3.5784652
WT80_1_GTCGTTCCAAAGGCTG-1,1.101658,1.271538
WT80_1_TACCTGCAGTCATGGG-1,-0.27897477,3.0932086
WT80_1_GTTTACTCATTCTTCA-1,0.006594165,4.0326457
WT80_1_TTCCGTGAGTGTAGTA-1,4.2612967,5.901795
WT80_1_TGGGTTATCTACGGGC-1,5.5349894,6.8660593
WT80_1_TTCCAATAGTACAACA-1,7.505045,3.4109588
WT80_1_ACGTAACTCGGAATGG-1,1.7877795,1.7183937
WT80_1_ACACCAAAGTTGAAGT-1,0.7440413,2.133076
WT80_1_GATGATCCAATTGTGC-1,2.8574283,6.028236
WT80_1_TGTGTGAGTTCAGGTT-1,-0.53789294,1.6455166
WT80_1_AGGTAGGCAGACGGAT-1,0.41270292,3.5546925
WT80_1_ACCTGAAAGACTTCCA-1,1.2569803,0.05896315
WT80_1_GGCGTCAGTAGGCAGT-1,2.2628238,0.2875847
WT80_1_CTCCTCCTCCGATAGT-1,0.97210896,2.5411851
WT80_1_TCAGTTTTCGGTGCAC-1,-0.81854874,1.6398634
WT80_1_AGCGATTCAGGTAGTG-1,1.0758307,1.7411593
WT80_1_CCCTTAGAGGACAGCT-1,4.8243513,7.746152
WT80_1_GATCATGGTAGATGTA-1,2.6869903,3.5340848
WT80_1_AACCTTTCATCCAACA-1,-0.27146354,1.4102713
WT80_1_CTTCTAAAGCCGTCGT-1,5.2854986,0.49641523
WT80_1_CGGGTGTAGCTGACAG-1,3.3901362,1.6832962
WT80_1_ACTATTCAGCGTCGAA-1,3.2837565,1.7239622
WT80_1_GAATCACGTCCAAGAG-1,1.8245854,0.95563006
WT80_1_GGAATCTCATCATCTT-1,4.3626833,6.864452
WT80_1_CATTGAGGTGAACGGT-1,4.287706,0.39103058
WT80_1_TACAACGGTCGGCCTA-1,8.7880125,2.754707
WT80_1_CATTTCAAGTGGACGT-1,1.1524613,3.325286
WT80_1_TACCCACTCGTGTGAT-1,0.5590953,3.9396722
WT80_1_TGGGATTAGGTACAGC-1,-0.56497526,0.7468274
WT80_1_GCAGCTGCAGTTTCAG-1,-1.2314965,1.8951918
WT80_1_CACAGATCAGGGACTA-1,2.3968582,0.6296256
WT80_1_GGAGGATCAGAGAGGG-1,3.1682553,2.5707607
WT80_1_TCTTGCGTCGCAATGT-1,8.596565,5.9406357
WT80_1_TGTCAGAGTGTAAACA-1,2.7099044,2.385629
WT80_1_TAGAGTCTCATCAGTG-1,6.704805,5.324638
WT80_1_TCCTCGATCATAAGGA-1,5.593108,6.4049306
WT80_1_TCATCCGGTACGTGTT-1,2.2603588,1.6596
WT80_1_CAATTTCAGGACACTG-1,3.16289,4.7739725
WT80_1_TGTGAGTGTACCACGC-1,2.0495694,2.3648279
WT80_1_TCATTTGAGCGTCGAA-1,8.657017,1.8028423
WT80_1_AGCGTCGGTACGTTCA-1,3.06181,2.5595677
WT80_1_ATCTCTAGTTGTAAAG-1,0.6943406,0.5544882
WT80_1_AATGAAGCATCCGCGA-1,0.53717464,0.3532157
WT80_1_GAAGGGTGTATGCTTG-1,-1.0611215,1.3805684
WT80_1_ACACAGTCAGCAGGAT-1,-0.116491444,0.68259054
WT80_1_TGGGCTGTCTCGGGAC-1,5.39332,0.86910397
WT80_1_ACCACAACAACGCCCA-1,2.7272706,1.4474645
WT80_1_TCATCATGTTCGGCTG-1,4.2811475,2.6534412
WT80_1_CATCCCATCGCAAGAG-1,0.06740786,1.853441
WT80_1_TAAGTCGAGTGCCCGT-1,-1.1228845,3.190634
WT80_1_GTTGCGGGTCTGTGGC-1,2.4260128,3.3602264
WT80_1_TCACACCAGGCCTTCG-1,2.4448636,-1.4500368
WT80_1_CTCCTCCAGTTCGCAT-1,0.55932564,0.20173007
WT80_1_ACACAGTAGTCCGCGT-1,5.4279,7.7170987
WT80_1_CGATGGCCAATCTGCA-1,0.29892176,1.5112039
WT80_2_TCCATCGCATTCACAG-1,9.409955,5.8177214
WT80_2_AGATCGTGTCTACGAT-1,5.70436,5.587945
WT80_2_TCATTTGCAGGAATAT-1,-0.82007194,1.3444614
WT80_2_TCTTTGAAGAAATGGG-1,7.722111,4.7988524
WT80_2_AACCATGGTATGAAAC-1,10.016713,6.6794
WT80_2_ACCAAACTCCATCACC-1,0.059494592,2.7775362
WT80_2_AACCTTTGTTCAAGGG-1,-0.2743295,4.109615
WT80_2_CTTGATTCAGGTACGA-1,2.2058694,1.0361073
WT80_2_CGAGTGCCAATGAAAC-1,9.050772,5.416402
WT80_2_GTCACGGGTCGGCCTA-1,0.27341896,2.5875003
WT80_2_AAATGGAGTCACCGCA-1,4.9676094,3.887258
WT80_2_CGCCAGACATAAGCAA-1,-0.2273927,4.156506
WT80_2_TACCCACGTATTAAGG-1,3.660237,6.1085033
WT80_2_ATGGAGGGTATCGAGG-1,1.6223693,2.3180206
WT80_2_ACTGTCCAGCTAATGA-1,0.5172327,4.0866528
WT80_2_GACCCTTGTACAGCGA-1,-0.62413067,2.306197
WT80_2_CTTCTAACATGTCGTA-1,9.220567,6.184119
WT80_2_TTGGGATTCATTATCC-1,0.03487804,1.705549
WT80_2_GCAGCCATCACTTTGT-1,9.182166,6.2661934
WT80_2_CACGAATTCGTGTTCC-1,1.5072324,4.1492453
WT80_2_TCACGCTTCCATCAGA-1,4.3321004,6.343567
WT80_2_CCCGGAAGTACGATCT-1,-0.84346616,1.5438225
WT80_2_GATTTCTCATACATCG-1,10.247119,6.802904
WT80_2_TAATTCCGTTCAGTAC-1,2.2552845,3.144732
WT80_2_TTTGATCCACACCGCA-1,5.587142,5.729275
WT80_2_GGTGTCGGTCAACACT-1,-0.23288128,1.6478105
WT80_2_TTGATGGCATTGGCAT-1,-0.03877851,3.1935384
WT80_2_TGCATCCAGGGTGAGG-1,9.055099,5.5857425
WT80_2_TGGCGTGGTTGCTCGG-1,1.3679419,-0.07247179
WT80_2_AGAGAATTCCGCATAA-1,1.0875605,0.32444587
WT80_2_ATTCATCAGTTCCGTA-1,0.32338244,3.4154806
WT80_2_GTGGTTATCGAGGCAA-1,0.115152024,2.6775606
WT80_2_CCAATGAAGACAAGCC-1,-0.4415305,6.240275
WT80_2_AGTGTTGAGACATGCG-1,1.4313033,4.597384
WT80_2_AGAACCTGTCCAGCCA-1,8.90117,1.8858174
WT80_2_GACTATGAGTAAGAGG-1,6.817244,3.4639227
WT80_2_GCGGAAACAGAGGTTG-1,1.8572896,-1.6384888
WT80_2_AGGCTGCTCAAGCCTA-1,4.6961107,6.45767
WT80_2_GGGTATTGTACAAACA-1,7.002829,2.3854191
WT80_2_TCTTCCTGTTGGTGTT-1,8.483285,2.3915167
WT80_2_CATCGTCGTTGTGCCG-1,1.5847634,-0.32072294
WT80_2_TTTCAGTTCGACCCAG-1,4.422575,5.146056
WT80_2_TTCCTAATCAGCCCAG-1,8.444327,4.74106
WT80_2_CAATGACGTAGGAGGG-1,1.6799302,2.4942887
WT80_2_TCTCACGGTTGCATGT-1,0.110244915,3.644965
WT80_2_TGCAGTACAGTATGAA-1,-0.4265036,2.8001661
WT80_2_GCGAGAAAGAAGCGAA-1,2.96747,4.699674
WT80_2_CCCAACTTCGTTAGAC-1,-0.64259785,1.4079406
WT80_2_ACTTTCACATAACGGG-1,1.194932,1.3921151
WT80_2_GCCAACGCACACCGAC-1,5.2899113,4.8555713
WT80_2_TAATTCCCACCAGCTG-1,0.71950585,-0.92164
WT80_2_CATGCAAGTTGTCTAG-1,4.856273,7.3367157
WT80_2_TGACCCTCAACAGAGC-1,-0.8896928,3.4937356
WT80_2_AATGACCTCCTACCGT-1,4.580273,6.4868865
WT80_2_CTAGACAAGGATGCGT-1,1.3369851,1.9193985
WT80_2_CAACGGCTCGTTGTGA-1,5.19553,7.4146013
WT80_2_TTCTGTACAAGTATAG-1,3.6794822,5.5657167
WT80_2_ACACTGACAAGGTCAG-1,-0.55947655,3.6268022
WT80_2_TCAGCCTTCGAAGGAC-1,2.3924053,2.1415346
WT80_2_TGAGTCACATAACGGG-1,8.3571415,6.429359
WT80_2_TGCGGGTCAAAGAGTT-1,9.206584,6.1906776
WT80_2_TATTCCACACCTCGTT-1,4.4596763,6.250373
WT80_2_CGTTGGGGTATTTCTC-1,-0.6029875,2.6179206
WT80_2_AGACAGGCAATTCTCT-1,1.573408,4.7053475
WT80_2_GTGAGTTAGGACAACC-1,10.56304,6.8030243
WT80_2_GGAACCCAGATCGGTG-1,-0.96454144,2.831278
WT80_2_CTTGAGAGTATGAAAC-1,7.7889338,2.4906175
WT80_2_ACCCAAATCGTTCCTG-1,5.9444547,3.7477055
WT80_2_TGGGCGTTCATATGGC-1,0.3762598,4.036117
WT80_2_GGGAAGTGTGGCTTAT-1,0.49830654,2.5160909
WT80_2_GTACAGTGTGGGAGAG-1,0.84611404,1.4369332
WT80_2_AAAGGGCTCCTGTAGA-1,4.4050703,4.266146
WT80_2_TCCTTCTAGCGGGTAT-1,4.398155,4.7420993
WT80_2_CTTCCGATCGCAACAT-1,2.2948713,1.0164814
WT80_2_GACCTTCCAATCTAGC-1,0.4769104,1.374836
WT80_2_TCTCAGCGTAGGGAGG-1,2.007037,2.3702323
WT80_2_AATCGACCACCTTCCA-1,0.8819323,2.4099863
WT80_2_GACTCTCCAGGCATTT-1,1.7369009,1.7568072
WT80_2_GCATGATGTATGCAAA-1,0.11519121,1.8591107
WT80_2_GTAGAAAAGCCTCCAG-1,1.340652,1.5175152
WT80_2_CATCCCATCAGGAGAC-1,-0.46911028,2.2883677
WT80_2_GCAACATTCCCATTTA-1,2.174515,2.7235596
WT80_2_AGGTTGTGTGTGAATA-1,1.914048,2.681663
WT80_2_GAGACCCTCCTCTCGA-1,9.289339,6.072188
WT80_2_GTGTGATGTCGTTATG-1,3.4599924,5.0301933
WT80_2_TGTCCCATCGGCGATC-1,1.9016114,2.576522
WT80_2_TCACGCTAGGCAGGTT-1,1.5684013,-1.6259902
WT80_2_ATGAGGGAGAGATGCC-1,-0.60657513,1.8143517
WT80_2_TCCGTGTCACTAGGCC-1,1.2355871,2.1868186
WT80_2_AAGCATCGTCTCAAGT-1,1.8758731,1.7749527
WT80_2_CCAATGAGTGCCTGAC-1,1.0136595,-0.12673882
WT80_2_CAAAGAAGTTTACCTT-1,3.9064677,1.3266107
WT80_2_CCTCCAAGTAACTAAG-1,0.5203725,3.733288
WT80_2_TCGAACACACCTGCAG-1,-0.65462077,3.1560333
WT80_2_CACTGTCTCTGGGAGA-1,0.967895,0.30613554
WT80_2_ACGTAACTCATAGAGA-1,2.699944,-0.7079913
WT80_2_TTTCAGTAGGCAATGC-1,5.5651383,4.930463
WT80_2_CCTCATGCAGTTGTCA-1,-0.3697361,1.9684579
WT80_2_ATCACAGTCTGGACCG-1,-0.9108459,1.960973
WT80_2_TTTGTTGTCCGTGGGT-1,-0.09291614,1.4047725
WT80_2_TACGGTATCGAAATCC-1,3.004333,1.996638
WT80_2_TTCCTCTCACCCTTAC-1,8.0728,4.506508
WT80_2_CCTTTGGCACCCTAGG-1,1.1105851,3.680665
WT80_2_GTCAAACCATCGCTGG-1,8.688912,6.264554
WT80_2_TCCGAAACAGTTTCAG-1,2.707803,2.2002916
WT80_2_TTGTTCATCCAGTGCG-1,0.98895085,2.957581
WT80_2_TACAACGCAGGTTCCG-1,1.5570066,0.68936753
WT80_2_GTGGTTAAGCCTGTCG-1,2.2691953,2.8054552
WT80_2_TCACTATTCGGAGTGA-1,1.6502682,-0.57889175
WT80_2_TGTTCATGTTTCGCTC-1,0.8213544,1.2685318
WT80_2_CCGTGAGCAACACGAG-1,10.190742,3.2716277
WT80_2_ACTATCTAGATCGCTT-1,0.29902953,1.4411784
WT80_2_AGTTAGCTCAGGGATG-1,3.0589256,0.6150842
WT80_2_CGATGGCGTGCCCACA-1,10.122611,4.1792
WT80_2_TTACGCCAGCAATTAG-1,-0.7638489,2.2908442
WT80_2_AGTACCACAAGCAATA-1,-1.0131671,2.9452841
WT80_2_CATGAGTAGCCAAGGT-1,1.1807337,2.0465453
WT80_2_AACAACCAGAGTCAAT-1,0.2408984,0.42473263
WT80_2_GTTGTAGCACACGTGC-1,8.797015,5.800638
WT80_2_ACGTAGTGTAGCCCTG-1,2.795245,4.9932184
WT80_2_GGAGATGCATGTACGT-1,9.063181,4.528567
WT80_2_GACTGATCATACAGAA-1,-0.5548932,1.8888463
WT80_2_CTCATTACAACACAAA-1,8.636743,6.3008065
WT80_2_CCTGTTGGTCAACCAT-1,0.841321,1.447686
WT80_2_TAACGACGTGGACTAG-1,-0.16689925,1.9606842
WT80_2_AGTCACAAGCTACAAA-1,1.1380969,0.56166095
WT80_2_ACTTATCTCACATTGG-1,1.2869494,2.6104543
WT80_2_CCACTTGAGGTGATAT-1,2.897477,5.9022956
WT80_2_TCGCTCAAGCGTGAAC-1,0.4817463,-0.45164415
WT80_2_TCCATGCAGGACGCAT-1,0.6317226,-0.07348415
WT80_2_TACTTACAGTAGACAT-1,1.3673825,1.9303317
WT80_2_ACTGATGGTACTTGTG-1,0.4330176,3.0366297
WT80_2_CATGCAAAGTATGAAC-1,2.6418462,-0.78833157
WT80_2_ACAAGCTCAGGACAGT-1,-0.0067025693,2.1859744
WT80_2_CTGAATGCATCCGAGC-1,3.5728235,6.2694416
WT80_2_TCCCACATCACACGAT-1,-0.07161465,1.1689732
WT80_2_ATTCCATAGCCGTAAG-1,0.37708995,3.573772
WT80_2_TTCCTAATCCGTTGGG-1,0.54988194,2.9424984
WT80_2_CGTTCTGGTATTGACC-1,9.072076,6.032246
WT80_2_AGTAGCTAGAAACCCG-1,-0.34615502,3.4748235
WT80_2_GAAGCCCAGCTAGCCC-1,0.6972375,2.4628816
WT80_2_TTACCGCGTTGCTCAA-1,3.6158867,6.058661
WT80_2_GGGATCCGTCTGTCCT-1,0.9239125,-0.3372097
WT80_2_TTCCACGCATATCTGG-1,7.984708,5.189893
WT80_2_GGCTGTGTCAACCCGG-1,4.311923,2.069841
WT80_2_CAGTTCCGTGCAATGG-1,-0.31815037,3.6569521
WT80_2_TGTAACGCACCGCTGA-1,-0.07795135,1.4364865
WT80_2_TGACCCTTCATCTACT-1,10.744058,5.3187823
WT80_2_TCATTGTGTCTCTCCA-1,-1.0002683,2.9473994
WT80_2_TTCAATCTCGTTACCC-1,5.774138,7.53429
WT80_2_GCCAACGAGTATTAGG-1,8.501795,3.9486887
WT80_2_CCTCATGTCAGCTGTA-1,2.0330958,-0.48146796
WT80_2_TGCCGAGCATGGAACG-1,5.6721845,3.8414679
WT80_2_TCGACCTGTATCGAAA-1,2.7174454,-2.261862
WT80_2_GATCAGTGTGGGCTCT-1,-0.0633446,2.8203106
WT80_2_TGTGTGAAGGCGCTTC-1,-0.5343468,3.5626407
WT80_2_ACAACCACACTCTAGA-1,5.3166165,7.6710854
WT80_2_CACAGATAGCTAATCC-1,1.2024103,1.9698611
WT80_2_TAGTGCATCAGCTTCC-1,-0.53741086,1.1612659
WT80_2_CTGGCAGGTACTTCCC-1,-0.5677453,3.5030167
WT80_2_ACTGATGTCAAGTGGG-1,0.42721477,2.5012808
WT80_2_ACAGGGAGTCATACCA-1,2.83591,-1.1781895
WT80_2_GTGTGATGTTACGCCG-1,0.75604624,-0.0029194495
WT80_2_ATGGAGGGTCACGACC-1,-0.11411001,2.864263
WT80_2_GATTCGAGTTTGGGAG-1,1.2004488,2.5605757
WT80_2_AGGAGGTTCGTCACCT-1,-1.1656324,1.7794377
WT80_2_CGGTCAGAGATTACCC-1,4.1648226,3.4471831
WT80_2_AGTCACACATAAGATG-1,-0.82772213,3.0379379
WT80_2_AGGACGAGTTACGCCG-1,-0.17859119,0.9570013
WT80_2_TTTAGTCGTGCCTGCA-1,-0.8853026,2.91199
WT80_2_TACCCACTCCAACCAA-1,4.1588697,-0.5791377
WT80_2_AAAGAACGTGCTGTCG-1,6.264714,2.718011
WT80_2_CGTGTCTGTACACGCC-1,9.012794,5.5290637
WT80_2_TTTCCTCTCGCCAATA-1,1.3505957,2.1550388
WT80_2_TTCTTCCAGGAACGAA-1,6.392055,4.8689313
WT80_2_TTGATGGTCAGTAGGG-1,0.6911522,-0.776819
WT80_2_TCCGATCCAGCATGCC-1,7.6214914,4.3931174
WT80_2_ATAGGCTGTACGTACT-1,6.2811494,3.7519236
WT80_2_TACGCTCTCCACGGAC-1,1.3595649,-0.7746512
WT80_2_TCGCACTGTCACGCTG-1,5.1492743,7.509551
WT80_2_TAGAGTCCACAGTCAT-1,1.4797384,4.7196655
WT80_2_ATGATCGCAAGTGGGT-1,0.99414015,1.1878772
WT80_2_GAGCTGCGTTGCCGCA-1,0.22514719,1.1267914
WT80_2_TACCTCGCACCCATAA-1,2.1735632,1.4859611
WT80_2_CGTTCTGCAGCAGTCC-1,3.7290163,2.1241174
WT80_2_GAACGTTTCCCAGGAC-1,-1.2041684,2.5845234
WT80_2_ATCACGAGTACGATTC-1,-1.2934855,2.5733078
WT80_2_TTGCCTGAGGTATCTC-1,4.792101,3.8589182
WT80_2_CCAATTTAGAAATTCG-1,1.3152707,2.6757662
WT80_2_GTGAGTTAGCTGCGAA-1,1.4254063,-0.060807206
WT80_2_CAGGCCATCTGGCCTT-1,2.4226243,1.6811516
WT80_2_TATTCCATCTTGGAAC-1,2.5083227,-0.74892676
WT80_2_TTCACCGTCTCGGGAC-1,-0.7088796,2.2764938
WT80_2_AATGAAGAGCCACCGT-1,-0.06947671,2.5184152
WT80_2_GATTGGTAGCCTTGAT-1,1.48041,3.6376653
WT80_2_CAGAGCCTCATAGACC-1,2.7073538,2.512954
WT80_2_ACATGCACAGAGACTG-1,3.0486171,-0.97517073
WT80_2_GAAGAATCAAGTGCTT-1,2.404089,1.9331527
WT80_2_CGAAGTTGTCAACCAT-1,6.684623,2.8150184
WT80_2_CCCAACTAGGGATCTG-1,3.5211627,1.3128357
WT80_2_TGCGACGCATACTGAC-1,0.5927621,4.6973233
WT80_2_TCAAGTGGTACAATAG-1,9.010512,1.8709571
WT80_2_ATCACGATCAATCTTC-1,0.5205939,4.0887337
WT80_2_GATAGCTGTCTGTGGC-1,3.055396,3.1465297
WT80_2_GCCAGGTGTAACGCGA-1,9.78325,6.313611
WT80_2_TCTACATTCTGCACCT-1,2.9538844,3.754237
WT80_2_TTGAGTGAGTAGCCAG-1,1.9620012,-1.9122797
WT80_2_GAATAGATCCACGTGG-1,1.007456,2.2329059
WT80_2_ACGTAACCAGAACATA-1,7.7954187,4.851077
WT80_2_TCGCTTGAGGGATCAC-1,4.786708,7.7898774
WT80_2_TTTACCATCTCATGGA-1,6.902903,4.858277
WT80_2_GCTGAATAGGCCTTGC-1,1.9182156,-1.3755896
WT80_2_TCTGTCGAGCAAACAT-1,4.9873986,3.7028632
WT80_2_TTACGCCAGCAGGTCA-1,1.7176185,2.3446867
WT80_2_CTTCGGTAGGATACCG-1,5.533622,2.2633865
WT80_2_AATCGTGAGAGGGTGG-1,1.7385931,1.8504493
WT80_2_GATTCGAAGCCTGAAG-1,9.364323,1.7060299
WT80_2_TTCCTCTCATGCCGAC-1,3.0975387,3.0003774
WT80_2_CATTCATGTTGAAGTA-1,0.54138654,2.1076171
WT80_2_TATCGCCGTTAGTCGT-1,1.1483376,1.5560155
WT80_2_ATCACAGCACGGCACT-1,2.2314913,4.470371
WT80_2_ATAGACCCACTAAACC-1,4.0982866,5.382647
WT80_2_GTTGTCCTCCTGATAG-1,-0.5444206,3.9523797
WT80_2_CTGGCAGAGACCAGCA-1,1.4838454,-0.7568925
WT80_2_GACTTCCGTGTCGATT-1,6.0063834,2.2792687
WT80_2_TTTACGTGTACCGTGC-1,10.069461,3.906288
WT80_2_TTGAACGGTGTCATCA-1,1.1009908,1.0489899
WT80_2_CATCGCTGTGACGCCT-1,3.223705,1.0142846
WT80_2_CCTCTAGTCAACGAGG-1,1.1128318,0.6024825
WT80_2_TGGCGTGTCCGATGCG-1,1.178297,-0.2968971
WT80_2_GTACAGTCAAAGGCGT-1,1.6503142,-1.2852831
WT80_2_GATGTTGGTTGTCATG-1,7.144646,1.8411309
WT80_2_AGGCTGCTCGAGAGAC-1,1.4248419,-0.677891
WT80_2_CATCCACAGTACTGTC-1,0.9674335,1.9388055
WT80_2_TCCACCACAATATCCG-1,9.041245,4.37913
WT80_2_CGCCATTCATTGTCGA-1,9.740211,5.7221174
WT80_2_TGAGACTAGCTAGCCC-1,2.599713,2.0676038
WT80_2_CACTGGGGTGTTTACG-1,9.40083,5.3588386
WT80_2_ACATCCCCAAGTTCCA-1,0.047592916,0.07010495
WT80_2_CTACCTGTCGGTCACG-1,9.272081,3.986557
WT80_2_CACGTTCTCCACCTGT-1,0.40027678,3.4310641
WT80_2_TATTGGGAGGACAACC-1,3.292037,5.0064235
WT80_2_CCTTTGGAGTACCGGA-1,-0.75737953,2.741325
WT80_2_AGTCACAAGATAGCAT-1,2.345701,2.0514698
WT80_2_GAATCGTAGCTCTTCC-1,0.7751778,0.14756085
WT80_2_TGCTCCATCCCGAGGT-1,-0.59070534,3.2374694
WT80_2_TTTCGATGTCAACACT-1,1.3444505,-0.64188415
WT80_2_GAGACCCCAGCAGGAT-1,6.347366,3.2866368
WT80_2_CCCTAACGTACCTTCC-1,0.24233341,2.11198
WT80_2_CATGCAAAGCTCCATA-1,-0.5413885,2.130632
WT80_2_CACTGTCGTTATAGAG-1,-1.0490355,2.9583063
WT80_2_CCCTTAGCAGCAGGAT-1,8.872137,6.148881
WT80_2_CTCCCTCAGGTTTGAA-1,0.72165775,1.7722597
WT80_2_AGACAGGAGGTTCAGG-1,0.714778,1.7475014
WT80_2_ACTCTCGAGCGTTCAT-1,2.1458542,1.4079565
WT80_2_GAACTGTCAACGATCT-1,10.416713,5.856497
WT80_2_GTTCGCTCAACGCATT-1,0.9457,1.0835832
WT80_2_CTTGATTTCAACTTTC-1,-0.4815818,2.1197975
WT80_2_GTCCTCATCACTGCTC-1,-0.48873788,3.669833
WT80_2_TCATACTTCGCCTTTG-1,6.150486,3.5188835
WT80_2_TTCTTCCCAATAACGA-1,1.9290748,2.3506067
WT80_2_TACAGGTCATTGTACG-1,2.1812131,2.6619496
WT80_2_CTGCGAGCATACAGAA-1,0.72838366,1.653098
WT80_2_GTATTGGGTCAGTCCG-1,6.1676197,1.2200526
WT80_2_TGACCCTGTAGCACGA-1,5.3082113,3.889911
WT80_2_AGGCATTGTTTGGGAG-1,9.433204,6.3873425
WT80_2_TGTGAGTTCCCATGGG-1,0.43372798,2.4411948
WT80_2_CTGTGGGCAGCACCCA-1,5.704694,5.742292
WT80_2_CACTTCGGTGACCGAA-1,1.153417,4.1126065
WT80_2_TTTACGTCATACCGTA-1,3.4670522,2.3500047
WT80_2_CCCAACTGTCTAATCG-1,2.0524921,-0.36652562
WT80_2_ACACAGTAGGCACAAC-1,9.856608,4.0664406
WT80_2_TGTAGACGTCTAGTGT-1,9.203459,4.7473
WT80_2_ATGCGATAGCTCGTGC-1,9.012691,1.41933
WT80_2_TGCTTCGCATCCAACA-1,-0.4029005,2.9449325
WT80_2_GTGTAACTCATCTCTA-1,1.6434,1.4809788
WT80_2_GCGGAAAAGACTACGG-1,2.5100124,4.635149
WT80_2_GCGGATCAGGGATCGT-1,0.813502,-0.7270515
WT80_2_CTAGGTAGTACTGTTG-1,9.15163,1.839149
WT80_2_GTAAGTCTCCTGCCAT-1,8.8199215,4.547531
WT80_2_CACCGTTTCCAAGCTA-1,1.0791128,2.2465398
WT80_2_TAAGCGTCATAGACTC-1,0.5118967,1.9580193
WT80_2_CCGTAGGAGTCTACCA-1,-0.9182321,2.663461
WT80_2_AGAGCCCAGAAACACT-1,1.8173882,4.56389
WT80_2_TAGGTTGTCGTTACCC-1,-0.3874676,0.19808078
WT80_2_AGATAGACAAGTTCCA-1,5.2806306,2.4072115
WT80_2_CGTTCTGGTGCAGGAT-1,-0.3948367,3.0588963
WT80_2_TGATTCTTCCATAAGC-1,1.6411667,1.6275324
WT80_2_GAAGCCCCACAGTCAT-1,1.3208016,2.9022832
WT80_2_TACCTGCAGCGGGTTA-1,0.54306436,2.4573023
WT80_2_TCATTTGAGTCGTTAC-1,-0.24235827,2.713729
WT80_2_TAGATCGAGGGATCAC-1,-0.1549667,2.6970882
WT80_2_GCAGCTGGTGTAAATG-1,0.8174272,1.6945082
WT80_2_TGAATCGAGCTTGTGT-1,0.41087586,3.65862
WT80_2_GATCACAGTATGTCAC-1,3.816476,6.981995
WT80_2_GTCTCACTCCTGTAGA-1,2.3471396,2.3839226
WT80_2_TATTCCACATGACTCA-1,4.961044,5.8193636
WT80_2_ATTCACTGTAGTCTGT-1,0.38531572,3.6722596
WT80_2_TAGACTGGTTGTCTAG-1,2.5226808,2.1450853
WT80_2_AGTAGCTCACTGGATT-1,0.94237614,3.2228549
WT80_2_CTCCTCCGTTCTTGCC-1,-0.2859261,3.6214304
WT80_2_GTTATGGAGTTGCATC-1,1.5079012,1.2663333
WT80_2_CTCCTCCTCGGAAGGT-1,7.970495,4.5703173
WT80_2_CCGATGGTCGAGTCTA-1,0.28869653,1.600146
WT80_2_TCGCTCAGTCCCAAAT-1,5.7784524,5.110652
WT80_2_GTGTGATCACATCATG-1,0.5142354,2.5587556
WT80_2_AAGACAAGTATCGTTG-1,9.105642,6.6124597
WT80_2_TTCTCTCTCTGGAGAG-1,-0.9602052,3.6773977
WT80_2_ACACCAACACGCGTGT-1,9.454142,5.6834373
WT80_2_CATACTTAGAGAGCGG-1,-1.1293343,2.129971
WT80_2_GAGTTGTTCCAGTTCC-1,2.7868316,2.2513897
WT80_2_GCCTGTTCATGGAAGC-1,-0.3424297,5.9827
WT80_2_AATTTCCGTTGTGCCG-1,0.7132593,4.1602554
WT80_2_CCACGAGTCCATTCAT-1,2.458634,0.6687941
WT80_2_ATCCATTCAAATCCCA-1,2.541775,2.051383
WT80_2_GGAGCAAAGCAACAGC-1,0.019545836,0.14933403
WT80_2_ATTCATCTCCAACACA-1,5.3559523,4.4952884
WT80_2_TTCCAATCAGCTGAGA-1,1.3774056,2.4239042
WT80_2_TCACATTAGCGTTAGG-1,2.916724,-1.4126378
WT80_2_ATGGTTGAGGTCCTGC-1,-0.12839572,1.9780571
WT80_2_GCACATATCCACGTGG-1,0.4613647,3.419498
WT80_2_TCTGGCTCATGTGTCA-1,0.525447,2.6776395
WT80_2_GAGTTACGTGAGCTCC-1,9.43706,3.0018387
WT80_2_GTCTGTCAGCCAGTAG-1,4.142634,6.99601
WT80_2_TAACACGTCTCGTGAA-1,1.6198792,1.7290387
WT80_2_ACGGGTCTCGGTAGGA-1,-0.4940218,3.5003679
WT80_2_GTTGTCCTCAACTCTT-1,-0.18262482,1.8297993
WT80_2_AGGACGATCTCAATCT-1,8.788196,4.3948336
WT80_2_GAGTTACGTGTACATC-1,3.5425043,0.9724254
WT80_2_GTTACAGCAACCGACC-1,-0.557465,3.9708374
WT80_2_CCGATGGAGCTGACAG-1,2.8229864,3.3126523
WT80_2_ACTGCAAAGGTGTGAC-1,9.539017,5.1934204
WT80_2_ATGCGATCAATGTCAC-1,2.2557433,-1.2846148
WT80_2_CAGATCACAGCGAACA-1,-0.44826594,1.2093184
WT80_2_CTAGACATCTGGGTCG-1,-0.61053675,1.5936267
WT80_2_AGGGTTTCATCATTTC-1,1.2393048,-0.18519169
WT80_2_CCTCTAGTCATGGCCG-1,1.4313165,2.198802
WT80_2_CGTCCATGTTGCTCAA-1,7.7286086,2.6263256
WT80_2_TGGTAGTTCAAACCCA-1,1.3410451,-0.5133587
WT80_2_TCATGGAGTGAGGCAT-1,9.427969,6.277783
WT80_2_TTACGCCAGGGACCAT-1,5.2898316,-0.2847891
WT80_2_CGGGTCACAGAGTCAG-1,4.365193,7.5209684
WT80_2_AGCGTATGTGCTAGCC-1,-0.44222853,2.0804346
WT80_2_TGACTCCCAGTGTGGA-1,2.704212,2.7691822
WT80_2_GGGTCACAGAATAACC-1,2.820715,-0.11194216
WT80_2_AAGCATCAGGAATCGC-1,2.047153,1.4402742
WT80_2_CGTCCATTCTAGCAAC-1,7.4970293,3.472545
WT80_2_ACTTCGCTCGAGATGG-1,1.6198766,2.8302052
WT80_2_GGTCTGGCAGCATACT-1,-0.09281971,3.4607368
WT80_2_CAGGGCTAGCAGGTCA-1,8.142349,6.05404
WT80_2_ACGTAACGTGACACAG-1,0.12109516,3.3689177
WT80_2_CGATGGCGTCAACCAT-1,-0.50970274,0.7981947
WT80_2_TCGCTTGCAGAGTGAC-1,4.496831,7.3608146
WT80_2_CAGATACCAACCACGC-1,0.23755722,3.817732
WT80_2_TCCGTGTTCTGCGTCT-1,2.8396032,2.497283
WT80_2_CGGCAGTAGAGTGTGC-1,-0.3575445,1.6463524
WT80_2_CATACTTAGCAAGTGC-1,0.3361811,3.9625611
WT80_2_TGATTTCGTAACATGA-1,2.7744973,4.2587786
WT80_2_ACCAAACGTACAAGTA-1,7.356578,4.591848
WT80_2_GTACAACCAATCCAGT-1,-0.26952887,2.0438032
WT80_2_CCTCTAGCAAAGTGTA-1,0.71558017,1.171812
WT80_2_GGTTGTAGTCGCCACA-1,0.88654387,-0.45392042
WT80_2_GTGATGTAGACGGTTG-1,2.6692383,5.9370003
WT80_2_TTTCACAAGGCCTAGA-1,-1.1392139,3.0561128
WT80_2_AGATGCTCAAGGCGTA-1,-0.016801728,1.8968968
WT80_2_GGGTGTCCATGGAATA-1,1.6220175,1.2479421
WT80_2_GTCAAACTCGTGACTA-1,3.294963,1.8326846
WT80_2_TCTATCACACTACTTT-1,8.9809065,5.6641436
WT80_2_GAAGTAACAGCTCGGT-1,1.0124419,0.8059668
WT80_2_GATCCCTAGGCGTTAG-1,3.5419576,-1.3411238
WT80_2_TTTGACTCATGAGATA-1,4.040958,3.9629235
WT80_2_ACTATTCAGCGAGAAA-1,-0.6451819,1.2312561
WT80_2_TGAATCGAGGCGAAGG-1,-0.9160815,2.0665898
WT80_2_GATAGCTCAGACCCGT-1,2.5950952,2.3987575
WT80_2_CATACTTGTCCAGAAG-1,-0.102375455,1.6690782
WT80_2_TTCAGGAGTAGATGTA-1,-0.47722074,2.9960203
WT80_2_ACGGGTCGTCTCACGG-1,-0.3094349,1.264744
WT80_2_AAATGGACACGCGTGT-1,2.1529412,0.85492516
WT80_2_TTTGATCCAAGAGTTA-1,1.4987077,1.1647826
WT80_2_TGGGCGTGTGAGCCAA-1,0.5426368,3.8234534
WT80_2_CAATTTCAGGGAGGCA-1,5.1910715,3.9318943
WT80_2_CATTGCCCACAAGTTC-1,0.24663205,1.1470033
WT80_2_TCGACCTTCGTCGGGT-1,5.8968105,6.7377086
WT80_2_AGGAAATTCCGCCTAT-1,1.7561955,-1.5276953
WT80_2_AGTAGTCAGGTCACTT-1,1.4674262,-1.0000756
WT80_2_GTTCTATGTCGACTTA-1,-0.16794387,3.6589754
WT80_2_CTCAGAAGTTTCTTAC-1,7.677279,3.776327
WT80_2_GTAATCGTCCTTTAGT-1,-0.64476097,1.7175643
WT80_2_CCGAACGGTACAAAGT-1,0.11081406,-0.07453266
WT80_2_AACGTCAGTGATAGAT-1,-0.3454457,2.8813658
WT80_2_AAAGGATTCGTTAGTG-1,1.0096927,-0.38600507
WT80_2_ACGATCATCTTGGTGA-1,-0.2710913,1.7045708
WT80_2_TTTCAGTAGGTCGCCT-1,0.92633855,3.945542
WT80_2_TTAGGCATCCTAGCTC-1,3.4871042,2.2246292
WT80_2_TTGGGATAGTGATGGC-1,0.41353062,3.322513
WT80_2_CGTGAATAGCAAACAT-1,10.170667,3.2493098
WT80_2_ACTTATCTCTAGTCAG-1,-0.31417954,1.9451578
WT80_2_TCATTCACAGAGGACT-1,10.375911,6.7453313
WT80_2_TCCTCCCAGAAGGGAT-1,2.984858,1.410131
WT80_2_CTATAGGAGGTGCGAT-1,1.2630618,1.932106
WT80_2_ATTGTTCCACACGCCA-1,1.2711179,-0.43373516
WT80_2_TATCAGGTCCTCAGGG-1,2.6399217,1.9209727
WT80_2_TCATACTCAGCATCTA-1,-0.6093421,3.3022718
WT80_2_AAGATAGCAAAGGCAC-1,0.58578396,1.8189508
WT80_2_GTGCTTCAGCTTAAGA-1,-0.64178854,2.6362517
WT80_2_TTCCGTGGTCGATTCA-1,8.802919,6.369996
WT80_2_GGAATCTAGACTCTAC-1,1.1449093,2.1080859
WT80_2_AACCCAAGTCGCTGCA-1,-1.0754178,2.4446607
WT80_2_ACGGGTCGTCGAGTTT-1,-0.60257727,2.0751145
WT80_2_GTGTTAGAGAGAGCGG-1,2.2861052,1.3108
WT80_2_AAGTTCGTCCTGCTAC-1,0.45975134,-0.46120623
WT80_2_TGATGGTCAAGAGTTA-1,0.9488876,-0.20347553
WT80_2_GTTGCGGGTAGGCAGT-1,5.2680206,7.736946
WT80_2_CTGAATGAGAGTCAGC-1,0.38500223,2.155203
WT80_2_CTAGACAGTAGGAGTC-1,-0.32467622,2.796645
WT80_2_CAGTTCCGTAGCGTCC-1,-0.28324622,3.3545141
WT80_2_CATCCACGTGGGAGAG-1,2.5407655,1.2172148
WT80_2_AAGTTCGCAAAGAGTT-1,1.7011634,3.1680615
WT80_2_CCGAACGTCCTAGAGT-1,0.34401193,1.94837
WT80_2_AATGGAACACAACATC-1,-0.009383671,1.0877371
WT80_2_AGGAAATAGTTGGAAT-1,2.2172265,1.6550474
WT80_2_GGGTTATAGACCAGCA-1,0.834321,0.6626186
WT80_2_CTAACCCTCCGTGACG-1,2.3267653,-0.8540871
WT80_2_ACGATCAGTGCTGATT-1,2.6482477,0.62550545
WT80_2_ATGATCGGTTCCAGGC-1,0.34016958,3.8357358
WT80_2_TTCTAACGTAAGTTGA-1,3.6683466,-0.9133662
WT80_2_TTGAGTGGTCGCTTGG-1,1.7713001,2.0535507
WT80_2_CATCCGTCAGCTGAGA-1,5.472446,4.6025443
WT80_2_ATGGTTGGTAGCGTCC-1,1.2929178,3.6380544
WT80_2_ACTTATCTCGCTGTCT-1,1.5746391,1.9370221
WT80_2_AATCGACGTGGTCTTA-1,-0.54921144,2.0605242
WT80_2_TGGATCAAGAGCACTG-1,1.5207334,-0.8348408
WT80_2_ACTATGGAGCTGAAGC-1,2.5250282,0.77892816
WT80_2_CTTCAATCACACCTAA-1,8.684999,6.149164
WT80_2_CCTCAACTCTCGCGTT-1,3.2072937,6.3467865
WT80_2_CATGCTCAGTAACCGG-1,0.38713738,3.3886805
WT80_2_TCTCACGTCAGCGGAA-1,0.08352559,4.0810037
WT80_2_GGGAGATGTACGGATG-1,0.72986776,-0.06854468
WT80_2_TTACAGGAGGTGGTTG-1,-1.1099863,2.8269835
WT80_2_GGGTGTCCATATGGCT-1,5.2632303,6.563594
WT80_2_GTGGAGAGTTGCTCCT-1,2.679133,1.6897035
WT80_2_GGAGCAAAGCTACTAC-1,1.9491091,2.5761552
WT80_2_TATTGCTCATAGAAAC-1,4.4435644,6.2416945
WT80_2_TGCTCCAAGCGATTCT-1,-0.9339831,1.1852374
WT80_2_GTAATGCCAGGCTTGC-1,-0.04834862,2.296009
WT80_2_CTTCCGACAAATACGA-1,8.21033,1.9602597
WT80_2_TGCATGATCACCGGGT-1,2.2113338,5.179706
WT80_2_GTAACACTCCTTTGAT-1,3.123229,2.9946048
WT80_2_TATTGGGAGTTTAGGA-1,4.0922427,1.1788567
WT80_2_GGGACCTAGTAACGTA-1,0.83975154,2.7839017
WT80_2_TTCTAACAGCGCCCAT-1,0.98478526,1.0115328
WT80_2_CCTCTCCTCAACTCTT-1,5.8533792,-1.7725567
WT80_2_CTCCTCCAGGTGCCTC-1,1.1260409,2.778142
WT80_2_GACCTTCTCGCATTAG-1,-0.5614575,1.4805118
WT80_2_CATCCCAAGCCTCAGC-1,0.55901027,1.5795628
WT80_2_CTGAGGCAGAGCAGAA-1,5.0478396,5.992126
WT80_2_GTTTGGAAGCTTGTTG-1,0.42335328,2.758809
WT80_2_ACAACCACACAAATAG-1,1.5330722,0.99778277
WT80_2_CTAGGTAGTCCTGTTC-1,2.042882,1.2445217
WT80_2_CAACCAACAGAACATA-1,3.124387,-1.318878
WT80_2_ACATGCATCTAGCATG-1,2.9674897,0.79538673
WT80_2_GTGCTTCAGTGCCAGA-1,3.7141726,4.6461864
WT80_2_TGATCTTCAGCACAAG-1,9.523676,6.311321
WT80_2_CTCTCGAAGCATTTGC-1,1.9394388,-1.8033698
WT80_2_ACGGTCGTCGGTATGT-1,6.2323422,5.8538713
WT80_2_TCGGTCTCAAACTCGT-1,0.8220754,-0.3527378
WT80_2_CCCTGATAGCGAGAAA-1,5.7202263,2.6888223
WT80_2_GGTGATTTCTTAGCTT-1,-1.0083742,1.376273
WT80_2_TGGCGTGTCGATCCCT-1,0.77566147,2.8547108
WT80_2_CAGTTAGAGACGACTG-1,2.2398288,-1.8734704
WT80_2_GGGTTTATCGTCACCT-1,2.3590226,2.4071085
WT80_2_GCGATCGAGAAGGCTC-1,1.3824676,2.2302976
WT80_2_TGGCGTGAGCTGACTT-1,8.98481,3.8340163
WT80_2_TCACTATAGTTCGGTT-1,0.5956696,1.2374812
WT80_2_GTCAAACCATCTTCGC-1,-1.0116211,2.032988
WT80_2_CAGCCAGGTATTCCTT-1,-1.2855389,1.4950371
WT80_2_GAAATGACATAGTCGT-1,-0.28889525,1.7865351
WT80_2_TTCCGGTAGGTGGTTG-1,-0.652241,1.3356111
WT80_2_TCATTGTCATGACACT-1,3.922505,5.8085494
WT80_2_CAGATTGAGGGTTAGC-1,0.87172383,-0.22779788
WT80_2_TCCTAATTCTACTGCC-1,3.2190003,0.9645173
WT80_2_CTCAACCCATGACTCA-1,1.616817,2.0254095
WT80_2_GTCACGGGTCGAGCTC-1,-0.11996026,3.9020522
WT80_2_AGGATAACAGCCCAGT-1,4.7707562,2.920762
WT80_2_CTCATCGTCCACTGGG-1,0.99273026,4.1071186
WT80_2_GTGCGTGCAAGTCCAT-1,1.7293617,1.9590846
WT80_2_GTTACGAGTAGTACGG-1,-0.36138612,0.5333305
WT80_2_CTGCATCTCATGAGGG-1,5.1270437,6.8771
WT80_2_AGGAAATTCTATACGG-1,1.2047085,2.9465816
WT80_2_CAGTTCCCACTCCACT-1,1.1143831,-0.21616317
WT80_2_GAATAGACAGACAAGC-1,2.7252715,2.0666368
WT80_2_GGGTGAACAGCTCGGT-1,0.71840066,1.437106
WT80_2_ATAGGCTGTGAATAAC-1,1.559902,-0.009372254
WT80_2_AGATGCTAGGCGATAC-1,0.63021684,3.4158816
WT80_2_GATGGAGCATCGAACT-1,-0.58306235,1.5255917
WT80_2_TGCGGCATCTCTCGCA-1,0.20469023,0.22321859
WT80_2_GACCAATGTACTGCGC-1,0.803987,0.3845274
WT80_2_GGGCTACGTGATACAA-1,8.491075,1.7918717
WT80_2_AACCCAACATTCACCC-1,3.068891,-1.3901918
WT80_2_GGTTGTAAGTCGCTAT-1,0.2905898,4.173742
WT80_2_CATACAGGTGTCCCTT-1,1.3673214,3.333638
WT80_2_GCCAACGAGCGTACAG-1,1.5718436,1.2136542
WT80_2_TGGTACAAGCCTAGGA-1,-0.34628385,0.93980074
WT80_2_TCCACGTAGTAGCCAG-1,3.8591285,4.9480247
WT80_2_TGCTCGTCATTCAGCA-1,10.066773,4.07887
WT80_2_TCCGGGAAGCCTGGAA-1,9.010045,1.7217226
WT80_2_TTGGGATTCATTGTTC-1,0.30423576,1.7339402
WT80_2_ATTATCCAGGCGTTGA-1,-0.67780274,1.062091
WT80_2_TCTTAGTGTCCATAGT-1,0.15271473,2.0704684
WT80_2_GACAGCCAGTGCGTCC-1,-0.33297825,1.7795361
WT80_2_TTGGGCGAGTCTAACC-1,1.8397846,2.9487743
WT80_2_GATGTTGGTTCGGACC-1,0.9549024,2.969345
WT80_2_GGGTATTGTTGCCATA-1,4.785545,-0.06848284
WT80_2_CCTCACATCTCTGAGA-1,1.5132047,3.2984204
WT80_2_CTGCCTACACTATCGA-1,-0.8255964,2.8706455
WT80_2_AGTGACTCAAGAGAGA-1,-0.4533053,1.6186053
WT80_2_TTACAGGCACTCAGAT-1,-0.810782,2.7271118
WT80_2_TGAATGCAGATACAGT-1,2.9591198,2.1399639
WT80_2_TTCTGTACATAAGATG-1,-0.20381558,3.2764173
WT80_2_GGGATCCTCTGATTCT-1,2.6036787,2.5638244
WT80_2_CATGCTCAGCTTTCTT-1,1.6832962,1.6251974
WT80_2_GCAACCGTCGTCCTTG-1,8.583165,6.333123
WT80_2_CATGGATGTAATCAGA-1,4.628254,6.964126
WT80_2_ATAGACCTCGCCGATG-1,0.45523328,1.7053044
WT80_2_AGAAGCGTCTGGCCAG-1,4.5398726,6.727302
WT80_2_AGTAGTCAGATGTTCC-1,8.719846,6.019317
WT80_2_TCGACGGCAGCCCACA-1,3.3559074,-2.4076943
WT80_2_GCACTAATCGTTAGAC-1,1.0195011,3.1466525
WT80_2_AGTCACAAGCCAAGTG-1,1.3412496,-0.69917405
WT80_2_GTGGTTAGTGGATGAC-1,-1.1574376,1.7179192
WT80_2_GTCCCATCAGCGTGCT-1,0.4859072,2.3775003
WT80_2_TCCACCAAGATTAGCA-1,2.8736317,3.1467593
WT80_2_CTTCGGTGTCGAACAG-1,1.5067514,-0.90116763
WT80_2_CCTCTAGTCTCGTGAA-1,-0.45802757,2.1182804
WT80_2_TTACGCCTCCAGTGTA-1,4.2793183,3.1313615
WT80_2_CTACCCAAGAACGTGC-1,2.380942,-1.3849714
WT80_2_GTGGAGAAGGGAGGAC-1,-0.10525289,0.9008926
WT80_2_GGGTTTAGTACTCGCG-1,1.1880809,-0.51495564
WT80_2_GAAGCGAAGATGAATC-1,0.5377848,0.24919803
WT80_2_CGCGTGAGTGTTAACC-1,7.809241,3.3932157
WT80_2_TCACACCGTCCTTGTC-1,-0.94570094,2.7519603
WT80_2_GATCATGCAAGATCCT-1,0.6625393,-0.37591276
WT80_2_TCGCTCAAGCATGTTC-1,4.033481,2.321696
WT80_2_AATTCCTAGATGGCGT-1,2.4521487,2.2631533
WT80_2_TTGACCCTCGGCTGAC-1,3.4197717,2.0461807
WT80_2_AGTGTTGCACTACACA-1,5.118886,7.5796275
WT80_2_GAAGCGACAATAGGAT-1,2.1872199,2.3636234
WT80_2_CCTAACCTCGATAACC-1,1.6028765,3.5884328
WT80_2_CTCAGGGTCGATTGAC-1,0.19540998,2.9404387
WT80_2_GTGCAGCTCCTTCTTC-1,5.821332,2.5300725
WT80_2_GTACAACGTATGTGTC-1,3.670055,3.8465235
WT80_2_TTCTTCCAGCCTTGAT-1,4.3657355,-0.80576396
WT80_2_TACCTCGAGGACACTG-1,3.2261896,-0.17721452
WT80_2_TACCTCGAGTAATACG-1,3.8395817,2.13905
WT80_2_GCTTTCGAGGTCTTTG-1,0.8071408,3.9956791
WT80_2_AACAACCGTGACTGTT-1,4.6930346,4.899978
WT80_2_GGTGTTACATTGTCGA-1,0.57292295,3.441167
WT80_2_AATTTCCCACCCTGAG-1,5.8084397,2.6337154
WT80_2_GATCAGTGTCCAGGTC-1,1.1619759,4.0455985
WT80_2_AAGGAATAGACATAAC-1,4.212354,1.8267031
WT80_2_ATTCCTAGTCTTAGTG-1,0.3262721,4.0589023
WT80_2_AGCCACGTCAGTGTCA-1,1.6097208,3.358927
WT80_2_GGGATCCGTTGTTGTG-1,1.7482038,1.3678752
WT80_2_AGGATCTTCAGCTAGT-1,4.7700953,7.0401025
WT80_2_GGGTGTCCACGAAAGC-1,3.7967877,7.167801
WT80_2_ACAACCAAGGGTCACA-1,-0.07839012,2.7528753
WT80_2_GGTCACGGTCGTCATA-1,-0.98512924,1.0881414
WT80_2_TCGCTTGGTTGCTGAT-1,1.5331885,1.3984392
WT80_2_CTCAATTTCAGTGGGA-1,-0.12855192,1.5722783
WT80_2_CCGAACGAGTTGAATG-1,9.098291,3.3167717
WT80_2_AGGACTTGTTGTTGCA-1,-0.8563361,1.6330395
WT80_2_ACTACGAAGTAAACGT-1,-0.10422185,2.6413906
WT80_2_CTGCCATGTGATGGCA-1,8.6228285,6.0043063
WT80_2_GGGTATTCATGAGATA-1,7.6956563,4.294396
WT80_2_ATTCAGGAGCAGCCTC-1,-0.09500672,1.6150593
WT80_2_ACCTACCTCCTCACGT-1,-1.1724888,3.4929576
WT80_2_ACGGGTCAGCCATTTG-1,8.90316,4.334268
WT80_2_AGACAAAAGTAGAATC-1,-0.6796999,1.708085
WT80_2_TAAGCACCATGTGCCG-1,1.0568802,1.523755
WT80_2_TCACGGGCACAGCATT-1,1.0357023,0.8816905
WT80_2_GCCTGTTGTCGATTAC-1,2.9629872,1.206066
WT80_2_CTCATTACAACGGCCT-1,4.6320176,3.641407
WT80_2_TGACTCCGTCGAAGCA-1,1.1030531,1.5011328
WT80_2_ATCGGATAGGCCTTGC-1,1.5766385,2.5482886
WT80_2_ACAGAAACATCAGCTA-1,0.5956831,3.3104722
WT80_2_CGTAATGTCAAGAATG-1,3.9043808,1.4487206
WT80_2_GAGGCCTAGGCTCTAT-1,3.2543223,3.61589
WT80_2_CGTAATGTCATTCGGA-1,4.6387544,-0.42035392
WT80_2_TGGGAAGAGGCACCAA-1,2.1495485,2.195981
WT80_2_TTCAGGAAGGAAAGTG-1,-0.25247443,1.7192886
WT80_2_CCGTGAGGTTGGGTTT-1,-0.37393534,1.8920301
WT80_2_GCTTCACGTTTGGAAA-1,1.0589038,3.824556
WT80_2_TGTAAGCTCCGTGTGG-1,1.846187,1.8521932
WT80_2_CAGCAATAGATGTTCC-1,2.8128119,1.169968
WT80_2_ATCCATTCAAATGAGT-1,2.171324,0.5659136
WT80_2_AACGTCAGTCCACGCA-1,5.740003,-0.46587735
WT80_2_GTTGCGGGTTCGGCGT-1,5.1213946,7.6269913
WT80_2_TGAGTCATCGTAGGAG-1,0.34092876,3.523421
WT80_2_TACCTGCAGCGGACAT-1,-0.9543586,2.4412472
WT80_2_TCGCTTGGTTGCCGAC-1,-0.026895154,4.123224
WT80_2_AACCTGAGTCAACGCC-1,-0.34700397,0.68243927
WT80_2_TTTCACATCGGCATCG-1,-0.20883714,0.45545658
WT80_2_TCTTTGATCTAGTCAG-1,8.92748,3.491129
WT80_2_GGGACCTTCTAGAGCT-1,-0.6752321,1.6277845
WT80_2_ATGGTTGCAACACAGG-1,4.8445663,1.0961303
WT80_2_ACGATGTAGTGGTTAA-1,-0.9277104,2.685927
WT80_2_TAGGGTTAGGATGGCT-1,-0.70181227,3.6245685
WT80_2_TTCCTCTGTACCGGCT-1,6.567658,3.3844936
WT80_2_GAGATGGCATATTCGG-1,3.3482215,3.1346908
WT80_2_GTGACGCAGTATAGGT-1,1.934514,2.6071184
WT80_2_GCAACATTCTGCTAGA-1,3.5400767,1.3931583
WT80_2_GCAGTTAGTGCGAGTA-1,5.497502,4.977424
WT80_2_TTGCATTGTCGCTCGA-1,3.3526542,3.495363
WT80_2_TGTTACTCAACCAACT-1,6.423821,1.7808189
WT80_2_GTTCCGTCACATATCG-1,3.8931913,5.6054425
WT80_2_TTGTGTTGTTACCCTC-1,-0.6832076,0.84514475
WT80_2_GGTCTGGGTCCTTGTC-1,-0.70027196,2.235568
WT80_2_ACAGAAAGTGGACCAA-1,8.004167,3.561093
WT80_2_TTTGATCGTCGGTGTC-1,1.255112,-0.61054456
WT80_2_CTATAGGGTGGAATGC-1,6.538639,3.1082802
WT80_2_TGAGCATAGGGTTTCT-1,3.0720243,1.3429282
WT80_2_TTCTAGTGTATGGTAA-1,4.952196,6.434209
WT80_2_ACAGCCGCAGGAGGAG-1,1.3363369,-0.25452018
WT80_2_ACACAGTTCTGCGAGC-1,9.115348,4.2375717
WT80_2_CATTGAGTCGGTATGT-1,7.9017644,3.758199
WT80_2_TCATGCCTCCTAAACG-1,2.3691418,3.0129032
WT80_2_TCGCACTTCAAGCCCG-1,1.5247823,3.9256914
WT80_2_GAACGTTAGGGTAGCT-1,8.4494095,1.4322248
WT80_2_GTTGCGGAGTAACGAT-1,-0.21291696,1.6838369
WT80_2_CATTGTTAGAGTTGTA-1,9.920512,5.691562
WT80_2_CTTTCGGCAACGATTC-1,-0.7226768,2.8012416
WT80_2_TGATTTCAGTTGTCGT-1,3.6001816,5.253212
WT80_2_CAACGGCAGAGTATAC-1,5.742222,2.4039829
WT80_2_GTGGTTATCGCTTGAA-1,2.120756,2.3393571
WT80_2_TTTATGCAGAAGTATC-1,-0.45171082,1.3409946
WT80_2_AGAGAGCGTTGTGTTG-1,2.0244303,1.6507236
WT80_2_TACGCTCAGCGAATGC-1,0.53191626,1.8252635
WT80_2_GTGTAACCATGTCTAG-1,8.780997,1.3518801
WT80_2_TTCAATCGTTTCACTT-1,-0.31809226,2.5834916
WT80_2_GCACGTGGTCAAACGG-1,-1.046325,3.568186
WT80_2_AGTAGTCGTTGGGTTT-1,5.303624,6.266477
WT80_2_TCATCATCAGATCCAT-1,-0.36389568,0.2831658
WT80_2_GAGTTGTTCAAGTAAG-1,3.1051764,1.7919742
WT80_2_GACTCAAGTCCACAGC-1,-0.07664776,3.1523597
WT80_2_AGGTTACTCTATCGGA-1,4.7790937,2.714575
WT80_2_ACAGAAAGTCGCTTAA-1,-0.10096549,1.5257057
WT80_2_AGCGTCGCATACAGCT-1,7.12559,5.124663
WT85_1_ATATCCTCATACCACA-1,2.922753,2.7306178
WT85_1_GTGCTTCGTATGCTAC-1,0.33712593,2.158841
WT85_1_CGTAATGCAAATGGAT-1,1.98199,1.336605
WT85_1_TACACCCGTCATCACA-1,6.8697734,2.2647402
WT85_1_AGAAGTAGTAGCGATG-1,10.304502,3.910768
WT85_1_CAACCAACAACCGATT-1,4.2775073,5.218374
WT85_1_GGGTCTGAGTTCATGC-1,10.057033,6.748598
WT85_1_ATAGAGAGTGCATTAC-1,3.2376711,2.8303578
WT85_1_TGTTTGTTCTGCGGCA-1,7.24345,5.883974
WT85_1_GTCCTCAGTGTATTCG-1,2.7140582,0.17962402
WT85_1_GAATAGAAGTTAACGA-1,7.0993257,5.8316154
WT85_1_TCACTATCAATACCTG-1,3.6251369,0.1800793
WT85_1_CGATGCGTCCAAGCAT-1,1.9025972,3.9753056
WT85_1_CACTTCGAGCTGGAGT-1,1.1183672,3.4077601
WT85_1_CACTGTCTCTCTTCAA-1,1.2737571,0.799162
WT85_1_CATCAAGCAACCGGAA-1,5.536072,0.63450813
WT85_1_TTTGTTGAGTCGTTAC-1,1.4980868,0.41133714
WT85_1_ACACGCGGTTATCTGG-1,4.5427113,-1.5090346
WT85_1_GCCAACGAGTTGAAGT-1,5.615934,0.9385551
WT85_1_CAGCGTGAGCATATGA-1,2.512264,4.9919505
WT85_1_AGGTGTTTCTGACAGT-1,1.4360338,1.519776
WT85_1_TGGTTAGCATCGCTGG-1,5.4700603,2.8087542
WT85_1_ATTTACCAGTCGGGAT-1,1.8804828,-1.1740067
WT85_1_CTAGGTATCATTCACT-1,5.200539,0.124188066
WT85_1_TTTGGAGTCGGCATTA-1,1.6113296,0.6700885
WT85_1_CTCGAGGAGTTTGAGA-1,3.4031575,0.7350043
WT85_1_GGGAGTAAGCGGATCA-1,1.2608463,2.7820413
WT85_1_GCGAGAATCCTGCTAC-1,8.268285,6.859231
WT85_1_TCCTGCACACGTCATA-1,1.6388639,0.6655798
WT85_1_TCGACCTAGATGCTAA-1,3.5300841,-0.1144361
WT85_1_GTGGAGATCGCAGAGA-1,5.821386,0.2528011
WT85_1_ACAGGGACACAATGTC-1,4.329388,-1.8748243
WT85_1_GAACACTCACAACGTT-1,0.91100603,0.6555015
WT85_1_CAAGACTCAATGAAAC-1,10.764605,6.5975676
WT85_1_ATGCCTCCAGGGTCTC-1,2.2651708,5.888038
WT85_1_TGGTACAAGTCCGCGT-1,2.2811892,0.37026337
WT85_1_TGCGACGTCCGGCAGT-1,1.0754073,1.1119208
WT85_1_CCACGAGTCGTGTTCC-1,5.359848,-1.6522511
WT85_1_GTGCAGCCACCGAATT-1,1.6413709,3.3682728
WT85_1_ACTCTCGCAGCTCTGG-1,9.997523,4.0683827
WT85_1_GCACATATCATCTATC-1,1.7740688,0.026612667
WT85_1_CCTCTCCGTCACTACA-1,10.445023,3.4848647
WT85_1_ATGCATGTCATTGGTG-1,1.9591273,1.7411689
WT85_1_GCATGATTCCCGTGTT-1,1.6788017,1.0765156
WT85_1_AGACACTGTGCTATTG-1,4.7676563,-1.512179
WT85_1_AGCTACAAGCTTTCCC-1,9.481134,2.8874125
WT85_1_CTCTGGTGTGTTTACG-1,4.56904,2.4625018
WT85_1_CATGCCTTCATTGTTC-1,4.606592,4.5588384
WT85_1_ATCGTAGCAGCCCACA-1,4.6951785,-0.40519965
WT85_1_CAATACGTCTCATTTG-1,5.069353,-1.8172805
WT85_1_TAGGGTTAGGTTACAA-1,0.5691218,0.66422325
WT85_1_GATCGTATCAATCTCT-1,1.9811162,4.495567
WT85_1_AGGGTTTTCGTGTGAT-1,3.2407918,0.294534
WT85_1_GTAACCAAGAACTCCT-1,5.4102073,-1.1729063
WT85_1_AACGGGACAGATACTC-1,2.92815,-0.23561057
WT85_1_TCATTGTCAACTGGTT-1,3.8345485,0.19364253
WT85_1_AACCAACCAACACAGG-1,4.881423,4.6611676
WT85_1_CAGTTAGAGATGACAT-1,1.7915463,2.3283792
WT85_1_TGACCCTCACATGTTG-1,2.0369756,2.623975
WT85_1_CATGCGGAGAGAGGGC-1,4.0889525,-0.15430544
WT85_1_CAATGACTCAGCTGAT-1,2.2146132,-0.45728818
WT85_1_TGTCCCATCTGTTCAT-1,1.7673647,1.2284622
WT85_1_CGGAGAAAGGAGCTGT-1,0.8300526,-0.07058042
WT85_1_GAGCTGCAGGGACACT-1,1.727277,1.2431356
WT85_1_GTTAGTGTCGGCTGAC-1,3.8121424,-0.85079676
WT85_1_CTAGGTACAAAGACTA-1,6.8298764,4.7618475
WT85_1_GTGTCCTCACATATGC-1,3.5383325,-1.0645702
WT85_1_TTCCAATAGTATGAAC-1,1.5689515,0.062390115
WT85_1_CTACCCACAACCAATC-1,4.678072,-0.19153596
WT85_1_CCGATGGGTGCGGATA-1,5.8342676,2.4034164
WT85_1_TCACAAGCAAGCGAAC-1,1.5963249,2.8155935
WT85_1_GACCCAGTCCATGCAA-1,3.4187264,-0.35872334
WT85_1_ACTCTCGAGGATGAGA-1,1.8887596,2.0572767
WT85_1_CTAGGTATCGCATGAT-1,9.259611,3.4088945
WT85_1_CACTAAGTCTTTCTAG-1,1.9514227,2.115424
WT85_1_TGAATGCTCAGTCATG-1,0.046143074,1.3289478
WT85_1_AGTCATGTCTCTTCAA-1,5.241988,0.78151816
WT85_1_TTGTGTTCACCTTCCA-1,3.598536,-0.3177675
WT85_1_TATCGCCCATAGACTC-1,1.9257845,1.0651416
WT85_1_TGTACAGTCATCGCTC-1,1.3381082,-0.3447508
WT85_1_GCCAGTGAGGTTGCCC-1,1.7464435,1.2299081
WT85_1_AAAGGGCTCCTGTTAT-1,1.3844388,0.71851313
WT85_1_GGCTTGGAGCCTCTTC-1,1.428443,1.3417615
WT85_1_TCATGAGGTGCCGAAA-1,5.1557508,-0.10368693
WT85_1_TAACACGCACAACATC-1,1.2450229,1.2634037
WT85_1_AGACACTAGGATACGC-1,4.9342456,-1.1800253
WT85_1_AGTAGTCTCCGATAGT-1,10.868562,6.5080433
WT85_1_AGGAAATGTTCTTCAT-1,9.938555,4.242164
WT85_1_TAATTCCGTTGGAGAC-1,2.2529325,-1.0458004
WT85_1_ATCCACCTCTACCACC-1,4.1532483,-2.2102582
WT85_1_ACGGTTACATGGCCCA-1,3.0423465,1.7933317
WT85_1_AATCGTGTCCGCCTAT-1,1.7391453,3.5261946
WT85_1_ATCCACCCAAGGTACG-1,8.983313,3.6824706
WT85_1_CGACAGCCACGACGTC-1,3.61914,0.844492
WT85_1_AGACCATCAGCACACC-1,5.8744793,5.5899434
WT85_1_ATGTCTTGTCCGGTGT-1,3.8463438,-0.6516353
WT85_1_ATGGGAGAGATGTTAG-1,2.660289,-1.296648
WT85_1_ATCCATTTCCGTGGTG-1,10.593124,6.7665677
WT85_1_GCATGATGTTGGAGGT-1,3.2689364,-0.3844486
WT85_1_AGAGAATCATCCTGTC-1,6.0333447,1.5460663
WT85_1_GATCGTAAGGGCAGAG-1,1.5645729,1.0973771
WT85_1_TACCCACAGAGGGTCT-1,1.981224,-1.9193213
WT85_1_TAGACCACAGTGTGCC-1,3.2492568,4.4879637
WT85_1_AAGGAATGTTAAGGAT-1,0.6372139,1.9800757
WT85_1_GAAGCGAAGAATAGTC-1,9.23461,1.3406445
WT85_1_AGACTCAGTACGTGAG-1,4.787356,0.3302494
WT85_1_GATCATGAGCCGCACT-1,3.603199,5.4045563
WT85_1_ACCGTTCGTGGCTACC-1,11.100601,6.716382
WT85_1_TCGGGTGGTCATGACT-1,4.3410325,2.4433405
WT85_1_GGAGCAACAACTCCAA-1,3.2327816,-1.8843117
WT85_1_GTCCCATGTGACATCT-1,2.315838,0.11323196
WT85_1_TCTGTCGTCCAACTAG-1,1.0965277,0.09942309
WT85_1_CCTCTAGGTATGCGGA-1,1.5081751,0.98423994
WT85_1_AAGATAGGTAATTAGG-1,3.4893384,-0.5672219
WT85_1_AGCCAATAGCAATAAC-1,2.5278292,1.1903355
WT85_1_GTCAGCGGTTAGAAGT-1,2.8784196,-1.6826873
WT85_1_GGGCCATCAGCACAAG-1,4.956773,-1.1608415
WT85_1_TCATGAGTCAAAGAAC-1,1.3684641,1.1947522
WT85_1_TAGCACATCGGCATAT-1,3.9274118,-1.1683074
WT85_1_CTCTCGACAGGAACCA-1,4.7569323,-2.232398
WT85_1_CTCCAACAGAGAGGTA-1,1.4049058,1.0981307
WT85_1_TTGCCTGTCATGAAAG-1,5.2842507,1.5392905
WT85_1_AACCTTTCACGCCACA-1,3.0453422,-1.8445328
WT85_1_TCGGATATCGCAATGT-1,0.835862,1.3663427
WT85_1_CTGGCAGCAATGAACA-1,2.1520853,-0.22477242
WT85_1_AGACTCAAGCACACAG-1,1.1948094,2.2643054
WT85_1_TCAGTGAAGATGCTTC-1,2.1714242,1.9901882
WT85_1_CGAGAAGAGCCTTGAT-1,4.0624046,5.3418527
WT85_1_TGACCCTTCTGTGCAA-1,5.6361055,2.8317826
WT85_1_TTCCTTCGTAACATAG-1,5.8518586,0.12885183
WT85_1_ATTATCCAGGTATTGA-1,3.331844,-1.240967
WT85_1_TTCGATTAGATACGAT-1,3.6436558,-2.2021513
WT85_1_ATATCCTGTTTCGTTT-1,8.542687,1.8432534
WT85_1_ACGTTCCAGAGCCCAA-1,2.1374664,-1.2725564
WT85_1_CAGCAATCAGGGATAC-1,4.885996,3.6406732
WT85_1_AAGTCGTGTTTGAACC-1,1.1114761,3.1826124
WT85_1_TCGGTCTGTGGATACG-1,10.608411,6.012266
WT85_1_AGACTCACACACACGC-1,2.9658144,0.81226444
WT85_1_TCATGTTCATCCGGCA-1,1.449964,-0.89145476
WT85_1_CAACCAATCACCTGGG-1,2.7699077,-0.33118856
WT85_1_TGATGGTTCTCTCTAA-1,4.6200094,-0.5269714
WT85_1_ATTCGTTCACCTGAAT-1,3.1270044,-1.554867
WT85_1_TGCTCGTAGTTACGAA-1,1.4339079,0.82752097
WT85_1_TGGGTTAGTGGAAGTC-1,4.3597345,3.8836782
WT85_1_CCCGGAAAGCTCCGAC-1,2.3807254,1.0699314
WT85_1_TCATGCCAGAACCGCA-1,2.6392171,0.015453664
WT85_1_GCAACATCAACTTGGT-1,5.290292,5.1661167
WT85_1_TAGAGTCAGATGCTTC-1,6.7428126,3.7883651
WT85_1_ATATCCTGTGCCAAGA-1,3.5167112,-1.3092028
WT85_1_TCAGTTTGTTGCAACT-1,5.166784,-2.0529234
WT85_1_CTACCCATCTTCCCAG-1,3.5123506,1.2660505
WT85_1_CTCAGTCCACATCCCT-1,11.321244,6.2375026
WT85_1_AATCGTGGTTCGGCCA-1,1.807048,-0.80964863
WT85_1_AACGAAATCCGACGGT-1,5.6323924,0.82269317
WT85_1_TTACGCCCAGCTGCCA-1,7.8908453,4.2507076
WT85_1_GGGCCATTCCCGTTGT-1,2.8994477,-0.48015875
WT85_1_TGTACAGGTTGAATCC-1,1.8326182,2.335084
WT85_1_CATACAGTCATTGCTT-1,5.8485727,2.558553
WT85_1_TTTCATGCATCCTTGC-1,4.798554,-0.6946352
WT85_1_GTAGAGGCAGTTGTCA-1,3.384818,1.5284419
WT85_1_TATATCCAGAGCTGAC-1,4.644691,4.581407
WT85_1_GACTTCCAGTCGAGGT-1,1.6237794,-1.4192036
WT85_1_CGATGCGCAGCCATTA-1,2.586398,0.9156421
WT85_1_ACCTGTCGTGAGCCAA-1,5.033583,3.9952905
WT85_1_CAGCCAGAGCGGACAT-1,2.6741502,1.8359487
WT85_1_GATCCCTTCGGATAAA-1,3.1604,0.55209357
WT85_1_TAGGGTTGTGACTATC-1,3.8567169,0.28305283
WT85_1_CCTCCAATCACTACTT-1,1.9673208,-0.18974212
WT85_1_GGGACAATCTCATTTG-1,1.7271326,1.3577845
WT85_1_TGACCCTAGGGAGGGT-1,3.201006,2.182868
WT85_1_ATCGGATTCGTGCAGC-1,2.8731828,-1.4869182
WT85_1_AGGCTGCCAGCAAGAC-1,5.843503,3.0049336
WT85_1_CATGCAAGTTCGGTAT-1,2.4150934,2.4779978
WT85_1_CCTCTAGAGCACACCC-1,2.0398462,1.7961022
WT85_1_AGCCAATGTGCAAGAC-1,2.7387292,1.3699582
WT85_1_GTGTAACCAGAAGTTA-1,3.6705253,2.1633317
WT85_1_GACTGATAGCCACAAG-1,3.960493,0.31386653
WT85_1_CTCAGAATCAGCGGAA-1,3.4344983,0.37057406
WT85_1_AACCAACTCATGAGTC-1,10.912714,5.8791084
WT85_1_TCTCACGGTGGTACAG-1,3.0830436,0.9973027
WT85_1_TTTGATCAGTTTCGAC-1,0.6724869,4.2720966
WT85_1_GAGACCCTCATGACAC-1,7.2274833,3.1533136
WT85_1_AACCAACAGACTTCCA-1,0.5814124,1.833973
WT85_1_CTACTATGTTAACCTG-1,4.364391,0.29453227
WT85_1_GACTCAAAGGAGGTTC-1,2.2183921,1.8817542
WT85_1_TATCCTAGTCTTGCTC-1,1.6637125,0.88146096
WT85_1_CACAACAAGAAGCTGC-1,3.4189963,1.2374176
WT85_1_GAGTCTAAGACATCAA-1,4.5207777,0.20705183
WT85_1_GGGACAAAGCTATCCA-1,4.454476,-0.6705957
WT85_1_GAACTGTGTCCAGCGT-1,6.0580516,0.8146883
WT85_1_TCATTCAGTGGAGGTT-1,6.0406504,1.3270832
WT85_1_GACCAATCAATTAGGA-1,8.0942545,6.3590894
WT85_1_GTAAGTCGTCGCGGTT-1,2.459181,1.2856342
WT85_1_CTGATCCTCCCTCTTT-1,2.559954,-1.7736272
WT85_1_ATCCCTGGTATCGAGG-1,2.904134,-1.8044006
WT85_1_AAGTACCTCTGCTGAA-1,3.0528815,1.1186353
WT85_1_TTCACCGTCGAACGGA-1,3.2014627,4.2248445
WT85_1_CACGAATGTGTCACAT-1,1.8226212,2.9698412
WT85_1_CTGTGAAGTTCAAACC-1,1.3360265,1.231812
WT85_1_GTGGCGTCAAGGTCAG-1,1.6603969,0.3802102
WT85_1_TTTCAGTGTCAATCTG-1,2.349134,-0.9266623
WT85_1_CCGATGGCACAGCCTG-1,2.0222363,2.7188182
WT85_1_CAAGAGGGTGCCGTTG-1,2.5356338,-0.75796103
WT85_1_TATCAGGGTGCAGATG-1,4.847114,1.854118
WT85_1_GCAGGCTGTTGAGTCT-1,2.5173564,1.385546
WT85_1_CTCCTCCTCATGCCCT-1,2.2701435,-0.9289643
WT85_1_CATTCCGTCACTGGTA-1,2.6904438,-2.5504243
WT85_1_CGAAGGAGTCCAATCA-1,2.5627785,1.881676
WT85_1_AGACCATAGGACAAGA-1,6.036724,3.1092713
WT85_1_AGTAACCCATTGAAAG-1,5.457101,-0.5071155
WT85_1_TGAGACTGTCGGTAAG-1,3.0531244,-2.4365413
WT85_1_GTTACGACAGAGTTGG-1,10.394006,5.9469666
WT85_1_GGGACTCAGCCTTGAT-1,3.1277804,-0.23549885
WT85_1_TGTAACGAGCACGATG-1,1.1683304,1.3843302
WT85_1_ATTATCCTCGACCAAT-1,3.544348,-2.53497
WT85_1_ATGCATGGTGTCCTAA-1,4.364606,4.5652437
WT85_1_AATTTCCAGTTCATGC-1,11.231238,6.47608
WT85_1_TATTGGGTCCTTCGAC-1,7.6575527,6.8028064
WT85_1_GGCGTCATCGTTATCT-1,5.47374,5.519675
WT85_1_GTGTTCCGTTACCCAA-1,4.5695906,2.8171694
WT85_1_GATGTTGAGTTCAACC-1,7.619538,3.9094422
WT85_1_GCTTTCGTCAACTGGT-1,2.4901185,5.4933763
WT85_1_GACAGCCAGAGTACCG-1,1.4441357,0.6592377
WT85_1_ACGGGTCTCTGGCTGG-1,0.30616543,0.932566
WT85_1_TCTACATCAAACCACT-1,3.773514,-1.8927343
WT85_1_CCTATCGGTGATTGGG-1,1.6407708,5.9346886
WT85_1_GTGGCGTTCGAACCAT-1,2.423449,-1.4873009
WT85_1_CTTCAATGTAGCACAG-1,2.8269038,-0.883907
WT85_1_CGAAGTTCATTGTACG-1,3.4680219,0.42094588
WT85_1_TGGATGTTCGACCAAT-1,2.5337777,3.4083169
WT85_1_GAGTTTGCATCCCGTT-1,1.4860514,-0.77375853
WT85_1_CAGATCACATGCCGGT-1,3.8495553,-0.37454787
WT85_1_TCGCTTGGTCATCGGC-1,2.6232593,-1.9571679
WT85_1_TAGAGTCAGGTCGAGT-1,2.4829993,4.7302527
WT85_1_GGCTGTGCAGACAAGC-1,4.7627325,4.389265
WT85_1_AGGTTACAGAAACTCA-1,1.8483493,-0.6893582
WT85_1_GGATGTTTCATAAGGA-1,1.0169194,-0.6753116
WT85_1_TAACCAGTCGACCAAT-1,0.80769265,2.97595
WT85_1_GGGCGTTCAGGTCCCA-1,9.4994955,6.0993648
WT85_1_TCTACATCAGCGTTGC-1,5.2028956,2.6002688
WT85_1_AATAGAGAGACGACGT-1,3.4231162,-1.4969014
WT85_1_CCTCCAATCCAAACCA-1,2.5560434,-1.4509212
WT85_1_GTGAGTTAGATCCTAC-1,4.2257013,-2.14217
WT85_1_GTTCTATAGTGGTCAG-1,4.155622,-1.4295658
WT85_1_GATGACTTCCTAGCTC-1,8.63009,5.4972034
WT85_1_TGCAGTATCCGATTAG-1,1.6575392,0.3971937
WT85_1_TTAGGGTCACGCAGTC-1,2.3916955,1.4845121
WT85_1_CGAAGTTGTTTCACTT-1,8.916979,4.3834705
WT85_1_GTGATGTGTTATTCCT-1,11.238758,6.063943
WT85_1_ACCGTTCTCATTTCGT-1,5.7340426,2.1722682
WT85_1_GCCCAGATCAGCGGAA-1,10.792092,5.803974
WT85_1_GTCATCCCATTGTAGC-1,4.0348597,-1.0926384
WT85_1_TGACTCCGTACGATCT-1,4.25916,3.8351717
WT85_1_TTTGGTTCAGACAAAT-1,1.4655486,-0.9030821
WT85_1_TACGGGCCAACCAATC-1,9.280583,3.4891465
WT85_1_CATTCCGAGCCGTTGC-1,4.148001,2.7145386
WT85_1_GTACAGTAGGAACATT-1,2.8950033,-2.2598636
WT85_1_GGAGAACTCAAAGCCT-1,9.143663,1.3102788
WT85_1_TATCTTGGTCGCAACC-1,4.61522,6.244461
WT85_1_GAACACTTCCATTTAC-1,2.950194,-0.6504193
WT85_1_ACCACAAGTTGCCAAT-1,2.2224007,1.0095929
WT85_1_TCGAACATCTCCGTGT-1,3.0163832,-0.81934965
WT85_1_GAGTCATAGGTGAGAA-1,4.744731,1.4990608
WT85_1_AGCTTCCGTATCACCA-1,2.333823,-0.6365513
WT85_1_GTTACGAGTAGGTTTC-1,9.12581,1.7892326
WT85_1_GTCAAACTCGTGAGAG-1,1.0914044,1.7579185
WT85_1_ATCGTCCCAATCCTTT-1,2.896756,-0.41432035
WT85_1_TACTGCCCACTGGATT-1,2.603952,-1.7878948
WT85_1_TGAATGCTCGCAGTCG-1,11.4059515,6.545309
WT85_1_GTCACTCGTACAAACA-1,3.9261022,5.4262447
WT85_1_GGGACTCCATGGACAG-1,3.0963316,-1.5205685
WT85_1_TATCTTGAGTTAGAAC-1,2.7136796,-1.5799773
WT85_1_CGGAACCTCATGGTAC-1,4.263656,0.8597598
WT85_1_CTGTACCAGCTCAGAG-1,2.961289,1.8912185
WT85_1_CTGTCGTAGGTATCTC-1,2.994708,-2.4303772
WT85_1_GATGACTTCATTCTTG-1,4.4906545,-0.8098174
WT85_1_CCTGTTGAGCGTATAA-1,2.597766,0.5237971
WT85_1_TATATCCGTTCCCACT-1,4.3283195,1.5224922
WT85_1_CTCCTTTTCCGTTGGG-1,1.8561816,3.1238468
WT85_1_TCTCTGGTCTAATTCC-1,1.9418107,-0.049481016
WT85_1_GCATCGGAGGCCACCT-1,4.013523,4.543348
WT85_1_ATCGTGAGTGTACGCC-1,4.1512794,0.72108734
WT85_1_CTTAGGAAGAGTGTGC-1,3.0270305,5.518518
WT85_1_TCAAGCACACCGTGCA-1,4.3140125,2.3651838
WT85_1_GAACTGTGTCGGTAAG-1,3.0080073,-0.8663232
WT85_1_TTACAGGAGTGTACCT-1,2.666628,1.1099825
WT85_1_TGCATGAAGTGGCCTC-1,7.868719,3.6414611
WT85_1_CCATAAGGTGGACCAA-1,4.1680803,-0.19074968
WT85_1_CTGTCGTAGCCATGCC-1,3.9799762,0.8735227
WT85_1_CGCATAACATGAGTAA-1,6.332448,0.87352526
WT85_1_CCACCATAGGTTGTTC-1,3.4360037,1.8532267
WT85_1_CAGTGCGTCTCTGCCA-1,1.5748678,-0.3918537
WT85_1_CCCAACTTCAGGAACG-1,2.3509293,1.4082773
WT85_1_CAGATCACACATGTTG-1,1.1980373,4.016591
WT85_1_GGTTCTCGTAGTTCCA-1,5.204833,3.15024
WT85_1_CCTCATGGTCCCACGA-1,11.276539,5.7830553
WT85_1_ATTCTTGAGCATATGA-1,1.5428534,0.30517194
WT85_1_CATACAGAGAAGCGGG-1,2.3181624,-1.8245307
WT85_1_GTTTACTAGTATAGAC-1,8.632199,5.693289
WT85_1_GTGCAGCCACGGTAGA-1,4.319039,-0.670882
WT85_1_CGTGCTTTCTGTCTCG-1,2.3725626,-1.467936
WT85_1_ACCTGAACAAAGGCAC-1,3.3256898,5.1865582
WT85_1_TATCTGTAGACTCATC-1,2.5021758,0.8196027
WT85_1_ATGAGTCCAACGATCT-1,3.82061,1.7366531
WT85_1_ACGTAGTCAGTCGTTA-1,4.3847523,-0.865596
WT85_1_CGGGCATGTTTACCTT-1,2.108649,0.14163439
WT85_1_AGTCATGAGTAGAATC-1,5.323688,0.46653116
WT85_1_AGGCTGCGTTCAGCTA-1,2.0540278,-1.5071774
WT85_1_ATTGGGTGTCTTTCTA-1,2.2857282,1.5999175
WT85_1_CACTGTCAGTTAGTGA-1,2.3001566,-0.26866546
WT85_1_TGTCCCAGTTTACGTG-1,5.016377,1.881459
WT85_1_GGGTAGAAGCTTTCCC-1,5.1579695,6.9079323
WT85_1_AGGCTGCTCTGTGCAA-1,3.0532126,-0.24488698
WT85_1_ACCCTTGAGAGCAACC-1,8.559764,4.9617667
WT85_1_CTGAGCGAGCACGGAT-1,8.040971,4.19788
WT85_1_GAGGGTAGTCTAATCG-1,3.482379,-1.5412494
WT85_1_TATTTCGCACGTATAC-1,2.7005017,-0.7389423
WT85_1_CCTAAGATCTATCGTT-1,9.757825,4.637034
WT85_1_AGGGCTCGTGACAGGT-1,1.4955882,2.609107
WT85_1_GTGCTGGCAGGCATGA-1,3.730097,2.094257
WT85_1_TACTTCAAGATTGACA-1,4.1488566,-2.2790368
WT85_1_AGCCAGCAGTTGGACG-1,2.830845,3.3044837
WT85_1_GTAATGCGTATCGTTG-1,3.4854918,4.7936087
WT85_1_GCATCTCTCACTCGAA-1,5.0757575,3.9704936
WT85_1_CGAGTTAAGTAAGACT-1,4.2406974,-1.4122075
WT85_1_TCATTACCACGAAAGC-1,9.64669,5.9008656
WT85_1_TGGGATTGTAGCGAGT-1,10.997425,5.592934
WT85_1_TCATTACAGGTTGACG-1,4.7621064,2.9052334
WT85_1_TTGTTGTCAGGAAGTC-1,3.1042368,4.6198983
WT85_1_TCGCACTGTAAGGCTG-1,8.056519,2.6377878
WT85_1_CACACAATCTTACGTT-1,0.95238316,4.462413
WT85_1_ATCCTATCACCCTAAA-1,4.1942787,-0.48750126
WT85_1_TCAGTGACACCAATTG-1,8.783032,6.7482095
WT85_1_GCATTAGGTGAGATTA-1,3.2033968,-1.9601023
WT85_1_TAGTGCAGTTCCTACC-1,3.9078767,1.9283284
WT85_1_GGGTCTGCAAGCAGGT-1,1.3791162,1.5941873
WT85_1_CATCGCTGTGAGGATC-1,7.8311234,2.3457725
WT85_1_ATTGGGTCATGACGGA-1,6.86356,4.361326
WT85_1_GCAGCCACACAGTATC-1,4.1958323,1.4583269
WT85_1_TGGTGATGTGTGTACT-1,2.3347125,2.3707812
WT85_1_AGTACCACAGCTAACT-1,2.3937461,1.9601326
WT85_1_TGACCCTAGGCGTTGA-1,3.9126313,-1.3100036
WT85_1_CTGTACCAGCAACTTC-1,3.9947894,1.780884
WT85_1_CTCGAGGAGTGGTTGG-1,9.165832,1.5711128
WT85_1_TTCTAGTTCTGACGCG-1,1.583367,0.5617308
WT85_1_GGCAGTCCACGACAGA-1,4.008312,1.4678413
WT85_1_CCATCACGTCCGAAGA-1,1.9657952,-0.9307806
WT85_1_AGCCACGGTAACTGCT-1,1.0624979,0.038189683
WT85_1_CTACGGGCACAACGAG-1,2.4607193,-0.6103305
WT85_1_TCATGAGGTTTCGGCG-1,4.349345,0.21164058
WT85_1_ATTTCACGTCCGTTTC-1,8.901145,4.1733203
WT85_1_AGCGATTAGTGCAGGT-1,8.773204,2.2871954
WT85_1_AATGCCAAGTTTAGGA-1,4.5668163,6.299068
WT85_1_AATTCCTCACGCTATA-1,4.6493297,1.7693509
WT85_1_CTCCTTTAGATTACCC-1,3.1670296,1.3692191
WT85_1_AATTCCTTCGGCTTGG-1,4.0883436,0.20068364
WT85_1_ATTCACTTCTATCGGA-1,1.4279473,0.123398535
WT85_1_GTGTGATCATAATCGC-1,1.5213916,-0.9074649
WT85_1_AGTTAGCTCCGATTAG-1,4.614956,4.3343153
WT85_1_GCTGCAGCAGGTGACA-1,8.030025,5.8378634
WT85_1_TGCTCCAAGCGTCAGA-1,2.177151,0.6256993
WT85_1_CGTAATGTCACCATCC-1,5.0194073,2.3106878
WT85_1_AGTGACTTCTAGCCTC-1,2.13145,-0.91572934
WT85_1_TTACTGTAGACGGAAA-1,3.1664808,-1.9097629
WT85_1_GATTGGTCAGTGCGCT-1,2.9370313,-1.813604
WT85_1_CCGTGAGCAAATAGCA-1,3.716353,-2.733309
WT85_1_CTGCGAGCATTCTCCG-1,1.1391656,0.47949144
WT85_1_TGGATGTGTGGTACAG-1,10.374288,6.1608367
WT85_1_GAAGGACCACTGTCGG-1,3.779012,-2.053764
WT85_1_GACGCTGCAGTCTGGC-1,4.2393475,0.30631563
WT85_1_GTCAAGTCATCGCTAA-1,4.0403585,-0.4251955
WT85_1_TGACCCTAGCGCCATC-1,4.1985593,0.9852013
WT85_1_TGGGATTCACCAGCTG-1,1.9580989,1.1640904
WT85_1_TACCTGCGTCCCTAAA-1,2.30241,-1.0702997
WT85_1_CCGGTAGGTTGCCGAC-1,3.0647502,1.7954384
WT85_1_GAATCGTAGGTTCCAT-1,1.546448,-0.13855213
WT85_1_GGTAGAGCATAATCCG-1,9.87793,3.5595841
WT85_1_CTGCATCCATCCGTTC-1,3.6886842,-0.6857282
WT85_1_ACATCCCTCGCTTGCT-1,5.555904,-0.95714664
WT85_1_TCATCATCAACACGAG-1,3.9468307,-0.605066
WT85_1_AGGTTACTCTGTCAGA-1,3.7113295,1.8775249
WT85_1_AATGGCTCAAGCGAGT-1,5.114528,3.3166816
WT85_1_GCGGATCTCGGCACTG-1,4.260689,3.676614
WT85_1_TTGGGATGTCAGATTC-1,2.9292564,-1.2859123
WT85_1_TCTATACTCCCAGCGA-1,2.7388606,-0.93818676
WT85_1_TGTAAGCCATAAGATG-1,1.969619,4.360329
WT85_1_GTTCCGTAGCATCGAG-1,3.4068863,2.066228
WT85_1_GTAGATCCAGTGCCTG-1,5.31358,3.891368
WT85_1_ACCTGAATCGGTGTAT-1,3.4538765,0.7542029
WT85_1_TCTTGCGGTTTGTTCT-1,1.4408749,0.19343586
WT85_1_TGTGATGTCAGCGTCG-1,4.241517,0.31813836
WT85_1_GTCAAGTGTACTCGCG-1,4.67539,0.6590351
WT85_1_TTGGATGCAGCCGTTG-1,4.4490666,-1.472964
WT85_1_ACTTAGGTCGCTCTCA-1,2.8071175,0.85972846
WT85_1_AGACCCGGTATAGGGC-1,2.5937128,2.0331635
WT85_1_TCTCTGGGTTAGTTCG-1,4.8115244,-1.2657846
WT85_1_TTCAGGAGTTCAAAGA-1,3.3530645,-0.85217106
WT85_1_CTCCCTCAGCCTTTCC-1,5.31249,-0.750279
WT85_1_GAGTCTATCTTCCGTG-1,11.2068405,6.2211623
WT85_1_AAGGAATCATGAATCC-1,9.52569,3.9333365
WT85_1_GTACAACTCACCCATC-1,3.5742168,2.325048
WT85_1_TCCCAGTGTACGCGTC-1,2.7950523,-1.465
WT85_1_TAGACCATCCATCTGC-1,3.2290006,1.4879775
WT85_1_GTGAGGATCCAACTGA-1,1.7703991,-0.9660206
WT85_1_TTGGTTTCAGAATGTA-1,1.9808583,1.0118546
WT85_1_GAGACCCGTAAGACCG-1,10.470793,6.050434
WT85_1_CTACAGAGTTGCAAGG-1,4.367655,-0.013552721
WT85_1_TCAGCAATCGCTTTAT-1,4.541291,2.1157043
WT85_1_GTTCATTAGGGTGAAA-1,6.6689253,3.3016713
WT85_1_CTATCCGGTACAGAGC-1,3.5854275,1.2156035
WT85_1_GCTTCACCACGACTAT-1,5.5250616,8.122354
WT85_1_GAACTGTTCAGCGTCG-1,5.5767007,2.3303237
WT85_1_GGAGAACAGTAGGAAG-1,2.458508,-0.21472448
WT85_1_AGTGCCGCAGTTGAAA-1,3.4886491,0.52343136
WT85_1_TTGATGGGTACGTGTT-1,4.801354,-0.102996275
WT85_1_TCATATCCACAGTACT-1,10.100726,4.626802
WT85_1_CCTTCAGGTAGGTCAG-1,0.88323444,0.51884264
WT85_1_GCGGAAACAACGTAAA-1,9.10173,3.8303185
WT85_1_TAGATCGTCAAGTGGG-1,3.6860363,-2.2249804
WT85_1_CTTTCAAGTCGAAGCA-1,1.8005201,0.675397
WT85_1_TCAAGTGGTCAGACGA-1,3.9853978,2.5432477
WT85_1_CTGTAGAAGATAGTGT-1,3.7994099,2.2912843
WT85_1_ACATCGATCCATTCAT-1,1.6752477,1.8827887
WT85_1_TTAATCCCAATAGTAG-1,2.7921333,3.9189184
WT85_1_TGTGGCGCAAGTCGTT-1,3.8656669,-1.2151773
WT85_1_TTCACCGAGTTGTCGT-1,6.0804453,3.2728872
WT85_1_TCATACTTCTTCGCTG-1,3.297312,1.7233341
WT85_1_ATGCGATTCACTGGTA-1,3.924139,0.013362896
WT85_1_AGCGCTGGTCCGAAAG-1,2.543417,-1.476643
WT85_1_GTGCTGGGTCCTGGGT-1,4.5861545,3.983421
WT85_1_CAGGTATTCGAGAGAC-1,4.785321,0.02914276
WT85_1_CTTACCGTCTTCTGGC-1,5.2417746,6.090458
WT85_1_CCACACTGTGGGTCAA-1,3.3306987,1.2278454
WT85_1_ATTCCCGTCTTCCTAA-1,4.070089,-0.98784
WT85_1_ACACCAAGTGGGTATG-1,3.9291456,-0.10725431
WT85_1_GACGTTAGTCACTGAT-1,5.376065,3.6312175
WT85_1_TATCTTGCACCCAACG-1,3.1720176,2.8803318
WT85_1_AGCCAATCATGTTACG-1,1.453555,0.70097196
WT85_1_GGGTTTAAGTCACTCA-1,3.3061903,3.641771
WT85_1_ACATCGAAGTGAACAT-1,2.2803762,3.3186064
WT85_1_CTCATCGAGGAGGTTC-1,5.208728,1.3236587
WT85_1_CACCGTTTCCTGCTAC-1,2.108191,-0.36071804
WT85_1_CGTAAGTAGTAGTCCT-1,3.510502,5.210825
WT85_1_CGAGTTAGTGATTAGA-1,5.194809,-1.2364081
WT85_1_CAATACGGTGCTGATT-1,2.3030443,-0.78289956
WT85_1_ATGTCCCTCTCACCCA-1,5.1920085,1.8395622
WT85_1_GTTCGCTGTTCATCTT-1,1.2595598,-0.7733154
WT85_1_TCAAGACGTTGTGTTG-1,9.064896,4.8709793
WT85_1_TTGACCCGTATGTCTG-1,5.629971,2.3894162
WT85_1_AGTACTGTCGAACACT-1,5.9268327,5.7755103
WT85_1_TGTAACGTCCCGAGGT-1,6.293046,2.8930051
WT85_1_CCGTGAGCAAGACTGG-1,2.40956,1.2175881
WT85_1_GTTTGGAAGATACGAT-1,6.621682,0.44246382
WT85_1_TAAGCGTCACCTATCC-1,4.076331,-1.4905103
WT85_1_CTGATCCAGACCAGAC-1,9.610704,4.059017
WT85_1_CCTCCTCCATTGCCGG-1,5.12702,5.7479777
WT85_1_TCTACATTCTCGTGGG-1,2.4891856,-1.327438
WT85_1_ATTCCTAGTATCTTCT-1,7.6558948,2.8371923
WT85_1_GAGTCTAGTTGGATCT-1,4.699362,1.9031764
WT85_1_GTTCCGTGTGGCTAGA-1,4.6873965,-1.4383396
WT85_1_TTCGGTCGTGTTCGAT-1,10.13657,5.397937
WT85_1_TGTGAGTTCGGAAACG-1,4.973588,-1.604452
WT85_1_CGTCCATTCGGTTGTA-1,5.7490726,2.759496
WT85_1_AGGGTGATCGGCTGAC-1,3.5111108,0.27692583
WT85_1_ACTGCAATCGTAGAGG-1,5.098294,0.91983765
WT85_1_TTGAGTGTCTGTCGCT-1,9.654287,3.0376847
WT85_1_AGACAGGGTCGTCAGC-1,6.906183,2.5247107
WT85_1_CGTGTCTAGGGTGGGA-1,3.9304116,1.7867388
WT85_1_GCACGGTGTATGAGAT-1,4.793014,-1.7914114
WT85_1_ACTCTCGGTCTAACTG-1,3.23883,2.4850547
WT85_1_ACTATGGTCGACGACC-1,1.144583,1.6008481
WT85_1_AAATGGAGTGCCTTCT-1,3.7816303,-2.3789873
WT85_1_TTCGATTGTAGATTGA-1,5.7069297,6.905622
WT85_1_GTTGTCCAGCTCACTA-1,3.5251753,-0.28308928
WT85_1_CAACAACGTAATACCC-1,2.9576402,-0.7002304
WT85_1_ATGGAGGAGAGGGTGG-1,4.500469,3.9506161
WT85_1_CGTGCTTTCCTACAAG-1,7.076323,3.894449
WT85_1_GACTCTCCATTACGGT-1,5.0667367,-0.36802462
WT85_1_GGTTCTCAGCCATTCA-1,5.4264126,-0.3467954
WT85_1_GCATTAGAGTCACTCA-1,4.765639,-1.2680169
WT85_1_CCCTGATAGACCTCCG-1,2.636669,1.7305487
WT85_1_AAGTCGTTCACTTCTA-1,4.542799,0.4347665
WT85_1_CGAAGTTGTGCGAACA-1,7.7706494,3.3668418
WT85_1_AGACAGGAGATACATG-1,4.850996,1.6505404
WT85_1_TGGATGTGTTATTCCT-1,4.2621655,0.93012094
WT85_1_CCGTAGGCAATGAGCG-1,4.2007604,1.8895781
WT85_1_ACATTTCAGAGCATCG-1,2.8702998,-1.290079
WT85_1_TAATTCCAGACTTCAC-1,3.8352518,1.9728446
WT85_1_TCATACTTCACGGAGA-1,3.6108167,0.18656407
WT85_1_ACTACGATCCGTACGG-1,1.860148,1.2113686
WT85_1_GAACACTGTTGCATTG-1,4.077644,4.6077037
WT85_1_ATCCACCTCGTTCTCG-1,4.291341,-0.9851747
WT85_1_TGCGGCAAGACCATGG-1,3.1506467,1.422171
WT85_1_GGCTGTGGTGGTCCGT-1,7.6590643,6.961748
WT85_1_CAACAGTGTCACCGCA-1,4.211378,-0.4388823
WT85_1_CTATAGGAGGTTATAG-1,10.428533,6.3258557
WT85_1_ACAAGCTAGGACACTG-1,-0.78869414,1.1484548
WT85_1_CTGTCGTGTATCGCTA-1,4.239104,4.790784
WT85_1_TGGTACAAGATAACAC-1,5.9255533,2.0670068
WT85_1_AGGTCATAGTGGAAAG-1,4.6197677,1.6296281
WT85_1_CCCTTAGTCGAGTTGT-1,2.8355024,-0.095558606
WT85_1_TCTATACCATTCCTCG-1,3.3816175,-0.7529743
WT85_1_TACTTACTCAAGTCGT-1,6.302085,1.5034667
WT85_1_ACTTAGGAGGGAGTGG-1,4.508665,0.07179247
WT85_1_TCGTAGAGTGGGAGAG-1,2.2634547,-1.5993766
WT85_1_GATGTTGCATACCGTA-1,3.108022,1.4995207
WT85_1_TGCATCCCAGACCATT-1,5.3315606,1.7206919
WT85_1_CGTAATGTCATGCCGG-1,1.0981334,1.071664
WT85_1_TTGCTGCTCGCCTTGT-1,4.7985945,0.00953352
WT85_1_TAGAGTCAGAGGATCC-1,0.89787525,0.92294466
WT85_1_CATAAGCCACTTGACA-1,9.260324,6.3181753
WT85_1_GCCCGAACAAGGCTTT-1,4.667486,2.24079
WT85_1_CACAGATAGACAGCTG-1,2.9151661,-0.31455255
WT85_1_AGATCCAAGATGGTCG-1,5.3232617,1.9578253
WT85_1_CAGCGTGCAACAGCCC-1,5.2458377,-1.7654059
WT85_1_CTCATCGTCGCTAATG-1,0.47693372,0.61038715
WT85_2_GGTTAACCACGCGCAT-1,3.8145444,-2.0777617
WT85_2_CCTATCGTCATAGACC-1,1.2970709,1.3623654
WT85_2_GCCAGGTGTCCCGTGA-1,1.9117548,2.8570414
WT85_2_GAACACTAGCTTACGT-1,3.2720344,1.6730348
WT85_2_AACCACACAAGACGAC-1,9.844721,3.7965713
WT85_2_GGTGGCTGTAGTCTTG-1,3.962592,-2.0711672
WT85_2_CATGCGGAGACTCTAC-1,7.2047143,6.4602475
WT85_2_CATGAGTCATAACGGG-1,4.3222604,4.605263
WT85_2_GAGAGGTCACCAACAT-1,7.7602043,6.1720066
WT85_2_ACACAGTTCGAACTCA-1,5.290273,6.013885
WT85_2_GATCCCTCATCCCGTT-1,1.707451,0.11560672
WT85_2_CATAGACGTCAACCTA-1,1.601801,1.3649361
WT85_2_CTTTCAAAGCCAGAGT-1,1.7604078,0.11857409
WT85_2_ACGTTCCTCAGTGGGA-1,6.650969,1.3879852
WT85_2_CGAGGCTAGACAACTA-1,1.3941399,1.117343
WT85_2_ACGATGTAGTGAGCCA-1,1.6619393,0.7603477
WT85_2_GTTGTAGTCATGGATC-1,5.5431523,4.8361835
WT85_2_ACCCTCACATCCCACT-1,1.7804748,3.3608973
WT85_2_TAAGCCATCCAGTGTA-1,3.2092552,2.1908762
WT85_2_AACCAACAGTGAACAT-1,3.0423756,2.5713477
WT85_2_ATCGTAGTCAGGCGAA-1,1.3147908,1.5177531
WT85_2_ACGTACAGTACCTATG-1,2.9850624,0.5201463
WT85_2_GCGGAAAAGATCGACG-1,1.0599664,1.2262917
WT85_2_TCATGAGCAATGGCCC-1,1.7352875,0.30184138
WT85_2_AACGGGACATACCGTA-1,1.7368809,0.8407488
WT85_2_GAACTGTTCACCCTCA-1,2.8974986,0.4256117
WT85_2_CACGTTCGTCTAACTG-1,7.998917,7.0351176
WT85_2_TGGGATTGTATGGTAA-1,3.6745186,-0.13010868
WT85_2_ATCTCTAGTGGTCTAT-1,4.6389832,3.4015872
WT85_2_AAGATAGAGGAGGCAG-1,1.1050045,-0.37289032
WT85_2_ACTATGGTCCTTCTGG-1,8.476955,4.6726246
WT85_2_GGGAAGTGTCCAGCAC-1,2.5270486,1.7865379
WT85_2_GTAGCTATCCCTCTTT-1,1.8682206,2.7522824
WT85_2_AAAGGGCCATACGCAT-1,10.197192,5.0156765
WT85_2_ACTACGACAGCATCTA-1,2.2892003,0.6770765
WT85_2_TCACACCTCATTTGTC-1,9.075679,5.200963
WT85_2_TAGCACATCAGGTGTT-1,2.3934815,5.0175595
WT85_2_CCCTGATGTATAGGGC-1,4.2934585,0.8201227
WT85_2_ATGAAAGTCTAAGAAG-1,1.7411047,4.8524723
WT85_2_ACGTACAGTTGACTAC-1,3.95278,2.9117782
WT85_2_TCGCACTAGCGACTAG-1,8.886413,3.540536
WT85_2_TGTCCCAGTACCATAC-1,2.5506556,-1.8055793
WT85_2_CAGCAATAGCCAAGCA-1,3.4037826,-1.3558781
WT85_2_GAGATGGCAATAAGGT-1,0.15183747,1.8901922
WT85_2_TTCCTAATCACACCCT-1,4.115397,0.03418265
WT85_2_CTCAGAACAAACTAGA-1,0.9491176,0.6520491
WT85_2_ATCACTTAGACGCAGT-1,8.185819,6.58186
WT85_2_CATGCAAGTGTCACAT-1,1.0139312,2.5314784
WT85_2_AGGACTTTCGGAAGGT-1,4.0876236,3.4031503
WT85_2_TACCGGGCATCCGGCA-1,2.592322,-1.0972999
WT85_2_GGCACGTGTCAAGTTC-1,1.4393723,-0.35123304
WT85_2_TAATTCCGTGAGTCAG-1,10.985095,5.162695
WT85_2_GAGATGGTCGGTGTTA-1,1.9135836,0.46113408
WT85_2_TTAGGGTCAGAACTCT-1,5.943454,1.3204128
WT85_2_GTTGTAGGTGGATCGA-1,1.9293718,-0.34010324
WT85_2_TAATTCCTCACATACG-1,0.23245622,2.5917165
WT85_2_TGGTAGTCAAGGATGC-1,3.3962553,-0.25333562
WT85_2_AATAGAGCAGTATACC-1,1.8153987,0.7698844
WT85_2_CACAACAGTCGCAACC-1,3.0425472,2.3073428
WT85_2_ATAGACCAGTATGAAC-1,3.3796475,0.031855643
WT85_2_ATGCCTCTCAAGGCTT-1,6.7537475,3.1783853
WT85_2_GACACGCTCTAAACGC-1,7.21298,4.8498654
WT85_2_TTAATCCTCGGTCTAA-1,3.1137736,-1.7343932
WT85_2_GGGATGAAGATGACCG-1,2.4469066,-1.7442299
WT85_2_TGCTTCGGTATCTTCT-1,1.2478663,1.7191659
WT85_2_CGGGCATTCCATCAGA-1,2.902884,1.3550444
WT85_2_CCGGTAGCATTGCTTT-1,2.6199594,-1.3150742
WT85_2_TTACTGTCAAGGCCTC-1,4.910617,3.6999831
WT85_2_TCTAACTGTGTTCCTC-1,2.0909934,2.2323134
WT85_2_TACGGGCAGTCAATCC-1,3.5048783,-0.44276938
WT85_2_ACCACAAAGATGTTCC-1,2.7323818,1.3085556
WT85_2_AGATCGTAGGCTCAAG-1,2.3788083,1.0788482
WT85_2_TCCCAGTTCAAGTTGC-1,9.878112,4.303664
WT85_2_TGCTCCATCGAACGCC-1,2.1128464,4.216446
WT85_2_GTAGATCCAGCACAAG-1,4.242477,4.3400955
WT85_2_TTCTGTATCGCTGTTC-1,4.697769,-1.9388342
WT85_2_CCGAACGCATCCTGTC-1,1.7264311,0.6675578
WT85_2_GACTATGCACTTGGCG-1,5.282045,0.728397
WT85_2_TACATTCAGAGTGGCT-1,4.744417,4.1664524
WT85_2_TCTCACGAGGGCAAGG-1,2.339466,-0.35101432
WT85_2_CACGAATCACCATTCC-1,5.0995817,0.64263725
WT85_2_GAAATGACAAGCGATG-1,0.19193402,3.421036
WT85_2_TCTGCCACATCCTAAG-1,2.2248406,5.208929
WT85_2_TTCACGCCAACTGGTT-1,9.736627,4.358752
WT85_2_TACGCTCTCGAATGCT-1,2.4559007,-0.43570238
WT85_2_AACAAGAGTATCCCAA-1,5.230578,6.0699587
WT85_2_GAAGTAAAGTTTCTTC-1,1.8953981,0.26383674
WT85_2_CCACACTGTGCAACGA-1,1.047523,1.9373273
WT85_2_CAGATCATCAACGTGT-1,2.3204515,0.042012233
WT85_2_CGGACACAGTACGAGC-1,2.904141,1.4277744
WT85_2_AGTACCACATATCTGG-1,3.0844421,4.388609
WT85_2_ACGGTCGTCCTGATAG-1,2.9033973,0.22494946
WT85_2_GATCAGTCACAAATGA-1,1.5061547,-0.3286173
WT85_2_CTGAATGGTGCTGCAC-1,4.1941276,3.1221604
WT85_2_AACACACGTAACACGG-1,4.7572794,-1.4264792
WT85_2_CTACTATCAACTCGAT-1,9.578174,3.9520347
WT85_2_TACTGCCTCACCTTGC-1,1.9019108,0.8376991
WT85_2_TAAGTCGCAAGTTCGT-1,3.888077,4.5630527
WT85_2_TCACATTCAGTGTACT-1,1.3607981,-0.44808596
WT85_2_ACGGTTATCAGACCTA-1,2.7111292,0.960861
WT85_2_AAGACAATCAGCTTGA-1,1.474681,0.8798057
WT85_2_TCGAACAGTATCGAGG-1,4.875327,-0.53608423
WT85_2_ACGGGTCTCCTTCACG-1,2.8623724,3.7224207
WT85_2_AATTCCTCACTCAAGT-1,2.840259,-0.08368651
WT85_2_GTGGGAAGTCTGTCCT-1,5.5935726,-1.3682109
WT85_2_GAGTTGTAGAGCATCG-1,4.157387,-2.65273
WT85_2_CTACCCATCCATTTGT-1,4.0199213,-1.0315787
WT85_2_TAGATCGCAAGTGATA-1,1.1372834,2.3294835
WT85_2_CTCATCGCAGCTATTG-1,11.0342455,6.440989
WT85_2_ATACCGAAGACATATG-1,2.1662602,-0.4310885
WT85_2_TCTACCGCATGCGGTC-1,0.05737279,1.3460933
WT85_2_GGTCACGCACTAACGT-1,3.538516,0.8679022
WT85_2_TGATGGTTCGCTACGG-1,2.4190934,-0.7831609
WT85_2_CTGATCCCAGGTGAGT-1,1.1466101,1.2054019
WT85_2_TTTCAGTTCAACGCTA-1,4.4454594,0.25625467
WT85_2_TGCAGTAGTCCAGAAG-1,9.528363,1.4387214
WT85_2_TGTTACTCAGCTATAC-1,10.152499,4.7110524
WT85_2_TTGTTGTCATAGGTTC-1,4.053149,4.372489
WT85_2_GAAGCGAGTATCGAAA-1,1.863913,-0.54182714
WT85_2_TTGAGTGGTTGGGCCT-1,2.0637026,0.6544952
WT85_2_TGTGTGAGTCGCAACC-1,1.7743988,4.3443394
WT85_2_CTTCTAACACTTGTCC-1,3.9559793,2.331106
WT85_2_GATAGCTGTGATAGTA-1,3.8119583,1.6769361
WT85_2_CAGTTAGCACGCTGCA-1,5.608445,3.4881546
WT85_2_CAACGGCTCCCGTTGT-1,1.6918662,2.1803966
WT85_2_AACCCAACAGGTCCCA-1,4.0590644,-1.3987476
WT85_2_CCCTCAAAGTCACGCC-1,3.070913,4.3381596
WT85_2_ACGTAACGTATCGGTT-1,3.5521376,1.1836072
WT85_2_TTCTAACAGTATCTGC-1,2.4427848,-2.0141137
WT85_2_GACAGCCCAAATGAGT-1,3.4261127,-2.2164075
WT85_2_ACGTAACCAGTGTATC-1,3.8229847,-1.6809782
WT85_2_CATAAGCGTGTTTGCA-1,2.6142063,-0.4457368
WT85_2_GCATTAGCACTGAATC-1,4.480271,-2.2997134
WT85_2_AAGGAATCAGATTTCG-1,2.21182,4.896019
WT85_2_TACCGAATCCTCGATC-1,4.821258,-2.5831091
WT85_2_ACTGCAAGTTAAGTCC-1,0.81880784,1.275394
WT85_2_AGGCATTGTGACACAG-1,0.6634194,2.4218822
WT85_2_TTCCTAACATGATGCT-1,4.569131,-2.0302486
WT85_2_ACTACGAGTTCCCAAA-1,2.25982,0.768832
WT85_2_ACTGTGACATGTTCAG-1,1.9600904,0.38809276
WT85_2_TTTCATGAGCTCGTGC-1,0.16300237,1.7075098
WT85_2_TGGATGTGTCTCACGG-1,5.6518846,5.971105
WT85_2_CTCATCGAGCGCAATG-1,2.2545283,2.1778219
WT85_2_AGTACTGGTCTCGGAC-1,2.3633187,3.9666953
WT85_2_ATGCATGCAGCATACT-1,9.23994,3.9196146
WT85_2_ATCGTAGTCTTGGATG-1,3.430373,1.9790807
WT85_2_CGTTAGATCACCATGA-1,1.0403439,2.0938723
WT85_2_ATACCGAAGCAGAAAG-1,3.1874988,0.41295642
WT85_2_AACCACACAGGCTATT-1,3.3299148,0.7355437
WT85_2_GAATCGTGTTCACCGG-1,3.0203347,1.4872074
WT85_2_AGTAGCTGTCCGGTGT-1,1.7351425,1.2604151
WT85_2_ACAGCCGCATCGATAC-1,7.861367,2.1144116
WT85_2_GGAACCCAGGGCTAAC-1,2.138795,-1.0476618
WT85_2_CAAGGGACATAGGTTC-1,4.185723,-2.0716832
WT85_2_GGTAATCCAGCAGACA-1,2.7594743,4.2739472
WT85_2_ACTATCTGTACATTGC-1,3.084178,-1.5809263
WT85_2_ACTCTCGGTCGTCTCT-1,3.2704275,0.29326844
WT85_2_CACAGATGTTAACAGA-1,2.7437153,1.3733844
WT85_2_TGCCGAGTCCGCGATG-1,0.26442578,1.9542753
WT85_2_GATTGGTCACACCGAC-1,1.6982411,1.0397122
WT85_2_CCTAAGACACGGATCC-1,5.5446777,2.9640925
WT85_2_GATCAGTGTAAGCAAT-1,2.6246593,0.19961506
WT85_2_ACTCTCGCACAGTATC-1,2.8647597,2.6100142
WT85_2_GGGTCACAGTCCCGAC-1,4.1670465,-2.2612667
WT85_2_ATTCATCGTGTTGCCG-1,7.8754106,4.4125395
WT85_2_GTAGAGGTCAGACAAA-1,2.5996208,-2.154918
WT85_2_TCCGGGAGTATCGCTA-1,1.8760085,-1.2225981
WT85_2_TTGGTTTCAGGAGACT-1,3.9975972,-1.9174644
WT85_2_GTTACCCAGCATGAAT-1,2.8668623,0.731249
WT85_2_ATTTCTGCACACAGCC-1,1.501213,1.5159124
WT85_2_TCATTACAGACTTCAC-1,4.5134363,0.191434
WT85_2_TTTGACTCATCCGATA-1,1.434308,-0.5928118
WT85_2_AAGGAATGTGTTTACG-1,10.807182,6.537309
WT85_2_TTGGTTTAGTACCATC-1,6.807421,3.2672405
WT85_2_CAGATCACAAGGCTTT-1,2.4173799,-1.2235322
WT85_2_AGGTGTTTCCTTCTAA-1,5.562448,2.956363
WT85_2_CTGCTCACAAGTGGCA-1,1.58425,1.0171247
WT85_2_AACGAAAGTCGTCATA-1,3.134422,0.59136486
WT85_2_CTAACTTTCTACGGTA-1,10.205923,4.116963
WT85_2_TGGAGAGTCAAACTGC-1,2.8976257,-0.7714712
WT85_2_CTATCCGGTCAAAGAT-1,1.8103797,-1.1088351
WT85_2_CAACCAAGTCACCCTT-1,1.3309879,0.32577655
WT85_2_AACCCAATCTACTATC-1,4.8912125,0.9609375
WT85_2_TGAGGGATCTCGCCTA-1,4.142033,6.07803
WT85_2_TTCGGTCGTTGTGTTG-1,4.885116,-2.178421
WT85_2_GGTGAAGTCCGTTGGG-1,4.46413,2.6384702
WT85_2_TAAGCCAGTTCAACGT-1,11.114018,6.492326
WT85_2_GATAGCTCACACACGC-1,2.5540357,-0.13066249
WT85_2_AGAGAATCAACTGAAA-1,1.0665711,0.94877017
WT85_2_CATGCTCTCACTGAAC-1,2.5920541,-1.0581445
WT85_2_GTCCTCATCTCTCTTC-1,9.396692,3.2448251
WT85_2_TGCTGAACAGTCTCTC-1,1.1741079,2.2362533
WT85_2_GTTAGACCATAATCCG-1,3.4027867,0.09639356
WT85_2_ATCCGTCTCAAGCCCG-1,3.6914752,-2.475373
WT85_2_AATCGACGTAGGCAAC-1,3.6541226,-2.5624764
WT85_2_GCAGCCATCTAGACAC-1,2.3044736,1.243482
WT85_2_CTCATCGAGGCCTTGC-1,3.6668127,1.9038163
WT85_2_AAGTACCTCATCGCAA-1,3.6344154,4.7450643
WT85_2_AGACACTCAGCGACCT-1,3.4664607,3.7084596
WT85_2_AGTCAACAGTGAGTTA-1,3.4835117,-2.5574017
WT85_2_GAGCTGCCACAAATCC-1,-0.019287944,4.9089675
WT85_2_TGCGGCAAGTCCGCCA-1,2.4350383,-2.0905716
WT85_2_TGCAGGCTCATCTGTT-1,4.388682,-2.610615
WT85_2_GTAGAGGCATTGAGGG-1,1.6995915,2.999757
WT85_2_AACCAACAGCACTGGA-1,2.905568,-1.7231559
WT85_2_CCACCATGTGCTGCAC-1,2.6566315,0.08288836
WT85_2_CTACATTCACCCTAGG-1,5.64146,0.92104644
WT85_2_CACAACACAACGGCTC-1,4.338556,-2.198802
WT85_2_ATCTCTATCGGCTATA-1,9.813454,3.2496986
WT85_2_TGGGCTGCAGTCTGGC-1,3.3334358,4.4269943
WT85_2_GCGTTTCCACCAGGTC-1,8.818461,2.7384725
WT85_2_GCTGCAGTCGACGACC-1,4.203666,-2.06721
WT85_2_GCAGTTAGTCAGGAGT-1,3.4426966,3.979926
WT85_2_CAATGACCACTCTAGA-1,8.95908,3.4017198
WT85_2_TATTTCGCAAGTTGGG-1,2.947029,-2.6494956
WT85_2_GCAGCTGCAAAGCACG-1,2.8171449,2.0802596
WT85_2_TGGATGTCATTCCTCG-1,10.765888,6.6607018
WT85_2_TTGTGGAGTGCATTAC-1,1.6088382,-0.6897669
WT85_2_GGCTGTGGTGCGACAA-1,4.389486,4.043902
WT85_2_ATACCTTCAACACGTT-1,3.728896,-1.5669479
WT85_2_ATCGATGAGGCATCTT-1,2.859618,4.3753066
WT85_2_TTGTTGTTCCACCCTA-1,4.46662,0.9738994
WT85_2_CATGCCTCAGTTGTTG-1,2.6025844,1.8796514
WT85_2_GAAGTAAAGTGTTGTC-1,9.949969,3.6038058
WT85_2_TGCTCCACACCCGTAG-1,6.8430147,0.48525783
WT85_2_ATTCGTTAGTGCAGGT-1,9.219534,3.3894422
WT85_2_TGATGCAAGGGTTAAT-1,4.999827,0.80261827
WT85_2_TGTTGAGAGTTGGACG-1,4.07599,-0.2767268
WT85_2_TGTTCTACACCTTCGT-1,1.6345702,0.4211708
WT85_2_AGTTCCCTCATTTGTC-1,3.7450712,-1.4544244
WT85_2_TCGGGACAGTGCAACG-1,3.1610878,0.28704062
WT85_2_TTGGATGGTGGACCTC-1,1.7471292,-1.0122054
WT85_2_GGTTGTACAAGCCATT-1,3.6294293,-1.8503807
WT85_2_GAAGAATCAGATCATC-1,4.100653,0.11902532
WT85_2_ATCGTCCGTTCGATTG-1,1.0508612,3.9778621
WT85_2_ATTACTCAGGGAGGGT-1,3.5591273,-1.0348846
WT85_2_CTACTATGTATCGTAC-1,4.704179,1.2048067
WT85_2_TCAGGGCTCTTGGAAC-1,3.995202,0.4267313
WT85_2_TAATCTCTCGCAAGAG-1,5.3849297,2.045574
WT85_2_TTTGATCCAGACGCTC-1,2.8904598,0.67108434
WT85_2_GAGACCCGTATCCCAA-1,2.4865026,-0.79670686
WT85_2_CCGATCTAGTTGAATG-1,1.4955083,-1.0628246
WT85_2_TCAATCTTCCCAGCGA-1,1.6633855,-0.8235401
WT85_2_ATACTTCGTGTTACTG-1,4.6434774,-2.2293603
WT85_2_TGATCAGTCGTGGCGT-1,2.8836305,1.1135298
WT85_2_GGGATGATCTAGCCAA-1,3.7825224,-0.78185767
WT85_2_GACCTTCTCAAGAATG-1,2.9144819,-2.0383797
WT85_2_ACGTAACGTGGTTTAC-1,2.8583493,-1.4551467
WT85_2_TCCGTGTTCGCAGTGC-1,0.7521067,4.052632
WT85_2_CCTCAACTCTCAGGCG-1,1.2185752,2.3761158
WT85_2_TCCTAATAGGACTTCT-1,3.3809009,-0.5868383
WT85_2_CATGCCTCACACCGCA-1,1.9020225,0.16459677
WT85_2_GACGTTACATGACTTG-1,2.2541234,1.1577816
WT85_2_TCGGGCAAGGTTCTAC-1,9.745281,3.2337132
WT85_2_TTATTGCCAATGTCTG-1,10.943708,6.433646
WT85_2_AGGGCTCGTCTCCCTA-1,4.617604,3.9935281
WT85_2_GGTAATCTCCGCATAA-1,10.170129,5.869093
WT85_2_AGGGCCTTCCCTTGTG-1,2.0018826,2.8617342
WT85_2_ATGAAAGAGCAGTAAT-1,4.0584693,-2.7696974
WT85_2_CCGGTGAGTAGTGCGA-1,9.046931,1.6441343
WT85_2_TGATCTTCAATACGCT-1,10.633354,5.909208
WT85_2_CGGGCATGTGGCTGCT-1,2.3679314,1.8318474
WT85_2_AAGGTAATCAAGCCAT-1,3.720208,-1.8793651
WT85_2_CAACCTCGTCTTTATC-1,3.0306623,-0.22024597
WT85_2_AGCTCAACATACCACA-1,8.013032,2.5036051
WT85_2_ATAGGCTGTGCCTGCA-1,3.2911851,-2.777635
WT85_2_TAATCTCTCCGAGAAG-1,1.3916354,2.6966863
WT85_2_AGTGACTTCGTCAGAT-1,3.7006109,4.65148
WT85_2_TGTCCACAGTAGGCCA-1,3.4135172,-0.74843115
WT85_2_TTATTGCGTGGAACCA-1,0.94875187,2.9611487
WT85_2_AACAACCGTGCAACAG-1,4.992746,4.7066927
WT85_2_ACCCTTGTCAACTACG-1,5.1098895,0.10988358
WT85_2_GCTGGGTCATTGTCGA-1,3.620172,-0.64893264
WT85_2_TACATTCAGCCTGTGC-1,6.3783402,0.22406992
WT85_2_AGGCATTTCCATTGCC-1,4.7453623,0.25501937
WT85_2_CATCCACTCTCAGGCG-1,3.2314975,-1.4427927
WT85_2_AATGCCAAGTATTAGG-1,3.844669,5.409638
WT85_2_ATTACTCGTGAGGATC-1,2.0650036,0.90028584
WT85_2_GTAAGTCCATGGGTCC-1,9.383458,4.477034
WT85_2_CCTCATGTCCGTCAAA-1,1.3910626,0.7109243
WT85_2_CCGAACGGTCCGCAGT-1,11.481897,6.0108566
WT85_2_TCCACCATCACCATGA-1,2.7181995,1.3040553
WT85_2_CCGAACGTCGCGATCG-1,2.8855038,4.5524063
WT85_2_AAGTGAACAGCACAGA-1,3.3560016,-0.30637825
WT85_2_CTTCGGTGTCATTGCA-1,7.437107,4.1645045
WT85_2_AGACACTGTCGTCGGT-1,9.770752,4.542411
WT85_2_CGCAGGTCAAAGTGTA-1,3.5211742,0.20260295
WT85_2_TGCATCCGTTACTCAG-1,0.5176092,1.3812413
WT85_2_TTGTTCAGTTGAAGTA-1,2.6173012,5.7749195
WT85_2_ACGTTCCAGGAGGCAG-1,2.7088072,3.2420058
WT85_2_GGAGAACCAGTAGGAC-1,5.413545,1.8124851
WT85_2_CCTCAACCAGACATCT-1,4.0826235,-1.2872007
WT85_2_TCTACCGCATCCGATA-1,3.3322792,1.611586
WT85_2_GGAATCTCAGCAGTTT-1,1.0349925,1.335643
WT85_2_CTCCCAACAGCGTGAA-1,4.416379,0.71517676
WT85_2_AGTGATCTCTTCTCAA-1,8.3402405,2.8377922
WT85_2_AGCGTATAGACGCAGT-1,5.4742317,0.99937356
WT85_2_CTGAATGAGGTACATA-1,6.2765284,6.0250854
WT85_2_GTAACCACATGTTTGG-1,5.468453,0.59779876
WT85_2_GATGTTGAGGATCATA-1,5.4889116,2.390666
WT85_2_CCTGTTGCACTAACCA-1,1.7161556,-0.6706397
WT85_2_TACGGTAAGAGGTTTA-1,2.9177527,1.862146
WT85_2_CTCAGTCAGCTAGAAT-1,4.977509,2.2989397
WT85_2_CAAGACTGTCAAGTTC-1,1.9123224,0.26178923
WT85_2_ATAGAGAAGACTCCGC-1,2.8412097,-1.9724447
WT85_2_GTTGTGACAGGCATGA-1,8.115047,3.678962
WT85_2_CGAATTGAGGAACATT-1,5.26623,0.6541757
WT85_2_ATGCGATCAGTGGCTC-1,7.657863,3.1666882
WT85_2_AGTCACAAGAGGTCGT-1,3.7190518,-0.31139946
WT85_2_GCCATTCGTTCCTAGA-1,2.8766513,-0.15206791
WT85_2_TGTAGACAGAGGCTGT-1,5.0344467,2.4146686
WT85_2_GTTGCGGTCCACTGGG-1,11.240837,6.4477854
WT85_2_AGCGCCACAACTGTGT-1,2.606047,-0.37716392
WT85_2_TGGGCGTCAGATCCTA-1,4.6094522,3.4928346
WT85_2_CTAACTTGTACAAAGT-1,3.4577177,-2.5978634
WT85_2_GTAATCGGTCAAGCCC-1,3.4752157,1.442228
WT85_2_CACCGTTTCGGACCAC-1,6.0571957,3.1895156
WT85_2_GGCTTTCCACTAGGTT-1,4.0708785,0.68905914
WT85_2_ATTATCCGTCTCACAA-1,1.6487858,6.464046
WT85_2_TCCTCGATCTCGACGG-1,3.5908074,-2.0086231
WT85_2_GCACTAATCGATACAC-1,3.2380214,1.7860626
WT85_2_TACTGCCTCGTAGTCA-1,3.1227148,2.0716186
WT85_2_ACAGAAAAGGCCGCTT-1,2.7105498,-0.94439757
WT85_2_TGCATCCGTACCCAGC-1,4.4538217,3.1386788
WT85_2_GGAATGGTCCCTATTA-1,1.5179485,0.9630015
WT85_2_GTGTGGCTCTGCTAGA-1,1.7360505,0.1096819
WT85_2_AGCATCAGTCCACACG-1,1.1538997,0.11512507
WT85_2_GGGACTCGTGTATTCG-1,1.3776219,1.3426851
WT85_2_CCAAGCGTCTGAGAAA-1,2.841762,2.3085034
WT85_2_GTGCAGCTCTCGAACA-1,5.044988,6.2717576
WT85_2_TTCGCTGGTTTCGCTC-1,2.8915386,1.4161705
WT85_2_CACCGTTGTGCGAGTA-1,3.7646217,0.11505338
WT85_2_TATGTTCGTCTTCAAG-1,10.779229,6.4118605
WT85_2_CAGATTGGTCGTTGCG-1,5.14452,-0.8504872
WT85_2_GGAGAACCAGTTAGAA-1,3.599292,-0.7972774
WT85_2_TCGCTTGCATCCTATT-1,8.977395,2.8477943
WT85_2_ACCCTTGCAACCGCCA-1,1.803279,-0.8229064
WT85_2_GTTGCGGCATGGAGAC-1,4.3018866,1.3969986
WT85_2_ATCCACCGTCGAATGG-1,2.7016072,0.80724686
WT85_2_GTAGATCAGCATGCAG-1,9.2761755,4.5659013
WT85_2_TAGACCATCTGCGGCA-1,1.7268509,2.1327982
WT85_2_GCTTGGGTCGCATTAG-1,4.7659945,1.7370824
WT85_2_GGATGTTGTCCGAAGA-1,2.8220174,-1.5729567
WT85_2_CTACGGGAGTCCGCGT-1,2.802085,1.641207
WT85_2_TCCTCGAAGTAGTCTC-1,3.6569128,2.3535526
WT85_2_ACGGTCGAGTTCATGC-1,2.42152,-1.5460192
WT85_2_CGTGCTTTCATCCTGC-1,1.8039875,0.871058
WT85_2_ACGGAAGCACGCGGTT-1,0.8996707,2.6388476
WT85_2_GTCGTTCCAACAGAGC-1,2.080094,-1.1424143
WT85_2_GGGACTCAGGTTGAGC-1,2.4480593,-0.29156107
WT85_2_CGCAGGTCAGTCTCTC-1,3.2258043,-1.0013756
WT85_2_GTTATGGGTCAAGCCC-1,2.8258698,0.16993715
WT85_2_AGGGAGTGTCACTTCC-1,3.86934,5.4826336
WT85_2_GTGATGTTCGGAAGGT-1,3.3656158,4.0302615
WT85_2_GCACGTGGTCGTGCCA-1,2.2454982,2.8615332
WT85_2_GAAGTAAAGTCTCTGA-1,0.20801994,1.9724004
WT85_2_ACCCAAAGTATCGCTA-1,3.363,4.029414
WT85_2_TTGCGTCAGGGTGGGA-1,9.59415,3.8043902
WT85_2_AGAACAAGTAACATGA-1,3.545974,-1.4660351
WT85_2_TGGGTTAGTCCATCTC-1,2.107756,-1.007155
WT85_2_TGGAGAGCAGGAATCG-1,3.9655724,1.7622374
WT85_2_TTGTGTTGTACCTATG-1,4.757886,1.8182921
WT85_2_CTACTATGTTTGTGGT-1,1.6641054,2.3684828
WT85_2_TGAACGTTCTATTGTC-1,7.3118577,4.9599066
WT85_2_GCAACCGAGTATCTGC-1,5.656235,1.9321984
WT85_2_ATGGAGGCAGTTGTTG-1,2.9871922,0.38367206
WT85_2_AGGCATTCAGAGCTAG-1,1.6929775,-1.5569311
WT85_2_ACGGAAGGTGATTAGA-1,2.6055071,1.0692692
WT85_2_AGTGTTGGTACCCGAC-1,4.8083878,2.2724178
WT85_2_AACCATGAGTGTTGTC-1,5.6510944,-0.99549246
WT85_2_TGGGAGAAGGACAGTC-1,9.543977,3.5951173
WT85_2_GTACAGTTCGGAACTT-1,5.592443,1.1766281
WT85_2_TCGGTCTGTCATCCCT-1,2.8035705,3.1921782
WT85_2_GATTTCTTCATGCCCT-1,4.596525,5.453965
WT85_2_TGCCGAGCATAGCACT-1,3.2572062,-0.9089675
WT85_2_GAGGGTACATCATCCC-1,2.9070816,1.9946609
WT85_2_AGCGTATCACCTCGTT-1,4.8934555,3.9959183
WT85_2_TCGCTTGGTTGCATAC-1,5.6119046,0.7537448
WT85_2_GCGAGAAGTAGCGCCT-1,3.744673,-0.5650384
WT85_2_CCTCAACCAGTAGGAC-1,4.4864745,4.977787
WT85_2_GACCTTCCACTCAGAT-1,0.7599467,2.1242056
WT85_2_AGCTACATCAAGTCGT-1,4.146702,-0.10732404
WT85_2_ACCCTTGCAAACTCTG-1,3.8542292,6.7074294
WT85_2_GCAGCTGGTTTCTATC-1,4.193416,6.4911623
WT85_2_CGGCAGTGTAACAGGC-1,6.223124,2.8745527
WT85_2_GCCCGAATCTGACAGT-1,4.6080284,-0.2826603
WT85_2_GGGTAGAGTAGGTCAG-1,4.179593,2.2674794
WT85_2_ATCGTGACACAGTGAG-1,7.754889,3.8617325
WT85_2_ACTTATCAGAGAGGTA-1,3.6859949,2.1507137
WT85_2_TCGGATATCAAAGGAT-1,4.4796433,-0.7446081
WT85_2_CATACAGCAACTTCTT-1,4.211214,4.2696266
WT85_2_TGATTCTCACTTCAAG-1,4.852403,7.085649
WT85_2_GCTGAATCATAATCCG-1,5.4945483,2.2018175
WT85_2_GTAATGCCACTCACTC-1,1.8362592,-1.0668064
WT85_2_GAAGGACAGGAAAGTG-1,3.8851566,3.560561
WT85_2_GTTACCCTCCTGTAGA-1,4.665977,-0.53716576
WT85_2_TCCTTTCCAGGAAGTC-1,4.949023,2.9442372
WT85_2_CCTAACCAGGTAGCCA-1,11.258494,6.1335635
WT85_2_ATGCATGCAACCGGAA-1,5.858246,0.17623255
WT85_2_GTCAAACTCTCAGTCC-1,6.287396,0.9049779
WT85_2_ACTTAGGGTACCTGTA-1,4.354465,-0.20136575
WT85_2_TTAGTCTGTGACAGGT-1,2.7927454,1.9358429
WT85_2_TAATCTCGTATCATGC-1,9.620869,3.3325582
WT85_2_CGGTCAGGTCCTGTCT-1,2.916091,1.424914
WT85_2_TTATTGCAGGGTAGCT-1,2.2045135,-0.971139
WT85_2_GTCTCACCAGAGATTA-1,3.2201943,-0.84040725
WT85_2_AGATGCTGTACTCGTA-1,9.615925,3.9047616
WT85_2_GTCACGGTCACCTACC-1,11.4338045,6.0598125
WT85_2_GATGACTAGGTCGCCT-1,9.590154,4.763123
WT85_2_GGAACCCCATGACGAG-1,5.4957156,7.0417733
WT85_2_CTTCTCTAGTCTCTGA-1,3.313795,2.2397354
WT85_2_GTATTGGTCGGAGATG-1,5.035852,5.5672665
WT85_2_ACGGTCGCATTGCCGG-1,2.7876616,1.0848863
WT85_2_CTTCTAATCTAGTGAC-1,2.547749,1.5289402
WT85_2_GTTCATTCATTGAAAG-1,3.3542087,1.9212759
WT85_2_ATCCTATGTGTTACTG-1,2.386584,0.7533602
WT85_2_GTGTTCCCACACACGC-1,3.5481277,0.24463509
WT85_2_TGCTCGTGTATCGGTT-1,2.9152353,1.5169517
WT85_2_GACTCTCTCTACGGTA-1,3.582435,3.3712304
WT85_2_GTAGGTTCAATCCAGT-1,4.5892344,-0.046391297
WT85_2_TCTTTGAAGCCGATTT-1,5.104748,-2.253464
WT85_2_AGATGAAAGACGGAAA-1,5.979419,1.2588689
WT85_2_TGTTTGTCAACGCCCA-1,7.3737187,3.955675
WT85_2_CTGAATGGTTCCGCGA-1,2.6773555,0.63301617
WT85_2_GAAGCGAAGGATGGCT-1,3.2836194,-1.7049359
WT85_2_TCCTCTTCAAAGGTTA-1,2.4277573,-1.6856416
WT85_2_CTCCATGGTACGCGTC-1,10.1199,4.601369
WT85_2_CCGCAAGCAGCTTCGG-1,4.23409,5.164929
WT85_2_TTCTGTAAGTCTCGTA-1,3.241468,2.5614917
WT85_2_GCGAGAAAGGCATGGT-1,10.044311,3.120408
WT85_2_AACAGGGGTGAGAGGG-1,4.538274,-1.2206208
WT85_2_CCTACGTAGTGGAATT-1,2.5790262,1.0758312
WT85_2_TCATTACTCGCACGAC-1,5.4222183,3.6261055
WT85_2_CCCATTGCAACTTGGT-1,3.5451682,4.531008
WT85_2_CGATGGCTCTCCTACG-1,5.095126,0.7917143
WT85_2_CAACGATTCTAAGCCA-1,2.9678488,1.9948729
WT85_2_AATGAAGAGGGCAAGG-1,-0.31027058,0.7633957
WT85_2_CTCACTGTCGACCAAT-1,2.4698517,2.6146576
WT85_2_GGTAACTGTGTGGTCC-1,2.5484443,1.07135
WT85_2_GTCTAGATCGTCCATC-1,6.1912184,3.1249208
WT85_2_GTTATGGCACAACGCC-1,1.1113667,1.1940998
WT85_2_CTACCTGAGTCACGCC-1,0.49987605,0.25779703
WT85_2_CACTAAGCACGTCATA-1,4.780995,-0.88306445
WT85_2_TTCCTTCGTCGTTGCG-1,2.814301,3.6686141
WT85_2_ACGCACGTCTTCGGAA-1,2.1105704,2.0792546
WT85_2_GCAGGCTTCCACAAGT-1,8.501152,3.1440942
WT85_2_GTCTACCCAACGACAG-1,3.806381,-1.501401
WT85_2_CGAGTTATCAAAGCCT-1,6.8563266,2.9093602
WT85_2_AGGGAGTTCCTCACGT-1,6.26231,-0.28028762
WT85_2_TAAGTCGTCCCATTTA-1,5.3582296,6.5430007
WT85_2_TAGGGTTGTGACCGAA-1,4.7104187,2.6888065
WT85_2_TCAAGCAAGTTCACTG-1,9.433925,4.4299564
WT85_2_CCGTAGGCACAAATCC-1,2.8663435,0.08810671
WT85_2_CGTGAATGTTCTTGCC-1,2.9609134,3.646555
WT85_2_ACGGGTCAGTTCTCTT-1,3.5916789,4.262919
WT85_2_CTCAATTTCGGTAAGG-1,3.7198198,2.6859307
WT85_2_GCACGTGAGCACCGTC-1,4.768532,-0.31185994
WT85_2_AGACAGGTCGGAATGG-1,6.805372,2.1181111
WT85_2_TTGGTTTGTGTAACGG-1,4.343645,-1.405052
WT85_2_TCACAAGGTCATTCCC-1,4.8844714,6.7579794
WT85_2_CGGTCAGCAGCTCCTT-1,4.830626,4.4831614
WT85_2_GATCACAAGTTAACAG-1,9.98009,4.1851215
WT85_2_TAGAGTCGTGTGAGCA-1,3.208984,-0.8406879
WT85_2_GGCACGTGTCTTAGTG-1,3.899143,3.2926445
WT85_2_GTTTACTGTCGCACAC-1,3.6805592,-0.7755707
WT85_2_TCTACATGTCTGCCTT-1,7.432265,7.13798
WT85_2_TCTCTGGGTCTCACAA-1,4.9745827,1.15381
WT85_2_TCATACTAGCTTCGTA-1,4.907864,-0.13555966
WT85_2_GTGTTCCGTCCATAGT-1,4.712534,5.5616965
WT85_2_GGAGGATCATATGCGT-1,5.515086,-0.6768386
WT85_2_TTAGGCAAGGAGATAG-1,3.007546,1.8829145
WT85_2_ACGTAGTGTTAGGAGC-1,6.4909,0.849323
WT85_2_TTCCTTCGTCTTTCAT-1,3.573731,2.1335278
WT85_2_TTTATGCCAAACTCGT-1,4.0697007,1.9733042
WT85_2_TAGACCATCACTCCGT-1,4.6241474,-0.62104815
WT85_2_TCAATTCTCTCTGCCA-1,3.7350755,1.4636368
WT85_2_TTAGGCATCATCTATC-1,1.6997962,3.1151836
WT85_2_AGGAATAAGTAACGAT-1,10.141085,6.491026
WT85_2_CCTTCAGTCATCTATC-1,2.7171419,0.3153592
WT85_2_GTTGTAGAGGCTAGCA-1,3.9161468,1.2766703
WT85_2_CAACAGTGTCGACTGC-1,9.843646,5.7116675
WT85_2_CAATCGAAGTCCGCCA-1,8.736774,6.166932
WT85_2_TTTGATCAGAGGCGTT-1,3.7442315,1.7732089
WT85_2_CAATCGATCCTTATAC-1,5.8038564,6.155901
WT85_2_TTCCTCTCACCAGCGT-1,4.5188794,-2.2679424
WT85_2_GTCCCATAGAAGCTCG-1,10.893977,6.5959353
WT90_1_GACTCAACAAGACGAC-1,3.8224561,0.65026706
WT90_1_GTGACGCAGCAGGCTA-1,8.6470585,6.7127514
WT90_1_TGCATGAGTCCACATA-1,2.4723659,3.7435277
WT90_1_GATAGAACAGCTGTGC-1,2.8292441,-1.0817235
WT90_1_GTAATCGAGCCGTTGC-1,4.3539696,4.4130397
WT90_1_TGTTGAGGTATTGACC-1,2.9280934,2.8172176
WT90_1_CGAATTGAGTAGGGTC-1,8.009354,6.3247623
WT90_1_TACAGGTGTCGAGTGA-1,1.3418088,1.9659628
WT90_1_CGACAGCTCAAGGAGC-1,3.1049962,5.636966
WT90_1_ATAGGCTGTGCTCTCT-1,2.51996,0.22221369
WT90_1_TCATATCCACCAGTTA-1,4.94064,2.1193283
WT90_1_TGTGGCGTCCACTAGA-1,0.8528924,-0.9593423
WT90_1_TCTGCCAGTGAATGAT-1,6.8077016,2.85706
WT90_1_TACCGAATCCATATGG-1,1.455498,1.3404658
WT90_1_GAAGGACAGGTCTACT-1,5.5218477,1.1836815
WT90_1_TGTTACTGTTGTACGT-1,2.8636515,1.7007574
WT90_1_GTATTTCCAGCACACC-1,5.5869336,0.9346267
WT90_1_CTTGATTAGACATGCG-1,8.296847,6.3867345
WT90_1_GGGACCTTCCATAGAC-1,2.0604527,1.0522724
WT90_1_TTCATGTGTATGAAAC-1,1.5117259,1.1416177
WT90_1_CCATAAGGTCACCGCA-1,5.754391,1.0822426
WT90_1_AACCACACAGCTGGTC-1,3.819532,-0.8974576
WT90_1_CCTCAGTAGCATTTCG-1,3.9120052,4.4714556
WT90_1_CAAGGGACAAACTAAG-1,2.3204033,-0.12251475
WT90_1_ACATGCAAGCTGAGCA-1,4.5537243,2.8809524
WT90_1_GTCCTCATCTACACTT-1,1.3995739,0.75950897
WT90_1_TGTTACTTCAAGAGGC-1,3.7624059,-1.71722
WT90_1_GAAGGGTGTGTCATCA-1,4.072127,0.044851888
WT90_1_ATGACCATCTATTCGT-1,6.1233788,3.6821332
WT90_1_GTGCTTCCATACATCG-1,3.41883,1.0992571
WT90_1_CGTTAGACACGCAAAG-1,9.499947,3.3418088
WT90_1_GCTTGGGGTACGACTT-1,3.6787822,2.3149488
WT90_1_ACTTTGTAGACTACGG-1,2.7181861,3.8879898
WT90_1_TAGTGCAGTGCGGTAA-1,2.5322275,0.13559675
WT90_1_CTAACCCAGAGCCATG-1,5.474742,2.1145754
WT90_1_TAATTCCTCCGCACGA-1,1.3941166,1.7852046
WT90_1_TCACAAGGTAACATAG-1,1.0763279,0.78044236
WT90_1_CAAGACTCAATGTCAC-1,4.812872,1.3999393
WT90_1_TCCTGCACAAGATCCT-1,4.0864925,-1.5731559
WT90_1_GTGCAGCTCCTTATCA-1,3.882213,3.0202725
WT90_1_TCTGTCGTCTCGGCTT-1,8.458362,6.1687903
WT90_1_TACCCACAGCTAGAAT-1,2.5032709,1.6204003
WT90_1_CGCATGGGTACGAGTG-1,4.2285295,-1.7611393
WT90_1_ACCCTCACACAAGCCC-1,9.878833,4.5417166
WT90_1_AACGAAAGTTATGTCG-1,2.7194734,0.06449557
WT90_1_CAACAGTGTAACCCTA-1,4.6870704,-2.3234084
WT90_1_GTCAAACCAAGCCCAC-1,10.969728,6.1245112
WT90_1_CACCAAACATTCTTCA-1,4.2658005,1.3617237
WT90_1_GGGTTTAAGATGAAGG-1,2.6044807,-0.75925726
WT90_1_AGTCACACATGGCACC-1,9.468975,3.0873358
WT90_1_AGCTTCCCAGCTACAT-1,8.34684,3.607003
WT90_1_TGGTACATCCCGAGAC-1,3.3075516,-0.5314861
WT90_1_TTAGGCAAGTTCGGTT-1,2.9446537,-0.625343
WT90_1_ATTCCCGGTAACATCC-1,1.818302,0.5064987
WT90_1_CTCAATTCACTGTGTA-1,6.4995174,3.5279431
WT90_1_CTACGGGCAATTGCAC-1,1.604808,0.88007957
WT90_1_CTGCCTATCTAAACGC-1,6.177668,-1.0436273
WT90_1_GAACGTTCACTGAATC-1,2.8834932,5.2971787
WT90_1_CAATTTCTCTTAGCAG-1,4.140732,5.7623515
WT90_1_CTGCTCATCGTGCGAC-1,1.7255363,1.5833803
WT90_1_AGTCAACGTCGATGCC-1,8.854053,3.578315
WT90_1_AAGTGAAGTACAACGG-1,2.6696885,0.29219595
WT90_1_AGGGCTCGTGTGCCTG-1,2.8734574,3.8890762
WT90_1_CTTTCAACACCGTACG-1,3.0373456,1.2446436
WT90_1_TTGCGTCCACGCAGTC-1,3.0085192,0.53785056
WT90_1_TGCTTCGCAGATCATC-1,1.5077626,0.39798728
WT90_1_TGAGACTCAATATCCG-1,1.3569484,2.0667312
WT90_1_AATGCCAGTGTTCGTA-1,4.1574783,5.866144
WT90_1_CACGGGTGTCAAGGCA-1,6.7099056,4.308942
WT90_1_TCGGATAGTTTGGCTA-1,1.7934374,0.9626188
WT90_1_TGGTACATCCCATTCG-1,4.035684,-2.0932992
WT90_1_GGGACTCCAGACATCT-1,1.4978138,0.79020983
WT90_1_GTCAAGTTCTCCAAGA-1,3.8274288,-1.3917826
WT90_1_TACGGGCTCCTCTCTT-1,3.2921488,3.595308
WT90_1_TGACAGTAGTGATAAC-1,3.0480804,-1.4311516
WT90_1_GTCAAGTTCACGGACC-1,4.291341,4.8619223
WT90_1_TGAGCATCAAGCTACT-1,1.9268785,1.049515
WT90_1_GATCGTATCTGAGAAA-1,3.1948817,-1.3758832
WT90_1_CTCCTCCGTCTCACGG-1,3.4764721,-0.52242106
WT90_1_GGAATGGCAGAGGGTT-1,6.753966,2.340788
WT90_1_GTACAGTCAGCGTTTA-1,6.471607,3.7648637
WT90_1_ATAGACCTCACGTCCT-1,2.7693508,-2.2354732
WT90_1_ATCACTTAGGAGCAAA-1,1.8090699,2.239552
WT90_1_TGGGAAGTCCCTCTCC-1,2.8619266,0.43868622
WT90_1_GCTGAATAGTAAGACT-1,5.095752,-2.053389
WT90_1_GCACATATCGAACGCC-1,3.0513682,-0.8116026
WT90_1_GGAGCAATCCGCACGA-1,10.79137,6.67745
WT90_1_ACGCACGGTGCCTGCA-1,9.102188,3.719687
WT90_1_GTCAAGTGTGTTCATG-1,2.4968572,0.5075517
WT90_1_CATCCCACACATATGC-1,6.0917645,3.253028
WT90_1_TTGGATGAGGAGAGGC-1,3.7673044,-2.0816681
WT90_1_CATCCACCAACGACTT-1,4.0606656,-0.96242464
WT90_1_GATGCTACATTCTCCG-1,7.3703923,2.891888
WT90_1_ACGTAACCACGACCTG-1,3.054796,-1.8320737
WT90_1_ATCGCCTGTCATTGCA-1,5.2620554,0.008158133
WT90_1_GGTGTCGCAACGTATC-1,4.0491824,2.0097697
WT90_1_TCCATGCCACCAGTTA-1,7.455949,1.7655895
WT90_1_TGGTAGTCACGGTAGA-1,4.6728115,-1.0513049
WT90_1_AATGGAAAGTCGCGAA-1,10.798773,6.0259466
WT90_1_CTACCCATCGATCCAA-1,2.0197518,1.0732605
WT90_1_TACCGAACATCGCTAA-1,6.9141045,0.13316502
WT90_1_TAAGCACCAAACAGGC-1,3.2680614,0.1647556
WT90_1_TCCGTGTGTCCTGTTC-1,1.9551258,1.4788673
WT90_1_GCCATGGTCATCGTAG-1,3.4712627,-2.4231384
WT90_1_ATGACCAGTCAAGGCA-1,2.7544246,1.5603129
WT90_1_TGCTCGTAGTGGACGT-1,2.161496,1.0857438
WT90_1_AATCGACTCTACGCGG-1,2.8433573,3.008218
WT90_1_TGAGGAGTCTCTCCGA-1,1.7135541,3.1046598
WT90_1_TGATCAGCATACTGAC-1,2.9485707,-0.9444519
WT90_1_TCGCTCATCCAGTGTA-1,3.2188072,-1.1994275
WT90_1_TCGTCCATCCAAACCA-1,5.7419996,-1.3769513
WT90_1_TTCCGGTTCCTACGAA-1,9.751002,6.0838647
WT90_1_AGACACTTCCCTCTCC-1,10.556348,6.8123164
WT90_1_ACTATTCGTATACAGA-1,4.6527357,3.9855158
WT90_1_GGTGTCGTCTATCGCC-1,4.4830503,0.8208093
WT90_1_AAATGGACAATACCTG-1,9.824451,3.9291625
WT90_1_CTACCTGAGGAGAATG-1,2.7151353,-0.056213494
WT90_1_TGAGACTAGTGCTAGG-1,3.5131795,1.8511819
WT90_1_AATAGAGAGGTCGAGT-1,3.1641066,-0.8718873
WT90_1_GGGCTACTCGGACTTA-1,3.6924474,-0.56447786
WT90_1_CGGGACTTCAACTGGT-1,3.2245727,-2.699227
WT90_1_GGGAGTAAGCATCGAG-1,3.9748652,4.881704
WT90_1_GGTCACGGTGTTCAGT-1,2.6112874,3.9826322
WT90_1_ACTATGGGTCGTGTTA-1,3.2505271,0.008944951
WT90_1_GCCCAGAGTTGACTAC-1,3.963141,2.219273
WT90_1_GACTGATCACAATTCG-1,2.3290775,1.2041857
WT90_1_TGTCCACCATTCTGTT-1,3.7593172,-0.5489453
WT90_1_TTGTTCACATTCTCTA-1,2.4184802,2.857821
WT90_1_GCTTCACTCCATGATG-1,1.1432623,0.09470162
WT90_1_GAATAGAAGATTACCC-1,2.4845202,-0.847112
WT90_1_CCTATCGCACCTTCGT-1,2.742693,-1.123322
WT90_1_TGGAGGAGTATTCCTT-1,11.107974,6.4249516
WT90_1_AGCGCTGCACGCGCAT-1,3.5802236,1.9429984
WT90_1_TTGTTTGGTGAAGCTG-1,4.837549,1.2353916
WT90_1_GCACTAATCGGAATGG-1,5.1842804,0.24800646
WT90_1_GATTGGTAGAATCTAG-1,1.3499416,3.3899317
WT90_1_GAGTTACAGGTAGCCA-1,4.498404,0.33651164
WT90_1_TATCCTACATCTGGGC-1,5.8031693,2.3113968
WT90_1_TTGAACGTCAAGCCCG-1,2.2474194,1.1672527
WT90_1_GGCTTGGGTAACGTTC-1,2.475491,0.27001682
WT90_1_CAGCAGCGTTAGCGGA-1,3.8235054,0.5256272
WT90_1_CTCAGGGGTGTCGCTG-1,5.1941547,0.022850597
WT90_1_AACACACGTAACCAGG-1,2.306084,-1.3187782
WT90_1_GTAGAAATCAACCCGG-1,4.3484817,0.5396427
WT90_1_AACAGGGAGATGCGAC-1,7.638013,4.4119854
WT90_1_TCCCACAAGCGACTGA-1,3.6565745,-0.060237397
WT90_1_AAGGAATAGGTCTACT-1,7.896025,4.3104124
WT90_1_AGAAGCGCATTACGGT-1,3.3304656,-0.40294752
WT90_1_TGGGAAGGTCGACGCT-1,9.516327,1.3899426
WT90_1_GTCATCCGTAAGCTCT-1,3.5957322,-1.1473259
WT90_1_CACCGTTAGTCTCCTC-1,11.1359215,6.639039
WT90_1_GAGCCTGGTGGTCTTA-1,2.3635328,2.005144
WT90_1_AAAGTCCTCGTGCAGC-1,4.211226,2.1059475
WT90_1_AAGATAGCATACGCAT-1,5.252977,-1.5460538
WT90_1_CATACAGTCCCGAGAC-1,3.253178,-1.8873434
WT90_1_AACCAACGTCCTGTTC-1,3.054587,4.3664765
WT90_1_ACGTCCTCAGCTGTTA-1,3.964945,-2.878164
WT90_1_CAAGCTACACCAAATC-1,2.5641432,0.6598472
WT90_1_CACGAATCAATTCTTC-1,0.85831314,3.1460435
WT90_1_CGCATGGCATCGAACT-1,2.5350685,1.0440192
WT90_1_AGTACTGAGCACTCCG-1,3.5851648,-0.8183425
WT90_1_CATCCGTCACTATCGA-1,2.301756,0.80193186
WT90_1_AACCAACCAAACTCGT-1,4.0394096,-1.4518287
WT90_1_TTGCGTCTCCAAGAGG-1,1.4109966,0.8086631
WT90_1_GCTTTCGCAAGCTACT-1,4.5605125,4.745541
WT90_1_TCCCAGTGTCTTCTAT-1,9.322304,3.3016586
WT90_1_CACGAATGTCGGTGAA-1,2.1208048,0.6009054
WT90_1_TACGGTATCCGTCCTA-1,3.7923057,2.5827558
WT90_1_CACTGTCTCACGTCCT-1,9.853163,3.0842717
WT90_1_ACTATTCTCCTCAGAA-1,4.1125913,-2.9994133
WT90_1_TCAATTCAGCTCTATG-1,9.286073,1.3837417
WT90_1_CGTCAAAGTTGCTTGA-1,2.508359,-0.47476918
WT90_1_AGCTCAATCGCCGTGA-1,3.7782109,1.5102695
WT90_1_ACGGTTAGTCATCCCT-1,9.163658,4.650237
WT90_1_ACTATTCCATAACCCA-1,4.287981,3.4022331
WT90_1_GAGTTTGCAATCCTAG-1,3.8731787,1.0327615
WT90_1_CAGCAGCGTGAAGCTG-1,4.7371063,0.049445745
WT90_1_ACTATCTAGGATAATC-1,5.4163256,2.593875
WT90_1_AACTTCTCAGATCCAT-1,6.8138776,3.3800318
WT90_1_TCCGAAAGTGGAACAC-1,10.607236,6.821229
WT90_1_TGGCGTGGTCGCAACC-1,2.5991557,-2.418925
WT90_1_TATTGCTTCGCCAGTG-1,8.46773,3.335057
WT90_1_TTGGGTATCCTTACCG-1,3.613872,0.21698453
WT90_1_CAACCAATCTCTGAGA-1,4.3759203,-1.7325145
WT90_1_CTCCAACTCTGTCGCT-1,1.1921552,0.9788214
WT90_1_TGACAGTCAAGCGGAT-1,9.286496,4.339062
WT90_1_TCAGGGCCAGTAGTGG-1,2.9197178,-1.0513262
WT90_1_GAATAGACACTTGTGA-1,9.738246,5.586018
WT90_1_ACGTAACTCGGCACTG-1,4.3449297,-1.6640242
WT90_1_TCCTAATGTCACAGTT-1,5.6310525,1.2143654
WT90_1_CGTCAAAAGTATGACA-1,2.6343641,3.3210778
WT90_1_TTAGGGTCACGAGGAT-1,1.870647,-1.771718
WT90_1_TGATGCAGTTCTAACG-1,10.385978,5.8260937
WT90_1_AGCCAGCAGAAGCGAA-1,4.1244597,-0.1193984
WT90_1_TACGTCCAGGATGCGT-1,4.9926524,-1.4936558
WT90_1_CCTCACAGTCACAATC-1,4.6018677,-0.45830986
WT90_1_CGAGAAGCATCGAACT-1,3.877155,-2.5082123
WT90_1_ATGTCCCTCTCATAGG-1,2.331414,1.1026322
WT90_1_TTTGGTTAGGTTCATC-1,1.671143,0.19052029
WT90_1_TCGGATACAACGTTAC-1,4.5640225,4.986397
WT90_1_ACCACAATCCCTCGAT-1,4.2703347,2.5659516
WT90_1_ATACCGATCTACCACC-1,3.2604022,1.6141331
WT90_1_GCAGCTGCAAGATGGC-1,9.909674,3.5611012
WT90_1_TGAATGCTCATGCGGC-1,3.3691504,0.47302842
WT90_1_TCAGGTACACTCCGGA-1,2.8994603,-1.0360029
WT90_1_TTGGGATTCGGAGTGA-1,2.0491192,1.5145581
WT90_1_GTTCTATCAGGAGACT-1,5.3850455,3.495956
WT90_1_CAACAACGTGGCAACA-1,5.204648,-0.85829157
WT90_1_CGTCCATAGATACTGA-1,4.694739,-0.075145006
WT90_1_GCTTGGGGTGCGCTCA-1,3.3207026,-0.29222915
WT90_1_TCCGGGACACAGAGCA-1,5.340224,1.0303077
WT90_1_CTTTCGGTCCCAGGCA-1,5.5830584,-1.2246948
WT90_1_GTTTACTAGAATCCCT-1,4.3401966,5.090987
WT90_1_GAAACCTCAGAACATA-1,4.4144926,0.08760184
WT90_1_TAGGTTGGTTTAGTCG-1,4.763108,-1.1297253
WT90_1_GAGTCATAGCGCCGTT-1,1.9576705,4.228735
WT90_1_GGAATGGTCTACCAGA-1,4.854915,0.799228
WT90_1_CTTACCGTCTCGTGAA-1,9.967948,4.3956895
WT90_1_AAGTGAATCGAAGAAT-1,2.4591916,1.4989758
WT90_1_TATTGGGCAATAGTGA-1,2.8403418,1.4945261
WT90_1_CTGTCGTTCGATCCAA-1,5.29589,0.12158974
WT90_1_GGAGATGAGATACTGA-1,3.9064138,-0.6109904
WT90_1_AATCACGGTAGACGGT-1,2.6356955,0.3889765
WT90_1_TATACCTGTAACGCGA-1,5.333492,5.507707
WT90_1_AATGGCTGTGATATAG-1,3.350925,2.587272
WT90_1_CAAGACTGTATGCGTT-1,5.810427,3.545375
WT90_1_GATGTTGCACGAGGAT-1,4.749318,0.35279235
WT90_1_TTTCATGAGACCTGGA-1,6.655245,2.980678
WT90_1_ACAGAAAAGCCAACCC-1,2.3682425,1.5658233
WT90_1_GTTGCGGTCGGAGTGA-1,2.214652,-1.3194313
WT90_1_ATCGATGCAAGAGTGC-1,7.428949,2.9132025
WT90_1_CTAACTTAGGCTCTAT-1,3.4549942,-1.9745747
WT90_1_GATCCCTGTCAAATCC-1,5.4041157,1.1061689
WT90_1_ATGCGATAGCTGCCTG-1,10.093655,3.615851
WT90_1_AAGGAATTCCATCTCG-1,2.2733743,0.24876209
WT90_1_AGATGAAGTCTCTCTG-1,4.975141,2.4339206
WT90_1_GGTAACTGTAACATCC-1,1.9411566,-1.8448392
WT90_1_CTCATTACAAGGTTGG-1,10.928147,5.905845
WT90_1_ACCTGAAAGCATTGAA-1,5.31672,1.0368502
WT90_1_CCGCAAGAGATACGAT-1,3.45858,-0.7612539
WT90_1_TCATACTTCGGTGCAC-1,3.2610345,0.20080389
WT90_1_GCGGAAACAGGTTACT-1,0.68838876,1.016032
WT90_1_GGGACTCAGACTCCGC-1,2.2359264,-0.37866384
WT90_1_CAACAGTAGTTGCTCA-1,3.9788017,1.0584812
WT90_1_CCGGTGAAGGCTCTCG-1,2.4358125,0.79523134
WT90_1_TCATTTGGTATGCTTG-1,4.8677673,-0.5028547
WT90_1_GGCGTCAGTGATCGTT-1,8.966367,2.2273493
WT90_1_ACATTTCAGGGCAAGG-1,7.798196,3.1456225
WT90_1_CCCTGATTCGTCGCTT-1,3.6560242,-0.37605694
WT90_1_GGCACGTGTGGTCTTA-1,3.7685971,-1.831768
WT90_1_ATTCACTCAAATGGAT-1,2.786891,1.4217126
WT90_1_CTAGGTACAGACGCTC-1,3.1810884,-2.2406673
WT90_1_GGAGATGCACAGAAGC-1,3.2574708,-3.0334733
WT90_1_AATCGTGAGCCGAATG-1,2.3495,0.9853298
WT90_1_GCCAGGTGTATTGCCA-1,3.1641095,0.024271091
WT90_1_AGACCCGCACGATAGG-1,3.780595,-0.768548
WT90_1_TGGAGGAAGGTTTACC-1,10.66603,6.4323125
WT90_1_CTCGAGGAGCTTTCCC-1,7.973401,2.5533981
WT90_1_GATTGGTTCCAAACCA-1,4.7297096,2.806406
WT90_1_GAATCGTGTGGACCAA-1,9.274915,1.4881325
WT90_1_CATCCCATCCGACGGT-1,1.7238129,-0.78605586
WT90_1_GCAACATTCGGCAGTC-1,2.62432,-2.1610246
WT90_1_TTATTGCGTGAGATTA-1,2.32801,3.081379
WT90_1_TCAAGACAGCTCGTGC-1,5.6729336,-1.2989483
WT90_1_AAACGAAGTCGGCCTA-1,0.50268686,0.8921978
WT90_1_TCATTGTCACTCCTGT-1,2.5482066,-0.457209
WT90_1_AATCGACCATGATCTG-1,4.6201935,4.648219
WT90_1_CTGCAGGTCCATCACC-1,4.8718896,-0.9136485
WT90_1_GAGACTTTCACTTGTT-1,5.0304546,0.52288187
WT90_1_TAGCACATCCAATCTT-1,5.2244487,-0.51821566
WT90_1_AGTCTCCAGGCTCAAG-1,3.2250836,2.3008924
WT90_1_CGCGTGAGTCCTGTTC-1,1.5108019,1.7880188
WT90_1_ACGGTCGTCACTGTCC-1,4.19428,3.3945186
WT90_1_GAGTCTACAGCGGTTC-1,2.912206,-1.5043019
WT90_1_ACGCACGCAATGGCCC-1,1.7642196,-0.41390717
WT90_1_GGGTTTAAGGTTAGTA-1,2.5060458,1.4170017
WT90_1_GTGACGCCAGGCGTTC-1,3.6759682,-0.5189155
WT90_1_CGTAATGCAGAGGAAA-1,4.499872,-0.025905289
WT90_1_CGATGCGAGAGAGTGA-1,4.351093,0.52595514
WT90_1_TTCATTGAGAGGTCGT-1,3.3394105,0.20390625
WT90_1_GAGTTGTGTCCCGGTA-1,4.921226,-0.12593946
WT90_1_AAGCCATTCCACTTTA-1,3.4549074,-2.250329
WT90_1_TTCTAACCACACGCCA-1,3.1344543,-1.160745
WT90_1_GATGCTAGTGGAACAC-1,3.645966,0.7899371
WT90_1_TTTACGTTCTGAATCG-1,4.4514074,1.9532411
WT90_1_TATCGCCAGCGGGTAT-1,9.699916,3.4012883
WT90_1_ATGAAAGTCCGTGGCA-1,3.360323,-1.1717993
WT90_1_TCGCTTGGTGTGGACA-1,1.7014887,-0.8213649
WT90_1_CCTCACATCACCTGGG-1,10.729823,5.847736
WT90_1_TGCTGAATCTGCCTGT-1,3.708317,-1.6399384
WT90_1_ATCGATGTCGTGGAAG-1,11.1555195,6.3821287
WT90_1_AGTGTTGAGCTCCACG-1,5.206341,1.7062554
WT90_1_AGTAGCTGTAGGTCAG-1,4.606218,2.1685245
WT90_1_GTGTCCTCAACGGCCT-1,4.7183976,5.1332927
WT90_1_GATTCTTGTGACTATC-1,4.085059,2.538883
WT90_1_TACATTCGTCCAGTTA-1,9.1887045,5.350436
WT90_1_ACTTCGCCAGGTGTTT-1,4.9718504,-1.9502457
WT90_1_GGGTCTGTCGACCATA-1,4.2595086,-2.8976321
WT90_1_TTGGGCGAGGAGTCTG-1,2.6448262,1.4673717
WT90_1_CTGGACGTCTGCTAGA-1,0.624225,0.029451722
WT90_1_AGGTGTTTCCGTACGG-1,3.830522,0.8172102
WT90_1_GATCAGTAGCATGCGA-1,4.0295115,1.3142536
WT90_1_AGGCCACGTCGAGCAA-1,4.6236057,6.032028
WT90_1_GATGGAGCATGGGATG-1,11.314409,6.270932
WT90_1_TCTTGCGGTGCAAGAC-1,9.281656,3.8683934
WT90_1_ATTACTCGTGGTTTAC-1,4.4277935,4.686462
WT90_1_TTCCAATGTATACCCA-1,5.5015225,1.7541184
WT90_1_TAATCTCGTAGTCGGA-1,3.0583994,0.61983955
WT90_1_CCGTGAGGTGTAGCAG-1,3.9024231,2.687139
WT90_1_AGTACCAGTTAAACAG-1,9.76549,4.752294
WT90_1_AGACTCACAGAAATTG-1,5.244571,0.9455043
WT90_1_ATACTTCGTTTGGAGG-1,1.600116,0.18444318
WT90_1_AGTCACAAGGCCATAG-1,4.6815476,-0.9089428
WT90_1_AGACCATCACTAACCA-1,2.0520701,-1.0564877
WT90_1_GGAATGGCACATCCCT-1,5.934744,1.0562133
WT90_1_ATGAAAGCATGTTTGG-1,8.873247,5.0047283
WT90_1_AGCGATTTCGTCTCAC-1,2.5088327,-1.0868503
WT90_1_TGTAACGCACTCCACT-1,8.560705,4.332287
WT90_1_TAGGTACAGCAATTCC-1,1.6346321,-0.7446323
WT90_1_ATCCCTGGTGGGCTTC-1,10.851168,6.201522
WT90_1_ACCCTTGCAGCAGTCC-1,2.4889874,0.44004592
WT90_1_AGGGTTTAGTAGATCA-1,4.1524434,-1.9539692
WT90_1_TGGGCTGGTGTTCCTC-1,2.2869031,0.75383323
WT90_1_GAACTGTCACTTGAGT-1,5.037453,3.2747777
WT90_1_CTTCTAACAATAGGAT-1,5.50972,2.8094687
WT90_1_TCGCTTGGTTCGGCGT-1,3.2765749,3.6977918
WT90_1_AGACTCAGTCATATGC-1,2.0068455,0.16648667
WT90_1_ATCATTCGTGGAACAC-1,4.550769,0.4877215
WT90_1_GGACGTCCATCTAACG-1,8.67088,4.2732105
WT90_1_GGCGTCACATGATCTG-1,10.791209,6.265334
WT90_1_GTCACTCAGCCAACCC-1,5.959957,3.1930676
WT90_1_GAGTGAGAGGACTGGT-1,4.1474123,2.674266
WT90_1_TGCTTCGCAAGTGACG-1,4.496413,1.4653584
WT90_1_CAACCTCGTTTGGAGG-1,8.794228,4.223139
WT90_1_TCCGAAATCATTATCC-1,2.9583955,0.0116971
WT90_1_ACTGTGAAGAGTATAC-1,3.2585678,1.6826602
WT90_1_GTCCACTGTCCTACGG-1,5.3659844,4.574019
WT90_1_GTTGCTCGTGCCTGAC-1,5.5010214,1.8955714
WT90_1_AGCGCTGCAATCGCCG-1,3.86006,0.14563572
WT90_1_TATGTTCGTACTCCCT-1,5.248643,-2.0349126
WT90_1_CTTAGGAAGAAGGATG-1,4.364486,0.22100691
WT90_1_ATTATCCAGGGAGGGT-1,3.5802324,-1.1669083
WT90_1_GTGATGTTCGGTGCAC-1,2.6707108,2.5501456
WT90_1_CAGGCCAAGCACTCAT-1,5.235712,2.9715352
WT90_1_TGTCAGACAAGTGTCT-1,5.165042,-0.11208021
WT90_1_TTTGGAGTCGCCAGTG-1,4.1449504,1.644036
WT90_1_TCACACCCAATAGGGC-1,4.336749,2.1807537
WT90_1_GGGCTACCACGGCACT-1,4.451054,-1.1996543
WT90_1_GGGAAGTTCCACCTGT-1,9.862615,6.3967013
WT90_1_ATCGCCTTCATGCCGG-1,5.6586804,5.5906706
WT90_1_GCACGGTCAAGACCTT-1,3.3835793,3.5479302
WT90_1_AGCTACAAGGTAGACC-1,5.1074004,3.2694697
WT90_1_CCACAAAGTGACACGA-1,5.214018,1.4273103
WT90_1_GATCATGTCTACCTTA-1,5.261444,6.7297935
WT90_1_TTCCAATGTTAATCGC-1,9.949437,4.758592
WT90_1_CGAGGAATCATGCCAA-1,2.2426634,-0.062593356
WT90_1_CCTAACCAGCTGGAGT-1,5.7125287,-1.3025236
WT90_1_TGGGAAGGTGTGCCTG-1,4.2440586,4.565202
WT90_1_CCCTTAGTCGACACCG-1,9.478425,3.698231
WT90_1_ACGGGTCTCCACGAAT-1,5.06493,-0.77159315
WT90_1_CGCGTGATCCGTGTAA-1,7.286898,4.2393985
WT90_1_AAAGTGATCATAAGGA-1,6.042183,0.15302317
WT90_1_CGTTAGATCCTGTACC-1,4.38073,4.2337103
WT90_1_TCAGGGCTCCTTGACC-1,2.1573653,-0.11108417
WT90_1_CCATAAGCAGAGACTG-1,5.212013,-0.13234155
WT90_1_TGGGAGAGTTCTCCAC-1,2.347891,0.076922804
WT90_1_GTGATGTGTAGCGCTC-1,9.542234,4.6410728
WT90_1_GGTCTGGAGTATTCCG-1,3.5606117,3.3856926
WT90_1_CTGAGGCCAAGTCATC-1,6.3037853,1.2105097
WT90_1_CTCCTCCGTTGGTGTT-1,4.97581,1.7262985
WT90_1_TTTCATGAGCATGTTC-1,5.8827376,0.60057294
WT90_1_TACCTGCGTTCGGTAT-1,5.8800874,3.40923
WT90_1_CCTTCAGCACAAGTTC-1,2.9693508,-0.2338016
WT90_1_CATTGTTTCTGAATGC-1,5.408284,2.160836
WT90_1_GATCATGAGGCGCTCT-1,5.1035914,0.07467483
WT90_1_GTTGTAGTCCCAAGCG-1,3.0166972,1.1161445
WT90_1_CTACAGATCTTGCAGA-1,5.8332105,2.597062
WT90_1_CCATAAGAGGGTTAAT-1,4.4428377,2.2655413
WT90_1_TGGCGTGCAAGGGTCA-1,3.4110744,-1.6841942
WT90_1_TCCATCGTCAAAGAAC-1,6.240191,3.0216024
WT90_1_GGAATGGAGGGAGGAC-1,11.385994,6.220136
WT90_1_CATCCACAGTCGCTAT-1,5.819112,1.6511368
WT90_1_AAGAACAAGCTGTTCA-1,4.7983217,4.7467737
WT90_1_TACCGGGGTCACTACA-1,2.8638403,4.18649
WT90_1_CTGCGAGTCACTGATG-1,2.2683825,4.631807
WT90_1_GGGACCTTCCACAGCG-1,2.1530547,0.8929362
WT90_1_CAGCAGCCAGGTGTTT-1,4.6543097,5.544818
WT90_1_TACAACGAGCGTATGG-1,4.741417,1.2510109
WT90_1_AACACACTCCCGAACG-1,5.8896375,0.2550212
WT90_1_AGTCAACCAAGAAACT-1,5.1363764,0.8426016
WT90_1_GCGTGCACATGGAAGC-1,3.9352543,4.1608434
WT90_1_GACCCAGGTAGTCACT-1,7.9458876,3.404337
WT90_1_GGTCACGTCCCTTCCC-1,6.222477,1.7737712
WT90_1_GCCGATGAGCCAAGTG-1,3.4556916,4.73356
WT90_1_TCCTCGAGTCAGACGA-1,5.8128595,0.19679908
WT90_1_CCATAAGTCAGACCGC-1,5.121452,-1.0610012
WT90_1_GGTTGTATCGACTCCT-1,3.5566294,0.20428614
WT90_1_GTGTGGCTCAAAGGTA-1,4.3938947,0.933525
WT90_1_TTAGGGTAGTTTGGCT-1,7.0143027,3.4956484
WT90_1_CCGATGGCAAGTCATC-1,4.3296967,1.3143729
WT90_1_TATTCCAGTCCCTAAA-1,4.2356267,-0.8238276
WT90_1_TCTATACGTCGATTAC-1,3.048731,0.15201187
WT90_1_ATCTCTACACCTCTGT-1,5.996016,6.568386
WT90_1_ATCGTAGTCGTTAGAC-1,3.6119566,1.7770814
WT90_1_AGTGACTTCGATACTG-1,5.982385,-0.07036772
WT90_1_ACGTTCCCACCTTCCA-1,4.14632,-2.1354403
WT90_1_CATCCCAAGTGAGGCT-1,5.303254,5.510839
WT90_1_CAGTGCGGTTGACTGT-1,4.628258,-0.38670275
WT90_1_CTATCTAAGCCTCAAT-1,4.9021196,-0.44769892
WT90_1_GTGAGTTCATAGTCAC-1,4.296241,-1.0177618
WT90_1_AGCCACGTCAACACCA-1,1.667196,0.50799185
WT90_1_CTCTGGTCAAGGTACG-1,5.258088,1.3058288
WT90_1_TCCGATCTCTGCGTCT-1,5.371479,5.906939
WT90_1_CTGTCGTTCCTTGACC-1,5.4990234,1.799603
WT90_1_TTTACTGGTCTACGAT-1,6.7752914,3.4226646
WT90_1_CACGAATTCTCTAGGA-1,4.0579095,0.9549101
WT90_1_GTTTGGAAGATGATTG-1,3.3684697,-1.3139069
WT90_1_TATGTTCCAACGACAG-1,5.3277774,1.1694098
WT90_1_GTTTGGAGTAGGAGTC-1,5.096125,0.054980766
WT90_1_TGCGGCAAGCGATGGT-1,0.78225887,2.0381963
WT90_1_GAGTTACTCGTTCATT-1,2.9048994,-1.7332834
WT90_1_CTACCCAGTTGCGGCT-1,6.1273274,-0.21496494
WT90_1_CTGTAGATCTATTCGT-1,2.9189491,0.0625052
WT90_1_GGCAGTCTCATCGCAA-1,1.2294341,1.8592324
WT90_1_TACAACGAGAATTGCA-1,5.261971,5.4429193
WT90_1_AAGCGTTGTGACACGA-1,3.8326795,0.62527126
WT90_1_CAATTTCGTCATGACT-1,3.3310442,-0.03931461
WT90_1_ACACAGTAGGAGACCT-1,5.036536,-1.7778021
WT90_1_TTCCAATTCTTACGTT-1,4.290433,5.4332395
WT90_1_AGCATCATCCCATACC-1,6.2244606,2.8866096
WT90_1_GGTGGCTAGTGGGAAA-1,2.5915961,-1.0135167
WT90_1_GAAGGACTCAAGAGTA-1,10.017738,5.8938665
WT90_1_AGATGCTGTGATATAG-1,4.398282,-1.9516517
WT90_1_TCGTAGACACATGAAA-1,7.058677,2.72176
WT90_1_CAGGTATGTATCGTAC-1,2.655155,-0.37640488
WT90_1_CCACACTCACCTCTGT-1,4.813514,4.230783
WT90_1_TCGCTCAGTTGGGAAC-1,1.1947123,1.1929368
WT90_1_TCATCATTCGGTCTGG-1,6.7368636,2.7566214
WT90_1_TGGAGAGCAACGTAAA-1,3.6789713,2.1367254
WT90_1_GTGTGATTCCTTCTTC-1,4.0174594,3.8938797
WT90_1_CCTCACACAAGCCTGC-1,5.206257,3.187924
WT90_1_ATGCATGGTACGTTCA-1,5.8113637,-0.7780929
WT90_1_AGGAGGTTCACATACG-1,5.9961405,2.146162
WT90_1_CGGGTCAAGTAGAGTT-1,6.355923,2.870319
WT90_1_TAGACTGGTTGTAAAG-1,4.5964937,-1.5831361
WT90_1_CGGGTGTCAGCGTACC-1,3.7756665,1.0592278
WT90_1_CCTCACATCGGAGCAA-1,3.579735,-1.3303822
WT90_1_TCTAACTAGGTGAGAA-1,1.6092956,1.4556097
WT90_1_TAGAGTCGTCATTCCC-1,4.8374896,0.124803014
WT90_1_GTTGTGACATTCTGTT-1,1.0194261,0.10545277
WT90_1_GAGTGTTCAATCGAAA-1,9.553742,2.750167
WT90_1_GGTAATCAGAGTTGCG-1,2.3585494,0.6474781
WT90_1_CCACCATTCGGTTAGT-1,5.3477187,2.2334063
WT90_1_TTGTGGACAGGGACTA-1,2.638616,-2.2084231
WT90_1_TTCGCTGTCGGTCAGC-1,2.8131278,-0.8266884
WT90_1_GTGGCGTGTACGGTTT-1,3.1538754,-2.4513447
WT90_1_CGAGGAATCTTCTAAC-1,4.505449,0.39651036
WT90_1_TTCCGTGAGACTTGTC-1,2.8624172,3.6230307
WT90_1_TTTCGATGTCGGAACA-1,5.556398,0.13415594
WT90_1_CTCAACCTCTTTGGAG-1,5.8956246,-0.54602295
WT90_1_GCCGTGATCACCATAG-1,5.3397336,5.6383758
WT90_1_ACGATCAGTGTCTAAC-1,9.624555,3.6910026
WT90_1_TTTGGAGGTCCAGCAC-1,4.517872,-0.7909771
WT90_1_TTGCGTCCAAGCGCTC-1,4.6176057,-2.4455793
WT90_1_ACACTGAAGGGCTAAC-1,4.2694845,1.7541935
WT90_1_ACTTAGGTCCTGTAGA-1,4.3788176,0.74736655
WT90_1_CGTAGTACAGACAATA-1,9.099243,3.6315603
WT90_1_TCTACATTCTGGTGCG-1,2.6510081,1.1723224
WT90_1_CTGCATCCACCCTGAG-1,5.1663165,0.42208922
WT90_1_GTAGAAAAGCCTATTG-1,8.642757,2.294689
WT90_1_TGAACGTCAGGTCCCA-1,4.7755876,2.849334
WT90_1_AAACGCTCATCGCTCT-1,8.944504,3.7459545
WT90_1_GGCTTGGGTGTCATCA-1,3.1016824,-0.030128945
WT90_1_CCTTCAGTCTCGAGTA-1,4.5125885,4.6518784
WT90_1_CAACAACAGGGCAGGA-1,6.109896,0.6161832
WT90_1_CGTCCATCAATCTGCA-1,7.8851213,3.2756367
WT90_1_GCAGCCATCTCCGAGG-1,5.259554,1.0478365
WT90_1_CTCAGGGTCGTTCTGC-1,8.654052,2.5588915
WT90_1_ACCATTTTCACGTCCT-1,2.6395342,2.532511
WT90_1_AAAGGTATCGTTGTTT-1,7.1824584,2.9387827
WT90_1_ATATCCTAGACTTCGT-1,3.3673406,-0.9124846
WT90_1_TCAAGTGAGACGGAAA-1,6.9508514,2.8323045
WT90_1_TACCCACTCGCAATGT-1,4.37294,6.4538417
WT90_1_CTACATTAGTTGGACG-1,4.649857,2.288842
WT90_1_ACGCACGTCGGTCATA-1,4.540073,-0.5553761
WT90_1_TTAATCCAGATGACCG-1,5.866986,5.906121
WT90_1_CCTCAGTCAAAGTATG-1,4.581801,0.3708474
WT90_1_GTTCCGTAGGTACAGC-1,8.136503,3.1552775
WT90_1_TCGTGGGTCATGCCAA-1,7.8970814,6.520621
WT90_1_TGTACAGGTGCTAGCC-1,3.651543,6.2497735
WT90_1_ATTCACTTCAGCGCGT-1,5.2826653,3.2403333
WT90_1_GTCTTTATCGATTGGT-1,2.7720428,-0.22584921
WT90_1_CTGCGAGTCCTCGCAT-1,3.7876565,-2.7148936
WT90_1_TGTTCTACATGCACTA-1,3.9625146,-1.9204189
WT90_1_GGAGAACTCTGAACGT-1,2.5446525,-0.5175127
WT90_1_TCTTAGTCAGTGTGGA-1,4.1712255,0.6752412
WT90_1_TGAGGGATCCTACCAC-1,6.1825323,-0.44233382
WT90_1_CCACCATTCTCGGCTT-1,2.7511034,2.503296
WT90_1_GGTTAACTCCACGTAA-1,5.5140843,2.0613878
WT90_1_CGCATAAAGATGCGAC-1,2.338534,4.8520246
WT90_1_TTCTTCCGTTCCGCAG-1,9.23023,1.2793083
WT90_1_ATGGAGGCATTGACTG-1,6.2646136,2.807299
WT90_1_ATAGGCTGTCATTCCC-1,7.1245866,3.2209108
WT90_1_TTGGATGAGGGTGAGG-1,10.370392,4.364809
WT90_1_ACGGTCGCACTGAGTT-1,5.9691696,2.472236
WT90_1_TCGTGGGGTCATAGTC-1,2.695978,3.131193
WT90_1_TGTGGCGTCCAAAGGG-1,5.8204565,3.1051056
WT90_1_GTGTCCTAGGTATTGA-1,4.1053395,-1.4766091
WT90_1_GCAACCGCATGCCGAC-1,4.4734235,0.32644606
WT90_1_GTCGTAACATCCTATT-1,9.118126,3.4579034
WT90_1_CACAGGCTCACGACTA-1,2.4080436,-1.2439549
WT90_1_CCGGTGAAGTATGATG-1,4.163439,0.18519828
WT90_1_AGTAGTCCAAGTATCC-1,6.720825,6.9125676
WT90_1_CGTAGTAGTGATGGCA-1,0.47968104,-0.5374009
WT90_1_GCTTTCGTCCCGTTGT-1,4.0746403,0.8641042
WT90_1_GCTCAAACAGATCCAT-1,4.2909007,5.42598
WT90_1_TTGCGTCCACCAGCCA-1,1.7707877,1.1074961
WT90_1_CCGGTGAAGGACTTCT-1,3.0202446,-0.3040858
WT90_1_ACGTCCTTCGTGGCGT-1,4.786104,-0.44853124
WT90_1_TGCGATATCATTGTGG-1,8.216228,2.184429
WT90_1_CGCATGGAGGTATAGT-1,4.9885483,3.8564563
WT90_1_TTTCCTCTCTGTCGTC-1,5.2141085,-1.206747
WT90_1_ACTGCAATCGGCTGAC-1,4.9289713,-0.53884196
WT90_1_CAACGATGTAGTGCGA-1,4.405467,3.3518841
WT90_1_TGGTGATGTACAAAGT-1,4.5743637,2.9511168
WT90_1_CCTAAGATCTCTCCGA-1,1.8647717,1.2407334
WT90_1_GCCGTGACATTAAAGG-1,3.2627861,-0.2614094
WT90_1_GTGGAAGGTCGTAATC-1,5.6378193,-1.2898057
WT90_1_CAAGCTACAACGGGTA-1,6.24394,1.8382117
WT90_1_CGTTCTGGTCCACGCA-1,4.5682483,-0.8757874
WT90_1_CGCATGGTCCTTCTTC-1,6.1458135,4.1330023
WT90_1_AGAAGCGTCGGTAACT-1,2.9120815,0.9702683
WT90_1_TCATCCGAGCGTCAAG-1,2.8310463,-0.3560735
WT90_1_TGGAGGACATTGTCGA-1,2.8436823,4.3609157
WT90_1_GTTGTCCGTCACTCAA-1,5.3554955,-0.11203203
WT90_1_ACAGAAAAGTCGCCCA-1,5.4541006,2.0029333
WT90_1_TCCCAGTAGGGTCAAC-1,8.437274,5.744501
WT90_1_AAACGCTTCCGCAACG-1,4.767267,0.97529846
WT90_1_ATACCTTTCAAATGCC-1,4.744976,-1.0911865
WT90_1_GCCGTGACAACGCCCA-1,4.3812065,4.270391
WT90_1_AAGTCGTCATGCGTGC-1,3.989783,1.8566593
WT90_1_TGCACGGAGGCTTAGG-1,4.143999,-0.19908264
WT90_1_CCCGGAATCATCACAG-1,3.076774,-0.21736021
WT90_1_TCTTCCTCATCCGTTC-1,4.321495,2.1930134
WT90_1_CAGTGCGTCCTCTGCA-1,7.310422,3.0953717
WT90_1_ATCCTATCACCAGTAT-1,1.3251109,1.9052024
WT90_1_GGGTGTCGTGACAGCA-1,8.746582,2.7428465
WT90_1_AGTTAGCGTGGGATTG-1,4.5364757,-0.446061
WT90_1_GGGATGAGTGATAGTA-1,2.4524293,0.3057349
WT90_1_ACATGCATCAACTCTT-1,5.7250175,0.17831136
WT90_2_GTTCGCTAGATGACAT-1,1.1566263,0.7230841
WT90_2_CTGCCATCATCCGGTG-1,5.755238,6.965836
WT90_2_GCGGAAACAGCTCGGT-1,8.931925,6.3707466
WT90_2_GTCCACTTCGCTAAAC-1,3.4698868,4.4045806
WT90_2_TGCTTGCAGTACGTCT-1,9.758549,4.6941905
WT90_2_ACATCCCGTTTCCATT-1,2.944394,-1.2583784
WT90_2_ATTCCATCAGCCGGTT-1,7.006166,6.494574
WT90_2_TTCTTCCCACTGCACG-1,5.674577,1.6867734
WT90_2_CCTCAACGTTCATCGA-1,3.2266672,-0.008438324
WT90_2_TTACAGGTCGGAGCAA-1,2.2934973,1.5940118
WT90_2_GACCCTTTCACCGGGT-1,3.5352128,-0.47448796
WT90_2_TCACAAGGTATCCTCC-1,1.6316075,1.5635995
WT90_2_ACACTGAGTCGGTGAA-1,3.2879364,1.370811
WT90_2_CATTCCGTCCCTAGGG-1,4.023212,1.1254413
WT90_2_ATACCGAGTTATTCCT-1,2.646252,4.3670855
WT90_2_ATATCCTAGTTAACAG-1,3.7618518,-1.1532353
WT90_2_TTGATGGGTAGAGACC-1,4.892133,-1.0692776
WT90_2_TTCTTCCAGCCTCTGG-1,2.116466,1.024178
WT90_2_TACGCTCCACTGTCCT-1,5.5508676,3.0025609
WT90_2_TACCTCGAGACGTCGA-1,3.395025,1.6161062
WT90_2_CTAGACAGTCAGGTAG-1,3.9041746,2.3789334
WT90_2_AGGTCTATCAGACATC-1,2.454179,1.1798806
WT90_2_AAGCCATGTCACCGCA-1,8.478241,4.70697
WT90_2_TCCTCGATCCCATACC-1,10.056589,4.7767067
WT90_2_ATCCTATTCGCACGGT-1,2.7394342,2.2343261
WT90_2_TGTTACTAGGATGGCT-1,4.79881,2.1827104
WT90_2_CTCCACATCATAGCAC-1,1.9237382,5.3425064
WT90_2_CACTAAGTCGATACTG-1,4.1509795,2.4223707
WT90_2_ACCAACATCGATCCAA-1,1.9127789,0.45803437
WT90_2_CTGAGCGGTACTGCCG-1,1.0559626,0.7091559
WT90_2_GAGTTTGGTGTTCGTA-1,1.5886238,0.8775608
WT90_2_TATCAGGCATGGGCAA-1,2.0084972,1.3050576
WT90_2_ATGCATGGTCCTTGTC-1,1.4361769,1.4184914
WT90_2_ACCACAACACCGGTCA-1,3.2713127,-1.2575327
WT90_2_CCTAAGATCTCTTCAA-1,4.5524883,0.69230366
WT90_2_TGCGGCAGTACAGTAA-1,2.5184228,-0.43362394
WT90_2_GTGCACGTCGCCACTT-1,9.594312,3.186025
WT90_2_CGCCATTTCGCATTAG-1,1.1517206,1.6960732
WT90_2_ATTCACTAGATGCTGG-1,5.586046,0.83583
WT90_2_GTACAGTAGACGACTG-1,1.2743276,0.37880886
WT90_2_AATGCCACAGGAACCA-1,10.715991,6.6278267
WT90_2_TCAAGACGTAAGTTAG-1,2.2508142,1.333089
WT90_2_AGCTTCCGTCTGATCA-1,4.054356,-2.3058286
WT90_2_AGCCAATAGTCACGAG-1,7.7980113,5.038532
WT90_2_TATTTCGAGGAGTATT-1,8.82083,1.3243454
WT90_2_TGTGATGAGCTTCTAG-1,9.886155,4.8339686
WT90_2_ATCGATGAGGTTGGTG-1,10.92415,6.1085157
WT90_2_CCGGACACAGCTGAAG-1,1.3120192,1.5402019
WT90_2_AGGAATAAGCGAGTCA-1,3.3380334,3.6820786
WT90_2_TTGACCCTCACCGGGT-1,5.2680016,2.3492932
WT90_2_ATCGATGCATGGTACT-1,6.032484,3.9233694
WT90_2_TACTTCAAGACCATGG-1,3.114294,3.2250357
WT90_2_AAAGGGCCATCGTGCG-1,7.910832,6.2369266
WT90_2_GCATCTCGTACTGGGA-1,2.8153884,0.8705724
WT90_2_CAAAGAATCTAAGCGT-1,1.66953,-0.291674
WT90_2_TGCGATATCTCTGAGA-1,10.881433,6.3100667
WT90_2_AGAGCAGAGTTACGAA-1,3.603685,0.02538678
WT90_2_CAGCACGCATGCGTGC-1,0.46690312,2.543475
WT90_2_ACTTTGTAGCACTGGA-1,4.874324,-0.7517985
WT90_2_CTTGAGACATGGGCAA-1,4.72856,0.15801379
WT90_2_TCAGTCCGTTGAGGAC-1,9.17224,3.2700593
WT90_2_TTCCGGTTCGGTGCAC-1,3.7722614,-0.95854133
WT90_2_TGATGGTCAACAGATA-1,3.513617,0.6371018
WT90_2_GCAGCCAAGAATCTAG-1,2.7135987,-1.3014213
WT90_2_TCTAACTAGCCACTCG-1,2.4624388,-0.46817434
WT90_2_TGTAACGGTTCTCACC-1,3.821876,-0.5728923
WT90_2_GCCTGTTTCACCATGA-1,2.129723,-1.3396398
WT90_2_AGGGCTCTCCGACGGT-1,5.9741683,1.9789526
WT90_2_AGGGTGATCTCCTGAC-1,11.21296,6.408015
WT90_2_GAACGTTTCTTTGCTA-1,9.179617,3.2356918
WT90_2_TATCGCCTCCAAACCA-1,2.9621499,0.26018357
WT90_2_ATTGTTCCAAGCACCC-1,2.1934476,0.9829885
WT90_2_AAACGAAAGTTAACAG-1,4.0108767,-1.5761737
WT90_2_GGGACAAAGTATGATG-1,2.6754842,-1.8428798
WT90_2_AATGGCTAGAAGGTAG-1,3.6982112,2.358063
WT90_2_GGCTTTCAGCAACTCT-1,3.2594056,0.007934708
WT90_2_AGATGAATCTGGACCG-1,5.292584,4.0328016
WT90_2_TCCGATCTCGTCTAAG-1,1.9448255,2.0454752
WT90_2_AGTTAGCAGGCCGCTT-1,4.0551844,4.701545
WT90_2_TTTCAGTAGGTCTGGA-1,2.277486,0.29740322
WT90_2_CTCCTTTAGTAAGACT-1,2.6043396,-0.9066427
WT90_2_CCGGTAGCATATCGGT-1,2.6928165,-1.8859544
WT90_2_AATGGAAGTTACCCTC-1,8.15825,6.192317
WT90_2_ATTCACTCAGCGACCT-1,4.352203,1.9262152
WT90_2_CATTGAGCACATATCG-1,3.6989877,0.009457621
WT90_2_TACTGCCTCCCTCGTA-1,3.7397478,1.734684
WT90_2_TGGGCGTTCATTGCTT-1,1.1018574,1.3006047
WT90_2_CCAATTTCATGCCGGT-1,7.1056056,4.173703
WT90_2_ATGTCCCCAAGTGCTT-1,2.6857047,-0.19809753
WT90_2_ATTACTCTCGTGCGAC-1,2.874322,3.9106104
WT90_2_TGAATGCTCCCTTCCC-1,4.7431073,-1.8796861
WT90_2_TGCATCCTCTGTCCCA-1,9.25698,3.9806798
WT90_2_TAGACTGCACCCAAGC-1,3.5056095,-1.6602077
WT90_2_ACGGGTCCACAAGCAG-1,3.6865442,5.011466
WT90_2_CAACGGCCACGGTCTG-1,2.2983384,0.4238128
WT90_2_AGTCACACATAACTCG-1,4.5996428,4.219006
WT90_2_ATGGGTTCACCTGTCT-1,4.051694,4.9620233
WT90_2_CCACTTGCATAAGATG-1,4.602421,1.0002967
WT90_2_TGTAGACTCCCGAAAT-1,2.504404,2.2473516
WT90_2_CTTTCAAAGGAGTATT-1,6.273735,1.9906229
WT90_2_AGGACTTGTGACAACG-1,3.3463273,-0.4830195
WT90_2_CCACGAGAGGGCGAGA-1,2.9753559,-1.2206811
WT90_2_CTCATTAGTATTCCGA-1,1.8804626,0.76751006
WT90_2_TTGGGCGGTCCTCCTA-1,1.8419156,2.034494
WT90_2_GAAGCGAGTCTGCATA-1,3.7438493,-0.5455431
WT90_2_TACCGGGCAACTAGAA-1,3.114896,-0.59821075
WT90_2_GGTAATCAGCGACTGA-1,2.8158286,-2.1730678
WT90_2_GCCAGCAAGAAACTGT-1,1.1628163,0.5484728
WT90_2_TCATTTGTCCGAAGGA-1,2.2837708,-0.49538887
WT90_2_CACAACACAGCGGATA-1,3.6660888,2.784257
WT90_2_AAGAACACAGATCCTA-1,1.1466931,1.3726859
WT90_2_CGTCCATCAGAGTTGG-1,4.357102,1.4591118
WT90_2_AGAACAACAAGCCATT-1,2.5042832,1.0973078
WT90_2_TCCAGAACAGCACAAG-1,4.531747,2.67985
WT90_2_TGACTCCTCAACTGGT-1,3.6687505,-2.3184807
WT90_2_CTCCAACAGAGACAAG-1,6.2686324,2.2831266
WT90_2_CATACTTGTCTCGCGA-1,4.1972694,-0.55200845
WT90_2_ACGGTCGCACAATGAA-1,3.4612887,-1.169756
WT90_2_GAGTTTGTCCTCACTG-1,4.090188,0.20872267
WT90_2_TCTTGCGAGTCCCTAA-1,3.9846625,2.5566356
WT90_2_GCCAGTGAGAAGTCCG-1,4.374544,-1.7962103
WT90_2_GCAGCTGTCAAAGGAT-1,3.820468,-2.4846792
WT90_2_TTGCCTGAGTGTCATC-1,9.118136,3.6601
WT90_2_TTGGGTACAAACCGGA-1,1.7320352,-0.16650331
WT90_2_CCCTCAAGTCATCCGG-1,1.9805119,-1.0535585
WT90_2_GGAGGATGTATGCAAA-1,10.719707,6.3186336
WT90_2_CAACAGTCACGCGCAT-1,5.2269387,2.457259
WT90_2_AGGGTCCCACCCAAGC-1,3.919456,-0.95267636
WT90_2_CACTGAAAGTAAACTG-1,4.0920005,1.2418234
WT90_2_GATCAGTAGGCATGGT-1,2.245579,1.4603477
WT90_2_TGTTCATTCAGCTCTC-1,2.6461515,-1.4633819
WT90_2_CTTCTAACAACGCCCA-1,2.9071603,0.3556234
WT90_2_TAGTGCACAGATCATC-1,3.5613825,3.2219818
WT90_2_ACGTCCTTCACCACAA-1,6.3804693,3.269532
WT90_2_CTTGAGACATTGACAC-1,4.1238956,2.739776
WT90_2_GATGATCCATACGCAT-1,3.1001623,-2.7700052
WT90_2_AGAGAGCTCCGAAATC-1,3.500245,-2.4863255
WT90_2_AGGCCACCAGCTGGTC-1,3.3726215,1.7241449
WT90_2_CAGCCAGGTACAATAG-1,2.924483,2.1588528
WT90_2_TTCATGTTCCCGAACG-1,4.003067,-0.547104
WT90_2_AGACAGGCATCCCGTT-1,2.605221,0.1333066
WT90_2_AAAGGTAGTAAGCGGT-1,6.5006123,5.7666936
WT90_2_TGTCAGAAGTTGAAAC-1,6.014788,2.9501252
WT90_2_CCTAACCCAACCAACT-1,7.3730655,2.4199839
WT90_2_CCACAAAAGTGTAGAT-1,3.3123257,0.36857727
WT90_2_CCATCACTCCTCGATC-1,5.202933,2.7829523
WT90_2_TTGGGCGAGACAGCTG-1,5.7458177,7.302133
WT90_2_CGGGCATTCCCTTTGG-1,4.13536,0.46847874
WT90_2_GCCCAGACATGGTGGA-1,3.8648322,-0.36011046
WT90_2_CTCCTCCGTCCTGTTC-1,4.2947946,-2.7217412
WT90_2_TAACCAGGTGATCGTT-1,1.4349116,3.7142277
WT90_2_AACGAAAAGTTGTCGT-1,5.7504635,3.53222
WT90_2_AACGTCATCCCGATCT-1,3.696507,4.880097
WT90_2_CAACGGCCAGTAACGG-1,4.853143,1.5560678
WT90_2_GTGGGAATCCGGCTTT-1,6.0738626,3.2913704
WT90_2_GTTGTCCGTGCCGTAC-1,4.8447056,-0.2980729
WT90_2_TTCCAATCAGAATGTA-1,2.794274,3.8522446
WT90_2_TCACATTAGTTCGCAT-1,1.6907434,3.3093057
WT90_2_TATGTTCGTTCAAGTC-1,2.1837194,2.9115982
WT90_2_TGTTGAGAGATGGCGT-1,10.348364,3.5711231
WT90_2_CGGACACCAGGCTATT-1,4.673881,3.0352302
WT90_2_GACCAATAGATAACGT-1,4.057493,-0.49112365
WT90_2_CCACGAGAGAATGTTG-1,3.5877266,-0.46662655
WT90_2_CTTCCGACACCAATTG-1,4.1621866,-0.7295621
WT90_2_GCCATGGTCAAAGGAT-1,10.071902,3.7075555
WT90_2_CACGGGTCATCGCTGG-1,10.717046,5.564745
WT90_2_TCCCATGCATAACAGA-1,5.4784546,-2.0325933
WT90_2_TGCTCCAAGGTAGCAC-1,3.2666066,0.21695201
WT90_2_TTTCGATCAAGGATGC-1,5.498572,1.471584
WT90_2_ATGATCGAGTTGCTCA-1,3.7772808,1.9907907
WT90_2_TCATTACTCATTCTTG-1,2.596408,-0.6502283
WT90_2_GGTCACGCATGTGTCA-1,3.1903403,3.5470088
WT90_2_TTGGGATTCCACAGCG-1,4.5117965,-0.15221973
WT90_2_AGTAGCTTCAACTGGT-1,4.5492716,-2.018137
WT90_2_TACTGCCGTTAATCGC-1,7.7804875,2.9542627
WT90_2_AAAGGTAAGACCTCAT-1,3.88325,1.5060223
WT90_2_CCGTTCACACTGGACC-1,3.1252248,-1.779756
WT90_2_ATTGTTCGTTACCTGA-1,4.521559,4.3345985
WT90_2_GCCATTCTCGGCATCG-1,6.019544,4.0312023
WT90_2_CTACCTGAGCGAATGC-1,2.2145486,-0.29654333
WT90_2_TTGGGTATCGCTCTCA-1,4.6007795,0.014766764
WT90_2_TTTGTTGGTGAGTGAC-1,2.3738937,1.6967804
WT90_2_TCACGGGGTGGACAGT-1,4.131253,6.0809436
WT90_2_TTGCCTGTCACGTAGT-1,3.9186342,-1.8698132
WT90_2_TGACTCCGTGACATCT-1,4.128054,-0.16448435
WT90_2_TGTGGCGTCTCTATAC-1,6.0396957,2.764995
WT90_2_TAAGCGTCAAGATTGA-1,1.6693221,-0.69539636
WT90_2_CTGAGCGCATGACAAA-1,8.775158,2.9002125
WT90_2_GTATTGGTCCTCGCAT-1,7.5267496,3.6570578
WT90_2_TCTTGCGGTAAGATAC-1,2.9631712,4.135798
WT90_2_TCATGCCAGCAATAGT-1,7.5402308,1.0269662
WT90_2_AGAGAATCACGACGTC-1,2.3592517,2.8418672
WT90_2_AAGACAAAGTCATGCT-1,6.1753283,0.70049065
WT90_2_CATCCCACATGGAATA-1,4.4161777,4.441609
WT90_2_GTAACACTCTTCTGGC-1,2.3750815,3.4654644
WT90_2_CGATGCGGTCGAACAG-1,11.237624,5.6680355
WT90_2_GACTCAAAGCCATTGT-1,9.239707,1.8257109
WT90_2_TTGAGTGGTTAAGTCC-1,5.72157,5.6097755
WT90_2_AGCGATTTCCGTGCGA-1,3.245195,-1.9002993
WT90_2_GAACGTTAGCAACTCT-1,5.8845167,0.39881197
WT90_2_GTGTAACGTTCCGCAG-1,4.533589,2.9369683
WT90_2_CACGTGGCACTGAGTT-1,3.5265574,4.026526
WT90_2_CTTGAGAGTGCAACAG-1,3.7952962,0.20750806
WT90_2_ACGATCAAGGTACAAT-1,2.2353408,-1.1779455
WT90_2_TCTTTGAAGCACTCTA-1,9.673491,3.305075
WT90_2_TCTGTCGCATAGTCAC-1,3.5655253,0.7828564
WT90_2_AGTCTCCGTGGGAGAG-1,4.7033753,-2.114377
WT90_2_AGAGCCCTCGCCTCTA-1,5.8755846,0.28332782
WT90_2_TAGGTACCAGCGACAA-1,6.702595,7.181436
WT90_2_TACCGAAAGACCACGA-1,6.683963,5.7669744
WT90_2_CTATCCGTCTGGCCTT-1,3.9226322,-1.618943
WT90_2_AGATGCTTCTCACTCG-1,5.1608076,2.734349
WT90_2_GACCGTGGTAAGATCA-1,7.2341876,3.816174
WT90_2_GAAACCTGTGGTCCGT-1,4.3677983,-0.39437458
WT90_2_CTCCCTCAGCATGCGA-1,7.2696347,2.5185215
WT90_2_TGATGGTTCTACGGTA-1,4.98293,2.2367034
WT90_2_AACGGGACAGGAGGTT-1,9.494484,6.201111
WT90_2_CATGCCTCACAGTGTT-1,3.6716528,1.8374704
WT90_2_GGAATGGAGCGCCATC-1,2.4817863,0.59505445
WT90_2_TGTCCTGAGTCCGCCA-1,3.4111192,-2.4002047
WT90_2_AACGTCAGTTCGGACC-1,4.655938,4.2856836
WT90_2_ATCGGATCAGCGTAGA-1,3.4136355,-1.7292107
WT90_2_TCAGCAAGTCCAGTTA-1,4.5105376,-2.821694
WT90_2_TGTCAGAAGCCTGAGA-1,1.9766026,0.3096305
WT90_2_GAGACTTCATCATTGG-1,3.5733237,-2.1838686
WT90_2_TAGGTACCAGAGGCAT-1,2.3184154,-1.633509
WT90_2_ATCCATTCACTCCGAG-1,1.721533,1.1398503
WT90_2_TCCTTTCTCCCGAGGT-1,2.8875487,0.36642903
WT90_2_GCGTGCACACATGAAA-1,2.8021715,-0.057469912
WT90_2_GAGTTGTCACTGTTCC-1,5.0049343,3.9473255
WT90_2_TTACGCCGTTCGATTG-1,3.315335,-1.7589712
WT90_2_AGATCGTCATTCTCCG-1,1.7570405,3.158666
WT90_2_CCATCACTCAGCATTG-1,1.29909,0.90921503
WT90_2_CAGGGCTCAGAGGCTA-1,8.392353,3.9268205
WT90_2_AGCTCAAGTGCCCAGT-1,4.53135,2.6498456
WT90_2_AGTTAGCCATGCAGGA-1,2.99736,-2.0812104
WT90_2_CTCCAACCATGTGGCC-1,3.512408,-2.7019835
WT90_2_TGGTAGTCATACTGTG-1,4.7772055,-2.0712805
WT90_2_CTGGTCTCACAGTCAT-1,2.2017279,-0.78946936
WT90_2_GTCATGATCTAGGAAA-1,2.5736752,-1.1992413
WT90_2_TCTCCGACATGGAATA-1,5.4855914,3.9945688
WT90_2_GAGTTTGTCTCTCAAT-1,9.939156,6.005326
WT90_2_TTCATGTGTCATCGCG-1,4.7496552,-0.67699903
WT90_2_CCACAAAAGGAATTAC-1,3.883804,-0.53530496
WT90_2_AGGGCTCTCTGTTGGA-1,5.933058,1.2187787
WT90_2_TGAGACTCACAGCATT-1,4.6470714,1.1621102
WT90_2_GGAATCTAGTAGTCCT-1,3.1948237,1.9547237
WT90_2_AGAGCAGCAGCCGTTG-1,5.214193,5.5847564
WT90_2_AGTTCGACACAAGCAG-1,3.8793063,0.84330505
WT90_2_GGCACGTTCCTTGACC-1,3.1014013,-0.08750831
WT90_2_CTGAGCGCACGCCACA-1,3.027427,-2.2603097
WT90_2_AGCGTATAGGGCCCTT-1,3.333477,-0.51715934
WT90_2_CTGTCGTCAAAGGTTA-1,1.448854,0.75124985
WT90_2_GTAGTACTCCAGCACG-1,3.5050411,2.6724954
WT90_2_TGTCCACTCACAGTGT-1,3.3592885,1.0999386
WT90_2_CCGGTGACACCCAATA-1,6.44621,2.8507824
WT90_2_CCGTAGGAGCCTAGGA-1,9.92448,3.3319874
WT90_2_ACCTACCAGAGTTGCG-1,11.365262,5.9831204
WT90_2_GCCCAGAAGCAGGCTA-1,5.825015,3.902822
WT90_2_TCAAGCAGTCGCATCG-1,3.4832397,1.6573615
WT90_2_CGTGCTTCAAATAAGC-1,3.0834343,0.73523074
WT90_2_TTTGATCAGATGGTAT-1,5.1341686,-1.6245924
WT90_2_AACAAAGTCATCTACT-1,3.642795,0.10792877
WT90_2_GTCAAACGTGCCCGTA-1,3.307779,-2.0266142
WT90_2_ATTCGTTGTGAGATCG-1,3.5837073,2.1275742
WT90_2_GTTGAACGTTCCACGG-1,5.248495,-1.267357
WT90_2_TCTGGCTAGTAAGGGA-1,2.0831559,0.27987546
WT90_2_ATTACCTAGGTTACAA-1,2.2210898,0.76490843
WT90_2_AGAACCTTCTACGCGG-1,4.56356,1.1045809
WT90_2_TGGGATTGTTGAGTCT-1,8.789374,2.209512
WT90_2_TTTGACTGTTTAGTCG-1,2.573438,0.011550024
WT90_2_TTTCACACAGATCCTA-1,5.038866,6.8657565
WT90_2_TCTTGCGCAGACACAG-1,3.480858,-0.3812589
WT90_2_TCTTAGTCAGACGGAT-1,2.9244726,1.702633
WT90_2_CCGCAAGTCCTCGATC-1,6.3545156,1.6955161
WT90_2_TGTTACTGTCCGAAGA-1,3.3577263,-0.9313589
WT90_2_CATACCCAGAGAACCC-1,2.88097,-1.764309
WT90_2_TCAGGGCCAGGAATCG-1,4.3617177,1.4014517
WT90_2_GGGTTTAAGTAATACG-1,8.212026,2.202651
WT90_2_TTAGGGTTCTAGCCAA-1,9.797474,6.2346067
WT90_2_GAGACTTAGCGATGAC-1,3.2197359,1.2979051
WT90_2_GGGACAAGTTGACTAC-1,1.5407813,2.7516003
WT90_2_TCTTAGTGTCACTAGT-1,4.590124,-0.7140576
WT90_2_GCTTCACGTCGACTGC-1,7.8505855,0.9981365
WT90_2_CCTAAGATCTGTCCCA-1,2.997789,-1.7905587
WT90_2_CTTCAATTCAAGCCTA-1,3.291194,-0.4765162
WT90_2_GTTAGTGAGACTGTTC-1,6.0072446,1.0572604
WT90_2_ATTCTTGAGTGTTCCA-1,4.422313,0.0012648047
WT90_2_CATCCGTGTATCAAGA-1,7.372837,6.7285886
WT90_2_CTATAGGGTGTGATGG-1,5.5098977,-0.6829095
WT90_2_TGCGGGTCAATCAGCT-1,9.831968,6.0340753
WT90_2_ACATGCAAGCTACTGT-1,5.83719,4.80961
WT90_2_CCGTAGGGTGATGTAA-1,6.063344,1.0946808
WT90_2_ACCCAAAAGGGACACT-1,4.117496,4.496649
WT90_2_ATCACAGCAATTCACG-1,4.2467346,0.73641187
WT90_2_GAAGAATTCTTGGCTC-1,5.6585975,5.7381635
WT90_2_TCAGCAATCCTGGCTT-1,3.873476,1.4345376
WT90_2_TGACTCCCACTGGATT-1,4.6789417,-1.8652859
WT90_2_CTCACTGAGGTACATA-1,10.483451,6.2440324
WT90_2_GTCGTAAGTTCTTAGG-1,4.507225,2.9982464
WT90_2_TGCCGAGAGTCAGGGT-1,3.0977726,-1.3962034
WT90_2_TGGGAAGGTGATTGGG-1,8.484823,3.4250052
WT90_2_TCATGGAAGCGATGCA-1,10.991658,5.5839267
WT90_2_CTGAGCGTCAATCTTC-1,1.1552389,1.5623555
WT90_2_ACATTTCTCTAAGCCA-1,4.459829,-0.6268906
WT90_2_AAGTTCGAGACCGTTT-1,2.5833673,-1.305913
WT90_2_GGATGTTGTTTGGGTT-1,4.517416,1.4167342
WT90_2_TATCAGGCACTCAAGT-1,4.114855,1.9327358
WT90_2_TCTATCAAGCGTGCCT-1,5.507835,-0.6249213
WT90_2_AAAGGTACAACCCTAA-1,3.0804377,-2.2189033
WT90_2_ATGGTTGAGTAGGAAG-1,4.6156187,-0.2409522
WT90_2_CGCATAATCGCCTATC-1,3.7474527,0.49912918
WT90_2_GAATCACCACACCTGG-1,5.2603493,0.28379014
WT90_2_AAAGGTAAGAGCCGAT-1,3.4693568,0.91875416
WT90_2_GGCAGTCTCAGGACGA-1,5.6845865,5.8065295
WT90_2_TACGCTCGTATACAGA-1,3.2983682,0.26278117
WT90_2_TTGCGTCTCCTTCAGC-1,3.249597,-1.3382938
WT90_2_GTCACGGCACTAAACC-1,3.4280295,-0.68278056
WT90_2_ATTACTCTCGACATAC-1,4.3666444,-2.1219778
WT90_2_ATTCCATGTCAACATC-1,2.2087128,4.943881
WT90_2_GTTCATTTCAATCGGT-1,4.362229,-1.2579432
WT90_2_CCAAGCGTCTAAGCCA-1,3.3697264,1.347992
WT90_2_TTGAACGTCGGAGATG-1,3.0895338,0.317794
WT90_2_CTCAAGATCTGTCGCT-1,1.764062,-1.0113934
WT90_2_TGGAGAGCATGAAGGC-1,9.346127,3.1435676
WT90_2_CGAGTTAAGTTTGTCG-1,9.079487,3.2479756
WT90_2_ACGCACGTCAGCCCAG-1,3.750391,4.8232393
WT90_2_TAGTGCAGTTACGGAG-1,1.279553,0.45391732
WT90_2_TCATTCAAGTCTTCGA-1,3.7578862,1.177007
WT90_2_TCCGATCAGTGTACCT-1,1.7525401,0.51516557
WT90_2_GACACGCGTAATTAGG-1,9.289823,3.1179178
WT90_2_GGAATGGGTAACGATA-1,3.4141688,2.451759
WT90_2_CGTCCATGTGAGAGGG-1,3.0142088,-0.6102503
WT90_2_TTCTGTAAGTCTACCA-1,10.38268,6.088734
WT90_2_TTCGATTGTCTTCTAT-1,4.5652547,2.982636
WT90_2_GTTACGAGTCGTACAT-1,8.667616,2.8888905
WT90_2_TCCACCAAGACATAAC-1,4.0342913,0.35435158
WT90_2_ACTTAGGGTCTTGCGG-1,10.900896,6.393375
WT90_2_TCCTCGAAGAATAGTC-1,4.671052,1.3010596
WT90_2_GAACGTTAGGGCCTCT-1,3.659197,-2.4164872
WT90_2_CGAGTTAGTATACGGG-1,3.6404078,0.9533332
WT90_2_CGGAATTTCTTTCGAT-1,3.139815,-0.05611124
WT90_2_CGAGGCTCAGCGGTTC-1,5.220319,3.813186
WT90_2_GATGATCGTAACAGTA-1,7.8343973,3.372213
WT90_2_TCACGGGCAGGGATAC-1,6.65431,2.1743183
WT90_2_TATATCCAGTGCTCGC-1,1.7564421,1.4376422
WT90_2_CTCAGAAAGGTTATAG-1,4.923422,1.1359864
WT90_2_GAGGCAATCGGAATGG-1,5.6422963,0.5872192
WT90_2_TTGGTTTCATGAATAG-1,7.9120026,2.230063
WT90_2_GCATCTCGTACTGTTG-1,8.250446,4.1788716
WT90_2_GTGAGGAGTTCTGAGT-1,5.3587313,3.536824
WT90_2_GAATCACCACTTGGGC-1,2.6385744,1.6129123
WT90_2_TACCGGGCATACAGCT-1,5.2124257,1.0634898
WT90_2_TGCTTGCCAGCACACC-1,6.186612,1.0514721
WT90_2_ACGGAAGAGGTACATA-1,10.027828,5.41102
WT90_2_GTACAGTGTGCAACGA-1,5.3945966,2.754804
WT90_2_TCCTTTCCAGCATACT-1,9.160595,3.5896451
WT90_2_GAGGCCTAGTCAGCCC-1,8.496506,2.6069105
WT90_2_CGAGGAATCTCCAATT-1,9.010512,1.3985586
WT90_2_AGGATAAAGCAACAAT-1,4.1377316,1.7056409
WT90_2_CAAAGAATCATCACAG-1,8.06478,2.9430745
WT90_2_TACGCTCGTTCGAAGG-1,4.02289,2.1611242
WT90_2_TACAGGTTCAGTGTCA-1,2.82719,3.0034049
WT90_2_GCTGGGTCAACTGCCG-1,3.381169,-1.0445702
WT90_2_CGGGTCATCCACGAAT-1,4.7789006,5.5023375
WT90_2_GCTTTCGTCAGACTGT-1,5.356984,-1.8124801
WT90_2_CAGTTAGCAGAGTCAG-1,2.987998,1.0300157
WT90_2_GTGTAACAGATAGGGA-1,2.1948266,2.770905
WT90_2_TACAGGTTCAAACGAA-1,3.9879634,1.2765584
WT90_2_GAGTCATCAAGACCGA-1,9.862324,5.731456
WT90_2_TCTTTGATCATTTGGG-1,3.7010832,-1.3325983
WT90_2_CTGCTCACATGAGGGT-1,6.507038,-0.112886444
WT90_2_CGATCGGTCCACGGAC-1,5.3713236,1.6230695
WT90_2_ATAGAGAGTACGGGAT-1,3.351391,1.8163257
WT90_2_GATGCTAAGACATCAA-1,4.275655,-1.776127
WT90_2_CTCAGTCCAGATAAAC-1,4.5462346,-1.8995445
WT90_2_CTCATCGCACTGTGAT-1,6.726155,3.1899936
WT90_2_GTGACGCTCTTGGTGA-1,4.7073083,-2.1868672
WT90_2_GTCAAACCAGCGTACC-1,4.2058673,2.3656342
WT90_2_GCAGCCAGTTCGGTTA-1,3.5277367,-0.941015
WT90_2_CTGCCATCAATCGCGC-1,4.3023705,1.2767661
WT90_2_CAATACGGTTATGGTC-1,3.4458554,2.0347202
WT90_2_AGACTCAGTGATGTAA-1,4.955294,-1.5182382
WT90_2_CAAAGAAAGAAGTCCG-1,10.877217,6.4226303
WT90_2_CGGAGAAAGTCGTCTA-1,3.8333018,-2.5336092
WT90_2_ATAGAGAGTTCGTGCG-1,6.2307262,-0.31200966
WT90_2_GAGTTGTTCACAGTGT-1,6.266155,1.1744574
WT90_2_AGGGCCTAGAACGTGC-1,5.103412,5.7784495
WT90_2_TGAGTCACAAGTGACG-1,1.7608398,0.66725975
WT90_2_ATCGGCGTCTTCGGAA-1,3.8088193,0.2137118
WT90_2_GGGTCACGTATCAGGG-1,4.403903,4.8426876
WT90_2_TTGTGGAAGAGGCTGT-1,3.3691034,1.3424392
WT90_2_GGGACTCAGGCCATAG-1,9.467005,2.630609
WT90_2_CTCTCAGAGAGGTATT-1,4.1598754,5.2184243
WT90_2_TCAATCTTCAGTGCGC-1,3.3324854,0.09316268
WT90_2_TCGGTCTTCAGACTGT-1,5.1309276,1.4489175
WT90_2_TTTACCACAAACTGCT-1,6.4637365,2.2592237
WT90_2_AATGACCCAGCAGTAG-1,5.279222,0.1778379
WT90_2_CTGCATCGTCCTGGTG-1,3.1546707,2.1913443
WT90_2_CATAGACAGCGTCAGA-1,3.4266255,-0.19377948
WT90_2_GTCATGAAGCGGCTCT-1,11.104237,6.308326
WT90_2_TGGGAAGGTGTAGTGG-1,3.2341137,3.1713004
WT90_2_TACCTGCCAATGGCCC-1,3.470005,-1.0229872
WT90_2_CCGTAGGAGCAACAAT-1,3.932676,4.6027913
WT90_2_TGATCTTTCGCCGAGT-1,4.4871755,2.5080605
WT90_2_ACACTGAGTCCTGTTC-1,2.3133094,-0.6156104
WT90_2_GCGATCGAGTCTCGTA-1,2.5178418,3.5045767
WT90_2_CATCGGGCAGAGTCAG-1,4.364046,-1.7760965
WT90_2_ACGCACGGTACGGCAA-1,4.236856,2.395545
WT90_2_TTCTAACAGAGCATTA-1,11.070816,6.0650315
WT90_2_GCGTGCATCGGTTAGT-1,2.6476145,1.4082953
WT90_2_CCGGGTACAGTCGTTA-1,5.11415,-0.88472426
WT90_2_GGAATGGAGAATAACC-1,5.1375356,2.6442628
WT90_2_TGACCCTGTTATTCCT-1,3.9681208,-1.9390601
WT90_2_TGCATCCTCTGATGGT-1,5.807399,2.0956712
WT90_2_CGGACACTCCACGGAC-1,8.525438,3.2430997
WT90_2_GCGGAAACATGGACAG-1,7.823585,6.532155
WT90_2_TACATTCTCATGAGAA-1,5.4680123,0.8913777
WT90_2_TGAGCGCCACAAACGG-1,6.1449695,2.7340202
WT90_2_ATTCACTGTGGGCTTC-1,4.1028023,-0.22673541
WT90_2_TAACTTCGTGAATTAG-1,5.6037664,1.2657969
WT90_2_GGTGTTATCGGCATTA-1,2.7109756,2.0413315
WT90_2_ACCGTTCGTTATTCCT-1,3.2931333,3.223297
WT90_2_GCACGGTTCTATTCGT-1,8.362442,4.725208
WT90_2_CCTAAGAAGCGACTGA-1,6.551192,2.143925
WT90_2_ACTCCCATCGCATAGT-1,5.635606,-1.8437175
WT90_2_TATTGCTCACAAAGTA-1,4.876257,-1.3747077
WT90_2_CTCAGAATCTACTCAT-1,2.907445,-0.79683834
WT90_2_ACCACAACATAAGCGG-1,4.468694,0.56253654
WT90_2_CCTCAGTGTAGATCGG-1,7.288726,6.8307095
WT90_2_GTAAGTCCACTCCTTG-1,8.969844,4.0824986
WT90_2_TTGTTGTAGCTGTACT-1,7.8755217,3.5050886
WT90_2_TCATACTCATGTGGTT-1,7.765656,3.2298434
WT90_2_TTTCCTCAGTCAATCC-1,6.2026405,0.5840206
WT90_2_GCATCGGTCTCGTTTA-1,2.1875772,0.07013766
WT90_2_ATGGTTGAGAGGATCC-1,4.261439,1.1942635
WT90_2_GTTGCGGGTCGCTTGG-1,8.32076,6.7034674
WT90_2_GCGTTTCGTTCAAGTC-1,7.2749543,2.5781457
WT90_2_CGCGTGATCGGAATTC-1,6.362451,2.5134718
WT90_2_CAGGCCACAAAGGCGT-1,5.567311,0.7792604
WT90_2_TCAAGCAAGCGTGTCC-1,4.5833216,-1.8435532
WT90_2_CATACCCAGCGTTCAT-1,4.700803,-1.4494308
WT90_2_AAGTACCAGGAGCTGT-1,2.6513155,5.1294875
WT90_2_TCCTCTTAGGCCACCT-1,4.013872,0.011494312
WT90_2_GCAGTTATCAAGCGTT-1,4.9863153,-1.7872512
WT90_2_AATCGACTCTATCACT-1,3.63871,3.25625
WT90_2_CAGGTATCATCGATAC-1,4.248725,-1.6942028
WT90_2_GGCAGTCGTGTACGCC-1,2.625032,-1.5134946
WT90_2_CTAACCCGTAGTTCCA-1,4.6059995,1.7063062
WT90_2_CCTCACAGTGAGTAAT-1,5.5952067,2.7876546
WT90_2_TGATGCATCTTGATTC-1,8.807998,5.6036577
WT90_2_TCTTGCGTCCATAGAC-1,7.854957,3.2551558
WT90_2_GTAATGCTCTCCACTG-1,4.7596145,1.6849506
WT90_2_GTTACAGTCATTTCGT-1,3.0579886,1.6986116
WT90_2_TCTATACTCAACCTCC-1,8.484686,4.351777
WT90_2_CTTCCGATCAAATGCC-1,5.0577197,2.7554102
WT90_2_AAGCGTTGTCAGGTAG-1,5.1394525,7.4578176
WT90_2_GAGAGGTTCTATACTC-1,4.3816833,1.7405716
WT90_2_GTCATGAAGGGTGAGG-1,4.992734,-1.5498303
WT90_3_CGGTCAGAGAATACAC-1,8.010561,7.0492706
WT90_3_GATTCGAAGGAACGCT-1,7.5721803,2.148257
WT90_3_CTACCCATCGCACGAC-1,3.7939506,-0.99429023
WT90_3_TTTGGTTAGGGTAGCT-1,8.237829,5.0240545
WT90_3_CCACAAACAGCGATTT-1,2.1278083,3.1187232
WT90_3_TCTCACGGTCTACATG-1,8.096801,5.3259554
WT90_3_GCAGCTGAGGGAGGAC-1,2.542587,3.762022
WT90_3_GAAGAATAGGAACGTC-1,4.592122,1.9657179
WT90_3_TGTGTGAAGAATAACC-1,2.4286268,-0.716388
WT90_3_TTGTGTTAGTGGTGAC-1,5.6204295,1.5294216
WT90_3_TCATCATTCACCTTAT-1,3.7069004,2.0732484
WT90_3_CGAGTTACATACCATG-1,4.4424386,2.199493
WT90_3_CGGGACTGTCCTCATC-1,6.0852723,5.2607665
WT90_3_CTGTACCAGGTCGACA-1,1.0584899,0.1874056
WT90_3_AATGACCCAATGTCTG-1,5.9018936,7.6608887
WT90_3_TGGAACTGTCAGTTTG-1,10.200251,3.6933858
WT90_3_TCCTTCTGTTTACCTT-1,1.5141617,0.31269917
WT90_3_CTGTAGATCGTTATCT-1,4.0877986,1.0146648
WT90_3_CCTTTGGCAGCTACTA-1,1.9277339,1.181707
WT90_3_TTACTGTCACTAGGCC-1,4.9177933,1.9290409
WT90_3_CCCGGAACAAGCTGCC-1,1.652261,0.87774986
WT90_3_GCACATAGTAAGGCTG-1,4.521997,-0.63183457
WT90_3_ATTCTTGTCAACTGGT-1,8.344109,3.5288007
WT90_3_TACCGGGTCAAGAATG-1,4.8431525,0.9839881
WT90_3_AGACAAACAATATCCG-1,11.0859375,6.293781
WT90_3_AAGTCGTGTCCGGTGT-1,3.953281,-0.8426777
WT90_3_TTACGCCCAGCTGTGC-1,2.7427585,0.9721686
WT90_3_TAAGTCGAGCGTGAAC-1,3.559321,-0.10983035
WT90_3_TAGGAGGGTCTGCGCA-1,3.2506218,1.5651244
WT90_3_GGGACTCCAATACCTG-1,4.9966955,3.1996372
WT90_3_AGCTACATCATTTGCT-1,0.49922058,1.3518968
WT90_3_GGAAGTGAGCGTATGG-1,2.4210837,0.19559433
WT90_3_AACCATGAGGTTCATC-1,9.492079,5.2715282
WT90_3_CAGATACGTCACTTCC-1,8.320783,3.7562745
WT90_3_AAATGGAGTGGAACCA-1,1.3004665,0.6277847
WT90_3_CGATCGGCATCAACCA-1,7.121948,3.4616528
WT90_3_TGCATGAGTATCGTAC-1,9.237667,2.9519005
WT90_3_TAGATCGGTAATTGGA-1,2.144865,-0.42184386
WT90_3_GTTCCGTGTGATACCT-1,2.345686,1.8265034
WT90_3_TGACAGTCAACCACAT-1,2.9317298,-2.5684438
WT90_3_TTGTTCAGTTATGGTC-1,7.64648,3.7670944
WT90_3_TCCTGCAGTCCGGCAT-1,2.9713902,-2.2700272
WT90_3_TGCATGACAATTTCTC-1,1.6554619,0.075634494
WT90_3_TCCCAGTTCCGGCAAC-1,1.7666702,1.559883
WT90_3_GCCAACGTCCTCACTG-1,3.0040376,-1.3281136
WT90_3_GGGTTATGTCGCTCGA-1,2.3625572,-1.8690771
WT90_3_CTCATGCCAGTTTGGT-1,10.385681,5.787376
WT90_3_TCTGTCGGTCCACATA-1,3.8535142,0.22291867
WT90_3_CACTGAAAGGAAAGGT-1,1.3063519,2.376416
WT90_3_AGAAGCGCATCAGCTA-1,1.3591505,-1.5170097
WT90_3_CGTTAGAAGGCAGCTA-1,1.9551469,1.0361378
WT90_3_AGCCAATCATGAATCC-1,2.469132,3.714026
WT90_3_GATCACAGTTAATCGC-1,1.3405659,1.6901118
WT90_3_CTGGTCTGTCCCGTGA-1,2.7829046,-0.84341913
WT90_3_TTTGATCGTTGTAAAG-1,5.503043,5.7090783
WT90_3_TAATCTCAGGGCCTCT-1,2.265206,1.3024826
WT90_3_GAACACTGTACGATTC-1,5.9684715,2.0627265
WT90_3_CTCAGGGCATTCAGCA-1,4.169018,-0.14857289
WT90_3_GTAGGTTTCCTCTTTC-1,11.191866,6.3317494
WT90_3_TTAATCCGTGTGATGG-1,3.7589657,2.7569313
WT90_3_GATAGCTGTCACCTTC-1,4.0924063,-0.54314953
WT90_3_TCCACGTTCCCAGCGA-1,4.0950246,0.21995439
WT90_3_TCAGTGACAAGCCCAC-1,9.809131,6.354546
WT90_3_TCATCCGTCTGCGTCT-1,1.6131464,0.15932304
WT90_3_GAAGCGAAGCGATTCT-1,2.8409185,0.49289292
WT90_3_CTAAGTGGTCGTGGTC-1,4.0231805,0.80608803
WT90_3_TTACCGCCATAGTCAC-1,9.408869,1.4070373
WT90_3_TTCGCTGTCTTACGGA-1,4.306439,3.0390327
WT90_3_GAAGAATAGTCACGCC-1,2.483847,-0.7712705
WT90_3_CTCCACACATCCGGTG-1,3.2571223,2.2779255
WT90_3_TGGGCTGTCCCGAGAC-1,2.1361282,2.6424701
WT90_3_TGAGTCATCACCACAA-1,3.2434835,0.5703167
WT90_3_GCAGGCTGTAGGTACG-1,4.639102,3.3199353
WT90_3_TCTACCGTCACTGCTC-1,2.7504096,0.5770459
WT90_3_CCACCATGTCCGAAGA-1,3.9285383,-1.1439135
WT90_3_TCTACATAGGCTCTCG-1,5.816478,3.0488458
WT90_3_TCACGGGTCTTACTGT-1,8.462784,6.783337
WT90_3_ATCCACCAGAAGCTGC-1,1.3997997,2.1574192
WT90_3_TGATCAGTCTGAGATC-1,4.2600226,0.7296326
WT90_3_CCCTGATCACCGGTCA-1,1.7018714,1.7439678
WT90_3_TGAATCGGTGAGATTA-1,6.516294,3.0403585
WT90_3_GGCGTCACAGCACACC-1,2.298983,1.4121116
WT90_3_AGATGAAGTATAATGG-1,3.4665136,4.4540706
WT90_3_ACTGATGCAGGAAGTC-1,3.4319768,2.2218738
WT90_3_TGCTCGTAGTGAGGTC-1,4.482755,-2.920497
WT90_3_TGACGCGAGGAAAGAC-1,3.1478963,0.11873708
WT90_3_CTGTCGTAGCCTCACG-1,11.248788,6.4324594
WT90_3_TGACCCTAGAAGGTAG-1,10.416224,6.042988
WT90_3_CCTCCAACAGGTTCAT-1,1.982175,0.66979176
WT90_3_AACCAACGTCGCACAC-1,2.492786,0.58738446
WT90_3_TCACGCTCACACCGAC-1,4.5812473,-2.0067985
WT90_3_AGAAGTATCTCGAACA-1,11.040716,5.9693956
WT90_3_CTGGCAGTCTCATGCC-1,4.6124105,-1.2806271
WT90_3_GGCTGTGCAAGGTCTT-1,4.3799477,1.8298936
WT90_3_TCAATTCGTACCGGCT-1,1.4222261,-0.37910402
WT90_3_CTCCCTCAGGTACTGG-1,2.9268637,1.2660441
WT90_3_TTTCCTCAGTGGACGT-1,2.2479448,-0.3837372
WT90_3_GTTACCCCAGTTGTCA-1,2.036028,0.72318053
WT90_3_TGAATCGCACACAGCC-1,3.4612336,-0.091587596
WT90_3_CCGGGTAAGATCCAAA-1,3.9850845,-2.1640866
WT90_3_AGGACTTCACGGTCTG-1,6.023554,-0.8485487
WT90_3_CTTCCTTGTTCAGTAC-1,2.0822158,0.9000399
WT90_3_TTCGCTGTCGACGATT-1,3.3419433,0.33491114
WT90_3_GAGTCATCACCGTCGA-1,6.235536,0.41754675
WT90_3_ACAGAAACAATCTGCA-1,11.172246,5.239456
WT90_3_TACCCACGTGGTACAG-1,4.3040957,-2.569926
WT90_3_AAGAACACACTCGATA-1,1.644454,-0.09076427
WT90_3_CCCTTAGTCGGTTCAA-1,3.718685,0.493115
WT90_3_AAGCGTTCACTTGTGA-1,1.6408532,0.9281464
WT90_3_GTCACTCGTGTTCAGT-1,8.211122,6.1778927
WT90_3_GGTTAACCATGCCGAC-1,3.5705214,0.6434452
WT90_3_TGATTTCAGTTGGCTT-1,4.8298163,0.5349963
WT90_3_ATGAGGGAGCACTTTG-1,1.4194003,0.22366449
WT90_3_TCCTGCACATTGACTG-1,2.7502024,4.3242216
WT90_3_TTCACCGCAGGTTCCG-1,2.2133946,-1.92459
WT90_3_AGCGCTGCACGTACTA-1,4.304652,2.102606
WT90_3_AGGAAATCAAACCACT-1,4.1126,2.2337902
WT90_3_TAGACTGCATGTCTAG-1,4.4341793,-1.5000516
WT90_3_CACTGGGCACCAGCGT-1,3.8078878,-2.320922
WT90_3_GTAAGTCAGATCCTAC-1,1.2957381,2.4525983
WT90_3_AGGCTGCAGGGTTGCA-1,9.375857,1.9308332
WT90_3_TTCCTCTCAACGTAAA-1,4.087895,0.6792207
WT90_3_TCGCTCAGTTCTGACA-1,2.296641,-1.3939905
WT90_3_CATACCCTCACTGTTT-1,1.034389,1.3664391
WT90_3_TCATGCCAGGCGTCCT-1,6.5931726,2.9626515
WT90_3_GCCATTCGTCACTCGG-1,2.547848,0.37144306
WT90_3_ACAAAGACACCGTACG-1,6.6927876,4.289085
WT90_3_AGGGCCTGTTCTATCT-1,3.3933096,4.1431713
WT90_3_CTCATGCTCGCCCAGA-1,2.3386323,1.9477365
WT90_3_TTTCCTCTCCAGCACG-1,3.76191,-0.9058868
WT90_3_CTACCTGCACAGTCGC-1,10.10878,6.777693
WT90_3_CTGTGAACAAAGGCTG-1,2.286213,1.0784069
WT90_3_CCTATCGCACACTTAG-1,0.9375874,0.4415745
WT90_3_TGCAGGCCAAGTACCT-1,5.2922053,3.3703678
WT90_3_TACTGCCGTAGCACGA-1,10.231558,6.2667255
WT90_3_ATCGCCTAGCCGTAAG-1,4.470691,1.1361499
WT90_3_CTGCTCAGTGCTGTCG-1,4.0547485,3.4217057
WT90_3_AGGGTTTCACGACAGA-1,2.2542129,-1.8216988
WT90_3_CCTTTGGTCAAAGACA-1,4.4956355,0.4606727
WT90_3_CGGTCAGAGCAGGGAG-1,3.3068955,-1.470263
WT90_3_AGATGCTTCGATTGGT-1,4.221047,-0.122913204
WT90_3_GTGCTGGCACAATGAA-1,5.380809,1.2523904
WT90_3_GTCACGGCAGAACTAA-1,4.097485,2.4864943
WT90_3_TCTCCGATCCTACGGG-1,2.9317484,-1.537557
WT90_3_ATGACCAGTGCTCTTC-1,9.373576,3.355903
WT90_3_GAATAGACAATTGGTC-1,7.464525,6.680331
WT90_3_ACATCGAGTGCTGATT-1,1.4419693,0.76940864
WT90_3_AGACAGGAGCAGTACG-1,6.582658,2.5038178
WT90_3_TCATTCAAGAGCCGAT-1,3.3991904,-2.0188315
WT90_3_TCGGGCAGTACGTGTT-1,2.5665634,0.43050817
WT90_3_GGGTGAAGTAAGAACT-1,8.465882,1.9853332
WT90_3_TGAATCGCACCAAAGG-1,1.9679849,0.94578683
WT90_3_TGAGGGATCTCACGAA-1,2.6113272,3.2197106
WT90_3_TAGGGTTGTGAATAAC-1,1.6252521,1.5725944
WT90_3_ACGGGTCAGGCAGTCA-1,10.788957,5.672778
WT90_3_TGTTCTAAGGAGAATG-1,1.0126069,0.77304125
WT90_3_CTGCGAGCAAAGCTCT-1,2.4562004,1.155327
WT90_3_TCACTATTCGTGCGAC-1,9.942564,5.863859
WT90_3_TACAACGGTGATAGAT-1,3.4869752,-1.8214978
WT90_3_AGTCAACAGATTACCC-1,2.74511,3.6287594
WT90_3_ATGACCATCCGGTTCT-1,3.2553809,0.2908763
WT90_3_GAGTTTGAGTTGGCTT-1,1.9886173,0.93897724
WT90_3_GTAGGAGCAGTAACAA-1,5.878154,2.88014
WT90_3_GGTTCTCCACACTTAG-1,4.279965,0.2687181
WT90_3_CATGCCTGTAATACCC-1,2.6591742,0.4994997
WT90_3_TATCTGTTCAGCACCG-1,4.029123,2.55234
WT90_3_TATCTTGGTGATGAAT-1,2.6179667,-0.8100218
WT90_3_ATGGAGGGTCTTTATC-1,2.8549428,-2.3864288
WT90_3_TTGCCTGTCTCTTAAC-1,4.8912153,-1.4691932
WT90_3_GTAATCGCAGAGTTCT-1,4.088507,-1.0160943
WT90_3_GGCTTTCTCACGGAGA-1,3.291993,-2.4910254
WT90_3_ATAGAGAAGAGCTGCA-1,11.184157,6.3024516
WT90_3_GTATTGGGTTGCCAAT-1,4.0004163,2.1622183
WT90_3_CGAAGGACAGGTGGAT-1,4.323048,5.3532186
WT90_3_GTAGAAATCATTCCTA-1,0.9864321,0.7150148
WT90_3_GGGATGAAGGTAGACC-1,5.689553,-0.3718362
WT90_3_CGCATGGAGGCCCACT-1,2.242165,0.79684293
WT90_3_AAGTACCCAACAGTGG-1,3.0335705,1.2704265
WT90_3_ATTACCTGTTCCCACT-1,2.3487368,-2.4987614
WT90_3_GGAGGTAAGTATTCCG-1,0.9256928,2.1965685
WT90_3_TGAGTCAGTCGTGTTA-1,2.4535184,2.564561
WT90_3_CGAATTGCACGCGCTA-1,4.1188416,1.9366891
WT90_3_TCCTTCTAGGACTGGT-1,7.279328,5.664128
WT90_3_AAACGCTTCCATTTAC-1,5.08959,0.061576553
WT90_3_TTCCTAACATTGAAGA-1,5.043713,3.0823977
WT90_3_GTTGTAGTCTGTCGCT-1,2.9989858,-0.4796746
WT90_3_CAAGAGGAGGTATAGT-1,3.5627117,2.0501328
WT90_3_TTACAGGCAAAGACGC-1,6.717724,4.9330754
WT90_3_TAGTGCAGTACAGTCT-1,4.56282,-0.41593808
WT90_3_CATTCCGGTTATCCAG-1,10.629839,6.313893
WT90_3_AGGCTGCCACACACGC-1,10.596299,5.206783
WT90_3_TATCAGGGTGAGTTGG-1,3.603986,-0.32360864
WT90_3_CTCTGGTAGTTCCGGC-1,2.4228802,2.0377874
WT90_3_CTCGAGGCACACTGGC-1,3.1098104,2.390057
WT90_3_GTAGAAACACTATCGA-1,3.1755247,3.3912027
WT90_3_CATGCTCTCCCGTTCA-1,2.6184006,1.9253275
WT90_3_GAAGGACAGTAGCATA-1,8.574552,2.399895
WT90_3_GAAGGACTCGAAGGAC-1,3.3648822,3.1642933
WT90_3_AGAACAAAGGCTAGCA-1,5.281772,0.7190765
WT90_3_TACACCCCACTGTGTA-1,3.7482476,3.5160909
WT90_3_TATGTTCCATGATCTG-1,4.1311398,-2.353094
WT90_3_CAGGCCACACTGTCCT-1,5.6998854,1.6138902
WT90_3_ATGTCTTAGGACGCAT-1,9.5934105,2.8015149
WT90_3_ATGAAAGCACAAATGA-1,1.9288898,-0.9563781
WT90_3_AGTACTGCATCCCACT-1,1.0050019,4.2039804
WT90_3_CTGCATCAGCGCGTTC-1,4.0151443,3.388481
WT90_3_TGGGCTGGTTCAGGTT-1,3.1603098,0.6848471
WT90_3_CCTGTTGGTTTCCAAG-1,4.0731006,-2.5349164
WT90_3_AATGGAACAGGAACCA-1,2.591588,0.8842161
WT90_3_TGCAGTAAGTCGCCAC-1,3.1248918,-1.7286395
WT90_3_TGATCAGAGTTCTACG-1,4.4933085,2.3812516
WT90_3_AGGTCTATCGTAACTG-1,2.579225,3.1955688
WT90_3_ATGTCTTGTATCTTCT-1,3.092145,1.2989409
WT90_3_TTCCGTGCAACGGCTC-1,4.833849,3.5183501
WT90_3_TCCTTTCCACACCTGG-1,4.629371,3.8386004
WT90_3_TCCTCGATCGGTAAGG-1,2.1537867,-0.7943782
WT90_3_GAATAGATCGCGTAGC-1,1.9493291,-0.032250393
WT90_3_ATTACTCTCGGTAAGG-1,5.8397083,2.3370643
WT90_3_GACTCAATCACTTGTT-1,9.458759,3.166212
WT90_3_GACTGATGTACGATTC-1,3.4476464,-1.3793567
WT90_3_ATTTCACGTCCTTGTC-1,3.2340312,2.9645224
WT90_3_ATTCCATTCAAGGAGC-1,1.9000026,0.8522599
WT90_3_CGGGTCACACAATGTC-1,4.308548,0.9476383
WT90_3_GAGACCCCAGGCTTGC-1,4.560236,-0.9077041
WT90_3_GGGTATTAGGTGCAGT-1,3.3347142,4.2399426
WT90_3_CCAATGAAGCGTGAAC-1,9.321922,4.774904
WT90_3_CCTCTAGGTTAAACCC-1,3.2417848,1.7796096
WT90_3_TACCGGGAGCGAGTAC-1,0.8208567,-0.9275492
WT90_3_CCTTCAGGTTAAACAG-1,2.571208,1.4668258
WT90_3_CATCGTCTCGCCAGAC-1,4.2380376,5.086559
WT90_3_CTGTAGACACAGTCGC-1,10.121921,6.748548
WT90_3_CTTTCGGAGCCACCGT-1,9.442697,5.6930137
WT90_3_CTCAAGACAGCTGTGC-1,3.7877185,-0.066202715
WT90_3_AGCCAATGTGGCTAGA-1,5.3233743,1.5085732
WT90_3_TGTAACGTCTGTGCTC-1,2.6604922,-1.6497422
WT90_3_CTCAACCCACAGTCAT-1,6.291526,3.6548755
WT90_3_GCAGCTGAGGTAGCAC-1,4.3571844,2.2522225
WT90_3_GTACAGTTCTCCTGTG-1,1.8610226,1.2586359
WT90_3_GTGGAGATCTTCCACG-1,3.6406207,-2.8629208
WT90_3_TGTGCGGCAGCGCGTT-1,3.0075877,-2.222116
WT90_3_TTGGGCGAGGAACGCT-1,4.087388,-0.61916184
WT90_3_ACTATCTAGGTCCTGC-1,3.4469688,-0.95420843
WT90_3_ATGATCGTCCCATTCG-1,2.9145968,1.0337658
WT90_3_TTACCATTCTCATTAC-1,9.286334,3.2789125
WT90_3_ATGCGATGTGTAGCAG-1,3.1899514,4.413664
WT90_3_TAACCAGAGGAATGTT-1,5.0768185,1.1897374
WT90_3_ATTCAGGAGATTGCGG-1,2.2611544,0.40205085
WT90_3_AAAGTGACATCTCAAG-1,2.8907418,5.5906267
WT90_3_CATCCACTCTGTGTGA-1,3.8009515,0.47783965
WT90_3_GCTGGGTGTAAGGTCG-1,1.6628133,1.3591926
WT90_3_CCAATTTTCAAGTGGG-1,3.9625256,-1.013571
WT90_3_GGGTATTCAGAGACTG-1,3.6616702,2.19755
WT90_3_ACCACAAAGAAACTGT-1,2.869099,1.9085209
WT90_3_TGCATCCCAAGAGTTA-1,9.344539,3.4477146
WT90_3_TGTTCCGGTCAGTCGC-1,4.3307686,-2.8963473
WT90_3_TCGGGTGGTGGAGGTT-1,4.499121,-1.9556737
WT90_3_AGATCCAGTCGTCATA-1,6.4968166,1.1585772
WT90_3_CTGTATTCACCTCTGT-1,3.3628871,-3.0052803
WT90_3_TTGCTGCAGCTGACCC-1,10.638516,6.244035
WT90_3_AAACGAAAGTCATCCA-1,5.018192,0.18071626
WT90_3_CTGGTCTTCAAGGAGC-1,3.4434233,-0.554624
WT90_3_TGGAGGAGTACGTGAG-1,2.7405298,-0.8720475
WT90_3_GCATCTCAGGTGAGAA-1,2.4859302,-0.50109196
WT90_3_ACATCGAGTGTATCCA-1,5.6589146,1.3243934
WT90_3_GATGATCAGCTGACAG-1,4.3131013,-1.3333403
WT90_3_TGTGCGGAGCCTGGAA-1,2.4707994,2.3245184
WT90_3_CTCCTCCAGCCTCAGC-1,3.4209063,-2.4057746
WT90_3_GCGTGCACAGTGGCTC-1,2.418236,0.14302067
WT90_3_CTATAGGTCTACTATC-1,9.673513,5.3413324
WT90_3_ACCACAAGTTCTCAGA-1,7.386176,2.8940527
WT90_3_AAAGGTACACCGGAAA-1,5.098748,1.4478025
WT90_3_AAGCCATCATGCTGCG-1,4.4567156,3.1489542
WT90_3_ACTATTCCATCTGTTT-1,2.0594432,-1.137303
WT90_3_TTACAGGCAGGCTACC-1,2.364088,2.286564
WT90_3_CCCTGATTCAAAGAAC-1,1.8207002,0.96661294
WT90_3_TTCGATTAGAATTTGG-1,3.2276545,-1.9761908
WT90_3_TTTACCAGTGGCAGAT-1,9.168266,5.099366
WT90_3_TGACCCTCACGCGCAT-1,9.713573,2.8220985
WT90_3_GAGTTTGGTTATAGAG-1,3.4668033,-0.073691435
WT90_3_GCCATGGCATCCCGTT-1,5.550283,3.0435877
WT90_3_GTGGAGATCCGTGACG-1,5.166751,0.6910195
WT90_3_TACTTCATCTACGCAA-1,6.5000815,3.6697333
WT90_3_ACCTGAACATAAGCGG-1,4.4641814,-0.6144676
WT90_3_CACTGTCTCTATGTGG-1,4.8464746,3.5089083
WT90_3_TCATGCCAGTGCGTCC-1,4.3776755,-1.9478172
WT90_3_CTGTGAAAGAATAACC-1,1.9769906,3.1144848
WT90_3_GAGTCTAGTTAACCTG-1,9.163002,3.7446377
WT90_3_AGAAATGAGAGGACTC-1,8.954561,3.8580444
WT90_3_ACCGTTCCAGACGCTC-1,3.7788548,0.77553904
WT90_3_GGTAATCGTACCTATG-1,2.6579363,-1.1427509
WT90_3_TGGGCTGTCTAGACCA-1,2.9891706,1.7827929
WT90_3_GTAACACTCTCGACGG-1,3.8030193,-2.4490669
WT90_3_TGCTCCAGTAAGACCG-1,1.7915698,-0.78944665
WT90_3_GGTAACTGTACCGTGC-1,5.440074,2.867543
WT90_3_CTCTCGATCCGTGGTG-1,3.463032,4.1401854
WT90_3_ATGAAAGGTCCACAGC-1,2.3786442,1.7379109
WT90_3_CGTGCTTCACGCACCA-1,2.267964,3.4781425
WT90_3_CATAGACCAGATTCGT-1,3.8105395,-0.3058093
WT90_3_GAACGTTCACTGGCGT-1,10.16501,5.652452
WT90_3_GACAGCCTCACTTTGT-1,11.041464,5.96557
WT90_3_CCGCAAGGTGACTCGC-1,3.9274864,-1.9913647
WT90_3_ATCGTGAAGTCGAATA-1,3.9806137,-1.684723
WT90_3_AGGAAATAGTGTACAA-1,3.8315928,0.21310614
WT90_3_AGAAGCGAGGACTGGT-1,5.1541834,-0.38040358
WT90_3_GCATTAGCATCCTTGC-1,7.770325,4.1785398
WT90_3_GTTCTATAGCGTACAG-1,4.0696964,5.3018837
WT90_3_GTGACGCGTTGTGGAG-1,9.105306,2.0824907
WT90_3_CGTAATGTCGGAGATG-1,0.7129127,0.21700297
WT90_3_CAACCTCAGATTAGCA-1,4.341159,-1.4977748
WT90_3_TCCATCGCATTGCCGG-1,4.288901,-2.3545423
WT90_3_GTGATGTGTCTTTCTA-1,4.220606,-0.14309238
WT90_3_GTTACCCGTACTGCGC-1,3.8332508,1.3329699
WT90_3_GTCTGTCAGTATGGAT-1,2.4849546,-1.2236316
WT90_3_ATGATCGCACTAGGCC-1,2.0661602,0.10321868
WT90_3_TGAACGTGTCGGTGTC-1,4.4325767,-1.535013
WT90_3_CGATGGCTCAAAGACA-1,4.6148124,5.4049053
WT90_3_TATGTTCAGCGCAATG-1,4.2485027,0.5720196
WT90_3_CTTCCGATCCTGTTAT-1,5.5490093,0.891986
WT90_3_CCCTCTCCAGGATGAC-1,2.659504,2.463926
WT90_3_ACCAAACCACTATCCC-1,10.585452,5.761979
WT90_3_GTCATGACACGGCCAT-1,9.6564455,5.373517
WT90_3_TCGACCTAGAATTGCA-1,5.165655,0.8900668
WT90_3_GGTTGTACACGACAAG-1,2.7089322,3.75672
WT90_3_AGGCATTTCCTACCGT-1,11.439067,6.260237
WT90_3_ATAGACCGTAACAAGT-1,10.527932,5.809867
WT90_3_AGGTCTATCCATATGG-1,5.852888,-0.7687709
WT90_3_CCACAAATCGGTCGGT-1,2.7030606,3.6268554
WT90_3_GCAGTTAGTTGGCCGT-1,3.9860241,-0.36584678
WT90_3_CTATAGGGTCCACGCA-1,2.4681766,1.3033509
WT90_3_TATTGCTAGTCTTCGA-1,5.689104,4.137275
WT90_3_CACGTGGGTGTCCACG-1,4.7046714,3.3390665
WT90_3_TTCCTAACAGCTGCCA-1,3.218116,-0.26739094
WT90_3_ACCACAATCGGCACTG-1,5.0035577,3.1461446
WT90_3_TTTCAGTGTTGCCATA-1,9.89507,5.5713835
WT90_3_TTCTAGTGTAACACCT-1,4.503068,-1.1172608
WT90_3_GCTGAATCATGAAGGC-1,1.7075828,3.4868007
WT90_3_CGAGGCTGTCTTTCTA-1,4.593486,0.79401875
WT90_3_AATTTCCAGATGCGAC-1,3.678816,-2.1130593
WT90_3_CTAGACACAAGGCAAC-1,3.7355824,-1.636199
WT90_3_AGGGAGTCATCGATGT-1,2.7096465,2.5819025
WT90_3_GTAGTACCAGTTGAAA-1,10.425039,6.0787725
WT90_3_GATTGGTTCCATATGG-1,5.07811,2.2662346
WT90_3_TAAGCGTGTGCCCGTA-1,5.820299,3.3265512
WT90_3_AGACAGGGTGTTACTG-1,3.5958462,-0.885465
WT90_3_TTCCAATAGGTGAGAA-1,3.5506444,-2.0541873
WT90_3_GGCTTGGTCGTTCCCA-1,8.144176,6.531552
WT90_3_CAGATACGTGAGACCA-1,1.7275288,0.14512816
WT90_3_CCGGTGACATTGGATC-1,4.7414703,6.1465907
WT90_3_TTCACGCCATGGAAGC-1,5.4304414,-1.06193
WT90_3_GAACTGTGTGCCAAGA-1,3.652792,3.9008512
WT90_3_TCAGCAAGTCTTGGTA-1,2.7942157,1.476205
WT90_3_GTACAGTTCGAGCCTG-1,3.9812546,4.0892196
WT90_3_CTACTATTCGGCTATA-1,2.7972305,-1.3649181
WT90_3_TGTCCTGCAAATGAGT-1,4.394221,-0.06973616
WT90_3_CTTGAGAAGGCTGAAC-1,3.8279324,-1.4565418
WT90_3_AGCTACAGTCACGCTG-1,9.814192,4.192533
WT90_3_ACTTTGTTCTAACGGT-1,1.3930193,-0.40769708
WT90_3_AAACCCATCGTCGGGT-1,3.4978244,-0.548954
WT90_3_CAAAGAATCCTAAGTG-1,10.325053,6.020091
WT90_3_TACGGTAAGGACGCAT-1,3.7104864,0.07630812
WT90_3_AGGTCATAGCTGTCCG-1,3.8979023,-0.25656402
WT90_3_CTGCATCGTCAGACTT-1,6.202346,3.1970916
WT90_3_CATAAGCAGATAGCTA-1,2.2809625,-0.24964476
WT90_3_TTCAATCTCCCGAACG-1,2.9090796,-0.8457539
WT90_3_TCTGTCGTCTGCCTCA-1,2.0669217,-0.87882835
WT90_3_TTGTTTGTCCCTCTCC-1,0.48595858,3.0865564
WT90_3_AGACAAATCCTGGGAC-1,3.9256337,2.42344
WT90_3_TGACAGTAGAATCTAG-1,4.655393,5.311923
WT90_3_GTGCTGGTCGAGTGAG-1,0.9287734,0.3221698
WT90_3_CACTGAAAGCTTAAGA-1,0.26324093,1.2544988
WT90_3_CGTAGTAGTCTAGGCC-1,4.3483267,4.5980673
WT90_3_AAGCATCCAAATTGCC-1,4.688519,2.0687864
WT90_3_CACGTGGGTACGGGAT-1,2.7070127,1.6923892
WT90_3_GTCACTCGTCAAAGTA-1,10.8205595,5.915147
WT90_3_TCATTACTCTGGTCAA-1,2.9574192,0.39562193
WT90_3_GGGCCATTCGCATGAT-1,5.7539425,0.49274853
WT90_3_AGTGATCAGCGGGTAT-1,3.4361842,-2.659654
WT90_3_GCGGATCAGTGTACAA-1,3.2402058,-0.15917853
WT90_3_CGTCCATAGTCCCGGT-1,10.63176,5.9546776
WT90_3_GGGTGTCCAATGTTGC-1,5.023001,0.67003286
WT90_3_TAATCTCTCTGAGGTT-1,6.318568,1.8142718
WT90_3_CTCAACCTCCGAGTGC-1,6.5725193,1.4476966
WT90_3_GCAACCGAGAGACAAG-1,2.9097214,-0.89827263
WT90_3_AGGACTTTCTATTCGT-1,7.7591405,3.0622344
WT90_3_CCCATTGCAACCCTAA-1,3.7929657,-2.236205
WT90_3_GGGTTATCAAGATCCT-1,5.6606646,4.3261557
WT90_3_GGGACCTGTGTTGATC-1,2.5123777,-2.0532649
WT90_3_ATCGTAGTCAGACCGC-1,4.503382,4.6501007
WT90_3_GCCCAGAAGGGCGAAG-1,5.794454,3.1314719
WT90_3_ACTTCGCGTGCCGGTT-1,4.662235,-0.09135316
WT90_3_GGCTTTCTCAGATTGC-1,2.530371,1.2464596
WT90_3_CACATGATCGCCATAA-1,5.1277027,-0.8502274
WT90_3_ACTCTCGAGAGGGTCT-1,6.0609584,0.85276663
WT90_3_AGGCATTAGGTTGGTG-1,0.9201307,-0.2569635
WT90_3_TTGGATGGTGTCATGT-1,4.545597,-0.6806162
WT90_3_TTTGACTAGATAGGGA-1,10.605875,5.9495616
WT90_3_CACAGATAGTTGCGCC-1,6.0019526,1.0273364
WT90_3_AGTTAGCGTTGCATCA-1,9.31729,1.1134133
WT90_3_AGCTTCCAGACTTCGT-1,7.255275,4.8624315
WT90_3_GTGCAGCAGAGGATGA-1,3.5221405,3.7549794
WT90_3_CATTCTAAGCTCAGAG-1,2.0580022,-1.2488607
WT90_3_CAGTGCGCACCTCTGT-1,5.0563207,2.0457857
WT90_3_CGGACACCATAGTCGT-1,6.110922,0.8635855
WT90_3_CAGTTAGTCCTGGGTG-1,3.4742815,1.2427505
WT90_3_CAGCAGCTCCTCACCA-1,3.4195204,-1.7935566
WT90_3_GCCAGCATCAGTGTTG-1,2.5870752,-1.8114585
WT90_3_CTGGCAGGTTCTGAGT-1,4.383463,5.544865
WT90_3_GTCATGAAGACCCTTA-1,2.9852548,-0.11760023
WT90_3_GAACACTAGTTGCTGT-1,5.6046705,2.2438905
WT90_3_GCAGTTATCACCATAG-1,7.1591096,2.9662812
WT90_3_TGCTTCGTCTGGGCGT-1,4.134636,-1.5846796
WT90_3_ATCGTGATCACTCTTA-1,3.2371736,0.09684155
WT90_3_GTGGCGTAGTCTGGTT-1,4.812073,5.2843804
WT90_3_CATGCGGAGGACCCAA-1,4.458729,-0.32801586
WT90_3_CCACGAGTCGCGTTTC-1,2.3969297,0.72504944
WT90_3_ACAAGCTGTAGAATGT-1,5.0202813,2.9124768
WT90_3_AGATGAAGTATGCTAC-1,3.8216136,1.7872058
WT90_3_GGCTTTCCATGGGTTT-1,4.594418,4.17134
WT90_3_GATGAGGGTTATGGTC-1,7.0920453,3.4584708
WT90_3_ATCATTCCAGGAAGTC-1,5.022521,-0.23124443
WT90_3_TGATCTTGTGTTTGCA-1,1.5682148,0.82864726
WT90_3_TGACTCCGTCGTTGCG-1,4.6017632,-2.8411026
WT90_3_TAGATCGAGGATGAGA-1,4.975547,3.221602
WT90_3_GGTGTTATCGAGCACC-1,4.7910566,5.959163
WT90_3_TGGGTTACACGTCTCT-1,5.821185,2.1634305
WT90_3_TCACTATGTAGTCCTA-1,3.2054372,0.104349874
WT90_3_AGACACTTCAGCAATC-1,6.573772,1.167758
WT90_3_CGGAATTTCCATATGG-1,6.0912046,-0.34092656
WT90_3_GAGCTGCTCTCGTTTA-1,11.087663,5.3596864
WT90_3_GACTCTCGTGCAAGAC-1,3.0886984,-1.4148874
WT90_3_TTGAGTGGTCACTACA-1,3.6179936,4.5646567
WT90_3_AGAAGTACACATACTG-1,5.4768467,-0.22293335
WT90_3_GTAGGAGTCATTGCGA-1,6.309591,2.449035
WT90_3_CGCATGGAGTCTTCGA-1,9.146522,4.3890867
WT90_3_GATGAGGCATGTGTCA-1,3.1088996,0.32119805
WT90_3_TCACGCTTCTATTGTC-1,4.0695815,1.1261482
WT90_3_TCTTGCGTCCGCAAAT-1,3.554516,2.0450573
WT90_3_TTCGATTTCCAATCCC-1,9.21836,1.3686386
WT90_3_GCTTTCGAGTCTACCA-1,3.5338566,-1.7601355
WT90_3_TGTTGAGTCGAGAGAC-1,4.423957,3.1647065
WT90_3_CTAGACAAGTGAGTGC-1,4.3385367,2.105487
WT90_3_CCTCAACTCGTTATCT-1,4.3077846,3.9089458
WT90_3_CAGATTGTCGTCACCT-1,10.201685,4.065884
WT90_3_ACTTATCAGTTTCGGT-1,4.5813246,0.6454548
WT90_3_CGTAGTATCAGCCTTC-1,3.692668,0.8168474
WT90_3_GATAGCTGTCCAAGAG-1,3.9204462,-0.83016354
WT90_3_TGTCCACCAGCTTTCC-1,2.3157887,-0.119315974
WT90_3_GGGAGTATCGAAGCAG-1,5.1229095,-1.1021705
WT90_3_CAAAGAATCACCCATC-1,8.655665,2.326056
WT90_3_CGCATAACAGGCTTGC-1,5.798483,-0.12615381
WT90_3_TCTATACGTTCCGCTT-1,4.4782987,2.3213067
WT90_3_GATGAGGAGCTTTGTG-1,3.920097,-0.21420026
WT90_3_ACGATGTAGATGACAT-1,4.817679,4.0965405
WT90_3_CATCCGTCAAAGGCGT-1,5.787386,3.1978302
WT90_3_CCGGTAGCACTGTTCC-1,5.902482,5.480451
WT90_3_CTCACTGTCGTTGTGA-1,1.6099343,0.11797649
WT90_3_TATTGCTGTCCGTACG-1,5.232867,1.8365597
WT90_3_AATCACGTCATGAGTC-1,5.023147,-0.25813106
WT90_3_ATTTCTGTCACCGACG-1,5.0361185,1.7377688
WT90_3_AGGACTTCAATTGGTC-1,2.80389,2.9308598
WT90_3_GTCATCCTCGCCTCTA-1,3.1556401,0.066936724
WT90_3_GGAGCAAGTTGTTGTG-1,4.3682003,-0.81555194
WT90_3_TATCCTATCTGGGTCG-1,5.669896,2.8485506
WT90_3_AGGCTGCGTCGCACAC-1,3.6739826,-0.7558708
WT90_3_AGTGCCGAGACTAGAT-1,3.5246403,0.988006
WT90_3_TCTGCCAAGATGAACT-1,4.6438,1.802
WT90_3_GGTAGAGCAACGAGGT-1,3.4797156,2.1128976
WT90_3_AACGGGATCAGAGTGG-1,4.8351173,4.6907387
WT90_3_CATGCCTGTACCATAC-1,3.977658,1.9080262
WT90_3_GCCATGGTCACGAGGA-1,3.0884352,-1.2917913
WT90_3_TTCGCTGGTCTCTCAC-1,5.0254016,4.9889402
WT90_3_TGGTTAGGTAGGACCA-1,4.349485,0.38705468
WT90_3_TGAGCATAGCATGCGA-1,4.0851035,0.67043734
WT90_3_ATGCATGTCGAAACAA-1,7.541876,3.5017433
WT90_3_CGGAACCGTATTGGCT-1,2.1600277,-1.7579592
WT90_3_TGGAGGAAGCATGATA-1,3.6404889,1.6511593
WT90_3_GTTACAGCAAACTCTG-1,5.740037,2.387678
WT90_3_GTCCTCAGTGCGAGTA-1,3.179101,1.5803831
WT90_3_GGGTTATAGACGGTTG-1,5.5729604,7.171696
WT90_3_TCTAACTTCTACGGTA-1,10.809039,5.2523656
WT90_3_ATCATTCCATAACAGA-1,6.76136,0.38453957
WT90_3_TGTGGCGTCGAACCAT-1,3.929442,-0.36825076
WT90_3_ATTGGGTTCGCTGACG-1,3.0092616,0.58278394
WT90_3_CGTCCATGTACAGGTG-1,4.3164916,1.3157661
WT90_3_GCGAGAAAGGCTGGAT-1,4.1443324,-1.6416147
WT90_3_ACACGCGGTCGGTACC-1,4.0277257,0.6223517
WT90_3_CACGAATCATTCACCC-1,5.0201693,-0.5863226
WT90_3_TCAGTTTGTCTCAAGT-1,6.9579034,2.3459482
WT90_3_GCTACCTTCCCGTGTT-1,5.7939577,-0.8988571
WT90_3_CAGCAGCTCTGGACCG-1,3.9171793,1.5913538
WT90_3_CCTCCTCCATGAAGGC-1,4.050986,0.10769611
WT90_3_AACAGGGGTGCATGAG-1,4.5177546,1.6545131
WT90_3_TAGACTGAGGTGCCAA-1,6.005536,-0.6051847
WT90_3_CTATCCGAGAGCAGTC-1,4.454121,4.8668375
WT90_3_ATACTTCGTCAATGGG-1,4.5459924,6.740516
WT90_3_AGTCAACTCACGGTCG-1,6.631983,-0.45796293
WT90_3_TAACACGGTAACGGTG-1,4.7990704,2.3290508
WT90_3_GATGATCTCCGTGGTG-1,8.711848,4.460876
WT90_3_TGACGCGTCATACGAC-1,7.241522,1.5236741
WT90_3_GTCGAATCACATAGCT-1,3.0278568,4.1242023
WT90_3_GGACGTCGTAACCCGC-1,4.800303,6.3021836
WT90_3_AGTCAACTCCATACAG-1,4.1050735,1.2626281
WT90_3_GGAATGGTCTGTGCTC-1,5.6502514,2.876177
WT90_3_TACTTGTCAAATTGCC-1,4.589039,-0.031711645
WT90_3_ATAGGCTTCTCCGAGG-1,6.2618947,-0.090246424
WT90_3_GTGTTAGTCATTGCTT-1,9.775906,3.1389353
WT90_3_TTTGACTAGGCCTAGA-1,8.893398,3.1562133
WT90_3_TGGTTAGCACCCAATA-1,4.3745217,-0.7034023
WT90_3_TCGTAGACACTTGAAC-1,6.5567255,3.0039926
WT90_3_CCGTTCATCATTGCGA-1,10.287352,3.80653
WT90_3_GTAAGTCAGGGCATGT-1,3.0528867,-2.2449114
WT90_3_ACTTTCAAGAGTGACC-1,5.5375276,1.6226982
WT90_3_TGACTCCTCCTCAGGG-1,6.268497,1.8301194
WT90_3_CGCATGGAGCCTCGTG-1,2.8620942,2.158326
WT90_3_TATTGCTTCTTCGTAT-1,4.2320933,0.9754292
WT90_3_CACAGATAGAGGTATT-1,2.1539447,1.9624895
WT90_3_GGCGTCACACTCCGAG-1,4.2213187,3.2626047
WT90_3_GATTTCTCAGGTTACT-1,7.997925,4.3687086
WT90_3_AAAGGATAGTGGGAAA-1,2.9068727,0.5184745
WT90_3_AGATCGTGTACCGGAA-1,5.543619,0.10632719
WT90_3_GTAGAAAAGACGAAGA-1,4.9900737,-0.048881624
WT90_3_CGGAATTAGCTAGATA-1,2.8503673,-0.6106222
WT90_3_TCTACCGTCACGGAGA-1,5.1557245,1.4394404
WT90_3_TGATGGTGTTTGGGTT-1,5.987556,4.3086977
WT90_3_TTGTTCAAGGGCAGGA-1,6.29389,1.4553108
WT90_3_TGTAGACTCCCATTTA-1,2.0170708,-1.2356241
WT90_3_AAGCATCGTACGCGTC-1,2.7784872,1.542998
WT90_3_GTATTTCAGCTACAAA-1,2.3556006,4.5700073
WT90_3_GGAACCCGTACATTGC-1,9.197543,4.4377866
WT90_3_TCCGATCGTCGAACAG-1,1.4757044,2.7604403
WT90_3_CGTGAATCACGCGCTA-1,5.780711,2.2929125
WT90_3_TACCGAAAGCCGGAAT-1,3.7657151,-1.6685377
WT90_3_AGACCCGCACGGCACT-1,4.6061616,0.872113
WT90_3_CCTCTAGTCTTTCCAA-1,7.5350337,3.3271458
WT90_3_CACACAAGTCCATCTC-1,4.5263243,3.1723998
WT90_3_TTTCAGTCAGGTCAGA-1,5.009509,5.6457677
WT90_3_ACATCCCAGGAGAGGC-1,4.4216967,0.5648246
WT90_3_GTGGAGATCTGTGCAA-1,3.7273197,1.9204992
WT90_3_GGAATGGGTCTTGAGT-1,5.2161117,1.7505697
WT90_3_GGTTCTCGTTTGGAAA-1,5.3065815,1.9309012
WT90_3_ACAGCCGTCTCTGACC-1,6.6564255,1.3398755
WT90_3_GTAACCAAGCGACAGT-1,5.1195703,5.4569674
WT90_3_GAGTCTAAGATGGCAC-1,3.1838908,-2.0210798
WT90_3_CAATCGATCGATAACC-1,5.8634105,1.4145766
WT90_3_CTACGGGTCGGATTAC-1,4.5113683,-0.44773537
WT90_3_ACGCACGTCGGTGTTA-1,5.316478,2.0826886
WT90_3_GGGAGTAAGAAATTGC-1,2.0784638,0.8599873
WT90_3_TCATCCGTCGCAACAT-1,4.6413307,1.4966048
WT90_3_ACTATCTAGACGTCGA-1,3.766845,0.8148438
WT90_3_GTCTAGATCGCGTGAC-1,8.931167,2.6212573
WT90_3_CTCTCGAGTGTCACAT-1,4.1515813,4.8144608
WT90_3_TGTTGAGAGCTGACTT-1,5.054815,2.9882104
WT90_3_GACTCTCAGAATTCAG-1,5.0516534,-1.507811
WT90_3_GAGTTTGAGAGAGTGA-1,6.59347,0.79362404
WT90_3_TCGACGGGTGATTCAC-1,7.1919403,3.109824
WT90_3_CATGCGGCATCTTAGG-1,4.95566,1.1247085
WT90_3_AGGACGATCATTCGTT-1,3.7370152,-1.2894115
WT90_3_GGGTTTATCCTACGAA-1,3.762951,-1.7234747
WT90_3_TTTGATCCAGTAACGG-1,4.285065,2.1593196
WT90_3_TGTTCTACAGCTGCCA-1,4.1773424,0.5072953
WT90_3_CGAGAAGTCCAAGCTA-1,3.713797,0.6547631
WT90_3_AAATGGAAGACTTCAC-1,5.61175,-0.20231001
WT90_3_TACGGTACAGTTGGTT-1,6.4196343,3.080809
WT90_3_CCGTTCACACGACGTC-1,4.577655,-2.0513918
WT90_3_GTGTCCTAGGTTACAA-1,11.255098,6.238588
WT90_3_CACAGGCAGTAGACCG-1,4.6682286,2.3275278
WT90_3_CCTTCAGTCTATTTCG-1,5.664983,2.827756
WT90_3_GGAATGGTCTGCTTTA-1,6.7139535,-0.33150902
WT90_3_TCTCTGGAGAAGTGTT-1,-0.04455491,0.84884906
WT90_3_TCTGTCGAGGGAGAAT-1,5.5336986,-0.005043565
WT90_3_TCACGCTTCCAAGGGA-1,2.6725938,-1.641919
WT90_3_ATCGGATCAACTAGAA-1,5.237403,2.675592
WT90_3_CTGTATTAGATCCCGC-1,4.4877462,0.6533467
WT90_3_GTCCCATGTAGGTACG-1,4.0868406,-0.7098682
WT90_4_AAACGCTCACTATGTG-1,3.112605,-0.28285512
WT90_4_AGGTTACGTGTTCAGT-1,4.1365733,1.9727001
WT90_4_TGAGCATCACGCGGTT-1,4.9491124,1.3673487
WT90_4_CCTCCAACATCCTTCG-1,3.0784178,-0.61157304
WT90_4_CCCTAACCAAATGAAC-1,10.992996,5.7833557
WT90_4_TTGGATGAGGCAATGC-1,2.5163736,-1.1860249
WT90_4_AAACGAAAGCTCTTCC-1,1.520169,2.6228328
WT90_4_GACCAATTCTATCGCC-1,3.5949235,1.1049534
WT90_4_GGGACCTCATGGGTTT-1,2.1991098,1.5513183
WT90_4_AGGTCTACATTGCCTC-1,3.356684,1.6252242
WT90_4_AACGAAAAGTCACTGT-1,7.0239162,2.876416
WT90_4_TCTCACGAGTTGAAAC-1,3.47381,-1.0532259
WT90_4_GATGACTCAACACTAC-1,3.9513903,-2.7682142
WT90_4_GATAGCTAGACGGATC-1,3.8478663,4.7805123
WT90_4_TATTTCGTCTTAGTTC-1,6.521059,3.5682983
WT90_4_TCCTGCAAGTAATCCC-1,2.832588,-0.27050158
WT90_4_CTCCTCCGTGGATGAC-1,1.3945028,1.0133177
WT90_4_TGTTGGAAGGTGCTAG-1,1.8193318,6.183266
WT90_4_AGCGCCATCAGGAGAC-1,2.7425349,1.0448684
WT90_4_GTGAGTTCACGTATAC-1,5.378146,2.9291546
WT90_4_GAACTGTGTCAAAGAT-1,1.3377022,0.9230071
WT90_4_TCTGGCTGTGTCCTAA-1,10.109361,4.4356465
WT90_4_TAGGTTGCACGACGAA-1,3.4089527,4.2056007
WT90_4_CAGTTAGAGTATGCAA-1,1.8900332,3.6835268
WT90_4_GATGAGGTCTGCTAGA-1,3.0157385,1.6352274
WT90_4_TTCTAACCACTACCGG-1,2.3244557,0.9449442
WT90_4_TGGTACAGTAGCTAAA-1,3.1917152,2.41638
WT90_4_CAAGGGACAACTGGTT-1,3.9708953,-0.16786909
WT90_4_GCCTGTTAGCACTCGC-1,4.914105,2.283167
WT90_4_TCGCTCAGTTGCTAGT-1,7.938139,2.6669755
WT90_4_AAAGTCCGTGGGACAT-1,4.7339606,-0.7301317
WT90_4_AGTCTCCAGTAGGGTC-1,3.268559,0.36136392
WT90_4_AGCTCAAGTAACTGCT-1,1.1217444,0.62666345
WT90_4_TCAGTTTTCCCGAATA-1,2.6147032,-0.34910417
WT90_4_CATCCGTTCACAACCA-1,4.600805,-1.5507098
WT90_4_GGGAGTACAGACGCTC-1,3.325363,-2.260286
WT90_4_TTGCATTGTTGCAAGG-1,3.6167333,1.666243
WT90_4_TCTCCGATCCCTCTAG-1,6.6821265,5.6682186
WT90_4_TCGCACTAGTGCCGAA-1,4.8917046,2.3463316
WT90_4_GTCGAATTCTGGGTCG-1,3.2776508,-0.90428877
WT90_4_ATACCGAAGACGGAAA-1,2.4074893,0.3259231
WT90_4_TGTTTGTGTCAAAGCG-1,3.672389,4.1561713
WT90_4_ACCCAAATCCCTAGGG-1,3.9048102,1.1150898
WT90_4_TCCCATGCATCGAAGG-1,5.2812037,1.2452971
WT90_4_GCTTTCGCACTGGAAG-1,3.0317824,3.1899202
WT90_4_AAAGGGCGTTGGATCT-1,7.093061,2.7302325
WT90_4_TCGGTCTGTAGCGTAG-1,1.9898664,1.9624946
WT90_4_CGAGTTATCATAGAGA-1,4.9360523,1.5342045
WT90_4_ACTATGGTCTCCGAAA-1,2.8468857,2.7278614
WT90_4_CCGGTAGCAGTTTCGA-1,5.1032486,0.8004222
WT90_4_CGGAATTTCCAGCTCT-1,2.25068,4.1804852
WT90_4_GGAATGGCAGAGACTG-1,2.725659,2.868468
WT90_4_AGGGTTTAGTCATGAA-1,2.4930928,3.7640195
WT90_4_CGAAGGAGTTGCGGAA-1,2.0553527,-0.1892439
WT90_4_TGGTGATTCCGATAGT-1,2.57703,-0.61820835
WT90_4_AAACGAACACTACCCT-1,4.0982394,-2.0285323
WT90_4_TTGGGTAAGATAACAC-1,2.0914514,1.5938541
WT90_4_TCTCCGACATCGAGCC-1,3.304258,-1.923862
WT90_4_ATGCATGGTTACCTGA-1,1.0349737,0.7390092
WT90_4_GGGCTCATCCCGTAAA-1,2.5456653,1.213429
WT90_4_GCGAGAAAGGTGGCTA-1,2.9396522,-1.4329617
WT90_4_CTCCCAAAGGGTACAC-1,3.9371145,2.2853143
WT90_4_GAAGCGACACAGAGAC-1,1.1203316,0.369417
WT90_4_CCCAACTGTCCACGCA-1,10.478175,3.5076241
WT90_4_TCAAGCAAGGTACAAT-1,4.0591874,0.63959396
WT90_4_TCAGCCTCACTGCGAC-1,4.5528245,1.4968059
WT90_4_ATAGACCAGCTGAGTG-1,1.1690524,1.3597715
WT90_4_CCCGAAGAGGAGTACC-1,2.257139,1.3841754
WT90_4_GAGGGTATCCCTCTAG-1,7.307631,3.8865404
WT90_4_GAAGGGTTCGACCAAT-1,4.132589,-1.6195445
WT90_4_GATAGAACACTCCCTA-1,11.304018,6.217287
WT90_4_GACTCAAGTTCTATCT-1,3.736342,1.2531234
WT90_4_TTAGTCTAGCGGGTAT-1,2.2987878,-0.6735899
WT90_4_TCCTCTTAGCTATCTG-1,3.4226334,-1.0658222
WT90_4_ATTATCCAGTGGCAGT-1,10.195046,6.0139475
WT90_4_CATTCTATCTTGGAAC-1,3.7695599,3.9595373
WT90_4_AGAGAGCAGCTGACTT-1,1.1671385,1.0055308
WT90_4_ACATGCAAGCTGGCTC-1,4.018533,0.37560263
WT90_4_TTCCTAACATCTCAAG-1,4.223057,-1.7271092
WT90_4_ACCGTTCTCTTACGTT-1,2.7129138,1.0222918
WT90_4_TGAACGTTCATAGCAC-1,4.6967683,3.33047
WT90_4_GTTACCCCACCTCTGT-1,4.4313936,-1.8194976
WT90_4_CACAGGCAGCCAGAGT-1,2.5441706,0.56246406
WT90_4_TTCTTCCAGTTGCCCG-1,9.174967,2.9889913
WT90_4_AATTTCCGTCTGTTAG-1,4.9367876,-1.1707057
WT90_4_AACGGGAGTCGTACAT-1,4.271992,4.39475
WT90_4_TACGCTCAGTTACGAA-1,2.9829903,-1.0232251
WT90_4_ACATCGACAGGCTACC-1,7.5905404,3.4194853
WT90_4_TCTACATCAAACTAAG-1,4.901821,-0.631874
WT90_4_TCAATCTTCTCTGAGA-1,4.059256,2.012102
WT90_4_AGAAGTAAGGGTTGCA-1,9.186583,1.4502904
WT90_4_CTATCCGAGGATAATC-1,5.7540755,3.0016308
WT90_4_GTTATGGAGCCGTAAG-1,4.675948,0.07778239
WT90_4_AAAGGATGTGCGTTTA-1,5.528909,-0.18850967
WT90_4_AGACCCGCAGCCCACA-1,5.457935,0.6628954
WT90_4_GGGTGTCAGCGCACAA-1,2.632631,0.62810355
WT90_4_ACCACAATCCTACTGC-1,1.3901837,0.15496188
WT90_4_ATCCACCAGCAAGCCA-1,9.817016,3.796756
WT90_4_GATCAGTTCTGTGTGA-1,10.8094,6.1428022
WT90_4_TTGACCCAGAGTCAAT-1,2.977231,-0.15751904
WT90_4_AGATGCTTCCTGGGTG-1,2.6976688,1.8819493
WT90_4_CGGCAGTCAGAGTGTG-1,1.2143006,1.3678972
WT90_4_TTTGGAGGTAGATCCT-1,2.056639,-0.07299116
WT90_4_AGGGAGTAGACGGATC-1,10.564193,4.9148326
WT90_4_GAGCCTGTCACAACCA-1,6.494601,1.9414008
WT90_4_AATTTCCAGCATAGGC-1,3.7518666,3.318797
WT90_4_AGTTCCCAGACCCTTA-1,3.081862,0.408609
WT90_4_TTCCTCTCAGATTCGT-1,3.14124,1.130014
WT90_4_CGGGTGTAGCCTTGAT-1,4.9681945,3.1999087
WT90_4_CTGCCTACACAATGAA-1,7.8414364,3.9915078
WT90_4_AGTGCCGAGACTTCAC-1,2.4427698,-0.2647992
WT90_4_AGATCCACATATACCG-1,7.66027,4.562699
WT90_4_GGTGTTAAGTCGTCTA-1,5.245694,1.4636515
WT90_4_TCCAGAAAGCGGGTTA-1,10.209594,5.271239
WT90_4_ATCCGTCAGAACTCCT-1,5.220948,-0.5606438
WT90_4_CCTTCAGTCCCTCGAT-1,3.754983,-2.2871835
WT90_4_GACCAATCACAGTGAG-1,3.9460053,-2.1943216
WT90_4_ATTCCTAGTCTACTGA-1,4.1039414,-0.40597653
WT90_4_CACTAAGAGGATTTCC-1,2.9757226,-0.051942993
WT90_4_GGAACCCGTCTCGGGT-1,6.6435194,0.36927113
WT90_4_TCTGCCAAGTCAATCC-1,6.4945107,1.6619858
WT90_4_AACCTTTTCGACGAGA-1,2.419431,0.77521914
WT90_4_AGCTTCCCACATTACG-1,4.3853407,2.6723342
WT90_4_GAGACTTGTTTGGCTA-1,1.6695994,-0.32141152
WT90_4_CACTTCGAGGCTTAGG-1,2.8180087,0.678216
WT90_4_AATCACGCAAACTCGT-1,5.47256,1.8318467
WT90_4_AGGTCATAGGGTAATT-1,8.592978,2.0114717
WT90_4_TCATGCCCATTACTCT-1,-0.0795547,0.92287695
WT90_4_ATGAGTCAGACCAAGC-1,6.0974894,-0.7812981
WT90_4_AGTAACCGTAATTAGG-1,4.9047217,-1.3830137
WT90_4_TATTGCTTCAAATGCC-1,8.641012,4.2570457
WT90_4_TCAGTTTCAGTTGGTT-1,2.9102747,0.7736634
WT90_4_GCATCTCTCTACTTCA-1,2.5989115,0.03559873
WT90_4_GTTGCTCCAAGCAGGT-1,2.9760332,-2.636909
WT90_4_CGCATAAAGATCCCAT-1,2.6189876,-1.9046229
WT90_4_CGCATGGCATTCTCCG-1,6.8324866,2.8558931
WT90_4_GACTATGTCTTGGCTC-1,4.4846687,5.186947
WT90_4_TCATGGATCCTCGATC-1,3.8889189,1.0552741
WT90_4_CCGCAAGTCCCTCGAT-1,3.8258893,5.615106
WT90_4_TAATTCCAGGCGTTAG-1,3.9718912,-0.35336533
WT90_4_CATAAGCTCTGTCCCA-1,10.7006855,6.315391
WT90_4_CCCTAACCATGGGCAA-1,2.7561617,-0.8941031
WT90_4_CTTCGGTCACACCGAC-1,2.347928,1.1217444
WT90_4_GACACGCAGCGTGTTT-1,3.7501812,0.8753036
WT90_4_TCATGGAGTTCGGTTA-1,2.3321633,1.4604683
WT90_4_GAGGGTATCGTCCATC-1,3.6007018,-0.8458155
WT90_4_TGCGATACACCTGTCT-1,4.2662854,-0.08848475
WT90_4_TCTATCAGTGATAGTA-1,1.0815321,0.16584304
WT90_4_GAAGGACAGACGACTG-1,5.1065946,-0.55137306
WT90_4_AGAGCAGAGCATGAAT-1,3.0238452,0.65538216
WT90_4_AGGCATTTCGGACAAG-1,3.5240772,1.427711
WT90_4_AACCCAAAGTGTACCT-1,3.2236142,-0.029113304
WT90_4_GCTTCACGTTAGAGAT-1,3.3790672,-0.7321329
WT90_4_TCAATTCTCCGATAAC-1,7.4959836,3.7994268
WT90_4_TGCCGAGGTCAAGTTC-1,8.634871,1.9043534
WT90_4_GGTTGTAGTACAGCGA-1,5.387606,4.470215
WT90_4_CAATTTCAGACATATG-1,2.067295,-0.5667259
WT90_4_TCCACGTCAGGAGGAG-1,3.7919283,0.31133416
WT90_4_GCAGCTGTCTTACGTT-1,2.4197457,0.868023
WT90_4_GTAGATCAGTAGGTTA-1,8.570635,3.7028427
WT90_4_ATCCACCTCCATTTAC-1,2.1091654,-1.4050721
WT90_4_TACGCTCCATGACAAA-1,3.8228793,1.0023658
WT90_4_GGGTGAAGTATTCCTT-1,6.72173,4.3208594
WT90_4_TACTTGTAGTGGCAGT-1,4.1392183,-2.0337453
WT90_4_GGAGATGTCGGCCCAA-1,1.426634,-1.2545756
WT90_4_TTGGGTAGTTAGGGTG-1,2.7864344,5.582829
WT90_4_CCTACGTCAGCAAGAC-1,6.8384657,5.9188995
WT90_4_TGATCAGAGACATGCG-1,3.089627,3.0437472
WT90_4_TAGAGTCAGCACTAGG-1,2.7324538,1.6204606
WT90_4_CAGCGTGGTGCACGCT-1,1.8954307,-0.9314666
WT90_4_CTGTGGGGTTTCACAG-1,10.999717,6.6744843
WT90_4_AGGGTTTGTTCACGAT-1,4.8043995,5.779278
WT90_4_CCACACTAGTAGGAAG-1,4.7795796,-0.18471207
WT90_4_CCCAACTAGGTAGACC-1,0.7003044,1.262297
WT90_4_CTGCTCAGTTGGGATG-1,4.5032463,4.319489
WT90_4_CTGCCATTCCAACTAG-1,7.8523,3.2458553
WT90_4_GATCAGTCACCACTGG-1,9.797729,3.7253304
WT90_4_AACGTCAGTAGGCTGA-1,3.8658285,-1.3708532
WT90_4_TAGGGTTAGCTAGAAT-1,10.618433,5.1761065
WT90_4_CATACAGTCTGCTTAT-1,4.5926275,2.5187473
WT90_4_TCCTAATGTATTCTCT-1,1.0277338,0.9268561
WT90_4_CACGAATCAGCGAACA-1,3.2482977,3.7009225
WT90_4_AGTAACCAGTAGGGTC-1,1.7179527,3.1945188
WT90_4_TGGCGTGCACACGCCA-1,4.476981,-1.2348087
WT90_4_AACTTCTAGCTCTATG-1,2.2872708,3.6779435
WT90_4_GCAACATTCGAAGCCC-1,9.013949,3.9036934
WT90_4_ACATCGACAGGACAGT-1,4.06247,2.03969
WT90_4_CAGTTCCCAATTCTTC-1,4.8514376,2.0460012
WT90_4_TAACCAGTCGAGTGGA-1,2.6274827,1.5019605
WT90_4_TTTCAGTCAACTGCCG-1,1.7287306,-1.1129458
WT90_4_GCACGGTTCATGTCAG-1,2.3292825,1.6242213
WT90_4_AACACACTCATCTCTA-1,6.6922784,2.9419184
WT90_4_TCCACCACAGAAGTGC-1,3.1053805,2.1151161
WT90_4_AAGCATCAGCCTGTCG-1,2.5969718,-0.7441645
WT90_4_TGCTTGCCATAAGCGG-1,2.463638,-0.35602266
WT90_4_TTGACCCGTAACGATA-1,2.652393,3.8938234
WT90_4_GTTACGAAGAGGACTC-1,0.8081828,0.5926463
WT90_4_ACCAAACAGAGTTGCG-1,0.98567116,-0.5436104
WT90_4_AACCACACACTCCCTA-1,10.13038,3.3797905
WT90_4_CTGAGGCCAAAGGTTA-1,2.9768164,0.055375557
WT90_4_AGGAATATCAAATGCC-1,1.9045876,-0.41275707
WT90_4_CTTAGGAAGACGAGCT-1,3.0015025,0.6022016
WT90_4_TAGGTACGTGTAAATG-1,3.0063374,1.0943053
WT90_4_GATCGTAAGCAATTCC-1,6.3867316,4.662338
WT90_4_CTCCGATTCGATCCAA-1,2.694482,-1.3513095
WT90_4_TACGGTAAGACTAGAT-1,0.76686263,0.90154797
WT90_4_AGAGAATGTTGGATCT-1,3.5168483,1.5528344
WT90_4_CTACAGAGTTCCGGTG-1,10.900055,4.596181
WT90_4_CCGGACAAGGTACTGG-1,4.4467077,2.8169584
WT90_4_ACTTTCACACGCAGTC-1,4.820452,2.4984977
WT90_4_ATTCCCGTCGGACTGC-1,5.103756,1.2935079
WT90_4_AACCCAAAGTTGCGCC-1,3.4227645,0.7678616
WT90_4_ATAGAGATCAAGTCGT-1,2.1352866,0.03891292
WT90_4_TAAGTCGGTCAGGTAG-1,10.583893,6.372999
WT90_4_CCGTAGGCAAACTAGA-1,2.9491122,1.7159851
WT90_4_CTCACTGCACAAGCTT-1,10.67779,6.1922274
WT90_4_TCCACGTGTTGGTACT-1,2.3730195,-0.013210792
WT90_4_ACCCTTGCACCATAAC-1,7.7378454,3.716384
WT90_4_TCACATTTCGTAGAGG-1,2.8257923,-0.90700835
WT90_4_GACGCTGCAGTTTGGT-1,3.58056,4.203137
WT90_4_AAGGTAAAGGTGGGTT-1,3.6844308,2.9000158
WT90_4_GTAGCTAGTCTGTTAG-1,8.38739,5.8845124
WT90_4_AAAGTCCAGGGACCAT-1,3.5292675,-2.1934457
WT90_4_TATGTTCCAACCGTAT-1,7.6158032,3.8671398
WT90_4_ACATGCAGTGCCCACA-1,2.8716118,-2.2060008
WT90_4_GATTCTTTCGCATTAG-1,9.578175,3.9736176
WT90_4_CTGCATCAGAGAGCGG-1,3.7288191,0.86231357
WT90_4_AACAGGGCATACATCG-1,2.1711035,0.015025071
WT90_4_TCCGAAAAGTGAGTGC-1,3.9555397,2.6356146
WT90_4_TTCTGTATCAAGTAAG-1,1.1805394,1.0161822
WT90_4_ATCGTAGGTCGCACAC-1,4.5527654,-1.9563298
WT90_4_ATTGTTCAGTTCCAGT-1,5.7249784,2.4431398
WT90_4_ACTTCGCTCTGACGCG-1,2.0302637,0.9337443
WT90_4_GACTATGGTTCTAAGC-1,3.6727033,-1.2889675
WT90_4_TACAACGTCAAGTCTG-1,4.745419,2.4825969
WT90_4_TGTAACGTCCTGTAAG-1,2.756568,-1.5079129
WT90_4_AGACCATGTGGCCTCA-1,4.260062,1.1131816
WT90_4_GGTCACGCACTGCGTG-1,4.1971292,-0.8744265
WT90_4_AGTTCCCCAACGGCCT-1,9.259433,3.227089
WT90_4_ATGTCCCTCACAGAGG-1,3.955458,-0.086016744
WT90_4_TGAGACTGTGTCATTG-1,3.7536879,-1.1008261
WT90_4_CATTCATAGTGTACAA-1,4.2185454,2.1821978
WT90_4_CCACAAAAGTCACTAC-1,3.003317,1.0619125
WT90_4_ATTGGGTTCGATGCAT-1,3.2139745,-0.6147649
WT90_4_ACACGCGAGACAACAT-1,2.908811,-2.5092614
WT90_4_GTGAGCCAGAGGCCAT-1,3.4779773,-2.478102
WT90_4_TGCGGCATCTGTGCAA-1,3.7010612,5.0483994
WT90_4_AGAGCCCCATGACGGA-1,4.3642235,-0.30881265
WT90_4_TCATTGTGTCTAGTGT-1,6.2983184,2.9450939
WT90_4_AGCTACATCTCCTACG-1,4.7295365,-0.21605048
WT90_4_GGGACAACACATAGCT-1,3.6247783,-1.1366184
WT90_4_GAGTCATAGATTCGAA-1,1.012365,0.39472544
WT90_4_AGTGACTAGCGATGGT-1,5.9758806,2.1052864
WT90_4_AGGTCATCACCCTAAA-1,3.3905685,0.23095629
WT90_4_CAATACGGTAGCCAGA-1,9.425941,2.8201337
WT90_4_TGATGCATCGTCCTCA-1,5.065313,4.9264646
WT90_4_TATATCCGTCGACGCT-1,4.2926736,-0.810793
WT90_4_AAGCGTTGTATCTTCT-1,2.6146977,0.71058357
WT90_4_CATCGGGCAAGCTGCC-1,2.122868,0.9769903
WT90_4_TATACCTCAATGGGTG-1,7.7474627,1.893444
WT90_4_TTAGGGTGTATTTCTC-1,1.9789461,0.9219125
WT90_4_AGTAACCCATCCGAAT-1,2.393029,1.5422575
WT90_4_TGCAGGCCAGATCATC-1,11.012143,6.3749976
WT90_4_ATCATTCAGAAGATCT-1,6.2283826,1.5965363
WT90_4_AAGACTCCACGGCACT-1,3.8106806,-2.2069366
WT90_4_AAAGTGACAGGCGAAT-1,1.9127828,-0.40004852
WT90_4_CTGAGGCGTGTTCAGT-1,2.825181,-1.5879935
WT90_4_CGCCATTAGTATGATG-1,2.4839773,-2.4145653
WT90_4_ATACCGACAGCAGACA-1,3.5280845,-2.445651
WT90_4_ACACCAAGTCTGTCCT-1,3.4949505,3.8083777
WT90_4_ACAGAAAAGTGCCGAA-1,1.5553273,0.9443579
WT90_4_CTCATGCTCGATGGAG-1,6.5437465,1.4845942
WT90_4_CAAGAGGTCCGCAACG-1,7.301917,0.2443745
WT90_4_CGAGTGCGTTACACTG-1,5.3252897,0.0522964
WT90_4_AGAAGCGAGTCGAAAT-1,3.3790126,1.0886115
WT90_4_GCAACATCAAGACCGA-1,9.985765,3.4913335
WT90_4_GACCAATGTGTGTGTT-1,6.7405553,0.6612015
WT90_4_TACCGAAGTATCGTTG-1,10.124273,6.234347
WT90_4_CTCCACATCTGGCTGG-1,1.6142845,0.46939206
WT90_4_TACGGTATCAGTCACA-1,3.97287,0.81352085
WT90_4_ATATCCTCAAAGGCGT-1,2.6461372,-0.16866183
WT90_4_GGCAGTCGTGATAGTA-1,2.2803984,3.534464
WT90_4_TCAAGCATCGTCAACA-1,3.9889216,0.96135634
WT90_4_ATCCCTGAGCTGCCAC-1,4.885877,2.3694663
WT90_4_GCACGGTTCGTAGAGG-1,2.3413744,-0.67891395
WT90_4_GGTAATCTCGTAACCA-1,5.2638617,5.331611
WT90_4_ATCGTGAGTTAGGAGC-1,8.962835,3.3910577
WT90_4_GACAGCCGTTTGTTGG-1,3.860309,-2.1899602
WT90_4_ACAGAAACAAGCGCTC-1,1.9254327,-0.039851837
WT90_4_TAACACGCAGGACGAT-1,10.114742,6.0679355
WT90_4_GAAGGGTCACGTCATA-1,4.9410458,2.3698878
WT90_4_GTATTTCGTTGAGGAC-1,2.496488,-0.8607021
WT90_4_TGCGGGTGTTGCATGT-1,3.2506092,0.65966386
WT90_4_CATCCCAGTACAATAG-1,0.40820387,2.0143614
WT90_4_CCCGAAGAGAAGAGCA-1,4.573824,-1.6735622
WT90_4_CTAAGTGCAACTGTGT-1,3.785666,-1.8176259
WT90_4_TCTCTGGTCTTTCAGT-1,5.8758807,4.2089486
WT90_4_GTGCTGGTCTGCATAG-1,10.925145,6.6331306
WT90_4_GTTGCTCCAAAGGCAC-1,3.9051356,4.2898984
WT90_4_TAAGCACAGAGCATTA-1,9.765921,2.8061268
WT90_4_AATTCCTCAGCGCTTG-1,8.806584,1.3790094
WT90_4_AACACACGTTATAGCC-1,3.5688112,1.3071103
WT90_4_GTTCATTGTCTCACAA-1,2.8763735,-0.0987421
WT90_4_CATACTTAGTGGCGAT-1,3.163849,2.2509277
WT90_4_TGGGCTGCAGCGTGCT-1,4.4314866,0.810129
WT90_4_GATAGAAGTGCCAAGA-1,4.993464,5.1803975
WT90_4_GGGTCACAGTGTACAA-1,4.6996393,5.1561913
WT90_4_GTAGAAACAACCGGAA-1,1.5867809,-0.79781973
WT90_4_ATGGAGGCACTATCGA-1,3.8247397,4.3019857
WT90_4_AGGTTACTCGCCAACG-1,5.8232956,2.2270083
WT90_4_AGAACCTTCATACGAC-1,10.401303,6.775774
WT90_4_CATCGGGAGCATGGGT-1,2.908506,-1.9701997
WT90_4_TGGATGTAGACTGTTC-1,2.028457,0.7655998
WT90_4_CCAATTTTCGGACAAG-1,3.7051344,1.9760827
WT90_4_TCCACCAGTACCCACG-1,6.260936,3.6111393
WT90_4_GACCAATCACCCAACG-1,2.213673,-1.8243167
WT90_4_CACCAAACAGGAACCA-1,4.0247717,2.1362484
WT90_4_GCCAGTGAGTCATGAA-1,4.665777,1.9354932
WT90_4_CAACGATTCGTGTGAT-1,2.806002,1.3535944
WT90_4_TGCATCCAGTGATCGG-1,10.476877,6.435635
WT90_4_TTACTGTAGAGCCGTA-1,4.8120055,-2.6198359
WT90_4_TGATCAGCACACGGAA-1,8.014874,2.4082553
WT90_4_GCAGCCAGTCTTCCGT-1,5.874883,-0.566742
WT90_4_GTTGCGGAGATGTAGT-1,4.833767,1.7551769
WT90_4_GGTCTGGTCGGCTCTT-1,3.2879498,-0.75240946
WT90_4_GGGTGTCTCGGAGTGA-1,4.521893,3.9655147
WT90_4_CTTGATTCATTGAGGG-1,2.7133892,1.7836555
WT90_4_TTTCGATGTGAATATG-1,2.8633997,2.3815207
WT90_4_TTCTGTACACACACTA-1,5.1502867,1.6078876
WT90_4_TGGGATTCACAATCTG-1,3.9684043,-1.9678025
WT90_4_AGTTCGATCCTTCGAC-1,11.133393,6.485977
WT90_4_TTGGGATGTTCGTTCC-1,4.108517,4.3286576
WT90_4_GCCATTCGTCCATACA-1,4.577681,-0.6841215
WT90_4_CACTGGGGTCGCGTCA-1,4.6461053,-0.8563902
WT90_4_TCTTTGATCTGGACTA-1,7.5313945,4.163242
WT90_4_TCCGATCAGTCTACCA-1,2.0024626,1.0026953
WT90_4_ATGCATGAGCATCCCG-1,3.5156956,2.256769
WT90_4_GCGGAAATCATCGACA-1,2.6011255,-1.694916
WT90_4_ATCCCTGTCGCCTTGT-1,9.9892645,3.6307244
WT90_4_ATTCACTTCAGTGTGT-1,10.469799,5.709053
WT90_4_TGTGAGTCAAGCGATG-1,2.2626925,-1.2165158
WT90_4_CAGATCACAAGACAAT-1,5.296711,6.196158
WT90_4_TGATTTCAGGGCCCTT-1,2.18442,0.7789523
WT90_4_ATTCACTTCTGGTTGA-1,8.23824,2.3612525
WT90_4_TCCTGCACACAGCCAC-1,4.881005,5.219514
WT90_4_AGGCCACGTTACCGTA-1,8.103536,4.361444
WT90_4_ATAGACCCATGTGTCA-1,2.4921079,4.076174
WT90_4_ACGTACAAGCATCCCG-1,6.254214,0.41815257
WT90_4_AGGAATAGTTAAGACA-1,4.015483,-0.2547874
WT90_4_TAGGGTTTCGTCAAAC-1,5.1248336,1.3559978
WT90_4_CGTGAATGTACAAGTA-1,1.225972,1.5224464
WT90_4_TCCCACAAGTCAGAGC-1,8.825146,3.335908
WT90_4_AAGCGTTAGATCGCTT-1,3.8699462,3.1262167
WT90_4_CTGGACGTCTGAGCAT-1,3.277756,0.67842317
WT90_4_ATTTACCAGATGGTCG-1,6.656725,2.8567007
WT90_4_TGTTCTAGTATAGGAT-1,1.4644614,0.7611172
WT90_4_GGAATCTGTCCAGCGT-1,3.688361,-2.309383
WT90_4_GTTATGGGTACGGATG-1,4.151552,5.9921155
WT90_4_ATTACTCAGGGATCGT-1,2.6181886,4.611155
WT90_4_CTGATCCTCTCCCATG-1,5.330452,0.9777333
WT90_4_CCGGTAGGTTCCAGGC-1,3.0555842,2.0432184
WT90_4_TGGGATTAGGATGAGA-1,1.7399523,-1.6533252
WT90_4_TGTACAGTCATTGCGA-1,4.574617,1.2456431
WT90_4_AAGCGAGAGGTAGCCA-1,3.7662342,3.2673144
WT90_4_CTCATTAAGAGTCTTC-1,3.463902,2.7572708
WT90_4_CTTCTAAGTGATTAGA-1,4.7511964,-0.16894211
WT90_4_TCTCAGCCACGGTGAA-1,6.79827,2.267492
WT90_4_CTACCCACATTATGCG-1,4.639841,-1.1886401
WT90_4_TAGGAGGTCTAGGCAT-1,2.7832348,-0.43123174
WT90_4_TTCGATTAGGCTCCCA-1,6.0817685,0.56690454
WT90_4_AACAACCGTAACACCT-1,4.5951295,5.312075
WT90_4_GGAGCAATCCGTACGG-1,5.271842,0.08945076
WT90_4_CCTCTCCTCGCGGACT-1,5.895457,1.6041746
WT90_4_TCACTATAGAAACTGT-1,6.441229,2.3155847
WT90_4_GCTACAACACTCCGAG-1,4.290198,0.28622597
WT90_4_CAGCAATCAGTATTCG-1,3.770362,-0.7532407
WT90_4_TCTCCGAAGGGAGGTG-1,3.470736,-2.7547336
WT90_4_AGGTTACAGAATCTAG-1,2.9557462,-1.3909901
WT90_4_GTAACACCAGGTCCCA-1,4.999622,-1.6883405
WT90_4_CATTCTAGTTCCCAAA-1,2.08865,1.0154825
WT90_4_TGAGGAGAGCAACCAG-1,8.520197,2.6598246
WT90_4_CCCGAAGTCAAAGCCT-1,4.393901,2.5060253
WT90_4_GGTAATCTCTATCGGA-1,1.2436937,2.3050404
WT90_4_GCCCGAATCATCCTGC-1,8.030021,2.856818
WT90_4_GCAGCCAAGAGGGTGG-1,1.7821496,-0.21444717
WT90_4_CTCATTATCCGATAGT-1,8.35715,3.2631893
WT90_4_TCATGGACACTAGGCC-1,2.9775774,-1.4672431
WT90_4_CATGGTAAGACATAAC-1,2.7624512,0.6730787
WT90_4_GTGCTTCAGATGCCGA-1,5.28888,2.119854
WT90_4_CATCAAGCAGCCATTA-1,5.327653,3.9739172
WT90_4_CATCAAGCACAAACGG-1,7.466323,3.583258
WT90_4_ATAGGCTCATCTGTTT-1,5.694212,5.8081717
WT90_4_CTGTGGGGTCACGCTG-1,4.774359,2.6335638
WT90_4_GGAACCCCATCCCGTT-1,4.371823,-0.19167644
WT90_4_GGATGTTGTGATACAA-1,2.0125666,1.9946316
WT90_4_AGCCACGTCTTGCAGA-1,3.129916,1.3907264
WT90_4_GGGAGATGTGAGAGGG-1,2.8608546,-1.6847794
WT90_4_CCTATCGGTCTGTGAT-1,5.085956,0.99667984
WT90_4_CTTTCAAAGAGGCCAT-1,5.362098,0.20199783
WT90_4_GACTCAACAGAGTTCT-1,5.7687397,2.5693061
WT90_4_TCATCCGGTTGTGGCC-1,4.9649053,2.8752937
WT90_4_CTATCTATCAAGGAGC-1,2.1380234,-0.02217252
WT90_4_AGAAATGTCTCATAGG-1,4.309536,-0.2782661
WT90_4_AACAACCTCGGTAACT-1,4.1752825,-0.06157245
WT90_4_TCATGAGAGGTAAGAG-1,5.059833,1.9666884
WT90_4_TTCAATCAGCGTTAGG-1,3.0421443,-1.1503744
WT90_4_CTACATTTCAGCTTCC-1,6.1094036,1.7932303
WT90_4_AGTCAACAGTGTTGTC-1,10.620178,5.7862167
WT90_4_ACCTGAAGTGGTATGG-1,4.6256275,0.5338731
WT90_4_GAGACCCTCTATCCAT-1,8.295315,3.755902
WT90_4_TGCTGAATCCGTGGGT-1,5.7706823,1.3559775
WT90_4_AGTGACTGTGGTTTGT-1,4.0295053,2.4834285
WT90_4_TGCATGAAGTAGTCAA-1,11.396858,6.415964
WT90_4_CCACACTCAAGTATCC-1,7.4501724,2.145009
WT90_4_GACTCAACAAAGAACT-1,5.9189434,1.9848014
WT90_4_TCAAGTGTCCATTCAT-1,5.985321,1.1213303
WT90_4_TTCGATTGTGTCGCTG-1,8.690002,4.646905
WT90_4_TGGGAAGCACTGAGTT-1,5.7981744,3.4295144
WT90_4_CACGTTCAGGGACACT-1,5.4422216,0.41577145
WT90_4_ATGCGATAGGATTTGA-1,5.723631,2.7167199
WT90_4_GACGTTACAACTGCTA-1,4.444092,1.8259096
WT90_4_TGCGACGTCTTTGCAT-1,3.1631503,1.2922976
WT90_4_GTTGCTCTCGGAGTAG-1,4.2362013,5.0520635
WT90_4_CCATAAGTCAACCCGG-1,5.181028,-0.93214077
WT90_4_ACTGATGAGAGCTGAC-1,3.2542386,-1.3461257
WT90_4_GGAACCCAGCAGCGAT-1,3.6473317,2.1267061
WT90_4_TTGCTGCCACCCTGTT-1,5.4396305,-0.12389269
WT90_4_AAACCCAAGCTGTCCG-1,3.680513,-0.3315558
WT90_4_GACTCTCCAACCTATG-1,5.3898997,3.357302
WT90_4_GTCGAATCACACCGAC-1,3.6717503,-2.3627305
WT90_4_GTCGAATTCACTTCTA-1,4.100417,1.8372836
WT90_4_GTGCGTGCACTGGATT-1,6.31284,5.7375593
WT90_4_ATCGATGTCCATACAG-1,9.950973,4.6867228
WT90_4_TGGTGATTCCTAAACG-1,4.6755414,5.1186523
WT90_4_CATACCCCAAGGTCGA-1,5.4009857,4.2780714
WT90_4_TTAGTCTAGCTAATGA-1,4.562047,5.215384
WT90_4_TTACGTTGTACGATCT-1,2.7524042,-0.27798143
WT90_4_GATCCCTCAAGCCTGC-1,10.090106,3.29198
WT90_4_GCCAACGTCGCTAATG-1,3.787479,1.8068796
WT90_4_TGAGGTTAGACATGCG-1,4.176593,-0.79813665
WT90_4_TCAATTCAGCAACAAT-1,8.203963,2.6225402
WT90_4_GACTGATAGGTGATAT-1,4.6015553,3.9548092
WT90_4_CAGTTAGAGTTTCGGT-1,8.910641,3.2229939
WT90_4_TAAGCCATCTTGTGCC-1,6.877042,1.355047
WT90_4_TGAGACTTCGCAATGT-1,3.7291114,2.214039
WT90_4_GGATGTTGTGGCAGAT-1,9.489508,3.1576889
WT90_4_CTGGTCTAGACGCAGT-1,5.870253,1.5323399
WT90_4_TGCTGAATCGGTCATA-1,3.9409106,2.4211466
WT90_4_CGTGTCTGTAGAGTTA-1,9.094139,2.1735797
WT90_4_CGGTCAGGTTATGGTC-1,5.9634476,0.8260907
WT90_4_TCAAGCACAACCAACT-1,5.8731074,2.067673
WT90_4_TTCGCTGCATCGTTCC-1,4.6227264,0.1765511
WT90_4_GCACATACACACGCCA-1,4.989831,-0.9002389
WT90_4_GTCGAATCATAGTCGT-1,3.5961666,3.1461065
WT90_4_AAACGCTCAAGATCCT-1,9.939742,3.8457134
WT90_4_TCCTTTCGTGTTCCAA-1,8.245254,3.747281
WT90_4_ATGAAAGGTAATTAGG-1,3.6377978,-1.0783982
WT90_4_GCCAGGTAGAGAGAAC-1,2.925025,3.8287983
WT90_4_ACTGTGATCACCATAG-1,4.677195,3.915445
WT90_4_AGGTTGTGTAAGACCG-1,3.1291502,0.91102344
WT90_4_TTTACTGGTTATAGAG-1,6.831495,2.3386621
WT90_4_CTGATCCGTCTTGTCC-1,4.0255423,-2.378011
WT90_4_TCTCACGGTCGATTCA-1,6.2314625,2.2415688
WT90_4_TGTACAGCAAGAATAC-1,10.375991,5.722137
WT90_4_CCTCAACAGACTGTTC-1,5.563552,-0.576841
WT90_4_CGTGTCTAGCGATGAC-1,2.054135,1.120092
WT90_4_TGAGGGACAGGAGGAG-1,1.4490315,0.33811966
WT90_4_ATCCTATAGCAACCAG-1,5.673922,0.70079094
WT90_4_CTCCCAAAGACAGCGT-1,8.408335,3.0539985
WT90_4_TTCTTCCCAGGGACTA-1,4.6920986,-0.6808607
WT90_4_AAGTTCGCACTCCTTG-1,1.4689106,1.3990544
WT90_4_TCATCATTCAGCTAGT-1,4.085904,-1.6067528
WT90_4_CAGCACGAGTTGCGAG-1,3.8963714,5.286284
WT90_4_TGCGGGTTCGCTACAA-1,7.6125245,1.5711995
WT90_4_CTTCGGTTCCAATGCA-1,6.766172,-0.11023213
WT90_4_ACGGGTCAGATAGTGT-1,7.598405,3.3415775
WT90_4_TGGGCTGTCTTCTGTA-1,4.3375297,2.2945893
WT90_4_GGAATCTTCCATTGTT-1,7.758964,2.979764
WT90_4_CACCGTTTCTAGTACG-1,5.3257394,-0.058118876
WT90_4_TCGTGCTGTGACGTCC-1,4.5033965,4.9073567
WT90_4_ACCAAACGTCTGTCCT-1,3.8661506,-2.1404388
WT90_4_ATTCTTGGTAGGAAAG-1,5.6140404,2.256355
WT90_4_CTGTGGGCATGACACT-1,9.379078,5.585572
WT90_4_TAATCTCTCGAGAAAT-1,4.841297,5.4505157
WT90_4_TCGTGCTTCGGTGAAG-1,3.5529528,0.5043086
WT90_4_TACTGCCTCTTCGGTC-1,5.7052455,-1.2763091
WT90_4_ATGGGTTAGTTAGTGA-1,3.671259,0.62510544
WT90_4_CTCTCAGAGATGTAGT-1,4.6784554,6.6700883
WT90_4_TGCATGATCAACGCTA-1,5.826126,0.6533248
WT90_4_AGTTCGACAACGAGGT-1,8.957688,4.4431443
WT90_4_TCAAGTGAGACTCAAA-1,2.6721585,1.2061324
WT90_4_AGGTAGGGTTGGGCCT-1,7.753889,5.2981925
WT90_4_TGGGCGTCATACCAGT-1,5.187881,1.6239377
WT90_4_TCCTAATAGAGCCATG-1,4.5915103,0.38771617
WT90_4_CAACAACTCCAACTGA-1,3.6396112,3.849682
WT90_4_TTTACGTAGCTGTACT-1,6.0645304,2.2996614
WT90_4_CGTGTCTTCTCTGAGA-1,3.0902827,-1.7807677
WT90_4_TAATCTCGTCTCGACG-1,4.5604224,2.3655138
WT90_4_CCACGTTCAAATAAGC-1,2.9650934,1.0292482
WT90_4_CCACACTTCCGAGCTG-1,2.8062563,0.12441474
WT90_4_GACCTTCAGGCTAAAT-1,1.497731,-0.1069798
WT90_4_CAATGACAGGAGGCAG-1,8.049872,3.266306
WT90_4_GATCAGTAGCTAGTTC-1,4.02662,1.9248501
WT90_4_AACACACAGCACCCAC-1,4.698267,-0.3934076
WT90_4_AATGGAATCGGTAACT-1,5.414742,0.21367598
WT90_4_CCCTTAGAGTCACTAC-1,4.581663,-0.061241914
WT90_4_TACCGAACACCAAATC-1,8.017429,3.3866024
WT90_4_CTCATTAAGTTCCAGT-1,5.527081,2.723969
WT90_4_GCTTCACAGTGAGGCT-1,5.9502053,-0.527995
WT90_4_ACCCAAAAGTAGCTCT-1,2.8358483,3.4100847
WT90_4_ACAGCCGGTGTGATGG-1,5.668173,4.3800607
WT90_4_ATCACTTTCGGTGTAT-1,6.004153,3.5781112
WT90_4_GTCTAGACAGAACTTC-1,-0.8947232,2.5839856
WT90_4_CACTAAGTCAACTGGT-1,4.343372,1.5988694
WT90_4_GTAGTACTCCGCGATG-1,-0.015353824,0.9036374
WT90_4_GCCGATGCACGGGCTT-1,3.0866017,1.6592393
WT90_4_TCGTGCTAGAGCCGAT-1,5.9606338,1.5736301
WT90_4_CAGATACCACCCTTGT-1,6.067295,1.1302868
WT90_4_GTCTCACGTTGCTCAA-1,5.800152,-1.125167
Folr1_E70_1-GTCATGAGTATGGTTC-1,3.5450263,6.669807
Folr1_E70_1-GATCACAAGGCAATGC-1,6.52233,5.4715233
Folr1_E70_1-TGCTCCAAGTAGGGTC-1,4.0680885,7.857731
Folr1_E70_1-GCAACCGCAATAGTCC-1,2.5681968,6.453354
Folr1_E70_1-TCTAACTTCCTAACAG-1,2.4596777,5.843796
Folr1_E70_1-AATGACCAGACCGCCT-1,-1.6843613,7.046026
Folr1_E70_1-TAGACCACACTGCACG-1,2.784299,5.983753
Folr1_E70_1-AACCCAATCGGCCCAA-1,2.6647875,6.865888
Folr1_E70_1-AGTCATGAGGTCATTC-1,4.5514097,7.7362857
Folr1_E70_1-CAACGATCAGATTCGT-1,0.07574296,7.767061
Folr1_E70_1-GAAGTAAAGCGTGCCT-1,0.42440227,7.46819
Folr1_E70_1-CAGGGCTCATGTGCCG-1,1.4056456,6.7978578
Folr1_E70_1-TTCCGGTTCCCAGTGG-1,4.472676,5.983245
Folr1_E70_1-TAGCACATCTGAACGT-1,1.8838543,6.8643317
Folr1_E70_1-CCACACTCACATAACC-1,3.2236836,6.8631463
Folr1_E70_1-TGTGAGTTCCACGAAT-1,0.29618305,7.5368567
Folr1_E70_1-TAGCACACATGAGGGT-1,3.5675488,5.5317125
Folr1_E70_1-CGACAGCTCCCATACC-1,3.0586972,7.1012845
Folr1_E70_1-AGACAGGCAACTGCCG-1,-2.0206835,8.674854
Folr1_E70_1-ACCGTTCTCAGCCCAG-1,2.0577986,7.0433106
Folr1_E70_1-GGTGATTTCGTACCTC-1,-0.86368906,7.5135493
Folr1_E70_1-AGTACCAAGGCCACCT-1,5.5639286,5.4925513
Folr1_E70_1-GGAACCCGTCTCGACG-1,-1.5959224,8.871339
Folr1_E70_1-CTGAATGGTAGAAACT-1,-1.8157549,9.274808
Folr1_E70_1-CAAGCTAGTGCCTATA-1,-1.4940192,7.5023694
Folr1_E70_1-AACGTCACAAATGATG-1,1.5864396,5.8550286
Folr1_E70_1-AACCTTTAGTTCATGC-1,2.3991401,4.509502
Folr1_E70_1-TCCACCACAGACTCTA-1,2.8391283,5.889601
Folr1_E70_1-CTCAATTGTTGTGCAT-1,2.9489923,5.9733534
Folr1_E70_1-ATACCGAGTACCATAC-1,1.6486448,6.343812
Folr1_E70_1-ACCATTTGTGGAATGC-1,-1.2701391,8.120483
Folr1_E70_1-ACCCTTGCAGTTCACA-1,5.786079,5.286955
Folr1_E70_1-ACCCTCATCTTCGGAA-1,0.5817843,7.8635583
Folr1_E70_1-GATGCTATCAGCTTCC-1,8.36461,6.1228676
Folr1_E70_1-GCAGTTAGTTCGTGCG-1,3.2605062,5.7880735
Folr1_E70_1-CAGCACGTCCATGATG-1,6.7896104,5.771697
Folr1_E70_1-GAAGCGACAGCACAGA-1,2.9350743,4.919018
Folr1_E70_1-GTTCGCTTCAAGGTGG-1,4.2159753,5.956785
Folr1_E70_1-TTCCACGAGCTAATCC-1,0.17825224,6.065119
Folr1_E70_1-GAGTCTAAGTTAACAG-1,0.07195022,6.695323
Folr1_E70_1-CTTAGGAGTAGATGTA-1,2.3972,6.157935
Folr1_E70_1-TGAGCGCCAATAGTGA-1,6.242016,5.6541553
Folr1_E70_1-CATCCCAGTCGTTGCG-1,2.4543436,5.7815995
Folr1_E70_1-GTGGAAGCACACGTGC-1,-0.42933267,7.3028626
Folr1_E70_1-TGAGGTTAGTTCATGC-1,3.307051,6.967422
Folr1_E70_1-TAACCAGGTCCAGCGT-1,-0.39021242,8.005718
Folr1_E70_1-TGTGTGAAGTCAATCC-1,-1.4611995,8.778369
Folr1_E70_1-ACGTAACCAGAGATTA-1,3.478828,6.0091443
Folr1_E70_1-CATCCGTAGAAGAACG-1,1.9130548,7.1291213
Folr1_E70_1-CCCGGAAGTCACCCTT-1,5.582663,5.4445615
Folr1_E70_1-CGTGCTTTCGATAACC-1,4.218116,5.335229
Folr1_E70_1-TTACTGTTCGCTGTCT-1,-1.6946101,7.2235975
Folr1_E70_1-AGGTCTACACTCCGAG-1,-0.69789946,7.5826325
Folr1_E70_1-CAGGGCTCAATACCTG-1,-0.78301847,8.841452
Folr1_E70_1-AGAACCTGTTCAAGGG-1,5.6837134,4.50833
Folr1_E70_1-ATTATCCTCCAGTGTA-1,0.5344521,6.3298874
Folr1_E70_1-GAGTTTGAGATCGCCC-1,0.6422332,7.050551
Folr1_E70_1-GGAGATGGTGGGTATG-1,6.391298,5.3325996
Folr1_E70_1-CGATGGCGTGGATCGA-1,-1.2709167,8.315124
Folr1_E70_1-GAATCGTAGCGTTACT-1,4.8216734,5.720721
Folr1_E70_1-CATTCTATCTAGAACC-1,-0.83556634,7.5740914
Folr1_E70_1-TCAAGTGGTGAACTAA-1,2.5954347,6.691127
Folr1_E70_1-AGCGTATGTCTAACGT-1,7.1137466,4.978491
Folr1_E70_1-ACCTACCAGATAACGT-1,2.5292997,5.983581
Folr1_E70_1-TGCACGGCACTCTAGA-1,-0.48503032,7.053453
Folr1_E70_1-GTCTACCGTGAACTAA-1,-1.4460553,9.4535055
Folr1_E70_1-GGGACAAAGATGAAGG-1,0.82009137,6.5489874
Folr1_E70_1-CACAGATCAACCACAT-1,-1.7412419,7.5926695
Folr1_E70_1-ACTGTCCGTTCTATCT-1,0.37137964,9.663775
Folr1_E70_1-ATCGTCCCACCAGGTC-1,3.801415,6.8756056
Folr1_E70_1-TGATTCTTCATTCGTT-1,-0.40832046,7.820871
Folr1_E70_1-AACCCAAAGCATGATA-1,4.3095694,6.0102763
Folr1_E70_1-CACAGATCATCATCCC-1,2.752961,6.1029077
Folr1_E70_1-AGAAGTATCGCAGTGC-1,4.0024986,5.036903
Folr1_E70_1-TCTTCCTTCGACGAGA-1,1.2378556,5.907084
Folr1_E70_1-GTGAGTTCATTGCCTC-1,-1.3264055,6.7306223
Folr1_E70_1-TTAGGCACACATTACG-1,0.82472247,6.9891696
Folr1_E70_1-CACGAATGTATTCCGA-1,2.6508787,5.884054
Folr1_E70_1-TCTTGCGGTAGCGAGT-1,-1.5315757,8.349404
Folr1_E70_1-CCGGACAAGTTCTCTT-1,5.766139,5.584299
Folr1_E70_1-CAAGCTACACCCTTAC-1,0.07949549,5.9124475
Folr1_E70_1-TCCTCGAAGTGGAAAG-1,-0.32156026,5.8708644
Folr1_E70_1-AACGTCACAGTGTGGA-1,3.601475,7.0287557
Folr1_E70_1-TGTCCACCAGGAAGTC-1,2.3792245,6.560259
Folr1_E70_1-CATTTCAGTTGAGAGC-1,1.8356619,5.786351
Folr1_E70_1-CAAGCTATCAAGAGGC-1,-1.4798003,8.488284
Folr1_E70_1-CAACCAACAGACGCTC-1,-1.821632,9.136473
Folr1_E70_1-GGGACAATCTTCCAGC-1,-0.18429726,9.196817
Folr1_E70_1-TACCGGGGTACTCGTA-1,-0.88906497,6.847873
Folr1_E70_1-CAAGCTAGTCTACACA-1,6.139228,5.745587
Folr1_E70_1-AGGGTGAGTGTTACAC-1,-0.034329914,8.645813
Folr1_E70_1-AACCACATCTCGCCTA-1,3.3730323,6.1130104
Folr1_E70_1-TCTTAGTAGGCGCTTC-1,3.420614,7.2872987
Folr1_E70_1-CCTCCTCTCTACGGGC-1,0.44072726,6.629628
Folr1_E70_1-GCTACAATCGCTAGCG-1,2.5633006,4.846287
Folr1_E70_1-GATAGCTAGTTAGTAG-1,1.3656728,4.5780487
Folr1_E70_1-TTAGGGTTCTGTCAGA-1,-0.16072217,10.682653
Folr1_E70_1-AAGTGAAAGCGCCTAC-1,1.974359,6.8879905
Folr1_E70_1-TCGAACAAGTAAATGC-1,-0.92950034,7.3615384
Folr1_E70_1-GTACAACAGCATTGAA-1,-0.074722,5.6557455
Folr1_E70_1-CTAACTTCAACTGGTT-1,-1.709505,8.627546
Folr1_E70_1-GTGCTTCTCCGAGGCT-1,-1.2216328,8.0650015
Folr1_E70_1-TGATTTCTCTGGGTCG-1,2.013402,6.360577
Folr1_E70_1-GCTGGGTCACAGTGTT-1,6.722567,5.120282
Folr1_E70_1-AATTTCCAGAGCAGAA-1,-1.3524909,8.276864
Folr1_E70_1-TACATTCGTACCGGCT-1,2.6263301,6.890027
Folr1_E70_1-ACCATTTTCACTCACC-1,6.513689,5.6877007
Folr1_E70_1-CTATAGGTCCATCGTC-1,-1.2546388,9.69827
Folr1_E70_1-GGGACTCCATCTAGAC-1,3.072143,5.70206
Folr1_E70_1-AAGATAGCAGCACCCA-1,-1.3999845,6.6098533
Folr1_E70_1-CTCATTATCTTCGACC-1,-1.1215392,9.572222
Folr1_E70_1-CATCGTCCACTCACTC-1,2.46372,5.8143206
Folr1_E70_1-ACAGCCGCACTGCGAC-1,-1.4135718,8.347241
Folr1_E70_1-TGGTGATAGAAACTGT-1,-0.91470313,8.0048
Folr1_E70_1-ATCTTCACAGATCCTA-1,1.6605538,6.199474
Folr1_E70_1-CAAGCTATCACTGATG-1,2.0199594,4.351153
Folr1_E70_1-TTTATGCAGCGTCAGA-1,3.058075,4.3692813
Folr1_E70_1-GTCAAACTCGCTTAAG-1,2.5022051,6.4983587
Folr1_E70_1-CTTCTAATCGCTTACC-1,3.2128286,5.826858
Folr1_E70_1-CACATGAGTGAGTCAG-1,2.0597692,4.0733194
Folr1_E70_1-TGAATGCCAACCCGCA-1,2.4203503,5.8647385
Folr1_E70_1-TGTCCACGTCCTGGGT-1,2.4842806,6.0328403
Folr1_E70_1-GCAGCTGTCTGCTTAT-1,-0.1901607,6.6222715
Folr1_E70_1-GACTATGGTGGTTTAC-1,1.9893001,6.709828
Folr1_E70_1-TGCTCCATCGACACCG-1,0.72802234,5.695907
Folr1_E70_1-GCGGATCCACACCGAC-1,0.74996287,5.4760275
Folr1_E70_1-ACCTGAACATTCACAG-1,-1.6816278,7.612792
Folr1_E70_1-GATGGAGGTTGCTCGG-1,-1.1931264,6.0109396
Folr1_E70_1-CCAATTTTCCTTCTTC-1,2.0937505,6.4019494
Folr1_E70_1-TACGTCCCACAATCTG-1,2.3169181,6.5816374
Folr1_E70_1-GGTTGTAGTCTTAGTG-1,2.875795,6.954043
Folr1_E70_1-CAAGACTAGTGATCGG-1,5.805977,5.577112
Folr1_E70_1-GATGCTAAGGCTCCCA-1,5.210621,5.738789
Folr1_E70_1-CCCGGAATCCTTGGAA-1,-1.7707614,8.982304
Folr1_E70_1-GCCCGAAAGCTCACTA-1,-1.0937282,9.667434
Folr1_E70_1-GGTGGCTGTCTTGAGT-1,7.156263,5.7181907
Folr1_E70_1-GCTTCACCACGTAGTT-1,-0.7018034,8.710322
Folr1_E70_1-CAGATACTCGCTGATA-1,-0.09176751,5.8543825
Folr1_E70_1-GTCATGAAGGACTATA-1,-0.60878414,9.115397
Folr1_E70_1-CTACATTGTATCTCTT-1,6.445025,5.2227144
Folr1_E70_1-TGCAGTAGTTCTTCAT-1,6.936879,5.696519
Folr1_E70_1-ATTACTCGTTATGTCG-1,-1.0830567,8.870425
Folr1_E70_1-AAATGGAGTTTCCAAG-1,-0.029530382,6.2885
Folr1_E70_1-GAGACTTCAACGGGTA-1,2.195091,4.8062797
Folr1_E70_1-TTACGTTTCCAAGCCG-1,-1.2995809,9.593542
Folr1_E70_1-TCACTATAGTATTAGG-1,-1.3596845,9.206917
Folr1_E70_1-GCTGCAGAGTCACACT-1,-1.5738999,8.11738
Folr1_E70_1-CTACCCACAATTGCCA-1,0.1976467,8.141028
Folr1_E70_1-GTTACGAGTTCACCGG-1,2.6801164,5.4234953
Folr1_E70_1-CTCTGGTAGCCACTCG-1,0.0691866,6.79374
Folr1_E70_1-ACCTGTCAGCGATTCT-1,-0.2742673,8.998397
Folr1_E70_1-ACCCTTGAGAATTGTG-1,-1.1997871,8.037077
Folr1_E70_1-AGATAGACATAGAATG-1,2.3416364,6.6023555
Folr1_E70_1-TAGGTTGCAGGATCTT-1,2.34892,3.030566
Folr1_E70_1-CTCAGAATCGGCTGAC-1,1.0567976,5.3050437
Folr1_E70_1-ATGAGGGCAAGGACAC-1,3.9932933,3.940242
Folr1_E70_1-TACCTGCTCACTGTCC-1,-0.661612,8.132622
Folr1_E70_1-TCTATACTCGTAGCCG-1,2.8879945,6.5490694
Folr1_E70_1-AGCCACGCAAGCCCAC-1,-0.7579924,7.446763
Folr1_E70_1-ATCCCTGAGGACTATA-1,-0.32920834,6.506877
Folr1_E70_1-AATTCCTCAAAGACGC-1,2.4197407,5.4797006
Folr1_E70_1-CATCAAGAGGTTACAA-1,-0.65536994,9.000868
Folr1_E70_1-CACTGGGCACAGAAGC-1,-0.51399785,6.8106165
Folr1_E70_1-GTAGATCGTAGCCCTG-1,1.8826047,6.804797
Folr1_E70_1-ACGGTCGAGAAGATCT-1,3.9606254,6.1531377
Folr1_E70_1-ACGTAACCAAGCCTGC-1,-0.890565,8.563129
Folr1_E70_1-CTCAATTCAATAACGA-1,-1.7721618,8.363663
Folr1_E70_1-CGATGGCGTATCAGGG-1,-1.3437035,6.971585
Folr1_E70_1-ATTCATCCAGCTAACT-1,-1.2678105,7.985418
Folr1_E70_1-ATGGATCCACACGTGC-1,-1.0199817,8.553192
Folr1_E70_1-GCACGGTCATTCAGGT-1,-0.66386986,6.941443
Folr1_E70_1-CCACGAGCAGCATGCC-1,0.21263786,8.519077
Folr1_E70_1-TTCCACGTCATGACAC-1,7.1751437,6.1519227
Folr1_E70_1-GAGCCTGGTGAATAAC-1,-0.90910786,8.737767
Folr1_E70_1-TCAGGGCCAGCGACAA-1,-1.1917078,7.7169905
Folr1_E70_1-TATATCCGTAGATCGG-1,2.4193428,5.123635
Folr1_E70_1-AAGGAATAGCTTCATG-1,0.5990292,6.9849358
Folr1_E70_1-AACGGGAGTTCCTTGC-1,1.6301792,6.471045
Folr1_E70_1-TGTCAGAGTAGATCGG-1,-1.5889883,7.5921884
Folr1_E70_1-GTCAAGTGTGTTACTG-1,-0.17755845,7.992673
Folr1_E70_1-ATTACCTTCGCACGGT-1,1.699693,5.2828197
Folr1_E70_1-GTAGAAAAGGTCGTGA-1,-0.5746039,7.458155
Folr1_E70_1-AGAGCAGTCTACCTTA-1,-1.5328407,6.922196
Folr1_E70_1-GTTCGCTCAGGTCTCG-1,2.1604865,5.7328687
Folr1_E70_1-CCGTAGGTCAAAGAAC-1,-0.8284841,7.5609245
Folr1_E70_1-TTCTTCCTCCCGTGAG-1,-1.5845411,7.960337
Folr1_E70_1-GTAAGTCTCCCGAGTG-1,-0.6689489,8.560663
Folr1_E70_1-GGTTGTATCAGACTGT-1,-0.24821515,8.469434
Folr1_E70_1-CATCCACGTTACGTAC-1,-1.4155419,7.0357704
Folr1_E70_1-TCAGTGACAGCACCCA-1,-0.3861019,6.9674673
Folr1_E70_1-CCTCCAACAAGCAATA-1,2.2666543,6.608485
Folr1_E70_1-CTTCTAACACTGGATT-1,-1.1883926,7.8289156
Folr1_E70_1-CATCCCAAGGTTCCGC-1,2.5645237,4.45667
Folr1_E70_1-AGATGCTTCGCGAAGA-1,1.9634691,5.4225836
Folr1_E70_1-GTTTGGAGTATACGGG-1,-0.713414,6.595187
Folr1_E70_1-CTTAGGATCCCTATTA-1,0.111616686,6.608099
Folr1_E70_1-CCGGTGAGTGGAACCA-1,2.5718157,6.0376396
Folr1_E70_1-CCTCTAGAGACCTCAT-1,-0.16654174,9.086052
Folr1_E70_1-AGTCAACCAAGTATCC-1,-0.7011552,7.837108
Folr1_E70_1-CATTCTACATGTGCTA-1,3.4447885,4.8325496
Folr1_E70_1-TACCTCGCACAAGCTT-1,-0.83388865,7.9861264
Folr1_E70_1-GGAGGTAGTATGACAA-1,0.62676287,6.808464
Folr1_E70_1-TCAATTCGTCCAGTTA-1,-0.9746257,8.613811
Folr1_E70_1-AGATCCAAGACAGCGT-1,3.3071232,6.971092
Folr1_E70_1-ACTGTGAGTACCGTCG-1,-0.88551015,7.584786
Folr1_E70_1-TTACCGCGTGCAGATG-1,2.4285848,5.8852906
Folr1_E70_1-TCATTCATCACCTCTG-1,2.9832132,5.6683006
Folr1_E70_1-TGACCCTCATACCACA-1,0.16798775,5.0171585
Folr1_E70_1-CGCCAGAAGCTTAGTC-1,1.3900144,6.8711023
Folr1_E70_1-TTGGTTTAGACATACA-1,-1.0629555,9.174426
Folr1_E70_1-TACAACGGTACAAACA-1,7.3111143,5.828144
Folr1_E70_1-TCGTGGGCAGTGCCTG-1,-0.3298367,6.3782983
Folr1_E70_1-TTTGGTTCAAAGGCGT-1,-1.2429641,6.4407134
Folr1_E70_1-GGAGCAAAGAAACTAC-1,2.1921139,6.245732
Folr1_E70_1-TATCAGGTCCACCTCA-1,-0.4269843,8.644831
Folr1_E70_1-CTTCCGAGTCACTCTC-1,-0.6887335,7.7055984
Folr1_E70_1-ATCGCCTGTCGCCTAG-1,2.4817617,4.419129
Folr1_E70_1-TCGTAGAAGGTAGCCA-1,3.1464927,4.941482
Folr1_E70_1-TCAGCAAAGGAGCAAA-1,-0.045998998,5.972004
Folr1_E70_1-TGTAGACCAATTGCAC-1,3.1298368,5.824974
Folr1_E70_1-TCCAGAACAGGAGGAG-1,-1.6312313,7.152515
Folr1_E70_1-CTGCTCACATGGGAAC-1,0.46292114,7.3107014
Folr1_E70_1-TCATTCAGTACCGGCT-1,-1.230682,6.945095
Folr1_E70_1-GGTCTGGTCTTTGATC-1,2.676252,6.9172244
Folr1_E70_1-GAGACTTAGGCCCAAA-1,1.058339,6.867484
Folr1_E70_1-CCGGGTACAGCTATTG-1,-1.2917985,7.7605586
Folr1_E70_1-TCCCAGTAGGCTCTCG-1,-1.4761571,8.163052
Folr1_E70_1-CAAGACTAGATGTTGA-1,-1.2519873,8.372501
Folr1_E70_1-CATACTTTCACTACGA-1,2.2633674,5.973938
Folr1_E70_1-AGTGATCCAATTCTTC-1,5.4621964,5.763712
Folr1_E70_1-TGCGGGTGTGTACATC-1,-0.34953722,6.609025
Folr1_E70_1-GAGCCTGGTTGAATCC-1,-0.7295458,5.786329
Folr1_E70_1-CATTGTTAGCTAGATA-1,4.661478,5.309338
Folr1_E70_1-TCCTCCCGTTATTCTC-1,6.254818,5.537843
Folr1_E70_1-TATATCCCATCATTTC-1,7.1324687,5.4855046
Folr1_E70_1-TTCTCTCGTAGCTTTG-1,-1.3107568,6.859379
Folr1_E70_1-TCAAGCACAAATACAG-1,-0.48895356,6.2825994
Folr1_E70_1-TTGTTCAAGTGGAAAG-1,2.018251,3.859677
Folr1_E70_1-AGCCAGCCATTAGGCT-1,0.3559627,7.7219543
Folr1_E70_1-CTTCTCTCAGTGCGCT-1,1.5646983,6.7533107
Folr1_E70_1-TCCACGTAGTCATGGG-1,-1.3601475,7.3912163
Folr1_E70_1-CTGCCATCACCAATTG-1,2.5958493,6.343436
Folr1_E70_1-GCTTGGGAGCGCGTTC-1,2.1010845,7.1473985
Folr1_E70_1-GGTTCTCCAACGTATC-1,2.68306,6.676122
Folr1_E70_1-AGTAGTCCAGGGTCTC-1,-0.71121126,7.3071237
Folr1_E70_1-TGATTCTTCTCTCTTC-1,-1.3323544,5.911643
Folr1_E70_1-GCTTGGGCATGTTCGA-1,-1.5653757,7.9057984
Folr1_E70_1-CATTCATTCCTTATAC-1,4.9718494,5.4005747
Folr1_E70_1-GCCAGCAGTCCCTAAA-1,-1.4883367,8.915617
Folr1_E70_1-AAGGTAAAGGTTATAG-1,0.13354994,7.04707
Folr1_E70_1-TCGAACACAAGGATGC-1,0.47319585,5.8907647
Folr1_E70_1-ACACAGTAGATTGAGT-1,2.2546563,6.47958
Folr1_E70_1-ACACCAACACAATCTG-1,-1.1993151,8.428453
Folr1_E70_1-AGATGAACAAGTGGGT-1,1.7180588,6.7785225
Folr1_E70_1-ACGGTTAAGATTAGTG-1,-1.3067098,9.564558
Folr1_E70_1-ATCGATGTCTGTGTGA-1,0.08329876,7.5222893
Folr1_E70_1-CATCCCAGTATGCGTT-1,0.88275355,6.6007004
Folr1_E70_1-CATCGGGTCAAGCCCG-1,-1.0318588,6.9584575
Folr1_E70_1-TTGATGGTCGGAGATG-1,0.60872257,7.7403355
Folr1_E70_1-GTGAGGACAGCTTTGA-1,-1.4018304,7.842622
Folr1_E70_1-CTGCTCACAACTCGTA-1,1.3131406,6.73122
Folr1_E70_1-CCAAGCGAGAGTTCGG-1,-0.9132678,8.936522
Folr1_E70_1-GTCCACTAGATGAATC-1,0.45517492,6.413719
Folr1_E70_1-TCTTCCTGTCCAACGC-1,-1.078326,8.643707
Folr1_E70_1-GCATCGGGTGCCTAAT-1,0.404703,6.834295
Folr1_E70_1-AAGACAAAGGTGCCAA-1,-1.0093312,6.855275
Folr1_E70_1-TTGACCCCATGCCGCA-1,-1.3449707,8.180069
Folr1_E70_1-ACTGATGGTGTTACAC-1,-0.8887522,8.351041
Folr1_E70_1-CCATCACGTACTCAAC-1,-0.78163093,6.4741554
Folr1_E70_1-TGTCCCAAGAACGTGC-1,-1.9167068,7.684846
Folr1_E70_1-GGAAGTGAGCACTCCG-1,-1.1234508,7.3677607
Folr1_E70_1-GACTGATCAGCCGTTG-1,-1.5206615,8.063971
Folr1_E70_1-GCAGTTATCTCATTGT-1,1.2735876,6.4799423
Folr1_E70_1-ATCACTTAGGTAAGTT-1,-1.361441,8.711781
Folr1_E70_1-CACAGATCAGGAACCA-1,1.4723663,6.2884965
Folr1_E70_1-ATAGACCCATGCCATA-1,-0.47763324,6.9614167
Folr1_E70_1-TACGGTAGTACTGACT-1,-0.30508763,6.206631
Folr1_E70_1-TCATCCGGTCACGCTG-1,0.13885626,6.102911
Folr1_E70_1-GACGTTACATTGAGGG-1,-1.600122,7.1014524
Folr1_E70_1-TCGCTCACAACTACGT-1,5.9541774,5.064435
Folr1_E70_1-CTCACTGAGCGTGAGT-1,1.5446202,7.1415677
Folr1_E70_1-AGACAGGGTAACCCTA-1,0.49587128,7.798461
Folr1_E70_1-AGATAGAGTGCCTACG-1,2.8127246,5.8383102
Folr1_E70_1-GCACGGTAGGCTTCCG-1,4.786558,5.5604644
Folr1_E70_1-CTGATCCCAATAGGGC-1,1.9062301,5.796947
Folr1_E70_1-CTCCATGCATCTCCCA-1,1.9305309,4.2580366
Folr1_E70_1-AACGAAAGTGCGCTCA-1,-1.1933702,6.7144685
Folr1_E70_1-GTGCTGGGTAATGTGA-1,-1.1521046,7.1233373
Folr1_E70_1-GTTATGGCAGTAGAAT-1,-0.055031113,8.565806
Folr1_E70_1-AGACCATTCGACATTG-1,-1.4286667,8.165396
Folr1_E70_1-ATCACAGCACAGTCCG-1,2.4940403,6.2208295
Folr1_E70_1-CTAAGTGCATCCGTTC-1,3.5381715,6.206688
Folr1_E70_1-GGATCTATCATTTGCT-1,6.6303067,5.947701
Folr1_E70_1-TACTTGTAGCTGGAGT-1,1.5085149,5.3708954
Folr1_E70_1-AATCGACCAATCGAAA-1,-1.3392364,7.8190346
Folr1_E70_1-TAGGAGGAGGAGATAG-1,-1.70672,8.414982
Folr1_E70_1-ATTCCTAGTAGGACCA-1,-0.41463175,10.410386
Folr1_E70_1-GTTGCTCCACGTAGAG-1,3.837974,5.1333294
Folr1_E70_1-GAGTTTGCATGACAAA-1,2.2309678,6.1034575
Folr1_E70_1-AGAACCTTCGAGTGGA-1,-1.3620467,10.137448
Folr1_E70_1-TGGCGTGGTACCGTGC-1,-0.24388252,5.785025
Folr1_E70_1-CTGTCGTTCTCATTTG-1,2.979491,5.955138
Folr1_E70_1-CATAGACCAAGAGTAT-1,0.30324754,7.531295
Folr1_E70_1-GTACAGTTCGGCATAT-1,1.9858812,4.693331
Folr1_E70_1-TGGAGAGAGGAACTCG-1,2.56755,6.4745464
Folr1_E70_1-CATTGAGGTTAGCGGA-1,5.4373407,5.609208
Folr1_E70_1-CGAATTGCAGAGGTAC-1,0.46545672,7.874553
Folr1_E70_1-TCCATGCCACCGTCTT-1,-0.16250502,7.1468525
Folr1_E70_1-TGTCCTGCATGTGGTT-1,1.9872327,6.2203093
Folr1_E70_1-GCCCGAAGTTCGGACC-1,3.4764163,5.8072834
Folr1_E70_1-GTGGAAGTCGCTTAAG-1,-0.9842423,8.26113
Folr1_E70_1-CACTGTCGTACCTTCC-1,2.576688,6.2083225
Folr1_E70_1-GGAACCCGTATTAAGG-1,-1.2536972,6.662125
Folr1_E70_1-CGTTAGACATGTAACC-1,3.0258996,5.1188707
Folr1_E70_1-CCACTTGTCGATACTG-1,2.7066915,3.9379966
Folr1_E70_1-TCATTCATCGAACGGA-1,4.0472703,6.0374875
Folr1_E70_1-TCGGTCTTCCGAAGGA-1,5.9224334,5.467837
Folr1_E70_1-ACCACAAAGGGTGAGG-1,6.39273,5.38668
Folr1_E70_1-TAAGTCGCAGGGCTTC-1,-0.5300762,6.828671
Folr1_E70_1-TGCGATATCCTTTAGT-1,-0.23400189,6.7932687
Folr1_E70_1-GGGCGTTCATTCATCT-1,2.6183739,6.769121
Folr1_E70_1-GGAGGTACAGAGGGTT-1,-0.29652345,7.6854115
Folr1_E70_1-AAATGGAGTACCGGCT-1,1.7240617,5.5302377
Folr1_E70_1-AAGCGTTCATCGTGCG-1,-0.77605265,7.6917977
Folr1_E70_1-TACGTCCAGTCTCTGA-1,1.1674566,6.6241064
Folr1_E70_1-GGGTTTAAGTCTTCGA-1,2.0493414,6.153947
Folr1_E70_1-CTAACTTAGAGTGTGC-1,-0.112649575,5.953291
Folr1_E70_1-CAACGGCAGCGCCGTT-1,1.8101714,7.1851797
Folr1_E70_1-TGACGCGGTTCTCCTG-1,6.1360927,4.6978345
Folr1_E70_1-TCCGAAAGTCGAACAG-1,-0.8712099,6.961091
Folr1_E70_1-TTCCTCTCAGATTCGT-1,2.3744159,7.006271
Folr1_E70_1-ATTTACCAGGTCTGGA-1,1.8883126,4.9099326
Folr1_E70_1-ATACTTCTCATTGTTC-1,1.2137564,6.227146
Folr1_E70_1-AAACGAATCATGACAC-1,1.6068884,5.8005495
Folr1_E70_1-GCCAGTGGTGAGTGAC-1,-0.333398,7.6324787
Folr1_E70_1-GTCGTTCAGTGCGACA-1,1.4140934,6.964761
Folr1_E70_1-ATGGTTGAGAAGTGTT-1,0.44777066,6.744906
Folr1_E70_1-TTCATTGAGGCTAGCA-1,-0.31211287,6.1007614
Folr1_E70_1-GAGCTGCAGCTAGATA-1,0.15916508,8.324302
Folr1_E70_1-CACAGATCAGCATGCC-1,-1.0242794,7.37959
Folr1_E70_1-TCGGGCAAGAATTGCA-1,3.4125073,4.036153
Folr1_E70_1-CAGATACGTAACTGCT-1,0.8635674,5.5893087
Folr1_E70_1-ACCAACACATGAGAAT-1,1.5964247,6.67859
Folr1_E70_1-TCGTCCACATAGGTTC-1,3.3533757,5.952956
Folr1_E70_1-AGGTGTTAGTCTTCCC-1,-1.5040348,8.025247
Folr1_E70_1-TTACCGCCAGTGGCTC-1,3.04494,5.474253
Folr1_E70_1-GCGAGAAGTTCTCCCA-1,-0.6537985,8.019944
Folr1_E70_1-TCATTACCAGCGGTCT-1,1.1499069,6.0405054
Folr1_E70_1-TGCGACGGTGTCATTG-1,6.41793,5.6509366
Folr1_E70_1-CCTTTGGTCGAGAACG-1,-1.3975244,7.9157186
Folr1_E70_1-GTAATCGGTAACGATA-1,-1.2867086,7.5992093
Folr1_E70_1-TGACAGTTCCGAGGCT-1,1.1877851,6.3501167
Folr1_E70_1-TGGGATTAGGCTCAAG-1,4.770736,4.843403
Folr1_E70_1-CATACCCCAGACTCTA-1,4.871127,4.8464465
Folr1_E70_1-TGGAACTCATGCCGGT-1,1.5457695,6.0375104
Folr1_E70_1-GACCCAGTCATTGCTT-1,-0.6205558,8.08456
Folr1_E70_1-CTTCTAAAGTTACTCG-1,3.5501726,5.4469066
Folr1_E70_1-CAACGATAGAGCCTGA-1,2.7541559,3.5273647
Folr1_E70_1-TTCTTCCGTCGTTGCG-1,-0.9259825,6.868269
Folr1_E70_1-ATTCAGGTCATAGCAC-1,-1.7236718,8.078503
Folr1_E70_1-CCTACGTCACCACTGG-1,3.609237,5.8368287
Folr1_E70_1-GACCGTGGTTACTCAG-1,-0.9692341,8.200184
Folr1_E70_1-AATGGCTCAGTCAGCC-1,2.0576763,5.8185134
Folr1_E70_1-CCCTAACGTACATACC-1,6.207706,5.770147
Folr1_E70_1-ATCGCCTGTCCTTTGC-1,-0.7447619,8.792727
Folr1_E70_1-TTAGGCAGTTCCAGGC-1,-1.3592052,9.067021
Folr1_E70_1-TCTTCCTCAAAGGGCT-1,-1.0779026,7.973448
Folr1_E70_1-TGAGGGACACACTGGC-1,-1.277311,6.0814104
Folr1_E70_1-CTCATCGAGGAGACCT-1,-0.66103065,7.0029697
Folr1_E70_1-CTGCCATCAGAGCGTA-1,-0.92453945,7.5385637
Folr1_E70_1-CTTCGGTTCGCATAGT-1,0.50698656,8.066667
Folr1_E70_1-AGTTAGCGTACGTGAG-1,6.830665,5.2313757
Folr1_E70_1-AACAAGAAGCAGTACG-1,2.590807,6.167854
Folr1_E70_1-ACCAACATCTGGGCAC-1,-0.22839239,5.634633
Folr1_E70_1-AGATCGTGTATCGTGT-1,-1.0257658,6.8708525
Folr1_E70_1-CAATACGCACTATCGA-1,3.8448758,5.2531185
Folr1_E70_1-TCTCAGCTCTCGGTCT-1,4.9112544,1.3607271
Folr1_E70_1-GACCCAGAGGTCCAGA-1,3.0271547,6.318094
Folr1_E70_1-CACGTGGCAGCTCGGT-1,-0.3854833,6.936887
Folr1_E70_1-TACTTCATCAATCTTC-1,2.6042454,4.9737725
Folr1_E70_1-GTGCTTCGTTCAAGGG-1,-1.5935669,8.154064
Folr1_E70_1-GCCAGCATCGGATAAA-1,2.1802566,5.469353
Folr1_E70_1-TCAAGTGAGAGCAGTC-1,4.293974,5.810945
Folr1_E70_1-GACCCAGAGTACTGGG-1,-0.23007795,7.111995
Folr1_E70_1-TAGGTTGAGTCACACT-1,5.97887,5.26634
Folr1_E70_1-TCCCATGCAAGTATAG-1,2.4427207,4.367738
Folr1_E70_1-GGTCACGGTGCTAGCC-1,0.5991781,5.833914
Folr1_E70_1-CATACCCAGTCACGAG-1,4.0102577,6.210865
Folr1_E70_1-GTAGCTAGTGAGTAGC-1,0.48292014,8.055534
Folr1_E70_1-AAGTCGTTCAAGCCCG-1,-0.5393706,6.4973607
Folr1_E70_1-TTGTGTTCACCTATCC-1,0.20698512,7.362828
Folr1_E70_1-GACTTCCTCGTGAGAG-1,1.4956388,6.3729777
Folr1_E70_1-AGGATCTTCATCACAG-1,-1.1294618,6.443549
Folr1_E70_1-AGCGCTGCATGGAACG-1,-0.14081681,7.292026
Folr1_E70_1-GTGTAACCACGTACTA-1,4.7367654,5.8692207
Folr1_E70_1-TCTGCCAAGTTACGAA-1,1.925218,6.676589
Folr1_E70_1-GTGCTGGCACGCAAAG-1,-0.027211972,8.817666
Folr1_E70_1-TCAGTGAGTTTCGCTC-1,0.035312265,5.796505
Folr1_E70_1-CGAAGGACATTCCTCG-1,1.8277721,6.7140775
Folr1_E70_1-GGTAGAGTCCTCAGGG-1,-1.3741417,6.0600877
Folr1_E70_1-GAAACCTGTGCATTTG-1,-1.4147627,8.205373
Folr1_E70_1-TGGTTAGGTAGAGGAA-1,0.08169411,8.039551
Folr1_E70_1-GTAATGCGTACTAAGA-1,-0.6610096,6.862519
Folr1_E70_1-ATTACCTTCCACGGAC-1,-0.6137507,8.312484
Folr1_E70_1-CAAAGAAAGAGCAACC-1,4.269366,4.1779475
Folr1_E70_1-CCTCTAGGTTCCACAA-1,-0.80758977,9.671328
Folr1_E70_1-GGTGAAGAGATTGAGT-1,0.83446693,6.117225
Folr1_E70_1-ATTCATCTCCAAGCCG-1,1.2149591,3.9116354
Folr1_E70_1-ATCGATGGTATTCCTT-1,1.1716552,6.3108892
Folr1_E70_1-AATCGTGTCAAATGAG-1,-1.1511658,6.182377
Folr1_E70_1-GTGATGTAGTTCTCTT-1,0.6091541,4.0132847
Folr1_E70_1-ATCACGACATCGTTCC-1,-0.8461263,6.675965
Folr1_E70_1-ATTACCTAGATCCTAC-1,-1.8592623,7.6766047
Folr1_E70_1-GCTACCTAGCCGGATA-1,-0.0645556,8.978339
Folr1_E70_1-GATTGGTAGAGTATAC-1,1.3746588,6.6944065
Folr1_E70_1-ATTTCACTCCTGTAAG-1,3.5556746,6.043589
Folr1_E70_1-GGATGTTCAGGTATGG-1,-0.26796874,8.209281
Folr1_E70_1-CCGGTGAAGTGGACGT-1,-0.4274698,7.398854
Folr1_E70_1-CTTCCTTGTCCCTCAT-1,0.95094216,4.063021
Folr1_E70_1-TTAATCCGTACTGAGG-1,-1.2127268,7.6753235
Folr1_E70_1-TTGAGTGAGCGAGGAG-1,1.9915054,5.4838595
Folr1_E70_1-GCATTAGTCTTACCAT-1,-0.6008118,7.4810276
Folr1_E70_1-GTACAACTCAGCGCAC-1,-1.4765748,8.275445
Folr1_E70_1-ACAAGCTTCTGGCCTT-1,1.3640507,5.0244966
Folr1_E70_1-TGGTTAGCACCAGTTA-1,-0.06279098,8.21981
Folr1_E70_1-GTAATCGGTGAGCTCC-1,-1.1998385,8.185428
Folr1_E70_1-GGGAAGTGTCTGTCAA-1,-0.4046092,6.0428977
Folr1_E70_1-CCTCATGTCTGGTTGA-1,-0.3681296,7.630559
Folr1_E70_1-TGGCGTGCAAATTGGA-1,5.0345855,5.5867677
Folr1_E70_1-GAGTCTAGTTGGTGTT-1,8.130668,5.707103
Folr1_E70_1-TTTCAGTGTAAGCAAT-1,-0.64473015,8.48116
Folr1_E70_1-AGGATAAAGGAAGTGA-1,1.9264014,4.6712637
Folr1_E70_1-TTGGGATGTGTCACAT-1,0.33725303,7.880754
Folr1_E70_1-CCGATGGCACGGCGTT-1,-1.455763,8.37308
Folr1_E70_1-GCTACAATCGGCATTA-1,-0.86687773,9.606375
Folr1_E70_1-ATCGGCGAGACATCAA-1,-0.7622527,6.5085077
Folr1_E70_1-ATTTCACTCGGTAGAG-1,5.5545564,5.838353
Folr1_E70_1-GATGTTGAGTAGAGTT-1,-0.5826706,5.9091682
Folr1_E70_1-TGCAGTAGTCGCAGTC-1,3.6192713,5.2304635
Folr1_E70_1-AGAGAGCGTAGGTACG-1,2.5468235,6.2557664
Folr1_E70_1-AGTACTGCAACCGTGC-1,-0.9004833,7.9740057
Folr1_E70_1-TTTGTTGAGAATCGAT-1,-1.4669704,6.9291496
Folr1_E70_1-AACCCAAAGTCGCCAC-1,-1.5631961,8.658469
Folr1_E70_1-AGAAATGAGCCATGCC-1,-0.06493776,5.845108
Folr1_E70_1-AAAGTCCCAGCTACTA-1,0.74189657,7.7214313
Folr1_E70_1-GTGGGAAAGCTATCTG-1,0.6525598,5.67094
Folr1_E70_1-ACCCTTGCACGGATCC-1,1.4146293,4.2849426
Folr1_E70_1-TGTGATGCAGGACATG-1,-0.4971527,9.795331
Folr1_E70_1-TGCAGGCAGCACGTCC-1,-1.5477564,7.4963164
Folr1_E70_1-GTAGGAGGTCGTGTTA-1,2.7648318,6.133237
Folr1_E70_1-TCACTATCACTACCGG-1,-1.307647,7.1566343
Folr1_E70_1-TGAGCATGTATGTGTC-1,6.4107113,5.3991475
Folr1_E70_1-AGGTCATAGTTGTCGT-1,4.3124104,5.9232
Folr1_E70_1-TCACATTAGTAGCAAT-1,1.99052,3.4392104
Folr1_E70_1-ACTTATCAGCGAGAAA-1,-0.82844764,8.488704
Folr1_E70_1-CTGCATCGTTATGTGC-1,-0.105199,6.8648596
Folr1_E70_1-GGTGGCTTCCAAGAGG-1,-1.0663272,6.766171
Folr1_E70_1-CGTGAATCATGACTCA-1,-0.82306415,7.5509253
Folr1_E70_1-TCCACGTAGGATAATC-1,7.3348856,5.853057
Folr1_E70_1-GAGATGGAGCTTAAGA-1,-0.65049237,6.8045545
Folr1_E70_1-ATGCCTCTCGTGGGAA-1,6.541168,5.5030494
Folr1_E70_1-GTGCTTCTCAACCGAT-1,-1.8121759,7.9058642
Folr1_E70_1-ATGCCTCTCGTACCTC-1,6.1592555,4.363689
Folr1_E70_1-CCCTCAAGTCGGAACA-1,-1.5383132,6.484833
Folr1_E70_1-ACTGATGCAGTGTATC-1,2.662751,6.456623
Folr1_E70_1-CTGAATGGTGGTCCCA-1,4.731736,5.449602
Folr1_E70_1-ACGGGTCCACACCGAC-1,1.2099019,5.670119
Folr1_E70_1-TACGCTCGTTGCTTGA-1,-0.3827114,8.159253
Folr1_E70_1-TAGCACAGTTGCTCCT-1,1.6436938,4.955226
Folr1_E70_1-TGACCCTCAGAGTTGG-1,1.5698143,6.3342333
Folr1_E70_1-CGGGTGTAGAGCCATG-1,-1.7329981,7.4932156
Folr1_E70_1-GTGCGTGAGAGCGACT-1,1.0449033,6.501589
Folr1_E70_1-TTTAGTCCATGACTTG-1,-0.3280804,7.669992
Folr1_E70_1-TTTACGTTCTGGAAGG-1,-0.93116283,7.6955576
Folr1_E70_1-CACAGATGTCTACAAC-1,-0.42230058,9.815583
Folr1_E70_1-GCTTGGGAGCCAAGTG-1,-0.44032893,5.9888268
Folr1_E70_1-ACATGCAGTCTATGAC-1,2.8125813,5.8154154
Folr1_E70_1-CCATAAGGTAATCAAG-1,1.6799415,6.6751366
Folr1_E70_1-CTCCTCCCAAATAGCA-1,4.2470245,7.710256
Folr1_E70_1-CACGTGGGTTCTGAGT-1,-1.5759181,7.3415456
Folr1_E70_1-CGGGTGTCAGAGAAAG-1,2.2477028,6.1844454
Folr1_E70_1-TTTACCATCAGGGTAG-1,-0.6980225,7.2116127
Folr1_E70_1-ATCCACCAGCAGCCCT-1,1.8834126,4.9685383
Folr1_E70_1-ATGGAGGTCACCTACC-1,0.5750703,5.7774487
Folr1_E70_1-ATCCGTCCAGCGATTT-1,-1.2642193,6.8073463
Folr1_E70_1-AGCTCAAGTATGCTAC-1,-0.38227287,6.1183777
Folr1_E70_1-GCAGGCTAGTATGGCG-1,-0.47124645,9.473958
Folr1_E70_1-TCAGTGAGTATGAAAC-1,6.044709,5.46024
Folr1_E70_1-GGTGAAGTCTGTGCAA-1,-0.71473414,7.3123183
Folr1_E70_1-AATCACGGTGCCTGCA-1,5.6934524,5.1294875
Folr1_E70_1-ACGTAGTGTCGTGATT-1,-0.60493344,6.927958
Folr1_E70_1-TCGTGCTTCGCCCAGA-1,-1.4984388,6.689001
Folr1_E70_1-CTTGAGAAGAATGTTG-1,1.8089541,6.576493
Folr1_E70_1-TAGCACATCCGATGTA-1,-0.8941787,9.440735
Folr1_E70_1-CCCTAACAGGTATAGT-1,3.658635,1.7528925
Folr1_E70_1-CCACTTGCACAATGAA-1,-1.7279395,8.335997
Folr1_E70_1-GCACTAAAGTTGAATG-1,-0.9896824,7.4799566
Folr1_E70_1-CTGGTCTCACGAGGAT-1,-1.2341521,6.6142116
Folr1_E70_1-CTCATGCCAGGTACGA-1,-0.9718154,9.613784
Folr1_E70_1-AGAAGCGTCCGAGAAG-1,3.0669706,-0.59699535
Folr1_E70_1-ATGGGAGCAAGCCATT-1,2.064312,6.045198
Folr1_E70_1-AGTCATGAGCGATCGA-1,1.6129268,4.5945582
Folr1_E70_1-TATATCCCAGTCGTTA-1,1.4760187,5.964825
Folr1_E70_1-CCGGTGAAGCCGATTT-1,0.40599936,5.3683095
Folr1_E70_1-ATAGGCTAGCGATGAC-1,2.5002258,4.892029
Folr1_E70_1-TTGCGTCAGCATGCAG-1,-0.93309176,7.9908943
Folr1_E70_1-TCTCAGCAGTAATTGG-1,-0.12145807,5.144521
Folr1_E70_1-TATACCTGTATCAGCT-1,-1.3614143,8.186233
Folr1_E70_1-ACGTACAGTTTCTATC-1,0.16531456,6.984729
Folr1_E70_1-CAGCCAGGTCCGGCAT-1,4.913817,4.588696
Folr1_E70_1-TCTCAGCCATAGTCGT-1,2.183069,6.5405483
Folr1_E70_1-GTGAGGACAACACTAC-1,-0.60929185,6.555787
Folr1_E70_1-GACCCTTCAGGCGATA-1,1.4121671,6.6591377
Folr1_E70_1-GGATCTAGTCGCGGTT-1,-0.22986607,6.8632827
Folr1_E70_1-GTATTGGAGTAAGACT-1,0.31772125,4.7628307
Folr1_E70_1-TTCCTCTGTTGGTGTT-1,-0.9119964,6.9080734
Folr1_E70_1-GGGTCACCATCAGTCA-1,-0.36295637,5.183532
Folr1_E70_1-CAAGAGGAGGAGAATG-1,-0.77741855,8.386208
Folr1_E70_1-ATGAGGGGTTTGCCGG-1,0.50825375,7.6937714
Folr1_E70_1-CTCGAGGCATGTGGTT-1,1.7511034,6.1626015
Folr1_E70_1-ACAGGGATCGATTGAC-1,5.6971536,5.3097267
Folr1_E70_1-AGTGCCGAGGACGCTA-1,-1.0229151,8.779663
Folr1_E70_1-CTCAGGGCAAATACGA-1,1.9313377,3.5483887
Folr1_E70_1-CGTCCATAGACATAAC-1,-1.3885052,7.439187
Folr1_E70_1-TCAATCTGTCTTTATC-1,-0.58398753,10.099945
Folr1_E70_1-TCATGCCCAAAGTGTA-1,-0.49151832,9.36909
Folr1_E70_1-TTAGTCTAGTCAGGGT-1,2.1211007,4.7937994
Folr1_E70_1-GTGTCCTCATGCGTGC-1,2.5312076,5.705616
Folr1_E70_1-GTCGAATCATCCCGTT-1,3.111074,6.018496
Folr1_E70_1-TGTTCCGAGCCATGCC-1,-0.8016059,7.942421
Folr1_E70_1-ACAGCCGAGTTGCTCA-1,0.36136055,7.6918316
Folr1_E70_1-CGTCCATGTTCCGCGA-1,-1.3686205,8.1111765
Folr1_E70_1-TGTAGACAGTCTAGAA-1,3.0448735,4.491425
Folr1_E70_1-GAAACCTCAGTAGGAC-1,3.0083697,6.554703
Folr1_E70_1-AACAAAGCAGTAGTGG-1,-0.005525015,5.3228407
Folr1_E70_1-GTTGTGAAGTTGGACG-1,-0.6011802,10.224894
Folr1_E70_1-AGGCATTAGGATGCGT-1,-0.0054451777,5.781307
Folr1_E70_1-TGTGATGAGGTTGTTC-1,-0.3595996,10.091392
Folr1_E70_1-GAGTGTTCAATACGCT-1,-1.3888086,8.651068
Folr1_E70_1-AAAGTCCGTGGTTTGT-1,-1.2958412,6.6552916
Folr1_E70_1-GTATTTCGTTATGTGC-1,-1.7905307,8.175717
Folr1_E70_1-GAGTTTGAGGATACCG-1,0.34453905,6.8631415
Folr1_E70_1-CATGCTCGTTGTCTAG-1,-0.79203665,6.333963
Folr1_E70_1-CTTCTAATCCTAGCCT-1,4.4429245,5.3158464
Folr1_E70_1-AGAGCAGCAGAGGTAC-1,2.9138227,6.1086063
Folr1_E70_1-ACTTAGGTCGCATAGT-1,2.044546,5.080138
Folr1_E70_1-ATTCGTTAGATGGTCG-1,-0.90858644,6.467254
Folr1_E70_1-TTCGATTAGCGACTTT-1,0.7350419,6.0639653
Folr1_E70_1-TAACCAGCATAGTCGT-1,4.0806837,5.3566885
Folr1_E70_1-TCCCACAAGCATCGAG-1,0.2967986,8.972306
Folr1_E70_1-TCTTTGATCGACATCA-1,5.651667,3.3029337
Folr1_E70_1-TTTCATGCAAGAGGTC-1,1.1716123,7.0750484
Folr1_E70_1-TTCCAATCACCAGTAT-1,0.97554445,6.059217
Folr1_E70_1-TATTGCTGTGTGCTTA-1,-0.16565657,7.111746
Folr1_E70_1-TCGCAGGCAGCTGTCG-1,0.07919205,7.977688
Folr1_E70_1-ACTATGGCACTCCTTG-1,-1.3140557,6.6400504
Folr1_E70_1-ATGAGGGAGGCATCTT-1,-1.4450308,8.111966
Folr1_E70_1-CTAACCCTCAGTGCGC-1,3.4064682,5.2785
Folr1_E70_1-AGGATCTGTCCATAGT-1,-1.027155,7.539456
Folr1_E70_1-AGCCAGCCAGGAAGTC-1,-0.77970266,6.952156
Folr1_E70_1-ACTGATGGTATGGAGC-1,-1.5641942,7.4527273
Folr1_E70_1-GTCGTAATCTGAACGT-1,-0.6129698,6.9346924
Folr1_E70_1-CTGAATGGTCTGTTAG-1,0.47887304,5.5498614
Folr1_E70_1-TACGGTAGTTCAGGTT-1,-1.1374782,6.6779284
Folr1_E70_1-ACTTTGTAGAGGTTAT-1,6.06415,5.8335776
Folr1_E70_1-GAGTTTGTCACGATAC-1,-0.5212127,5.873886
Folr1_E70_1-CACTTCGAGAAGCGCT-1,1.9849238,6.9046717
Folr1_E70_1-TTGCCTGTCTTCTTCC-1,0.030448727,7.772716
Folr1_E70_1-GTCGCGATCATGCGGC-1,-1.2034141,7.6601005
Folr1_E70_1-CATAGACTCTTGGTGA-1,1.9614912,7.0730815
Folr1_E70_1-CTCATCGAGATCGCCC-1,-1.7150534,7.508414
Folr1_E70_1-GGCTTGGAGTCCCGAC-1,0.25372264,6.9742026
Folr1_E70_1-AAGTCGTGTTCGGCCA-1,-0.23903008,8.761634
Folr1_E70_1-AGAGCCCAGCGGGTAT-1,2.55603,6.100886
Folr1_E70_1-CATTGTTAGGCACTAG-1,0.8127064,7.120503
Folr1_E70_1-CCTACGTTCGCAAGAG-1,5.5767393,4.6989655
Folr1_E70_1-TAAGCCAAGTTTAGGA-1,2.4539773,6.200918
Folr1_E70_1-GAGACCCTCATACGAC-1,-1.3390723,9.130068
Folr1_E70_1-CACAGGCGTGTCTTGA-1,-1.5159255,7.3675556
Folr1_E70_1-GGGAAGTTCCCAGGCA-1,-0.12647672,5.473087
Folr1_E70_1-ATACTTCGTAAGGCTG-1,0.46293443,5.996702
Folr1_E70_1-GACCCTTGTGCTGCAC-1,2.6264648,6.5079374
Folr1_E70_1-TTCTAACAGGGAGAAT-1,-1.8028522,7.8786817
Folr1_E70_1-TTCGCTGTCCCTCTCC-1,4.885799,5.511526
Folr1_E70_1-GGGATGACACGTAGAG-1,-0.8961068,7.9843187
Folr1_E70_1-TCATGTTTCCTCTGCA-1,-0.24027963,8.503367
Folr1_E70_1-AGGTAGGTCACTCCGT-1,3.4602432,5.1569214
Folr1_E70_1-AAGTTCGTCGTGGAAG-1,0.49907357,5.7655907
Folr1_E70_1-AGGACTTCACTTCTCG-1,1.4572424,5.9126015
Folr1_E70_1-AAAGGTAGTACAATAG-1,6.92302,5.827213
Folr1_E70_1-CGTGATACATCGAACT-1,1.9109521,3.7060082
Folr1_E70_1-AACACACCAGGTAGTG-1,3.9437559,7.078536
Folr1_E70_1-CGCCATTTCTGATTCT-1,2.558536,5.218091
Folr1_E70_1-AACAAAGCAGCCATTA-1,2.2995749,5.1017804
Folr1_E70_1-TCCGTGTCAGATAAAC-1,2.6418643,6.846611
Folr1_E70_1-GTTCATTTCAGAACCT-1,4.777758,4.606722
Folr1_E70_1-TGGTAGTGTGGTTTGT-1,-0.97518843,7.8849535
Folr1_E70_1-CCCATTGCAATGCAGG-1,-0.2363673,5.299418
Folr1_E70_1-CCTACGTCAGGATGAC-1,3.2992778,2.887601
Folr1_E70_1-TCCCATGAGATGGCGT-1,0.094120316,7.625191
Folr1_E70_1-ACGTCCTAGTGCACAG-1,1.0052333,6.3205857
Folr1_E70_1-ACCCTTGAGCATGATA-1,4.1419344,5.97926
Folr1_E70_1-TGTTCCGCACTTGTGA-1,3.0022008,5.795165
Folr1_E70_1-CAAAGAATCGGTTAGT-1,1.6132963,6.785113
Folr1_E70_1-ATGGAGGGTGCAGTGA-1,-0.7386504,7.2825184
Folr1_E70_1-TGGCGTGTCCCTAGGG-1,0.414703,6.3907795
Folr1_E70_1-CTAGGTATCTGAGGCC-1,1.3175552,6.205182
Folr1_E70_1-CGCATAATCGGTTAGT-1,-0.16619614,7.085023
Folr1_E70_1-TTCTGTAGTACAGAGC-1,-0.35174632,9.293424
Folr1_E70_1-TTGTTGTGTTTAGTCG-1,0.3228744,6.3326225
Folr1_E70_1-TTTACTGGTATTCCTT-1,5.539061,5.092299
Folr1_E70_1-TGAGCATAGCGAGGAG-1,2.4542928,6.1569724
Folr1_E70_1-TTCGCTGGTAGACAGC-1,1.8860685,6.4086375
Folr1_E70_1-CAACAGTGTCAAGTTC-1,-0.40584025,8.031364
Folr1_E70_1-CCTGCATCACCAGCGT-1,-1.2501708,6.4692645
Folr1_E70_1-TGTAACGCACCTCAGG-1,-1.4470799,6.480102
Folr1_E70_1-GTCGTAACAGTGTATC-1,1.7249701,6.1791973
Folr1_E70_1-CAGTTAGAGAGAGGGC-1,-1.1943402,6.628775
Folr1_E70_1-CTGAGCGAGGTAGGCT-1,7.3528376,5.8757544
Folr1_E70_1-GTCATGAGTTGCGAAG-1,-0.8906686,9.498827
Folr1_E70_1-GCGATCGGTCATAAAG-1,2.2052662,4.625165
Folr1_E70_1-GCGATCGAGAGTTGTA-1,-0.3034971,8.182291
Folr1_E70_1-ATCGTGAGTGTAACGG-1,-1.5910033,6.9093637
Folr1_E70_1-CGTTGGGTCCTGCTAC-1,-0.18569778,4.7074766
Folr1_E70_1-CTTCTCTTCAGCTAGT-1,0.5013122,6.0519977
Folr1_E70_1-CACATGAGTCCGGACT-1,1.9292506,6.4430027
Folr1_E70_1-GTGTGATAGCTGCCTG-1,-0.49510843,8.311399
Folr1_E70_1-CGTTGGGCAACTCCAA-1,4.3155456,5.4610486
Folr1_E70_1-CTGGACGAGCTTACGT-1,-0.9034539,5.721481
Folr1_E70_1-GGGCCATCATTGCCTC-1,0.4874811,7.6612835
Folr1_E70_1-AGCTCAACATCACAGT-1,-1.7724938,7.975118
Folr1_E70_1-TCTCCGAAGTGCCCGT-1,1.547336,5.632193
Folr1_E70_1-TTAGTCTAGGACGGAG-1,0.6575807,5.565552
Folr1_E70_1-GGAGAACCATCCCGTT-1,-1.2312417,7.220261
Folr1_E70_1-AGGTAGGAGGATACAT-1,-0.8092728,7.2457423
Folr1_E70_1-TCGTAGACAATGACCT-1,3.775629,5.9424925
Folr1_E70_1-CACCGTTTCAACCCGG-1,-0.9777295,6.186362
Folr1_E70_1-CTCTGGTAGGGCGAGA-1,-0.35321558,6.826473
Folr1_E70_1-GCGTGCAGTTACCCAA-1,6.4351482,5.6507583
Folr1_E70_1-GTTTGGACAAGCGCTC-1,-1.4249417,8.825077
Folr1_E70_1-TCGATTTCAGGCCCTA-1,1.1853616,6.237325
Folr1_E70_1-TCCAGAACATCTGCGG-1,1.0840265,4.3426275
Folr1_E70_1-GCATTAGTCGCTCATC-1,-0.7642313,8.446803
Folr1_E70_1-CGTTCTGCAAGTGGGT-1,-0.6340557,7.7357926
Folr1_E70_1-TAAGTCGAGTTGCATC-1,-1.0276146,8.592607
Folr1_E70_1-GTAATGCCAGCCATTA-1,7.3646827,6.3365736
Folr1_E70_1-TTTGATCTCTCCTGTG-1,-0.524919,6.972155
Folr1_E70_1-GCGTGCAGTGTCTTGA-1,6.7380357,5.376678
Folr1_E70_1-GTCGTTCGTTCTTGTT-1,-0.8834181,7.6907015
Folr1_E70_1-CACGGGTGTCGGAAAC-1,0.0035090903,6.6783466
Folr1_E70_1-GGCACGTAGTTACGAA-1,0.9974874,6.70504
Folr1_E70_1-TTTCAGTGTTCCTTGC-1,4.589781,6.0256615
Folr1_E70_1-TAGATCGTCGCAGTTA-1,1.383682,6.969829
Folr1_E70_1-ACCAACACATGGATCT-1,-1.1818848,8.776029
Folr1_E70_1-GTCGTAATCAAGCCAT-1,2.645188,4.874652
Folr1_E70_1-ATGATCGGTCGTCGGT-1,-1.4730082,8.282248
Folr1_E70_1-GGGTCACCAAGACGAC-1,0.037903804,5.635569
Folr1_E70_1-ACGGAAGAGTGTTCCA-1,-1.0614887,7.572798
Folr1_E70_1-TGTCCTGGTACCGCGT-1,-0.35191303,7.9331903
Folr1_E70_1-GTAAGTCCATATGAAG-1,-0.84955686,7.0952682
Folr1_E70_1-TGCTTGCGTCGAGCTC-1,3.2089496,6.9865575
Folr1_E70_1-ATGGGAGTCCTAGCCT-1,1.6980038,4.375986
Folr1_E70_1-ACGGGTCAGAACCGCA-1,-0.32556334,5.783225
Folr1_E70_1-TGCTTCGCAAGATGTA-1,0.8204022,5.516177
Folr1_E70_1-CCCGAAGTCATGGAGG-1,-0.6339586,6.113466
Folr1_E70_1-GTCACGGAGTCACTAC-1,-1.1864027,9.980126
Folr1_E70_1-TTCATGTAGCGAGTCA-1,4.0572886,7.025723
Folr1_E70_1-GGGACCTAGGTTATAG-1,0.57223344,6.8675632
Folr1_E70_1-CAAGGGAAGGTAAGAG-1,4.9165673,5.7786655
Folr1_E70_1-TGGAACTAGTCTCTGA-1,-0.75282305,6.88845
Folr1_E70_1-TTCCGTGGTTGTGTAC-1,0.22594781,6.934533
Folr1_E70_1-ATCATTCGTATGTGTC-1,2.325819,5.0792007
Folr1_E70_1-GCTGCAGTCGTTGTAG-1,1.4892915,4.8990135
Folr1_E70_1-TCACGCTGTTCCGGTG-1,3.6608825,6.854487
Folr1_E70_1-ACATCGAAGGCGTCCT-1,2.5234342,3.6079195
Folr1_E70_1-TATTGGGTCGCGAAGA-1,5.8525724,5.3185086
Folr1_E70_1-CGTGAATAGGTGCCAA-1,-0.1267504,8.462836
Folr1_E70_1-CTGTCGTGTTGAATCC-1,1.3015649,6.7906094
Folr1_E70_1-TGTGCGGCAAGTAGTA-1,4.0652323,1.433622
Folr1_E70_1-CAGCCAGAGCGTCAGA-1,2.2594943,5.582904
Folr1_E70_1-TGCAGTACAAAGGCAC-1,-0.65213305,8.21858
Folr1_E70_1-GCTGCAGTCCCTCGAT-1,4.6197863,4.906311
Folr1_E75_1-CTACATTGTGGATCGA-1,4.76469,7.866659
Folr1_E75_1-TCCGATCAGCCATGCC-1,4.0556717,7.1274037
Folr1_E75_1-TCACGGGCACAGACGA-1,3.290623,7.1441383
Folr1_E75_1-TGCAGTAAGGACATCG-1,9.099202,5.9652333
Folr1_E75_1-ACTACGATCATTTGGG-1,4.227054,7.719058
Folr1_E75_1-TAAGTCGCACACGTGC-1,7.0779185,6.1255307
Folr1_E75_1-GATCCCTCATCTGCGG-1,2.7323282,5.985389
Folr1_E75_1-GATCGTATCGACGTCG-1,8.485274,5.930895
Folr1_E75_1-AATGAAGGTGATCGTT-1,1.0845264,6.4026074
Folr1_E75_1-ACCTGTCTCCGGCAGT-1,9.220088,4.739466
Folr1_E75_1-CGGCAGTTCTTACGTT-1,-1.6139129,6.3091044
Folr1_E75_1-ATCGTCCGTGCAACGA-1,6.132974,5.3574133
Folr1_E75_1-GAGGGATGTCGCTTAA-1,0.149091,6.1976147
Folr1_E75_1-GATCCCTCAAGAGTAT-1,-0.19772771,5.732752
Folr1_E75_1-ACGGTCGCAACGTTAC-1,2.4996557,6.9732637
Folr1_E75_1-GTCTCACGTTCGGTTA-1,0.70209414,6.109091
Folr1_E75_1-TAACACGAGCTTTGTG-1,4.4977245,7.993809
Folr1_E75_1-TGAGACTTCAATCCAG-1,0.9261349,5.7757745
Folr1_E75_1-GTCCACTAGTACAACA-1,-0.19131844,5.5727863
Folr1_E75_1-GATTTCTAGAGTCTTC-1,6.056058,6.1752505
Folr1_E75_1-TCCTTTCTCACTCGAA-1,-0.831138,5.748611
Folr1_E75_1-AGTCATGTCTATACTC-1,3.7147796,7.46196
Folr1_E75_1-GTGGAAGTCGCGATCG-1,7.071419,5.710698
Folr1_E75_1-TTCTGTACATTAAAGG-1,8.125354,5.4329796
Folr1_E75_1-CTACATTTCCCGAGTG-1,4.617466,6.1013904
Folr1_E75_1-CGGAACCTCGTCTCAC-1,6.436758,5.826689
Folr1_E75_1-CTCAGGGAGATTGTGA-1,3.3444958,6.970588
Folr1_E75_1-CCTCAACAGACATAAC-1,5.4879203,5.191057
Folr1_E75_1-AGGAATACAGCGTTTA-1,8.479548,6.3271613
Folr1_E75_1-TCGGATAGTACCGTGC-1,3.749771,6.7197433
Folr1_E75_1-CTTTCGGCACGAGAAC-1,3.1502252,7.3743563
Folr1_E75_1-GTAGATCCAGGATCTT-1,-1.5435586,6.040682
Folr1_E75_1-ATCCATTTCTCACGAA-1,7.037786,5.807727
Folr1_E75_1-GTAGATCCACGAGGTA-1,5.8300524,5.606212
Folr1_E75_1-ACATGCAAGTCACACT-1,3.7136786,2.9821272
Folr1_E75_1-GAGTGTTTCTTACACT-1,7.742746,5.8017793
Folr1_E75_1-TACCTGCAGGACTGGT-1,2.3347213,6.2213693
Folr1_E75_1-CAGATTGTCATGGCCG-1,9.844456,4.739532
Folr1_E75_1-TCGTCCAGTCGAAGCA-1,3.2961378,7.106171
Folr1_E75_1-AAACGCTAGTAGGCCA-1,5.096672,7.154339
Folr1_E75_1-TGACTCCTCAAACGTC-1,-1.0683444,5.771109
Folr1_E75_1-TCAAGACAGCCTCATA-1,6.1847696,4.1485286
Folr1_E75_1-CACATGACAAATGCTC-1,2.7942607,4.04239
Folr1_E75_1-TGGTTAGCAAGTGACG-1,7.1014857,5.2006655
Folr1_E75_1-ACTGTGACAGGAAGTC-1,-0.68556297,5.6519027
Folr1_E75_1-TTTATGCCAGAACTCT-1,1.0571357,5.8345213
Folr1_E75_1-TTTGTTGGTGATACAA-1,2.2144907,5.9370985
Folr1_E75_1-CCTGCATCAAGGTCTT-1,1.3334355,6.256681
Folr1_E75_1-TGCTCGTGTTGTGGAG-1,3.5185337,7.3376455
Folr1_E75_1-AAAGGGCTCCAGTACA-1,0.14130427,6.295815
Folr1_E75_1-GTGCACGAGGTGATCG-1,3.8298593,4.59334
Folr1_E75_1-CAAAGAAGTCATGACT-1,7.07621,4.856933
Folr1_E75_1-CTAACCCGTCGCGGTT-1,-0.7656693,5.686157
Folr1_E75_1-TGAGGTTCACTATCCC-1,1.6802368,4.959924
Folr1_E75_1-ATAGACCGTATCCCAA-1,8.76382,5.8094487
Folr1_E75_1-AACCACAAGCAATTAG-1,7.0736723,5.8767815
Folr1_E75_1-TCACAAGCAACTCATG-1,2.2051206,5.243075
Folr1_E75_1-TCGACCTTCCTGTAGA-1,0.5603906,5.6838408
Folr1_E75_1-TTACGCCCAAGCGAGT-1,5.908323,5.101606
Folr1_E75_1-CGGAGAATCCCGATCT-1,-0.8237361,5.996299
Folr1_E75_1-ATTATCCCATACATCG-1,2.3104548,5.5895724
Folr1_E75_1-GAGACCCGTCGTATGT-1,3.5379992,7.4774833
Folr1_E75_1-TACAACGAGGGATGTC-1,3.3661673,6.44202
Folr1_E75_1-TGGAACTGTTAACAGA-1,1.3390617,5.797677
Folr1_E75_1-ACAAAGAAGAACTTCC-1,0.9940607,5.656238
Folr1_E75_1-TGTCCCACACTCCTTG-1,2.944795,6.0034266
Folr1_E75_1-CAGATCATCTCCTGCA-1,1.7177138,5.8429165
Folr1_E75_1-TTATTGCGTACCACGC-1,3.3736107,5.870126
Folr1_E75_1-GAGAGGTTCACCGGTG-1,0.36652294,6.4728847
Folr1_E75_1-GAAGAATTCCCTCTAG-1,4.241341,7.1160803
Folr1_E75_1-GAGCCTGAGAGATTCA-1,3.7489672,7.6444163
Folr1_E75_1-GAGGGATAGAGGTGCT-1,2.7524884,6.1165404
Folr1_E75_1-GACTCTCGTAACATGA-1,3.693612,5.3446155
Folr1_E75_1-TCAGGTAGTCTTGTCC-1,8.277073,5.1904464
Folr1_E75_1-AACCTGAAGAAATTGC-1,8.493345,5.871007
Folr1_E75_1-TTACCATAGACTTGTC-1,8.746061,5.069774
Folr1_E75_1-TCAGCAATCACCATCC-1,6.825452,5.6402855
Folr1_E75_1-TACAACGTCGGACGTC-1,1.0685759,5.7451034
Folr1_E75_1-CACTTCGCATAACGGG-1,3.9150507,7.4463944
Folr1_E75_1-CAAGGGAAGTTTGGCT-1,1.789542,6.2901406
Folr1_E75_1-TGTTCTACAATGAGCG-1,1.0599502,5.6800976
Folr1_E75_1-CTCATTACAGGCAATG-1,4.131853,5.38316
Folr1_E75_1-CCGGACACAAGAAACT-1,-1.0232526,5.8083973
Folr1_E75_1-AAAGGTAGTGTTGATC-1,4.190425,5.0581183
Folr1_E75_1-AAGACAAAGGTGCCTC-1,-1.5202428,6.205329
Folr1_E75_1-CTTAGGACAAACCGGA-1,3.5449123,7.244895
Folr1_E75_1-GCTACAACAATTGGTC-1,-0.08141634,6.496074
Folr1_E75_1-AGGCTGCGTAGTATAG-1,-0.38464797,6.146982
Folr1_E75_1-GAGGGTATCTGGCCTT-1,2.2150123,6.2554216
Folr1_E75_1-CCTCCTCCAACCAACT-1,9.020099,6.000987
Folr1_E75_1-CCCTCTCGTCCATACA-1,4.105465,5.6367946
Folr1_E75_1-CTTTCGGTCCCAGCGA-1,1.7376213,5.9910665
Folr1_E75_1-CACAGGCCACTCCGAG-1,0.39196208,6.1377263
Folr1_E75_1-CCGGTAGCATGTGCTA-1,6.5514965,5.7654805
Folr1_E75_1-AGTGTTGCAGGTTCCG-1,6.79968,6.3373504
Folr1_E75_1-CACCGTTAGAAACCCG-1,3.570828,4.92331
Folr1_E75_1-AGTAACCTCCGCACGA-1,6.259406,5.254509
Folr1_E75_1-ACCCTTGAGATCACCT-1,4.1717906,7.731581
Folr1_E75_1-ACTTTGTCAGATTCGT-1,-0.13709179,5.848166
Folr1_E75_1-GACTGATGTCTGTCCT-1,-0.06235847,6.0736885
Folr1_E75_1-TTCCGGTTCTATCGTT-1,1.9824674,4.985272
Folr1_E75_1-GACGTTAGTGCCTACG-1,-1.0493159,5.630828
Folr1_E75_1-CCTAAGAAGACTAGAT-1,5.227836,3.43627
Folr1_E75_1-CTAGGTAAGTGTTGTC-1,7.68818,5.6648245
Folr1_E75_1-CTGCCATCACCTGTCT-1,1.4392464,6.02783
Folr1_E75_1-AACAAAGCACCAACAT-1,-0.93940437,5.603236
Folr1_E75_1-TACCTCGGTCCCTGTT-1,2.3491342,6.116882
Folr1_E75_1-TTGTGTTCATCCCGTT-1,1.0014944,6.0950217
Folr1_E75_1-CTGCTCACAATGACCT-1,0.1511467,5.6449046
Folr1_E75_1-TGATTCTGTCCACACG-1,-0.740371,5.7235937
Folr1_E75_1-TCAGGGCAGTCGCGAA-1,3.9503655,6.1801753
Folr1_E75_1-CCTTCAGCACGGATCC-1,1.5882082,3.9347787
Folr1_E75_1-AAGAACACAAGCCCAC-1,-0.8706402,5.7083664
Folr1_E75_1-GAAATGAGTTGCTCAA-1,1.5966187,5.792593
Folr1_E75_1-CCGGACATCGGTTAGT-1,2.630814,4.0752163
Folr1_E75_1-TCACAAGGTTCGTAAC-1,1.4454185,6.1716127
Folr1_E75_1-TTTGTTGAGGGCGAGA-1,3.774217,6.5936074
Folr1_E75_1-ACAGGGAAGGATACGC-1,6.283577,5.89391
Folr1_E75_1-GTTTGGACAAACACCT-1,6.8981915,6.3847003
Folr1_E75_1-TCTGCCAGTTGCTCGG-1,5.6165833,5.367014
Folr1_E75_1-GCCATGGCACTGAGTT-1,4.200166,7.9445825
Folr1_E75_1-CAACCAATCACGGACC-1,2.0589583,4.773804
Folr1_E75_1-TAAGTCGAGCAACTCT-1,3.721679,6.9251537
Folr1_E75_1-TCCTCTTTCGGCCAAC-1,-0.36001906,5.5209913
Folr1_E75_1-CAGTTCCTCCCATACC-1,1.2018338,5.782467
Folr1_E75_1-TGTAACGAGATGCCGA-1,-0.11360204,5.4621835
Folr1_E75_1-GAGCCTGTCGAGGCAA-1,0.91039354,5.8979206
Folr1_E75_1-TCAGTCCTCATCGACA-1,2.8294492,2.7423036
Folr1_E75_1-ACGGGTCAGGTCCCGT-1,2.0195515,3.9138033
Folr1_E75_1-CAACAACGTCGGTGTC-1,0.05379515,6.5112014
Folr1_E75_1-TTGTGGAGTCACAGTT-1,-0.09347463,5.4073005
Folr1_E75_1-GACGCTGTCGACGCGT-1,-1.8577459,6.7916193
Folr1_E75_1-TACCTCGAGTAAAGCT-1,1.4010304,5.829764
Folr1_E75_1-TACCGAATCGACACTA-1,1.9820184,4.096727
Folr1_E75_1-GCGTTTCCACATGTTG-1,1.166592,5.045794
Folr1_E75_1-GATCATGCACATAACC-1,3.5541916,2.508865
Folr1_E75_1-GAGACTTAGACTGGGT-1,3.220479,3.3578763
Folr1_E75_1-GAGTCATAGTCACTCA-1,-0.18056262,5.696243
Folr1_E75_1-TCAGGTACACCGTGGT-1,-0.5813628,7.086349
Folr1_E75_1-TGTCCCAAGCTGAAGC-1,3.1288743,5.082704
Folr1_E75_1-TATTTCGAGTGCACTT-1,2.1536093,5.9035892
Folr1_E75_1-TCACAAGGTCACCACG-1,3.8102548,7.5380616
Folr1_E75_1-TTACCGCTCCCGAGGT-1,2.6246269,6.2072196
Folr1_E75_1-CGCGTGAGTTATAGCC-1,2.5495336,5.8028793
Folr1_E75_1-AATGACCGTATCGCAT-1,3.1518033,4.2568555
Folr1_E75_1-ATTCACTTCTGTTCAT-1,8.179994,4.8836493
Folr1_E75_1-ACGTCCTAGCGTGAAC-1,6.7038383,5.8378515
Folr1_E75_1-CGGTCAGAGTTGGGAC-1,-0.97567564,6.3261814
Folr1_E75_1-CGGGACTGTTGCGGAA-1,2.4310915,6.143318
Folr1_E75_1-GGGCCATCAATTAGGA-1,8.191216,5.4413705
Folr1_E75_1-CATAGACTCGTCAAAC-1,2.537663,6.38473
Folr1_E75_1-CGGTCAGCATCCGCGA-1,-1.1846083,7.6058145
Folr1_E75_1-GATGAGGGTCTCCCTA-1,8.327633,5.4599633
Folr1_E75_1-CTGGACGCAATCGCCG-1,4.387196,5.0153136
Folr1_E75_1-TCATTCACAGCATGCC-1,5.852634,4.9272494
Folr1_E75_1-TTCCACGAGATGAAGG-1,-0.49617252,6.1311
Folr1_E75_1-AACGTCACAAATCGTC-1,2.3280673,6.520409
Folr1_E75_1-AGTCAACTCGAGCCTG-1,3.1769626,6.641099
Folr1_E75_1-AGCATCAAGTGCACAG-1,-0.13156201,5.387641
Folr1_E75_1-GAGGGTAAGAATACAC-1,0.07549915,5.5384607
Folr1_E75_1-TCTTAGTCAGCCGGTT-1,7.187349,5.3309226
Folr1_E75_1-ACCCTCAGTGTCCTAA-1,3.56742,6.5998054
Folr1_E75_1-AGGTCTATCTCCACTG-1,0.58481026,5.84556
Folr1_E75_1-TCACTCGAGCACTCCG-1,3.2601402,6.1508136
Folr1_E75_1-ATGAAAGTCTACACAG-1,0.6618839,5.8955913
Folr1_E75_1-CATAGACTCACATTGG-1,2.6273944,5.4190865
Folr1_E75_1-GATGAGGTCACTTTGT-1,2.5591056,3.637773
Folr1_E75_1-GCGGATCAGATAGCAT-1,-0.33040974,5.6971865
Folr1_E75_1-CCACACTGTCACTCAA-1,0.8076857,5.9002066
Folr1_E75_1-GCATCTCAGTATTAGG-1,7.765707,5.4717407
Folr1_E75_1-GTCCTCAGTATGCGTT-1,-1.1206313,5.918741
Folr1_E75_1-GGTAACTGTTGCGTAT-1,8.550977,5.229756
Folr1_E75_1-GACCCAGAGTGACACG-1,4.412857,0.9260337
Folr1_E75_1-TCCTTCTCATGAGTAA-1,-1.4743962,6.126603
Folr1_E75_1-TACGGGCGTATCCCTC-1,-1.4596754,6.1008654
Folr1_E75_1-TCGATTTTCGAACCTA-1,1.0925593,4.377928
Folr1_E75_1-TTGGATGTCACCATGA-1,0.83407956,4.9325337
Folr1_E75_1-AGTGCCGAGACCATAA-1,7.2242007,5.749893
Folr1_E75_1-ATCCCTGAGGAACTCG-1,2.0499775,6.018748
Folr1_E75_1-AGACAAAGTAGCTGCC-1,2.2994604,4.8671126
Folr1_E75_1-GCGGAAATCTCAACGA-1,8.366827,4.9555883
Folr1_E75_1-TCGCTTGAGCGACTTT-1,-1.2653583,6.093466
Folr1_E75_1-ATCCACCCATGACAGG-1,8.20174,5.4758277
Folr1_E75_1-GCATCTCCACGCCAGT-1,8.548781,5.3054585
Folr1_E75_1-AGATCGTCAATTTCTC-1,-0.46097594,6.368267
Folr1_E75_1-TCGTAGAGTATCGGTT-1,3.6203213,3.2706647
Folr1_E75_1-GCCGATGCACTACGGC-1,1.7156744,6.1803465
Folr1_E75_1-TACTGCCTCGGTCTAA-1,8.21752,5.59037
Folr1_E75_1-ATCAGGTCAGGCGAAT-1,-0.83333445,5.7068458
Folr1_E75_1-CAGTGCGAGATCCTAC-1,3.3217165,4.3774347
Folr1_E75_1-TCCCACAAGTACCGGA-1,6.8520904,5.006567
Folr1_E75_1-GACGTTAGTAAGCAAT-1,-0.52620983,5.4254704
Folr1_E75_1-TTTGGAGTCATCCTGC-1,0.09799429,5.4212823
Folr1_E75_1-CATACTTAGGAGGTTC-1,8.865157,4.5565195
Folr1_E75_1-CACTGGGCAATAGGAT-1,1.0426377,5.8732386
Folr1_E75_1-TGGGAAGTCTCGCTCA-1,0.3873475,4.840449
Folr1_E75_1-CTATAGGCACATTGTG-1,3.0192094,4.747319
Folr1_E75_1-CTACGGGGTTGCATCA-1,7.650196,5.7634273
Folr1_E75_1-GAGCTGCCAGGATCTT-1,2.1295676,3.259432
Folr1_E75_1-AGTGATCCACGACGCT-1,-1.4262971,6.8871694
Folr1_E75_1-AGAAATGCATGACGTT-1,3.9159904,5.192747
Folr1_E75_1-CACTGGGTCAAAGCCT-1,5.7167377,4.308502
Folr1_E75_1-TTGTGGAGTGCATACT-1,3.7093349,3.0968492
Folr1_E75_1-GGGTCTGGTTAGGCCC-1,-1.0306522,7.1181626
Folr1_E75_1-GTCTCACAGACCTTTG-1,0.7888332,5.766003
Folr1_E75_1-GAGCCTGAGCCATCCG-1,0.07155959,5.7798724
Folr1_E75_1-CCTGCATAGGGCCCTT-1,-0.47344288,6.0098734
Folr1_E75_1-GCAACATAGTCACGAG-1,4.869515,4.7302675
Folr1_E75_1-AGGATAACAATTGCCA-1,8.631222,4.2853765
Folr1_E75_1-GATAGCTCACCTAAAC-1,-1.4560499,7.3859687
Folr1_E75_1-AGGCATTCATTGCAAC-1,0.548632,6.0562935
Folr1_E75_1-CTCCTCCAGCATCCCG-1,4.133459,3.802299
Folr1_E75_1-AGCTTCCGTAGCCAGA-1,0.67818266,6.1628966
Folr1_E75_1-CGGAATTGTGGCGCTT-1,0.8808817,6.360018
Folr1_E75_1-GCACGGTCACTGTGAT-1,1.0836408,5.891325
Folr1_E75_1-GCAACCGAGTCTAGCT-1,2.4416866,5.94797
Folr1_E75_1-GATGCTAGTACCGCGT-1,6.2780643,6.116958
Folr1_E75_1-GCGAGAATCTCCTGCA-1,7.2434244,5.6905017
Folr1_E75_1-TTAGGGTCAACATCGT-1,5.901457,4.856372
Folr1_E75_1-TCCATCGGTGTAACGG-1,3.5343854,6.3841677
Folr1_E75_1-TCATCCGGTGGCTGAA-1,6.650479,5.7404604
Folr1_E75_1-AGAACAAAGGAATGTT-1,-0.77063507,5.948587
Folr1_E75_1-GTACAACAGCCTGTCG-1,-0.985121,5.8146596
Folr1_E75_1-AGGTCATTCCTCTCTT-1,5.0191784,5.386016
Folr1_E75_1-GACGTTATCTAGTACG-1,3.383886,6.743096
Folr1_E75_1-AGGTCATGTTAGGCCC-1,-0.59727454,6.2141676
Folr1_E75_1-AGAAATGGTCGCGTTG-1,0.3243782,5.230088
Folr1_E75_1-CTCCGATCAGACATCT-1,5.6627874,5.956216
Folr1_E75_1-GGTTAACCACGCTGCA-1,3.0789022,7.030795
Folr1_E75_1-ACGTTCCTCCACAGGC-1,-0.34574872,8.780767
Folr1_E75_1-TCATGCCCATCCCACT-1,-0.9508361,6.589136
Folr1_E75_1-TGCGGGTCATATGGCT-1,7.7962265,4.599795
Folr1_E75_1-AGGTCATCAGCGGTTC-1,-0.7923574,6.5382447
Folr1_E75_1-TGGAACTCAATAGGGC-1,8.21675,5.4724674
Folr1_E75_1-ACTGTGACAGCAGTCC-1,3.4308496,6.499648
Folr1_E75_1-TTAGGGTGTGACTCGC-1,8.237028,5.1738706
Folr1_E75_1-GGAAGTGGTTAGAGAT-1,6.535408,5.7846093
Folr1_E75_1-ACTGATGGTCCAACGC-1,0.38197848,5.403314
Folr1_E75_1-CACAACACAAACGAGC-1,3.7647247,7.6911974
Folr1_E75_1-TACATTCTCCTGGTCT-1,-1.0183944,5.9618635
Folr1_E75_1-CTCAAGACATACTTTC-1,-0.8901931,5.8185935
Folr1_E75_1-CATGGTATCTCAGTCC-1,0.9297884,4.8430977
Folr1_E75_1-TGATCAGCAACAACAA-1,-1.2622975,6.1167817
Folr1_E75_1-GCATTAGAGCGTGCCT-1,6.770224,5.5716767
Folr1_E75_1-TCATACTAGAACCGCA-1,5.618781,5.377942
Folr1_E75_1-CTATCCGCAATGCTCA-1,2.1874187,6.5777326
Folr1_E75_1-AACCATGGTTCTCGCT-1,-1.576519,6.758382
Folr1_E75_1-TACTTACTCTCTTGCG-1,3.0465612,6.9644394
Folr1_E75_1-GATTCTTCAACCGCTG-1,4.2477427,7.853764
Folr1_E75_1-CACTGTCTCCCGAGGT-1,1.1106374,5.1496634
Folr1_E75_1-AGATCGTTCAATCAGC-1,7.4710584,5.608074
Folr1_E75_1-ATCACGATCATCGCTC-1,-1.1446365,8.001288
Folr1_E75_1-TTGTTCACACTACCCT-1,8.37616,4.7367187
Folr1_E75_1-CTCCACATCGCTGTTC-1,-1.4892317,6.24699
Folr1_E75_1-AGTGACTTCAAGGACG-1,7.544853,5.773386
Folr1_E75_1-AGGTTGTCAATCGTCA-1,3.2669322,3.630585
Folr1_E75_1-ATCCGTCCAAGCTCTA-1,0.07516968,5.528924
Folr1_E75_1-ACGCACGGTTCACGAT-1,0.91595215,5.3683286
Folr1_E75_1-TGTAAGCTCGCCTCTA-1,2.0975578,5.7576885
Folr1_E75_1-AATCACGGTCTACATG-1,3.3810744,6.879579
Folr1_E75_1-TCGGGACTCCACGAAT-1,8.722416,5.5065475
Folr1_E75_1-ACTCCCATCTGTCTCG-1,-0.9274552,6.8386154
Folr1_E75_1-TGGTTAGCAATAACGA-1,0.018752547,5.543292
Folr1_E75_1-CTTGATTCAACCACGC-1,0.60981727,4.3841743
Folr1_E75_1-CTTCTCTAGTCAGAGC-1,7.953384,5.7468863
Folr1_E75_1-ACCACAACATCGTTCC-1,3.9274836,2.9495084
Folr1_E75_1-GGGTCACGTCAACATC-1,-0.30611712,5.760433
Folr1_E75_1-GGCAGTCAGTCACGAG-1,0.3216198,5.9053035
Folr1_E75_1-AAACGAATCATGTCTT-1,2.5149252,5.3733993
Folr1_E75_1-TCAAGCATCGATCCAA-1,-1.2116709,6.216008
Folr1_E75_1-CGGGCATGTAGTGATA-1,6.877272,5.8755293
Folr1_E75_1-TGGATGTCACGACAAG-1,7.359,5.4164405
Folr1_E75_1-CGTTCTGTCATCCCGT-1,3.0239084,3.3038843
Folr1_E75_1-TCTACATGTGAGTAGC-1,-1.3763899,5.6433887
Folr1_E75_1-AAGACTCTCTCGACCT-1,7.9583473,5.2764115
Folr1_E75_1-TTAGTCTCAGATCATC-1,3.953004,3.8081377
Folr1_E75_1-GGGAAGTTCCCTTGTG-1,-0.52362645,6.3073144
Folr1_E75_1-AGGGTGAGTATGGAGC-1,1.7270999,5.493596
Folr1_E75_1-GGTCACGAGGCGCTCT-1,3.3919928,5.75608
Folr1_E75_1-AAGCATCCAGCACGAA-1,-0.13780905,5.630391
Folr1_E75_1-TGCTTGCTCGCCTCTA-1,6.30922,5.376016
Folr1_E75_1-GGAATCTAGCCTATTG-1,4.356691,7.0500026
Folr1_E75_1-GGAGGATAGGCGCTCT-1,-0.3120319,6.1359773
Folr1_E75_1-CGATGGCAGATACGAT-1,-0.05279933,5.621101
Folr1_E75_1-GTAGAGGTCAGGAGAC-1,3.1533208,4.5142927
Folr1_E75_1-TACTTACAGGCCCACT-1,8.026818,5.124959
Folr1_E75_1-AAGACTCCAAACACGG-1,8.145927,5.4633427
Folr1_E75_1-TTATTGCGTAGATTGA-1,3.3954902,3.2343316
Folr1_E75_1-GCACATACACTGCGAC-1,2.4828837,3.827471
Folr1_E75_1-ATCGGATAGATACCAA-1,-1.3969357,6.274564
Folr1_E75_1-TTACTGTAGTCGCGAA-1,1.9032882,5.5529814
Folr1_E75_1-CGACAGCGTGTCCGGT-1,-0.30306432,6.3805375
Folr1_E75_1-TCGCTCAAGCCGATTT-1,3.1760068,4.535949
Folr1_E75_1-CGGGTCACATCGCTCT-1,3.3273482,3.329768
Folr1_E75_1-GTAGCTAGTACGGATG-1,4.006978,5.9093246
Folr1_E75_1-CATACCCTCCGACATA-1,0.6660021,5.521571
Folr1_E75_1-AATCGTGCATACCACA-1,6.40809,5.4952064
Folr1_E75_1-AGTTAGCAGGCTCCCA-1,6.9327755,5.2941628
Folr1_E75_1-TGCTTCGCAAATTGGA-1,-0.80276614,5.7184405
Folr1_E75_1-AAGCCATAGATTCGCT-1,3.7852156,6.774732
Folr1_E75_1-TATTCCAGTTATGACC-1,-1.2830156,6.610174
Folr1_E75_1-CCTCATGAGATGTTAG-1,1.5213832,6.281145
Folr1_E75_1-GCATCGGTCCCGTTGT-1,3.6313407,2.8990862
Folr1_E75_1-ATGACCAAGATGCCGA-1,3.0936575,7.0582075
Folr1_E75_1-AGGTGTTGTTCTCCTG-1,2.02563,5.6979957
Folr1_E75_1-CATGGTAGTGATGTAA-1,-1.3700572,8.491082
Folr1_E75_1-TCCACCAAGTTACGAA-1,5.999075,5.3377957
Folr1_E75_1-TCAATTCTCATATGGC-1,8.713742,4.6841927
Folr1_E75_1-TCGAAGTTCTTAGCCC-1,0.27639973,6.2309155
Folr1_E75_1-TCTCCGAAGTTCGCAT-1,3.323158,4.577773
Folr1_E75_1-ATGATCGAGTTCCGGC-1,3.6013637,7.2165356
Folr1_E75_1-GAGTTACAGGATAATC-1,2.4316144,6.264753
Folr1_E75_1-CACTGAAGTCGAAACG-1,0.24272506,5.3961983
Folr1_E75_1-GTAAGTCAGGTCCAGA-1,7.3673563,5.917719
Folr1_E75_1-AAACGCTGTGCAATGG-1,8.749415,4.8689284
Folr1_E75_1-CCGAACGCACTAACGT-1,3.1308508,4.664517
Folr1_E75_1-TAGACCATCATTATCC-1,-0.77231777,6.3203354
Folr1_E75_1-TTCCAATTCATCGTAG-1,0.0349959,6.043439
Folr1_E75_1-CTCCTCCCAACGGCCT-1,1.474669,5.0284543
Folr1_E75_1-ACCATTTCAGTGTGGA-1,2.0997667,5.587352
Folr1_E75_1-ATCCTATGTTCGAGCC-1,0.83390725,6.119202
Folr1_E75_1-ATTTCACTCACCGACG-1,-0.112811305,5.7328706
Folr1_E75_1-GGAAGTGGTTACCGTA-1,1.5632915,6.6434903
Folr1_E75_1-TACGGTATCCATTTCA-1,3.0791981,6.625393
Folr1_E75_1-TTCGCTGTCAGCCTCT-1,3.7587101,3.5031486
Folr1_E75_1-GCCGTGATCTACGCAA-1,0.7807693,5.9337544
Folr1_E75_1-CCTGCATCATGAGATA-1,3.5732996,3.8521965
Folr1_E75_1-AAAGGTAGTCACAATC-1,0.68327385,5.8398886
Folr1_E75_1-TTGACCCCAGAGAAAG-1,3.6443272,7.319144
Folr1_E75_1-AACGAAAAGTCAGAGC-1,-0.10166751,5.324975
Folr1_E75_1-TGTTGAGTCAGTAGGG-1,1.3875952,5.481447
Folr1_E75_1-CTTCTAACACTAACCA-1,2.1965237,6.2694135
Folr1_E75_1-GACCCTTAGGAACTCG-1,3.117256,7.429305
Folr1_E75_1-AGGGCCTTCGACGATT-1,1.9326572,6.0300555
Folr1_E75_1-TGTCCACGTGGGAGAG-1,2.5560527,4.377351
Folr1_E75_1-AAAGTCCAGTCAGCCC-1,-1.3919841,6.672428
Folr1_E75_1-ATCGTGAGTCCCAAAT-1,1.865194,5.725285
Folr1_E75_1-TGTGCGGCATTATGCG-1,6.255233,5.380677
Folr1_E75_1-TGACAGTAGACCGTTT-1,-0.61454964,5.620945
Folr1_E75_1-TTCAATCTCGATGCAT-1,0.4056003,5.3168344
Folr1_E75_1-CGATCGGCAGCAGATG-1,-1.2349044,6.274111
Folr1_E75_1-TCCTAATAGCCGTTAT-1,6.9479437,4.322079
Folr1_E75_1-ACGTCCTCAAAGGTTA-1,2.444698,5.1790295
Folr1_E75_1-CTAGACAAGTACTGGG-1,-0.51959985,5.671791
Folr1_E75_1-TTGACCCGTGTTTGCA-1,-1.5369306,6.6134934
Folr1_E75_1-CCCTGATCATTCAGCA-1,-0.68409216,7.4545593
Folr1_E75_1-GACTATGGTAATGTGA-1,-0.07969374,6.8754053
Folr1_E75_1-AGGACTTTCGTAGTCA-1,1.4250624,4.996974
Folr1_E75_1-CTCAAGAAGTAACGAT-1,1.68907,5.7258396
Folr1_E75_1-AACCTGAAGCTATCCA-1,3.30474,6.3783975
Folr1_E75_1-CTCAACCCAGCCTTCT-1,-1.1761674,5.813804
Folr1_E75_1-AGATAGATCTATTCGT-1,9.047528,5.303981
Folr1_E75_1-ATCACGAAGTCCGCGT-1,8.009247,5.4763474
Folr1_E75_1-AGAGAGCTCAACCTCC-1,2.9868157,4.336597
Folr1_E75_1-GTTTACTGTAATGTGA-1,3.0103343,6.1094413
Folr1_E75_1-TACTGCCGTTCACGAT-1,0.97135293,6.7050786
Folr1_E75_1-ACGATCACAGCATTGT-1,2.2870643,4.9098577
Folr1_E75_1-ACAACCAGTAAGGCCA-1,-1.1167712,6.3023295
Folr1_E75_1-GAGACCCCACAAATCC-1,7.7720766,4.9688034
Folr1_E75_1-TCACTATTCTAGACAC-1,0.54927075,5.88187
Folr1_E75_1-GGTTCTCAGAACTTCC-1,9.0329895,4.210334
Folr1_E75_1-TATTCCACACCGTCGA-1,1.1647742,4.422409
Folr1_E75_1-GTTGTCCGTGCCCACA-1,5.217391,1.9788291
Folr1_E75_1-GGGCGTTGTCGAATTC-1,5.1639695,4.46976
Folr1_E75_1-GGAGAACAGCTTTGTG-1,-0.9783503,6.4420342
Folr1_E75_1-AGAGCCCAGTATCTGC-1,3.414176,6.8055315
Folr1_E75_1-CAATTTCTCGCATTAG-1,3.276388,7.1345253
Folr1_E75_1-GACCGTGGTCGCTTAA-1,3.442294,7.088227
Folr1_E75_1-TAGTGCAAGAGTATAC-1,8.222448,5.8669066
Folr1_E75_1-ACTCCCATCGTTGTGA-1,8.275064,5.415485
Folr1_E75_1-GCACGTGGTGTATACC-1,6.9445963,4.8597903
Folr1_E75_1-CTCTCAGGTAGCTGTT-1,-0.55648905,5.608513
Folr1_E75_1-CTACCTGCATCAACCA-1,0.63254184,5.507256
Folr1_E75_1-AGGTCTAAGCAGCACA-1,3.3088577,5.305256
Folr1_E75_1-GATCCCTAGCGTCAAG-1,1.2831041,5.3774304
Folr1_E75_1-AGTTCGATCTCAATCT-1,1.1651746,5.4806156
Folr1_E75_1-TGAGGGATCTTTCTAG-1,-1.3322668,6.650019
Folr1_E75_1-AGGTGTTTCAGATGCT-1,4.964431,3.243236
Folr1_E75_1-CGATGGCTCACCTACC-1,4.7288404,6.246727
Folr1_E75_1-CTCACTGTCACTACTT-1,0.47123557,5.4714675
Folr1_E75_1-TTCCTAAAGCATGATA-1,-0.11002634,5.632584
Folr1_E75_1-AATGCCAAGCTATCCA-1,2.5116847,4.1242976
Folr1_E75_1-CGACAGCTCGAACGGA-1,6.0111675,5.3278894
Folr1_E75_1-CAAAGAAGTTTCTTAC-1,1.71313,4.5971866
Folr1_E75_1-GTAGATCCAACCTAAC-1,2.806863,4.583868
Folr1_E75_1-AGGTTACCAAGGGCAT-1,3.2681372,4.1499104
Folr1_E75_1-ACGGTTAAGAGATGCC-1,4.487168,2.658284
Folr1_E75_1-AAAGGGCCACCAAATC-1,0.2730943,5.4532266
Folr1_E75_1-ACCCTCATCGAACGGA-1,3.5556028,7.4932623
Folr1_E75_1-GGTCTGGCATGATCTG-1,5.1639657,5.007233
Folr1_E75_1-TACATTCGTCGAGTGA-1,6.1062636,4.513076
Folr1_E75_1-TCTCACGAGGTCGACA-1,4.079884,2.2068565
Folr1_E75_1-CATGCCTTCCCTTCCC-1,-0.87137437,6.2555485
Folr1_E75_1-CTCCATGTCCTCAGAA-1,8.037661,5.1293797
Folr1_E75_1-TGACGCGGTGATGTAA-1,8.347868,5.8937755
Folr1_E75_1-GTACAGTAGCGATGGT-1,1.1385883,5.842446
Folr1_E75_1-GTGTTAGTCAACCCGG-1,7.5798235,6.081524
Folr1_E75_1-TGTAACGAGCATGTTC-1,0.18244825,5.2234793
Folr1_E75_1-TATACCTAGCAGCCTC-1,0.29336524,5.19813
Folr1_E75_1-TGAGACTGTTGCTGAT-1,0.2899706,5.4871716
Folr1_E75_1-GGCAGTCCAGCGGTCT-1,6.443653,4.6569643
Folr1_E75_1-ACTTATCTCTGGGCAC-1,2.739773,3.6398525
Folr1_E75_1-ATTCTTGCACAAATGA-1,5.55747,4.957951
Folr1_E75_1-GACTGATTCCGCAACG-1,3.4654942,5.222428
Folr1_E75_1-GGCGTCACATTGTGCA-1,-0.07214274,7.064384
Folr1_E75_1-TAATTCCAGCTAGAGC-1,8.07503,3.2146509
Folr1_E75_1-GAGACCCGTTGACTAC-1,1.3162138,5.6732807
Folr1_E75_1-ACCCTTGAGCCGATCC-1,0.97069025,5.4858847
Folr1_E75_1-ACCACAAAGCAACAGC-1,5.139276,4.599407
Folr1_E75_1-ATGAAAGGTAGCTTAC-1,0.6306523,5.992168
Folr1_E75_1-TGCTCGTGTGGTACAG-1,1.8100618,3.5610785
Folr1_E75_1-GTCTACCCAACGAGGT-1,4.657149,2.4533243
Folr1_E75_1-GCTGAATTCTAGTCAG-1,8.322039,5.442674
Folr1_E75_1-CCACACTGTCGGTGAA-1,3.515726,7.3217072
Folr1_E75_1-CGTAGTAGTGATACCT-1,-0.040082496,5.5008597
Folr1_E75_1-ATATCCTCACTACACA-1,1.2428005,4.916753
Folr1_E75_1-AGACTCACAATGGCCC-1,0.7100913,5.759024
Folr1_E75_1-AGGGTCCCACGTAGAG-1,7.0238576,5.922355
Folr1_E75_1-GACCTTCTCGATTGAC-1,-0.80588275,5.3476796
Folr1_E75_1-AGGGAGTCAAGTCATC-1,7.354724,5.7894816
Folr1_E75_1-GGCAGTCAGTGCTCGC-1,4.859987,5.185961
Folr1_E75_1-TGCGACGAGTACTGTC-1,7.7734866,5.5985913
Folr1_E75_1-ATCGCCTTCGGTCTAA-1,4.8518243,5.519124
Folr1_E75_1-GACCCAGGTCCGGTGT-1,2.5840116,3.8415906
Folr1_E75_1-AGTGTTGGTATCCTTT-1,6.9172792,5.3341465
Folr1_E75_1-TCAAGTGAGAGTCTGG-1,-1.2609404,6.011637
Folr1_E75_1-AACCTGAAGGCTAAAT-1,6.993926,5.4706693
Folr1_E75_1-AGGTTGTGTTGTGGAG-1,-1.5904313,6.3643427
Folr1_E75_1-TAGATCGCACCAGGTC-1,1.8896332,6.154413
Folr1_E75_1-TGGTACATCGGTGAAG-1,0.6914292,5.722103
Folr1_E75_1-CACCAAAGTCACCGAC-1,5.151231,3.75665
Folr1_E75_1-TCAAGCAGTAACTGCT-1,0.73143494,6.695673
Folr1_E75_1-TACGGTAAGCACCAGA-1,3.5953271,4.420315
Folr1_E75_1-ACTATCTGTTCTCACC-1,-0.9683999,7.291868
Folr1_E75_1-TGTCCCACAATTGCTG-1,3.744161,2.6087315
Folr1_E75_1-TGTTGAGGTAGGAGTC-1,2.1287866,6.04363
Folr1_E75_1-GACTCTCGTCTGCATA-1,-0.25448915,5.8274913
Folr1_E75_1-TCACTATTCCCTCAAC-1,3.4508762,4.9638247
Folr1_E75_1-CTCATGCTCAGCTTCC-1,3.5415802,5.0905366
Folr1_E75_1-GTCTGTCCACAACCGC-1,8.329761,5.4294896
Folr1_E75_1-CCTCATGGTACGCTTA-1,0.40389514,5.3238854
Folr1_E75_1-GGTCTGGCAACATACC-1,-1.301382,6.778836
Folr1_E75_1-TCCCATGGTTGATGTC-1,3.6418986,6.9651403
Folr1_E75_1-GTCCCATCATGGGTCC-1,0.76778245,5.617959
Folr1_E75_1-TGAGTCAGTAACCCGC-1,8.182063,5.562823
Folr1_E75_1-GAAGCGAGTAATTAGG-1,-0.6667514,6.6162987
Folr1_E75_1-CAAGGGATCACGTCCT-1,6.228361,5.0540137
Folr1_E75_1-ACTATTCTCCACATAG-1,0.40726557,6.016145
Folr1_E75_1-GTAATCGCAAATTAGG-1,2.056057,5.138716
Folr1_E75_1-ATCGGCGGTCTGCCTT-1,0.19933984,5.5658035
Folr1_E75_1-GACTGATAGTTCGCAT-1,0.4650483,5.9234023
Folr1_E75_1-AGAGCCCCACCCAATA-1,3.8890774,7.5007463
Folr1_E75_1-GGAGGATAGGATTCCT-1,0.007671482,6.059305
Folr1_E75_1-CTTCTCTCAAGTCGTT-1,0.97969484,5.8195276
Folr1_E75_1-AACCTGAAGTCTAACC-1,6.0789237,4.3074512
Folr1_E75_1-GGGCTCACAAGTCGTT-1,-1.012732,6.6729
Folr1_E75_1-ATGAAAGTCAGAGCGA-1,3.6951618,7.5667396
Folr1_E75_1-CCGTTCAGTTCGGTAT-1,8.418015,5.5583587
Folr1_E75_1-CATCAAGAGGTGCAGT-1,1.3847675,4.8815007
Folr1_E75_1-CGTTCTGGTGTCTCCT-1,8.146041,5.3765945
Folr1_E75_1-TACTTACCAGTGGCTC-1,0.5686941,6.5191717
Folr1_E75_1-AGTCTCCAGCCGCTTG-1,3.169958,3.2197106
Folr1_E75_1-CTGTATTGTTCGTGCG-1,2.7019095,6.902318
Folr1_E75_1-TTCGATTAGCTGGCCT-1,0.8721086,6.74795
Folr1_E75_1-GTCATGAAGCATGAAT-1,1.3727555,5.1673045
Folr1_E75_1-ATCCGTCTCGTTGTAG-1,0.9497776,5.1460667
Folr1_E75_1-GTTGCGGGTTGAGAGC-1,2.3757975,4.4134297
Folr1_E75_1-CCTATCGTCGAACGGA-1,-1.2613174,5.923884
Folr1_E75_1-CATGCGGAGGAAGAAC-1,1.952125,4.3767843
Folr1_E75_1-AGTCAACCAGTTACCA-1,0.09420146,5.674555
Folr1_E75_1-ACTTCGCCAAGAAACT-1,7.3524394,5.53158
Folr1_E75_1-TTGCCTGTCTGGGCGT-1,6.541788,4.763538
Folr1_E75_1-TCGGGCACATGGAAGC-1,8.193381,5.4135575
Folr1_E75_1-TCTTAGTGTAGGATAT-1,-0.4819421,5.401876
Folr1_E75_1-CTATAGGCATGCACTA-1,-0.1880524,5.88892
Folr1_E75_1-GCTTCACCACAGCCAC-1,0.033135608,5.815521
Folr1_E75_1-AGGGCCTTCTGCGAGC-1,1.1227131,5.3006687
Folr1_E75_1-GGGATGAGTCTAGGTT-1,3.473293,3.741457
Folr1_E75_1-TCACATTGTCATAAAG-1,0.45243222,5.186799
Folr1_E75_1-TGGGTTAGTCTACAGT-1,3.161719,5.571021
Folr1_E75_1-TCTTTGAAGAACGTGC-1,1.0069776,4.97757
Folr1_E75_1-ACCGTTCAGAGTCTTC-1,3.8899238,7.086872
Folr1_E75_1-CTGCAGGGTAGACAGC-1,1.2417377,6.2829514
Folr1_E75_1-CATTTCAAGAGGTTAT-1,-0.107338905,5.4175353
Folr1_E75_1-TTCGATTGTGTTCCAA-1,-0.15031923,5.303401
Folr1_E75_1-AGCTCAACAACACAAA-1,-0.94700336,5.7470574
Folr1_E75_1-ATGAAAGCATGACTAC-1,1.745424,5.265605
Folr1_E75_1-ATCTTCAGTCATACCA-1,-1.0185194,6.968901
Folr1_E75_1-GTCACGGAGAATCGCG-1,-0.9555219,5.681372
Folr1_E75_1-TGTTGGACAAGAGTTA-1,2.9549184,3.89375
Folr1_E75_1-GGAGGATGTCCACGCA-1,0.9107913,6.033427
Folr1_E75_1-TCTTTGAGTATCATGC-1,-0.90826666,5.9013824
Folr1_E75_1-GGCAGTCAGAACAAGG-1,-0.7748329,6.044795
Folr1_E75_1-CGTCAAAGTCGTTGGC-1,-1.3991989,7.086299
Folr1_E75_1-TATTGCTAGGTGCATG-1,2.329115,3.343394
Folr1_E75_1-AGTCACATCAGACCGC-1,0.60579985,5.974231
Folr1_E75_1-TATGTTCGTGACCGTC-1,-1.2729917,5.7524533
Folr1_E75_1-TGGTAGTTCATTACGG-1,3.928494,6.6455393
Folr1_E75_1-TAGAGTCCACTGCATA-1,1.2611367,5.394724
Folr1_E75_1-AAACGAATCGTGGAAG-1,1.4455289,5.868893
Folr1_E75_1-CCTCTAGAGCGGTATG-1,2.5066338,3.140687
Folr1_E75_1-ATGAAAGTCTACGCGG-1,-0.8332976,8.077224
Folr1_E75_1-CAGATCACACTCTGCT-1,-0.1633954,5.8148546
Folr1_E75_1-TGGTACATCCATATGG-1,-1.1165107,5.626261
Folr1_E75_1-GTACAGTGTGTGATGG-1,-0.1355331,6.775318
Folr1_E75_1-AACCATGAGGTTTGAA-1,6.8972044,4.594952
Folr1_E75_1-AATCGACAGCATCTTG-1,7.975091,5.204837
Folr1_E75_1-GGTTGTAGTCCACAGC-1,1.5023419,6.0400434
Folr1_E75_1-TAGGGTTTCGTTCGCT-1,2.8424635,5.6892767
Folr1_E75_1-GTAGAAACATCTGTTT-1,-1.3636953,6.517309
Folr1_E75_1-CCGTTCAGTCGCTGCA-1,3.023771,3.583182
Folr1_E75_1-CTACATTAGTGGTCAG-1,-0.9414885,6.0259795
Folr1_E75_1-TCATGGAGTTCGGACC-1,9.44984,5.2264843
Folr1_E75_1-CTGAATGAGGGTCTTT-1,4.258368,3.648736
Folr1_E75_1-GTAGATCGTATACGGG-1,3.931731,0.42941576
Folr1_E75_1-ATTCATCCAAGACCGA-1,-1.1685483,6.798487
Folr1_E75_1-CACGAATAGTCTTCGA-1,-0.11673705,7.5596986
Folr1_E75_1-TTGTTTGAGCAAACAT-1,8.635384,5.547486
Folr1_E75_1-GAGTGAGAGATGTTAG-1,1.8817555,6.4446416
Folr1_E75_1-TGGAGAGGTAGGAGTC-1,7.7262254,5.088386
Folr1_E75_1-TAGGTACCATGATCTG-1,3.2298641,5.2096033
Folr1_E75_1-TTACGTTAGTCTGCGC-1,2.729112,6.8408513
Folr1_E75_1-GCACGGTTCCAGCAAT-1,0.45946103,7.2121344
Folr1_E75_1-AGGCATTTCTTCCCAG-1,0.15252227,5.656038
Folr1_E75_1-CGTGATACAGAGAAAG-1,7.2368026,4.0836883
Folr1_E75_1-TGACGCGGTAGAGATT-1,0.3446465,5.6558275
Folr1_E75_1-GTCGCGAAGGTGATAT-1,0.5683954,6.233437
Folr1_E75_1-TGTGTGACATAACCCA-1,-1.2322016,6.451143
Folr1_E75_1-CGTTCTGGTTGGGAAC-1,-0.6590582,5.963469
Folr1_E75_1-GATGGAGCAGTACTAC-1,2.3780885,4.3558517
Folr1_E75_1-GAAGCGATCACAACCA-1,6.110719,0.74877954
Folr1_E75_1-CCTCTAGCATTCCTAT-1,0.00603531,5.5360365
Folr1_E75_1-TAACCAGAGGACGCAT-1,6.75074,6.419251
Folr1_E75_1-GTGTTCCTCCATGAGT-1,-0.27624065,5.692331
Folr1_E75_1-TCAGGTACAACCTATG-1,3.6933203,3.1111426
Folr1_E75_1-GACGTTATCTAGGAAA-1,3.9736803,6.2883244
Folr1_E75_1-CGAAGTTTCTATGTGG-1,2.7023234,2.124111
Folr1_E75_1-GTGCAGCCAGCTCTGG-1,2.4237454,4.610593
Folr1_E75_1-TCGTGGGGTTGACTAC-1,-1.409627,6.4126096
Folr1_E75_1-TCGTAGACAGCTAACT-1,2.4561982,3.860254
Folr1_E75_1-ACAAAGAAGTACAACA-1,-1.2798041,8.174507
Folr1_E75_1-GCACGTGTCATCCTAT-1,4.16804,3.8919556
Folr1_E75_1-CTCACTGCAAGTATAG-1,-0.62141794,6.0881977
Folr1_E75_1-GTAGAGGCAGCTCATA-1,2.3790183,5.410689
Folr1_E75_1-TAGCACAAGACAGCTG-1,1.6694442,4.1306806
Folr1_E75_1-TCGGATAAGGAACGAA-1,2.3163598,3.9960353
Folr1_E75_1-TCAAGACTCTCTGCTG-1,-1.3803455,5.940415
Folr1_E75_1-GACACGCAGTTGAAGT-1,6.8350315,5.0368476
Folr1_E75_1-CTGAGCGAGGCGATAC-1,0.39378285,5.3109794
Folr1_E75_1-ATCGTGATCACTGTTT-1,1.0449178,6.3086095
Folr1_E75_1-AGGTGTTAGGCATTTC-1,1.6492568,3.1747766
Folr1_E75_1-AAGATAGGTCACTCGG-1,3.0029335,4.9005437
Folr1_E75_1-AAGGTAACAGCTGTGC-1,-0.7502815,6.173438
Folr1_E75_1-CTGCCATAGAGAGGTA-1,4.206272,5.093799
Folr1_E75_1-GGAGGTATCGAGTACT-1,0.62591714,5.540672
Folr1_E75_1-CCCTTAGGTTGGAGAC-1,2.42553,4.7943163
Folr1_E75_1-CTACTATTCTTCACAT-1,6.196198,1.1501533
Folr1_E75_1-AAGGTAACAGAAGTGC-1,5.808698,5.176751
Folr1_E75_1-GTCTAGATCGTTGCCT-1,0.63255644,5.2028236
Folr1_E75_1-AGACCATCAAGAATAC-1,0.9498979,4.8310466
Folr1_E75_1-GCGAGAAAGGCAGGGA-1,2.0489352,4.560967
Folr1_E75_1-CCTTTGGCATACAGAA-1,2.361981,5.3761487
Folr1_E75_1-GAGTTACTCTTCTGGC-1,-0.035429046,5.4894404
Folr1_E75_1-CTCTCAGTCGGAATTC-1,-0.1858222,6.0288806
Folr1_E75_1-TAACGACTCTCGCTCA-1,2.2776115,3.8394663
Folr1_E75_1-GCACGTGTCATTGCCC-1,7.8750825,5.270895
Folr1_E75_1-TCCTTCTGTTCTCCCA-1,2.5093565,5.3628597
Folr1_E75_1-TCATTTGCACCGCTAG-1,2.31218,5.773469
Folr1_E75_1-CAGATACGTCTGTGCG-1,3.950572,3.1338978
Folr1_E75_1-TTGGATGCAGAGGGTT-1,3.6726496,3.0258021
Folr1_E75_1-GTTAGTGAGGACATCG-1,-1.3847678,7.827721
Folr1_E75_1-AATGGAAAGGTCATTC-1,2.6173692,5.103023
Folr1_E75_1-TGGAGGAAGTGAGTGC-1,0.24429768,6.0322895
Folr1_E75_1-CTGAGCGAGATCCGAG-1,2.7797759,4.9694123
Folr1_E75_1-TCCGGGACATTCCTCG-1,1.5474333,5.098853
Folr1_E75_1-TGCGGGTCAGCTCGGT-1,3.4702165,2.2740383
Folr1_E75_1-CGATGCGCAAGCGAGT-1,4.803609,4.067386
Folr1_E75_1-GCAACATCACCTTCCA-1,3.313292,2.0564094
Folr1_E75_1-TTGCCTGAGTGGTTAA-1,4.311487,6.911846
Folr1_E75_1-ATCGCCTAGGTCATAA-1,3.1364594,6.014052
Folr1_E75_1-GAAGGGTTCTTCTTCC-1,2.9877443,6.283602
Folr1_E75_1-CCAATGAAGGTTCCGC-1,8.410957,3.8729997
Folr1_E75_1-CTACCCAAGAGCAGTC-1,0.04356706,5.230774
Folr1_E75_1-AACAAAGAGTTGTCGT-1,7.9965744,5.4388275
Folr1_E75_1-GGTTGTAAGCTGCCAC-1,2.4435844,5.6633506
Folr1_E75_1-AGTACCATCCTTCACG-1,3.9761648,6.9263034
Folr1_E75_1-CTGAATGAGAGCAACC-1,5.685019,5.1561193
Folr1_E75_1-GCCTGTTGTTGGTAGG-1,2.461408,4.6211333
Folr1_E75_1-GCTTGGGTCCACGGGT-1,-0.63065606,6.2091193
Folr1_E75_1-TGTTCTAAGAAGGCTC-1,-0.73280025,6.0076528
Folr1_E75_1-CTCAAGATCACGAGGA-1,3.0903018,4.043627
Folr1_E75_1-ACGATGTGTTCATCGA-1,0.20479296,5.6990595
Folr1_E75_1-ATAGGCTAGACAACAT-1,0.5927442,5.0680184
Folr1_E75_1-ATCACGATCGTCCTCA-1,-1.4364552,6.3092847
Folr1_E75_1-TTGTGGAGTCGTGATT-1,6.153366,5.1390085
Folr1_E75_1-GACCAATAGGTGCATG-1,-0.36483905,6.355716
Folr1_E75_1-TTCGCTGTCGTTGCCT-1,0.44261456,5.1901836
Folr1_E75_1-TTAATCCCAACTGGTT-1,2.9837234,3.1595063
Folr1_E75_1-TCATTGTTCCATTTCA-1,2.230849,6.3787894
Folr1_E75_1-CGGCAGTAGCTTGTTG-1,3.652484,4.1353474
Folr1_E75_1-GCCATGGGTGATTGGG-1,-0.68106914,6.069213
Folr1_E75_1-CAGCCAGGTTTAGACC-1,-0.3394507,5.817375
Folr1_E75_1-CACTGGGGTCACTAGT-1,2.72531,5.3953586
Folr1_E75_1-CTCTCGATCATGCTAG-1,0.61624455,5.5894146
Folr1_E75_1-CGGGTCATCGTGCTCT-1,4.1638274,3.1561499
Folr1_E75_1-GATCGTAGTAGGCAAC-1,2.1896589,5.842301
Folr1_E75_1-GGCACGTCAACCCGCA-1,7.517643,6.170194
Folr1_E75_1-GCCAGGTAGAAGGGAT-1,3.5271795,5.755103
Folr1_E75_1-CAGGCCACAAGAGCTG-1,0.35871953,8.445397
Folr1_E75_1-CTGAGGCAGGAACTAT-1,6.0826454,5.0792046
Folr1_E75_1-TGCATGACAACTTGGT-1,2.9895532,2.5328717
Folr1_E75_1-CAAGGGAAGGAGCTGT-1,0.2447303,6.3753376
Folr1_E75_1-CTTCCGAGTAGTACGG-1,3.2731693,3.644168
Folr1_E75_1-CCTGTTGGTACAATAG-1,3.197969,6.3262706
Folr1_E75_1-GTTACCCTCCGATCGG-1,7.4491835,4.971638
Folr1_E75_1-CTGAGGCGTAGGTACG-1,5.4971504,4.2071505
Folr1_E75_1-CATCGTCAGGAAAGAC-1,-0.5271322,6.381538
Folr1_E75_1-CTGGACGAGCGTATAA-1,4.2208385,3.7479672
Folr1_E75_1-CCAATGAGTACGACTT-1,4.285144,4.968436
Folr1_E75_1-CATTGCCCAGGCATTT-1,1.9501657,5.4674788
Folr1_E75_1-TACTTGTTCTAGGCAT-1,2.1397574,5.2250476
Folr1_E75_1-GTCGAATAGGATTTAG-1,7.342925,5.6001797
Folr1_E75_1-GGGTTTAAGACAACTA-1,3.73856,5.2882395
Folr1_E75_1-TTTGTTGAGGGTTAAT-1,2.9354918,7.221998
Folr1_E75_1-ACGTTCCCAAAGCTAA-1,7.0525217,2.8006232
Folr1_E75_1-AGCGCCAGTCTAGTGT-1,-1.3232435,6.8631425
Folr1_E75_1-TCTCCGAAGAGGTTTA-1,0.6590153,5.51518
Folr1_E75_1-CCACTTGTCGCGGACT-1,3.9642355,3.9817765
Folr1_E75_1-TCCTTTCTCAAGAGTA-1,6.112741,5.1576
Folr1_E75_1-CAGCACGGTGCGGTAA-1,3.7332885,7.6084437
Folr1_E75_1-GACGTTAAGACTTCAC-1,1.9292338,3.5789142
Folr1_E75_1-GAAGTAAGTCCAAGAG-1,7.338548,4.272032
Folr1_E75_1-ATGGAGGGTCTGCAAT-1,-1.365584,6.3927894
Folr1_E75_1-TATATCCCAACTTCTT-1,4.0120964,6.954484
Folr1_E75_1-TCTTTGAAGCCGAATG-1,3.841591,6.418941
Folr1_E75_1-GAAGCCCAGACAGCTG-1,-1.4207907,5.933553
Folr1_E75_1-ATCGGCGTCGAGTTGT-1,-0.06751206,6.1225986
Folr1_E75_1-GTGAGGAGTCACTCTC-1,3.729558,7.5512767
Folr1_E75_1-TTATTGCTCCGTGACG-1,7.3482957,4.527583
Folr1_E75_1-TTACCATAGCAAATCA-1,-0.9024845,5.4786983
Folr1_E75_1-AGGGTCCTCATTTCGT-1,5.249505,6.110307
Folr1_E75_1-CGGAATTTCAGCTGAT-1,-0.31054124,6.1440926
Folr1_E75_1-ACAGCCGCAAATCCCA-1,7.59703,5.3385863
Folr1_E75_1-CGATGGCCACTCCGAG-1,3.241371,7.0310645
Folr1_E75_1-AGGGTCCGTTCGGCTG-1,0.34581694,5.3356
Folr1_E75_1-CCGTTCAGTCTTACAG-1,1.5388218,2.7106402
Folr1_E75_1-GAACTGTAGACTCTAC-1,3.7893405,7.438578
Folr1_E75_1-AATGGCTGTGTTAAAG-1,0.5941776,6.021391
Folr1_E75_1-TGTTACTAGGTGTGAC-1,0.7909693,5.2124033
Folr1_E75_1-TCGTCCATCACGTAGT-1,-0.25406453,5.457347
Folr1_E75_1-TTCATTGGTTCATCTT-1,-0.7604728,6.1698775
Folr1_E75_1-TAGATCGAGTTCTCTT-1,-0.8138407,5.4467783
Folr1_E75_1-TAATCTCAGGATTCAA-1,1.144846,5.8987756
Folr1_E75_1-TGTGGCGGTACGGGAT-1,4.273668,4.4419675
Folr1_E75_1-GTGCTTCCATCAGTGT-1,3.322647,3.5021896
Folr1_E75_1-AGACAAAGTCCGGATC-1,3.4030678,4.5149574
Folr1_E75_1-TCGTAGAGTGGCTTGC-1,4.203262,7.18508
Folr1_E75_1-ATGCGATGTAGCTGCC-1,0.49762952,5.4888306
Folr1_E75_1-GTTACAGTCAGTCCGG-1,-0.21525447,5.519098
Folr1_E75_1-CGATCGGAGAATCGAT-1,-0.017017469,5.5495744
Folr1_E75_1-GCATCGGCAGGATGAC-1,3.3814034,3.23431
Folr1_E75_1-TTACAGGTCCTAACAG-1,3.229743,3.1012597
Folr1_E75_1-TCTCACGTCTCGCAGG-1,0.05001438,6.230358
Folr1_E75_1-TAGATCGTCCTAGAGT-1,-0.9719367,6.0166974
Folr1_E75_1-CCTACGTTCGCGTTTC-1,-0.18455948,5.2089963
Folr1_E75_1-TACGTCCTCTTCTCAA-1,4.0256343,5.1463413
Folr1_E75_1-GTCGTTCAGGCCCGTT-1,8.553317,5.676674
Folr1_E75_1-ACGTTCCAGTCAACAA-1,-0.35190892,6.9588127
Folr1_E75_1-CAGCAATGTGATATAG-1,0.076290354,5.5884337
Folr1_E75_1-CATCGGGGTCCACGCA-1,-0.53888464,8.148553
Folr1_E75_1-TCATGCCCATTAAAGG-1,7.644525,5.088543
Folr1_E75_1-TGTAGACAGTACCATC-1,7.3584867,4.5560317
Folr1_E75_1-AGTCTCCAGACAGTCG-1,0.65207314,5.180066
Folr1_E75_1-CTTGAGACAAATGAAC-1,4.6649737,5.7098894
Folr1_E75_1-GCAGTTACATACACCA-1,1.1675221,5.666044
Folr1_E75_1-GCGATCGGTCTGTGAT-1,-0.7514814,6.2680883
Folr1_E75_1-CCTGCATCACGCGCTA-1,0.6273856,7.554152
Folr1_E75_1-TGTTCATCAAATCGTC-1,8.358731,4.817397
Folr1_E75_1-GTACAACTCTGCCTCA-1,7.355115,4.548761
Folr1_E75_1-TGAGCATAGGTTACAA-1,-0.9280364,5.252314
Folr1_E75_1-AGGATAATCGGTTAGT-1,0.007568807,5.9849524
Folr1_E75_1-GGGTCACGTGGTAATA-1,2.9848292,2.8736637
Folr1_E75_1-GATCACAGTGCAAGAC-1,1.7325581,4.6969366
Folr1_E75_1-ACTCCCAGTACCTTCC-1,4.359459,0.522938
Folr1_E75_1-ATCGTCCAGTTGCGAG-1,0.6259891,5.838375
Folr1_E75_1-CCTATCGAGGCATCAG-1,3.01173,3.290418
Folr1_E75_1-ACCGTTCCAACAGATA-1,0.24031068,5.3128624
Folr1_E75_1-CGTAATGCATCGAAGG-1,8.242267,5.5309787
Folr1_E75_1-GAGTCTAAGAAGGCTC-1,4.349381,1.6788442
Folr1_E75_1-GGTAGAGGTGATACCT-1,8.228821,4.8017116
Folr1_E75_1-GTCACGGCAAGACTGG-1,7.484345,5.2987533
Folr1_E75_1-CTGGCAGTCATCCTGC-1,0.57062143,5.6347218
Folr1_E75_1-TTCTGTACATAATCCG-1,-0.061785217,5.4515085
Folr1_E75_1-AAGCGAGAGGGAGTTC-1,0.84408206,6.353318
Folr1_E75_1-AGTTCCCCAGTAACCT-1,0.14133902,3.2404983
Folr1_E75_1-CTGTACCGTTAATGAG-1,0.09097708,6.9533277
Folr1_E75_1-GTGTCCTCAAGCTCTA-1,3.6314664,7.270313
Folr1_E75_1-CATGGATGTACCGTCG-1,7.2086825,4.8827624
Folr1_E75_1-GCCAGCAGTCCATCTC-1,-1.2955897,6.733418
Folr1_E75_1-AGCCAGCCAACCACAT-1,0.3353466,7.3679595
Folr1_E75_1-TACCCACTCCGCTTAC-1,4.896972,6.8615775
Folr1_E75_1-AGGGTGATCGCCATAA-1,-0.0646654,2.607294
Folr1_E75_1-CAGATCAAGACTTCGT-1,0.08221442,5.538486
Folr1_E75_1-TCTATACCATGGACAG-1,6.835271,5.9845424
Folr1_E75_1-TTTACTGCATAGGTAA-1,0.7783086,5.225305
Folr1_E75_1-GAAGGGTAGTGAGCCA-1,4.2945423,6.487207
Folr1_E75_1-GTTACGATCAACCCGG-1,3.2899616,3.2878344
Folr1_E75_1-GTAGTACGTCGGAACA-1,2.208495,3.7250392
Folr1_E75_1-TACACCCGTACGGTTT-1,-0.31487915,6.0641904
Folr1_E75_1-CAAGGGAGTGTTCGTA-1,0.4375273,5.4815497
Folr1_E75_1-ATTCCTACATGTAACC-1,2.4313297,5.0863233
Folr1_E75_1-TCGATTTCAGTTAGAA-1,-0.7703272,5.6776695
Folr1_E75_1-TCGTGGGCAACTGCTA-1,3.70759,7.303275
Folr1_E75_1-AGGAATAAGGTTGTTC-1,0.79121524,2.0164537
Folr1_E75_1-CTGTATTGTCTTCAAG-1,1.0111922,4.4229665
Folr1_E75_1-AGAAGCGTCGGACTTA-1,8.095451,5.911995
Folr1_E75_1-ACTCCCAAGATCGCCC-1,-1.5747899,6.738391
Folr1_E75_1-CAATACGAGCTGGCCT-1,2.4335248,6.5911746
Folr1_E75_1-GGCACGTGTCCCTGAG-1,-0.12744927,5.8659916
Folr1_E75_1-CTGAGCGTCTCGCTCA-1,7.547928,5.2959657
Folr1_E75_1-CGTCAAACATGTGTCA-1,-1.3385607,6.908592
Folr1_E75_1-AATCGTGTCTCGTGGG-1,6.4650936,6.900626
Folr1_E75_1-GTCTTTACAGTATACC-1,5.816026,5.841118
Folr1_E75_1-ATTATCCAGGAGAGTA-1,2.7461152,2.930298
Folr1_E75_1-CAAGAGGAGTTGTCAC-1,4.25449,8.007397
Folr1_E75_1-CGTGCTTGTAGACAGC-1,4.0652475,3.3471835
Folr1_E75_1-TAGGAGGCATTCACCC-1,2.370212,4.6441436
Folr1_E75_1-GGGCCATTCTTTCCGG-1,3.6400783,3.3848903
Folr1_E75_1-TAGTGCATCTGATGGT-1,2.0965865,5.1799765
Folr1_E75_1-CAACCTCCACTCTGCT-1,-0.06386075,5.33383
Folr1_E75_1-CATACAGCAACATCGT-1,5.5962443,4.9861035
Folr1_E75_1-GTTCGCTAGAATCGCG-1,-1.0989134,6.189279
Folr1_E75_1-GGGAAGTTCAGCGTCG-1,-0.108442575,6.100561
Folr1_E75_1-ATAGACCGTCGAGTTT-1,1.7468141,4.8624644
Folr1_E75_1-AGGGCCTAGTTCATCG-1,2.6913943,3.293346
Folr1_E75_1-CATGAGTTCTTCGTGC-1,2.0838926,5.0876694
Folr1_E75_1-GAGTCTACACCGTCGA-1,5.0556746,6.2768826
Folr1_E75_1-TCCACGTAGAAGCGAA-1,4.383383,5.5799093
Folr1_E75_1-GTGCACGCAGAGATTA-1,-0.19206448,5.915172
Folr1_E75_1-GCACGTGCACTGTGTA-1,3.5004697,6.2894073
Folr1_E75_1-AGGCTGCCATCTGTTT-1,4.1004386,2.5357957
Folr1_E75_1-GTCCCATGTGGTCCCA-1,7.901362,5.5234365
Folr1_E75_1-GACCCAGAGGAACGCT-1,-0.92348135,7.424136
Folr1_E75_1-GAGTGAGTCTCGCTCA-1,0.88444877,5.6276193
Folr1_E75_1-GTAAGTCTCTCGGTAA-1,-0.769669,6.7916284
Folr1_E75_1-GAGCCTGGTCCGACGT-1,3.7996092,7.835759
Folr1_E75_1-CATTCTACATGTACGT-1,7.8775744,4.218557
Folr1_E75_1-GGAACCCGTCCAAATC-1,6.4303975,4.617026
Folr1_E75_1-AAAGTGATCCGCATAA-1,4.473463,6.847716
Folr1_E75_1-TCGAAGTCAAGATGTA-1,4.2451854,6.6374373
Folr1_E75_1-CATGCTCCACTGTGAT-1,0.012671217,5.826953
Folr1_E75_1-GATGACTAGTTGCTCA-1,2.5793474,6.106997
Folr1_E75_1-GGAGGTAAGGCGCTCT-1,5.0213575,6.7012167
Folr1_E75_1-CATCGTCAGGTAGACC-1,0.41719022,5.9286814
Folr1_E75_1-CCCTTAGGTAGTCCTA-1,5.4297295,6.3290157
Folr1_E75_1-CTCATTAAGACGATAT-1,5.8420625,3.7540896
Folr1_E75_1-ATGTCTTTCGATACAC-1,2.0185554,4.031091
Folr1_E75_1-GTCTTTACACATTCTT-1,2.91069,4.5545015
Folr1_E75_1-TCGTGCTAGTCAATCC-1,1.6089236,3.9983504
Folr1_E75_1-CTTACCGTCGTTCAGA-1,0.7735328,5.85236
Folr1_E75_1-TCGATTTGTCACTCAA-1,0.051938843,6.729792
Folr1_E75_1-TCAAGCAAGTCATGAA-1,-0.49703172,6.2579336
Folr1_E75_1-TCGGGCAAGGTATTGA-1,4.4576087,6.4410095
Folr1_E75_1-GTCGTAACATAGATGA-1,6.6986446,4.0762653
Folr1_E75_1-TTGGGCGTCGTAATGC-1,5.5683846,4.2223606
Folr1_E75_1-GACCCAGAGGAGGGTG-1,-0.90635663,6.192985
Folr1_E75_1-CTGCCATCATAGGCGA-1,3.3536043,5.489114
Folr1_E75_1-TTCCACGCATAAGCGG-1,0.7803543,5.2559643
Folr1_E75_1-TCGTGCTGTGCTCTCT-1,-0.8982919,8.183377
Folr1_E75_1-ACTTCGCGTCGAGATG-1,1.4509939,4.147059
Folr1_E75_1-GTAGAGGCACGACAGA-1,-0.033942774,5.3768992
Folr1_E75_1-TCATTTGGTAACGCGA-1,4.0923285,7.908001
Folr1_E75_1-CTGAGCGTCCGCCTAT-1,2.2209396,2.3674471
Folr1_E75_1-CGCATAAGTAGGATAT-1,3.5881026,6.9694963
Folr1_E75_1-GTCTTTAAGTTGCTCA-1,4.96131,6.3308525
Folr1_E75_1-TCGACGGAGAGGATGA-1,5.6711817,5.3262324
Folr1_E75_1-TGCTCCAAGACTTGTC-1,5.8887243,3.628357
Folr1_E75_1-ACACCAAGTATTAAGG-1,-1.050767,5.7553916
Folr1_E75_1-GCGTGCAGTAAGCAAT-1,2.8078246,3.6214046
Folr1_E75_1-TGAGTCACACAGCCTG-1,0.40488017,5.337735
Folr1_E75_1-AAGACTCCAATTTCCT-1,-0.5159596,5.0207896
Folr1_E75_1-TGGTGATAGGAAGAAC-1,7.9551153,5.3700585
Folr1_E75_1-TCGAACAGTATTCTCT-1,4.752034,6.8056545
Folr1_E75_1-CGTGAATGTACTCGAT-1,-0.6705418,3.1825683
Folr1_E75_1-GATCCCTTCCTATGGA-1,0.40578234,6.6953793
Folr1_E75_1-TGTTCATGTTCTCCCA-1,3.4355376,2.6248682
Folr1_E75_1-GGGCGTTAGAGAGCAA-1,7.703267,5.5082088
Folr1_E75_1-TCGTGCTAGCAAGTCG-1,3.9953692,2.4676924
Folr1_E75_1-CCTCTCCAGCGCAATG-1,1.2327925,4.702228
Folr1_E75_1-CCGGACAAGGCACTAG-1,4.4055514,5.7059865
Folr1_E75_1-ATCACGAGTCATCTAG-1,-1.1650081,8.189732
Folr1_E75_1-TCCATCGTCGGCTATA-1,3.221593,3.5894637
Folr1_E75_1-AGGGAGTCAAATGCGG-1,7.670984,4.7880907
Folr1_E75_1-TCGTGGGAGGCGATAC-1,5.9820423,6.251553
Folr1_E75_1-TCGTGGGAGGTAGCAC-1,3.2858605,3.086991
Folr1_E75_1-ATTCCATGTTGTTGCA-1,6.6216784,4.4131236
Folr1_E75_1-GTTAGACTCTCCCTAG-1,5.455079,6.636031
Folr1_E75_1-GACGCTGAGCCACTCG-1,0.054321736,6.104895
Folr1_E75_1-TGTGGCGAGTCTGGTT-1,-0.68719125,6.029054
Folr1_E75_1-GAAGGGTAGCCAAGCA-1,8.13346,3.4607964
Folr1_E75_1-TGCAGATGTGCTATTG-1,3.4460044,4.036962
Folr1_E80_1-TATGTTCCACCAAATC-1,4.610713,7.232894
Folr1_E80_1-GATTCTTAGGTCATTC-1,4.5461283,7.1469646
Folr1_E80_1-TGCTTCGCAACGGCTC-1,5.0568533,6.7295003
Folr1_E80_1-ATGCGATAGGAACTAT-1,8.9835205,5.990388
Folr1_E80_1-CCGATGGCACCTTCGT-1,7.874919,7.104568
Folr1_E80_1-GCCAGTGTCATTGGTG-1,4.698552,7.4346004
Folr1_E80_1-AGGTTGTCATGTGCTA-1,6.603955,4.4087424
Folr1_E80_1-GGGTGAAGTGTATACC-1,5.056442,5.9676175
Folr1_E80_1-ATCCGTCGTACCTGTA-1,8.2524185,5.6149006
Folr1_E80_1-ATTCGTTGTGACACAG-1,5.16502,7.165909
Folr1_E80_1-CGAGTTAGTGCACAAG-1,4.040597,7.7763004
Folr1_E80_1-AGGTGTTCAACCGCTG-1,10.057718,5.7496467
Folr1_E80_1-CAACAGTCATGCCGAC-1,4.151842,7.20275
Folr1_E80_1-ACATCGAAGTGAGCCA-1,7.6803117,4.2049074
Folr1_E80_1-ACCATTTTCCGTGTGG-1,4.1772056,7.166061
Folr1_E80_1-ATCCACCCAATAGTGA-1,4.512481,5.7964735
Folr1_E80_1-CTCACTGCAGGAATCG-1,3.249955,4.658499
Folr1_E80_1-AGTCACATCAGCCTCT-1,6.057987,7.4452915
Folr1_E80_1-CGGGACTCATGGCCCA-1,1.5779258,5.6353674
Folr1_E80_1-ATTCCATCAGTAACAA-1,1.9029529,4.2033544
Folr1_E80_1-TCTTTGATCAAAGAAC-1,4.5957403,7.686303
Folr1_E80_1-GAAGTAATCTAGAACC-1,10.162538,6.727676
Folr1_E80_1-ATTCTACGTCGACGCT-1,5.2439003,7.7500033
Folr1_E80_1-CTGCCTAAGGGCGAGA-1,4.9335723,7.764139
Folr1_E80_1-ATGTCTTAGCAAGTGC-1,3.3076198,5.978948
Folr1_E80_1-CAGCAATTCTTGGGCG-1,2.9264376,5.3421016
Folr1_E80_1-TGTTACTCAGATCACT-1,6.0537863,7.3976817
Folr1_E80_1-GAGGGATCACGACAAG-1,4.9260807,7.5603075
Folr1_E80_1-AAGCCATCACATATCG-1,5.554741,3.8275735
Folr1_E80_1-TGATCAGCACTATCCC-1,4.0401607,6.2659273
Folr1_E80_1-GCATCTCGTCGAGCTC-1,9.2559,5.83646
Folr1_E80_1-AGCTACATCCGTAGTA-1,10.109938,4.5210752
Folr1_E80_1-CCGATCTCAGCAGACA-1,4.7488837,7.4621396
Folr1_E80_1-TGTGTGAGTGACAACG-1,4.944603,7.920678
Folr1_E80_1-GTGTGATTCCAACCGG-1,8.370874,4.1892214
Folr1_E80_1-AGGGTTTTCGACATAC-1,5.2289095,4.7606473
Folr1_E80_1-AAGAACACAATTCGTG-1,5.431364,3.1623578
Folr1_E80_1-TCCGGGAGTCAGCGTC-1,8.853257,6.495042
Folr1_E80_1-GATGTTGTCAAACCCA-1,5.078483,4.626501
Folr1_E80_1-AGTGACTAGGGCCAAT-1,9.643668,4.4442163
Folr1_E80_1-TGCATGACATATCTGG-1,2.0546103,5.6760664
Folr1_E80_1-ATCACGAAGTAAACTG-1,7.719017,4.479228
Folr1_E80_1-CCCTAACGTTACGGAG-1,5.8585095,4.878535
Folr1_E80_1-TAGACTGGTGCACAAG-1,4.303331,4.246467
Folr1_E80_1-ATGCCTCAGCAAATCA-1,3.2022808,6.0562162
Folr1_E80_1-AGGATAACAATTTCTC-1,4.9132285,1.3216724
Folr1_E80_1-TGAACGTGTCTAGGTT-1,9.712206,6.7404375
Folr1_E80_1-TCGTCCATCGACATTG-1,5.2296453,7.085142
Folr1_E80_1-TATCTTGTCCCTTGTG-1,3.1560364,2.664981
Folr1_E80_1-AGTACCATCATATGGC-1,5.250751,6.6543064
Folr1_E80_1-GTTCTATCATAATCCG-1,1.8559833,4.0599456
Folr1_E80_1-GATCACAGTCCTCCTA-1,9.82185,5.4657445
Folr1_E80_1-TTGACCCGTGGGACAT-1,2.3980668,5.556172
Folr1_E80_1-TATCCTAGTTTCACTT-1,6.3031106,4.575641
Folr1_E80_1-GCCAGCATCACGATAC-1,8.866757,3.218075
Folr1_E80_1-TCATGCCGTTTGACAC-1,5.8312006,5.3491993
Folr1_E80_1-GTCCACTAGCCATCCG-1,5.363999,4.1875777
Folr1_E80_1-TGTGTGACAGCGTACC-1,4.2033634,3.5620987
Folr1_E80_1-AAACCCAGTCAGGTGA-1,0.97105384,5.4802737
Folr1_E80_1-TACGTCCAGGCTATCT-1,4.347419,3.810306
Folr1_E80_1-GAAGGACGTATCACCA-1,2.468916,2.827782
Folr1_E80_1-ACTATTCAGACGGATC-1,1.2800847,4.9573984
Folr1_E80_1-GTGCACGAGTCATAGA-1,9.567764,5.612603
Folr1_E80_1-TCAGGTACACATATCG-1,3.810438,4.4309607
Folr1_E80_1-GGGACCTCAGCTACCG-1,3.2329736,2.9421895
Folr1_E80_1-GGAACCCGTCTAACGT-1,2.620428,4.812818
Folr1_E80_1-TATACCTTCATCGCTC-1,2.7656758,5.957224
Folr1_E80_1-AGTCATGCAACGTTAC-1,3.3079765,1.4401637
Folr1_E80_1-CGAGAAGCATGGCCCA-1,7.7765107,4.2537866
Folr1_E80_1-TAACTTCAGTACCATC-1,6.553568,6.0923443
Folr1_E80_1-CATCGGGCATGTGCCG-1,3.4000564,2.66249
Folr1_E80_1-TATTTCGCACTCTGCT-1,0.90289915,5.7031975
Folr1_E80_1-TCGATTTTCCGATCTC-1,7.7510104,2.7317038
Folr1_E80_1-TTCCTCTGTCCGGACT-1,8.864467,6.2068777
Folr1_E80_1-GCTGCAGCAGAACTCT-1,9.566481,6.5030804
Folr1_E80_1-GTAACACAGCTCTATG-1,2.7201135,5.7057247
Folr1_E80_1-AGTCTCCAGCGACCCT-1,1.8353511,5.220426
Folr1_E80_1-ACGTTCCTCTCGGGAC-1,4.4528494,7.4976454
Folr1_E80_1-CCAAGCGCAGCCGGTT-1,5.092559,-0.70426255
Folr1_E80_1-TGAACGTTCTAGTCAG-1,4.1669364,3.005504
Folr1_E80_1-CACCAAAAGCCACAAG-1,5.428377,3.4992788
Folr1_E80_1-GGGCCATTCCCTCAAC-1,9.704867,4.5766306
Folr1_E80_1-GCAGTTATCCATGATG-1,4.6191263,6.704177
Folr1_E80_1-GCACATAAGCCAGACA-1,5.1591287,4.242713
Folr1_E80_1-TAGCACATCAACACCA-1,2.64108,3.6171823
Folr1_E80_1-AAACCCACAAGTGCAG-1,3.6636689,5.336783
Folr1_E80_1-CTATCCGAGAATACAC-1,7.3685784,4.5674376
Folr1_E80_1-ATAGAGATCCATACAG-1,3.4078703,5.355844
Folr1_E80_1-GTCTTTAGTCGCATTA-1,8.951766,4.2513885
Folr1_E80_1-AACAAAGTCCGTAATG-1,2.46655,4.91816
Folr1_E80_1-ACTGCAAGTGCAGGAT-1,8.8771,5.9712605
Folr1_E80_1-AAGTGAAGTACCCACG-1,5.1872783,4.578826
Folr1_E80_1-CATACTTCAAACGGCA-1,3.2588406,3.8674946
Folr1_E80_1-GTGAGCCAGCACACAG-1,5.7702985,7.126055
Folr1_E80_1-ATGAGGGCACACACTA-1,2.5441852,2.8229408
Folr1_E80_1-AAGAACATCGGCACTG-1,9.793412,4.379695
Folr1_E80_1-CGAGTGCTCACAAGGG-1,1.8434955,4.4449234
Folr1_E80_1-GAGGGATGTTACAGCT-1,8.661634,4.501266
Folr1_E80_1-GGATGTTCATTCTCCG-1,6.574222,4.6849227
Folr1_E80_1-CTGAGGCGTCCCAAAT-1,8.813996,4.2534595
Folr1_E80_1-TGGTACAAGGATAATC-1,5.319001,1.3936973
Folr1_E80_1-GTAGAGGGTGGTAACG-1,8.582121,4.816438
Folr1_E80_1-GTTCATTAGCAGTAAT-1,9.372489,6.617891
Folr1_E80_1-TGCAGTACACTAACGT-1,7.755198,5.5642433
Folr1_E80_1-TCAGCCTTCAAAGAAC-1,2.4436193,4.9604936
Folr1_E80_1-GTAAGTCGTGGTCCCA-1,3.1342828,5.1002145
Folr1_E80_1-CTATCCGCAACACGTT-1,4.8816633,-0.0061487467
Folr1_E80_1-AGCGTATGTAGGCTCC-1,6.8793926,4.670375
Folr1_E80_1-GGCAGTCCAAGCCATT-1,2.8958282,0.7027985
Folr1_E80_1-AAGATAGAGACAACTA-1,1.3493646,4.208587
Folr1_E80_1-TTTGATCAGATGACCG-1,3.494558,4.431432
Folr1_E80_1-TCGGATAGTTGTTGAC-1,2.6826057,3.768048
Folr1_E80_1-CTTTCAACACTTGACA-1,5.7310867,8.233029
Folr1_E80_1-AGTGATCCATGGAGAC-1,10.313164,6.6209235
Folr1_E80_1-GATGGAGAGAATAGTC-1,8.689239,4.7193894
Folr1_E80_1-TGGAGGACAAGTGGTG-1,7.822686,5.014855
Folr1_E80_1-TTCATTGTCATGACAC-1,4.307515,2.1015947
Folr1_E80_1-TTCCGTGAGTAAATGC-1,7.4845138,4.5004034
Folr1_E80_1-GTGGAAGTCCACAGGC-1,1.7948693,4.728647
Folr1_E80_1-GTTAGACCATACAGAA-1,3.7968898,2.6172712
Folr1_E80_1-TCATCCGAGCGTTACT-1,6.4955225,4.1707263
Folr1_E80_1-CAATACGGTGGAATGC-1,3.7652338,7.249741
Folr1_E80_1-AATGGAACAAAGCGTG-1,2.133492,5.0707927
Folr1_E80_1-GTGAGGAGTTAGCTAC-1,1.6926659,2.0500739
Folr1_E80_1-GTAGAAAAGCCTAGGA-1,4.2343254,3.943224
Folr1_E80_1-CGTTCTGTCGGACGTC-1,6.496927,4.846573
Folr1_E80_1-GGTCACGGTACCTAAC-1,10.057415,5.21553
Folr1_E80_1-GTGAGCCCACGGCGTT-1,6.1077285,4.4591303
Folr1_E80_1-CCGTAGGCAGACTGCC-1,4.739879,3.378282
Folr1_E80_1-GAGAAATTCGGAACTT-1,8.723138,4.0583243
Folr1_E80_1-CAACAACTCGCTCATC-1,8.276611,4.9311943
Folr1_E80_1-GAGTCTAGTGCATACT-1,2.3422992,4.5932927
Folr1_E80_1-CTCTCGAGTTGGGCCT-1,5.55465,3.8355498
Folr1_E80_1-TTCCTAAGTTAGCTAC-1,3.9237707,2.0134504
Folr1_E80_1-ATTTACCAGATGTTCC-1,9.569375,5.414173
Folr1_E80_1-CTACCCATCGTCAAAC-1,2.6733897,4.198761
Folr1_E80_1-TTGGATGAGCCATTCA-1,4.1696754,1.7821667
Folr1_E80_1-CTCATGCCATTGACCA-1,4.862457,2.6600068
Folr1_E80_1-CGGTCAGTCAAACTGC-1,2.545839,1.2575634
Folr1_E80_1-CACTGTCTCACACGAT-1,4.2107477,3.8707378
Folr1_E80_1-ATGCCTCTCAAGGTGG-1,6.696394,3.9273539
Folr1_E80_1-TCGTAGACATTGTACG-1,9.7808485,6.5107155
Folr1_E80_1-CCACGTTTCCGGTAGC-1,6.938684,2.8223505
Folr1_E80_1-TGGAGAGTCACATCAG-1,4.4750013,6.533889
Folr1_E80_1-AAATGGAAGGTTCCAT-1,1.8262643,4.7823997
Folr1_E80_1-CTCTCGAAGTATCTGC-1,3.682632,6.6663647
Folr1_E80_1-CATCCCAGTATACGGG-1,2.4166906,4.6885376
Folr1_E80_1-AACAACCGTGCCTGAC-1,3.5092726,2.9208052
Folr1_E80_1-ATGCGATAGGACGCAT-1,7.9306297,5.145707
Folr1_E80_1-TCATCATGTCCCGGTA-1,3.593883,5.502585
Folr1_E80_1-TAGGTACAGAAACTGT-1,2.607727,5.7127523
Folr1_E80_1-TTGCATTAGGTAAGAG-1,5.676063,3.9727163
Folr1_E80_1-CATACAGCAGTTTCAG-1,1.9762385,1.6364235
Folr1_E80_1-CTGTACCAGTGGACTG-1,3.0448115,4.2711105
Folr1_E80_1-CGCCAGAAGCTAGAAT-1,4.365983,7.46446
Folr1_E80_1-GACAGCCTCACTTGGA-1,8.928115,5.636272
Folr1_E80_1-ATGCGATAGTGCCGAA-1,8.98841,4.651687
Folr1_E80_1-CCGTAGGTCAAACCCA-1,2.1137197,4.5393806
Folr1_E80_1-GTTACCCCAGGGAATC-1,3.6414623,7.020095
Folr1_E80_1-GAGTCTAGTCATGGCC-1,4.830409,3.6345122
Folr1_E80_1-CCTCAACTCGTAGTGT-1,3.7886133,3.1529732
Folr1_E80_1-CTTAGGAGTTCCAGGC-1,3.6290433,3.1374862
Folr1_E80_1-TATTGCTCAATTGCGT-1,7.2623,4.807396
Folr1_E80_1-CCTCAACGTACAGAAT-1,5.5587983,0.75472635
Folr1_E80_1-GATGAGGCACACACTA-1,1.6442782,5.5716796
Folr1_E80_1-TGGGAGAAGTGATAAC-1,6.216725,4.3880205
Folr1_E80_1-GCACTAACACTGAATC-1,5.811331,8.130157
Folr1_E80_1-GTGCACGCAGCGTTGC-1,2.1567621,5.453788
Folr1_E80_1-ATCCTATTCGATCCAA-1,4.943344,1.7928468
Folr1_E80_1-TCATTACGTAGATCCT-1,3.4840662,2.0932863
Folr1_E80_1-AGGACGATCTCTCCGA-1,9.324609,5.857449
Folr1_E80_1-CTAACTTTCGAGAATA-1,4.181816,6.6675267
Folr1_E80_1-CAGGGCTGTCTTCTAT-1,2.2067854,4.69354
Folr1_E80_1-TCCATCGAGTTCCATG-1,3.8815858,5.5655556
Folr1_E80_1-CTCACTGGTCGCTCGA-1,1.6345862,3.5462477
Folr1_E80_1-TAGACCACAATTCGTG-1,1.5853286,3.1616614
Folr1_E80_1-CTGGACGGTGTGCTTA-1,4.6150584,0.48287076
Folr1_E80_1-TACCCACAGGGACACT-1,3.9281979,3.626922
Folr1_E80_1-TCACAAGCAACCAACT-1,5.696818,7.734405
Folr1_E80_1-ATGCGATGTCGTTTCC-1,3.2150254,2.5427597
Folr1_E80_1-GGAGGATCAGTTGCGC-1,5.6457586,7.1045423
Folr1_E80_1-AGAAGCGAGTTGTAAG-1,8.2081375,5.0339923
Folr1_E80_1-GCACGGTTCGTTGTGA-1,1.7114867,5.9957905
Folr1_E80_1-ATCGTCCTCGATCCAA-1,7.2570214,5.403851
Folr1_E80_1-AGCCAGCGTTCCTACC-1,9.5817175,5.972601
Folr1_E80_1-CCGCAAGTCTGGAGAG-1,3.9611256,1.2962122
Folr1_E80_1-CCTGCATTCTCTGCTG-1,4.8873796,6.823576
Folr1_E80_1-CCTCCAATCCATTGCC-1,4.2042384,5.975317
Folr1_E80_1-CCATAAGCAACTCGAT-1,6.2147474,3.9434745
Folr1_E80_1-CCCAACTGTACGTTCA-1,4.3233433,2.5042925
Folr1_E80_1-GGCTTGGCAGAAGCTG-1,5.051529,7.61817
Folr1_E80_1-GTATTTCCAATAGTCC-1,0.7521743,5.000832
Folr1_E80_1-CTCATTATCCGTCAAA-1,1.583888,5.114004
Folr1_E80_1-CATGGATCACTAGAGG-1,4.1196866,3.6665046
Folr1_E80_1-AGTTCGATCTTCCACG-1,3.2815487,4.119814
Folr1_E80_1-CGATGGCCATGATGCT-1,5.2087955,7.6941276
Folr1_E80_1-TTCTTCCAGGGCCAAT-1,5.037568,5.1980195
Folr1_E80_1-ATCGCCTGTGTCCTAA-1,1.2950122,2.9027789
Folr1_E80_1-CACATGATCAGATTGC-1,3.6537957,2.3709779
Folr1_E80_1-TGACTCCCAGCACACC-1,2.6038013,4.1273093
Folr1_E80_1-CATGCGGCACTCTCGT-1,3.848765,6.413002
Folr1_E80_1-CGCAGGTGTCCCGCAA-1,6.4727235,6.5209265
Folr1_E80_1-CATACTTTCTATCCAT-1,2.1552792,4.382163
Folr1_E80_1-AAACCCACAATCTGCA-1,2.7068343,5.5882816
Folr1_E80_1-AATCGTGGTCCGGACT-1,4.12734,2.5862594
Folr1_E80_1-GATCGTAGTACGAGCA-1,0.79131216,6.371423
Folr1_E80_1-CTTCTCTTCATCACCC-1,7.46529,7.1150584
Folr1_E80_1-GGTGTTAAGACATATG-1,2.8141646,4.8232903
Folr1_E80_1-CACGTGGCAGACTCTA-1,8.629325,6.1267943
Folr1_E80_1-TCACAAGGTCATCCGG-1,8.430467,2.6695466
Folr1_E80_1-TCTCAGCTCCTTATAC-1,5.014745,5.169957
Folr1_E80_1-CGAAGGAAGCATTTCG-1,4.171981,6.409899
Folr1_E80_1-CATCGCTAGTCCTGTA-1,9.255433,6.33307
Folr1_E80_1-ATTCATCCACCTGCTT-1,4.5281415,3.0698876
Folr1_E80_1-CACATGATCAGATGCT-1,9.143127,6.078861
Folr1_E80_1-GATCAGTCATCAGCTA-1,4.3446965,0.9646522
Folr1_E80_1-AGAGCAGGTGGCTTGC-1,2.2297173,4.3878474
Folr1_E80_1-AGGTCTAAGTTGTAAG-1,6.9427032,2.388539
Folr1_E80_1-ATCATTCAGGGTCACA-1,0.53626347,5.055449
Folr1_E80_1-CCCTGATTCGACTCCT-1,9.220759,4.3261933
Folr1_E80_1-AGACAAATCTTCGTAT-1,2.672062,3.4818697
Folr1_E80_1-TCGGATATCCGCAGTG-1,6.170181,2.8369727
Folr1_E80_1-GTTACCCTCTACTGAG-1,3.4864595,3.745587
Folr1_E80_1-ACTTCGCTCACGAGGA-1,1.1087415,5.1111813
Folr1_E80_1-ACCCTCAGTGTCCACG-1,9.725506,4.7202168
Folr1_E80_1-CAATGACCATCTAACG-1,5.1198335,6.0539384
Folr1_E80_1-GTCATCCGTTAGGAGC-1,2.5285292,2.6904864
Folr1_E80_1-TATTCCAGTGTCCTAA-1,7.5100093,5.23757
Folr1_E80_1-ATCACAGCACAGGATG-1,1.8035902,4.6609883
Folr1_E80_1-TCCATCGTCCTACCAC-1,1.7938232,4.1554804
Folr1_E80_1-AACCTTTAGGGTACAC-1,5.669933,3.8188336
Folr1_E80_1-GAGACTTGTGGGTCAA-1,3.7550826,5.070614
Folr1_E80_1-GGAGGTAAGATGGTAT-1,1.430625,3.6721692
Folr1_E80_1-CCAATGAGTGTTGCCG-1,5.4031296,3.7513037
Folr1_E80_1-TTTACCACAGTTGTCA-1,5.467583,6.942753
Folr1_E80_1-ACTTCGCCACGGCCAT-1,5.6928535,5.0733433
Folr1_E80_1-ACGGTTATCGAAATCC-1,1.9626443,4.1930804
Folr1_E80_1-TTGGGATGTTTCGATG-1,9.507502,3.7839026
Folr1_E80_1-ATCCCTGTCGCTTTAT-1,5.841748,7.9965568
Folr1_E80_1-GTAGGAGGTGTCCATA-1,2.2905822,2.818486
Folr1_E80_1-ATCCTATAGCTCTTCC-1,8.898644,5.9984555
Folr1_E80_1-GTACAACCACACCGAC-1,6.959662,3.9221604
Folr1_E80_1-CTGCAGGCAACTCATG-1,5.7526073,1.019147
Folr1_E80_1-AAGACAACATCACAGT-1,1.2188576,3.8332808
Folr1_E80_1-AGACCCGTCTTAAGGC-1,8.656517,5.289174
Folr1_E80_1-CATTTCACATGGCTGC-1,4.491182,3.2272577
Folr1_E80_1-TACGCTCAGAAGTATC-1,8.119665,4.588721
Folr1_E80_1-CTGTGAATCATGCCGG-1,1.4240975,4.0292163
Folr1_E80_1-ACCCAAACAATCACGT-1,9.830704,6.621349
Folr1_E80_1-CCACGTTTCCATTCAT-1,7.918293,4.9491844
Folr1_E80_1-ACACAGTTCGGACAAG-1,4.076771,6.6799765
Folr1_E80_1-CATGCAATCTGGCTGG-1,3.0141304,5.279667
Folr1_E80_1-TGCAGTACAAGCACCC-1,2.0325692,5.6415224
Folr1_E80_1-AGGAAATTCTCTGACC-1,6.830309,4.2591944
Folr1_E80_1-GTCATTTGTTGCATGT-1,2.2720447,4.098532
Folr1_E80_1-TCTTAGTTCGAGAGAC-1,0.2733408,5.185308
Folr1_E80_1-CATCAAGAGTAGGAAG-1,1.4624597,5.6690145
Folr1_E80_1-ATCTCTATCACCGGGT-1,3.8754761,5.234009
Folr1_E80_1-GCCCGAAAGATGTTGA-1,5.6928496,6.1428685
Folr1_E80_1-TCCGGGAAGGGATCAC-1,4.4694695,3.4377253
Folr1_E80_1-GCACGGTGTATACAGA-1,9.708018,4.898969
Folr1_E80_1-CTGCATCGTAGGCAGT-1,4.5419135,6.6764426
Folr1_E80_1-CGTAAGTCAAGTTCGT-1,4.649061,6.45814
Folr1_E80_1-TTTCACAAGTAGTCAA-1,1.8179568,3.1508489
Folr1_E80_1-GTCATGACAAGGCAAC-1,8.039629,2.5285606
Folr1_E80_1-AAGACTCTCACTCCGT-1,3.4796329,3.382377
Folr1_E80_1-TGACCCTCACACTGGC-1,6.852285,3.9792063
Folr1_E80_1-GAATCACTCTTCCCGA-1,1.9220237,4.796177
Folr1_E80_1-TGATCAGTCTAGGCCG-1,0.61634916,5.3044024
Folr1_E80_1-AGCTACAGTGACATCT-1,9.018369,3.25308
Folr1_E80_1-GTTGTGAGTGTCTCCT-1,1.6797218,3.950255
Folr1_E80_1-ACACAGTTCACTACGA-1,3.3930318,2.7193453
Folr1_E80_1-CCGGTGAAGCCGCACT-1,1.6651388,4.6785383
Folr1_E80_1-GATGCTACACCAGTAT-1,3.4108279,5.6223674
Folr1_E80_1-CCCATTGGTCGAAGCA-1,4.3499436,4.41547
Folr1_E80_1-CAACCAACATCGATCA-1,2.5006988,3.1015
Folr1_E80_1-CACGGGTGTCAGGAGT-1,1.7233491,4.3018804
Folr1_E80_1-GGGCTACCAGGACTTT-1,9.070789,4.197991
Folr1_E80_1-TGTTGGAAGGATTACA-1,1.2917619,6.026994
Folr1_E80_1-GAACGTTGTTAGGAGC-1,7.781347,3.5779274
Folr1_E80_1-GGTGTTAAGCCAAGTG-1,4.4591174,4.88593
Folr1_E80_1-TACGGTACAAGGACAC-1,3.098077,2.1935213
Folr1_E80_1-TTCTTGAAGAACCGCA-1,2.2545054,5.590519
Folr1_E80_1-AATCGACGTGGAACAC-1,3.9060593,2.554272
Folr1_E80_1-GTGACGCGTGGCGCTT-1,6.9636765,4.6821475
Folr1_E80_1-AAGTTCGCACATATCG-1,2.3396738,2.9491522
Folr1_E80_1-CCACCATGTCGAGCTC-1,4.217545,3.5695462
Folr1_E80_1-AGTGATCCAGCAGAAC-1,3.2019928,1.6317357
Folr1_E80_1-CATTCCGGTCCATACA-1,6.881205,5.126817
Folr1_E80_1-CTAGGTACAATCGCAT-1,8.496706,5.147791
Folr1_E80_1-AGACAGGTCATCTCTA-1,5.3821015,4.3217506
Folr1_E80_1-GACGTTAAGATACATG-1,7.5830092,3.7867692
Folr1_E80_1-AGTCACAAGGCCCACT-1,5.4473834,5.627006
Folr1_E80_1-CAGCCAGTCCAATCCC-1,3.2676928,3.1604755
Folr1_E80_1-TCCCATGTCGCACGAC-1,2.2530286,3.0565457
Folr1_E80_1-ACTTAGGGTGTGCTTA-1,2.1180894,5.7420373
Folr1_E80_1-TCAGTGAAGTTACGTC-1,3.7619102,1.2047479
Folr1_E80_1-GTAGCTAGTCCTCATC-1,9.577237,5.526957
Folr1_E80_1-CACCGTTAGCATCCCG-1,9.045765,5.985561
Folr1_E80_1-TCTGTCGGTACCTAGT-1,8.501445,5.333919
Folr1_E80_1-TTTCAGTGTCTTGGTA-1,6.3358464,4.8118334
Folr1_E80_1-GGTTAACAGAGTGTGC-1,8.694796,3.911701
Folr1_E80_1-TGACCCTGTTTGATCG-1,6.6714234,4.0880084
Folr1_E80_1-TTCAATCTCAGAACCT-1,6.2042913,4.75248
Folr1_E80_1-TGCTTGCGTTGGGTTT-1,3.0846643,6.0237813
Folr1_E80_1-AGTCTCCCAAGCGAAC-1,4.7731295,4.019251
Folr1_E80_1-CTACCCAAGACTCCGC-1,10.515527,4.246744
Folr1_E80_1-ATGTCTTAGTATTAGG-1,3.377751,2.3870835
Folr1_E80_1-TACCTCGTCACGATAC-1,4.608686,3.0692608
Folr1_E80_1-CGCATAAGTTTAAGGA-1,3.9248645,2.2725472
Folr1_E80_1-CTCTGGTTCTTGGAAC-1,4.048375,2.6494942
Folr1_E80_1-CGTTGGGGTTCACGAT-1,9.085108,5.458809
Folr1_E80_1-GGGCTACCAAACCGGA-1,4.038676,2.0401952
Folr1_E80_1-TAGTGCAGTGGGTCAA-1,5.0100026,3.5487397
Folr1_E80_1-TCGGGCACATGTGGTT-1,1.6555523,5.8338943
Folr1_E80_1-TCACGCTCAGTTCTAG-1,3.3547716,3.939016
Folr1_E80_1-ACAACCACACAAGCTT-1,2.6948607,1.3489494
Folr1_E80_1-TTCATTGGTAGAGTTA-1,7.3356943,3.2560043
Folr1_E80_1-CCTCAGTCACACCTAA-1,4.4170966,3.4590213
Folr1_E80_1-TAATCTCCAGAATTCC-1,2.9623263,2.6334243
Folr1_E80_1-ATTCCTAAGGGCCTCT-1,2.4896157,3.7454882
Folr1_E80_1-CAGCGTGGTGCAATAA-1,5.4305196,4.57665
Folr1_E80_1-AAGCGTTGTCGGTACC-1,9.795876,3.9822664
Folr1_E80_1-AACAGGGGTCCTTTGC-1,2.4402375,4.8768687
Folr1_E80_1-CTACCCAGTTTGAACC-1,3.2036316,5.0802574
Folr1_E80_1-TTCGATTAGCACCAGA-1,2.2713456,3.6086817
Folr1_E80_1-GAAGCCCAGGAAACGA-1,9.749852,6.574292
Folr1_E80_1-GCGTGCATCGCCAGTG-1,2.6373608,3.112764
Folr1_E80_1-GTCACGGAGCAAACAT-1,3.2654808,5.494359
Folr1_E80_1-GAGTGAGAGATCGCTT-1,9.327497,5.624154
Folr1_E80_1-CTCTGGTGTAGTATAG-1,3.27207,1.7330505
Folr1_E80_1-CCTCACACACGCAAAG-1,1.7851726,3.5948005
Folr1_E80_1-CGAAGGACAACTCCAA-1,2.2749546,3.5538955
Folr1_E80_1-GCCAACGAGGTTGAGC-1,9.31137,5.921834
Folr1_E80_1-TCTTGCGAGTTGCTCA-1,3.2129529,3.3476162
Folr1_E80_1-CCACAAATCCATAGAC-1,1.7046076,4.417809
Folr1_E80_1-GATGTTGGTTCAAACC-1,2.6003041,4.2838764
Folr1_E80_1-AAAGTGAGTCGTGTTA-1,2.9065173,5.4765625
Folr1_E80_1-CTGAGGCAGGACAGTC-1,9.464932,6.6884933
Folr1_E80_1-GTACAGTTCGTTGTGA-1,2.7089615,4.1752353
Folr1_E80_1-CTCAGTCGTTACAGCT-1,7.1793394,4.252658
Folr1_E80_1-TACCGGGCAACACTAC-1,8.762566,2.6615186
Folr1_E80_1-CTCCAACGTCGTACAT-1,8.742009,4.9438205
Folr1_E80_1-TACCGAATCAAGTCGT-1,1.7359344,1.9706724
Folr1_E80_1-CCGTGAGCAGAGAAAG-1,3.490274,2.0265038
Folr1_E80_1-GATCCCTTCAGGGTAG-1,6.5424924,4.675412
Folr1_E80_1-AGTGACTCAAGAGTAT-1,8.057048,6.4694443
Folr1_E80_1-GGGCTACAGTCTGCGC-1,6.6485667,4.3777723
Folr1_E80_1-TCAGTCCCATGACGGA-1,2.9180982,2.2229767
Folr1_E80_1-GTCCACTCACGTTGGC-1,4.520256,3.8542175
Folr1_E80_1-CACCAAAGTGGAAATT-1,5.6876206,3.7851524
Folr1_E80_1-AAGTGAAGTATCACCA-1,2.6835144,3.037385
Folr1_E80_1-AGGGCCTAGCCAGAGT-1,2.933455,2.8077915
Folr1_E80_1-AAGCATCAGGTTGGTG-1,6.1224437,3.732515
Folr1_E80_1-ATTACTCGTTCAAGGG-1,1.369299,5.5723023
Folr1_E80_1-TAGATCGAGTTGCCTA-1,2.4463367,2.180988
Folr1_E80_1-CTCTCGAAGTGCAGCA-1,3.194462,2.6945322
Folr1_E80_1-TTTACTGCAAATCCCA-1,3.2796605,2.862214
Folr1_E80_1-TGGGTTACATCACCAA-1,6.47116,4.5112114
Folr1_E80_1-CACGGGTTCAGCGGAA-1,4.963383,7.279216
Folr1_E80_1-TGCCGAGGTTGGGATG-1,8.726298,6.1662745
Folr1_E80_1-GAAATGAAGGAATGTT-1,8.869828,4.9447165
Folr1_E80_1-TCTAACTAGATAACGT-1,4.0656443,5.687372
Folr1_E80_1-TCCACGTTCCGTCACT-1,1.827011,2.23403
Folr1_E80_1-ATGGGTTAGCCTAACT-1,3.6341474,1.2183301
Folr1_E80_1-TGGGCTGGTCATCCGG-1,3.8348122,2.4362173
Folr1_E80_1-GCATCTCGTATACCCA-1,2.5275788,5.5508404
Folr1_E80_1-TACAACGGTTGTGCCG-1,1.9672982,4.725587
Folr1_E80_1-TCTTTGATCTGCGAGC-1,5.9994645,3.1634068
Folr1_E80_1-AGCTTCCCAGCTTCGG-1,5.6405625,2.2428873
Folr1_E80_1-CACCAAACATGTCGTA-1,3.1503687,1.5266888
Folr1_E80_1-TAACTTCGTCCAGCGT-1,5.3413033,2.2067704
Folr1_E80_1-AGCTACAAGACATGCG-1,6.7250724,4.653816
Folr1_E80_1-AGCCACGTCTGATTCT-1,1.3936327,5.0405183
Folr1_E80_1-GTCCTCACAGCACGAA-1,4.798943,4.2941976
Folr1_E80_1-ATGTCCCCACGCTGCA-1,6.8992243,2.3977036
Folr1_E80_1-TTTGATCCAGGAACCA-1,1.662867,4.65531
Folr1_E80_1-TACTTACGTTGGGATG-1,3.2670643,6.32027
Folr1_E80_1-ACAGGGACAAGACCTT-1,10.081532,4.616634
Folr1_E80_1-TCTAACTTCAACTACG-1,3.2938864,4.4555326
Folr1_E80_1-TGGAACTCACGCTGAC-1,1.4923514,4.5831137
Folr1_E80_1-GGGTGAATCCGATGCG-1,5.6409388,7.1137476
Folr1_E80_1-TACCTCGCAACTCATG-1,8.208262,5.255658
Folr1_E80_1-CTCAACCAGTAGGAAG-1,7.57012,4.4125366
Folr1_E80_1-ATGAAAGGTACTGTTG-1,2.6789746,3.1881037
Folr1_E80_1-GCATTAGTCATGGAGG-1,5.991018,1.1046995
Folr1_E80_1-AGAACAATCCGTCCTA-1,5.657322,3.817774
Folr1_E80_1-CATCGCTCAGCCTATA-1,5.1253085,4.7256436
Folr1_E80_1-CCCTCAAAGGCTTAGG-1,7.127377,4.447564
Folr1_E80_1-ACCCTCATCTCGCGTT-1,4.627434,2.4923103
Folr1_E80_1-GACGCTGTCCATCCGT-1,2.8153489,5.878666
Folr1_E80_1-CTGGCAGTCACCGGGT-1,5.6381083,4.069531
Folr1_E80_1-CTGAATGGTCAGGTAG-1,2.664885,2.2242086
Folr1_E80_1-CCGAACGAGACCGCCT-1,0.47054315,6.0535064
Folr1_E80_1-ACCATTTCACTGCTTC-1,4.338932,0.31885055
Folr1_E80_1-TCTAACTAGTCTGGAG-1,-1.0112872,7.009282
Folr1_E80_1-CTGAATGTCTAGACCA-1,8.595898,5.691159
Folr1_E80_1-AGCTTCCCAATCACGT-1,9.537971,6.28437
Folr1_E80_1-TCCTCGAAGCACCAGA-1,4.5702624,3.2474449
Folr1_E80_1-GTAGGTTCAGAGTCTT-1,4.9145045,0.8262284
Folr1_E80_1-TGTTGGAAGGTCCGAA-1,3.857489,2.5911355
Folr1_E80_1-GACGTTAGTTGCGAAG-1,5.42138,3.984941
Folr1_E80_1-TACCGGGAGAGTCCGA-1,2.5809484,3.1654775
Folr1_E80_1-ATGAGTCAGCCTCAAT-1,3.4155223,1.4900326
Folr1_E80_1-ATGACCAGTCATCAGT-1,2.053075,2.0108116
Folr1_E80_1-GACCAATTCAAGCGTT-1,3.2785025,1.4938159
Folr1_E80_1-ATTTCACGTAGTTACC-1,9.676027,6.4414215
Folr1_E80_1-ATGCGATGTTTAAGGA-1,6.9778423,4.1870723
Folr1_E80_1-ACTGTCCAGTACAGCG-1,2.8801954,3.5907533
Folr1_E80_1-CAGATTGTCGGTTCAA-1,9.711478,4.1292467
Folr1_E80_1-CAACGATGTAACAGTA-1,7.3590784,4.2007546
Folr1_E80_1-GGAGGATCACATACTG-1,4.6060243,5.05361
Folr1_E80_1-ATCGGCGGTAGGTACG-1,4.446271,2.8328602
Folr1_E80_1-ACAGAAAGTCTAGGCC-1,2.7136443,5.6808615
Folr1_E80_1-GCCGATGCAGCTGTGC-1,2.8040044,3.8862715
Folr1_E80_1-TTGATGGAGGATGGCT-1,9.899116,5.516615
Folr1_E80_1-CTCCAACGTGCGTGCT-1,2.7316892,4.41258
Folr1_E80_1-CTTCTCTGTACGCTAT-1,8.693112,3.8110108
Folr1_E80_1-GTGTTCCGTTGCCGAC-1,7.3080044,4.128216
Folr1_E80_1-GAGTTGTCACTTTAGG-1,5.2412195,7.097496
Folr1_E80_1-CCGTGAGCATAGAAAC-1,5.0751553,3.6605833
Folr1_E80_1-CTGCATCTCAACGCTA-1,9.572953,4.609408
Folr1_E80_1-GTCAAGTCACGCGCAT-1,3.3895025,4.1861506
Folr1_E80_1-CCCTCTCCAGTAACCT-1,3.8287103,1.9423879
Folr1_E80_1-ACTGCAAGTGCAACAG-1,1.8867644,2.9220679
Folr1_E80_1-GTAAGTCTCGAAGTGG-1,4.138132,1.9534053
Folr1_E80_1-GATCATGGTCACCACG-1,3.1390443,6.239233
Folr1_E80_1-ACAGGGAAGAATTCAG-1,6.494281,5.610057
Folr1_E80_1-CGCAGGTCACGCTGAC-1,-0.23503274,3.6670763
Folr1_E80_1-CCGGTGACAAGGCAAC-1,2.7548087,4.1793966
Folr1_E80_1-ATAGGCTAGTATCTGC-1,4.487557,5.236746
Folr1_E80_1-TTACCGCTCAGCGCAC-1,8.52773,5.417115
Folr1_E80_1-TCACTATAGCGTATGG-1,-1.1272334,6.7228303
Folr1_E80_1-TCAAGTGTCCGTGGCA-1,4.129557,4.4018335
Folr1_E80_1-CATTGCCTCAAGGCTT-1,3.8400962,5.0184274
Folr1_E80_1-CAGATACGTCGACGCT-1,6.1385593,4.216003
Folr1_E80_1-CATGCGGTCGCCTAGG-1,9.3498,4.496425
Folr1_E80_1-TGCAGGCGTCACAGAG-1,3.7658305,3.5817492
Folr1_E80_1-CAAGACTTCCCTTCCC-1,5.0240216,3.0839274
Folr1_E80_1-CCCTGATAGGAATTAC-1,2.053141,5.2833314
Folr1_E80_1-GCAACATAGGAAAGAC-1,1.9959285,6.509388
Folr1_E80_1-TTTGGAGGTGCCAAGA-1,1.2987227,5.1965213
Folr1_E80_1-GTCAAGTAGGGAGGAC-1,2.452289,1.6491671
Folr1_E80_1-CCTAAGATCATCGACA-1,2.3927536,3.599426
Folr1_E80_1-CACTGTCCACATGTTG-1,4.059822,2.3109941
Folr1_E80_1-GCCCAGATCCTGGTCT-1,5.5056753,1.557123
Folr1_E80_1-GAGAGGTGTCTTCAAG-1,2.6297448,4.0668073
Folr1_E80_1-CTCTCGAAGTGATAAC-1,9.766155,5.9992857
Folr1_E80_1-CCTAACCGTCTCTCTG-1,6.9072647,4.026143
Folr1_E80_1-TGATCTTGTGTGAATA-1,2.9123013,5.2824106
Folr1_E80_1-GAGGCCTTCGTAGTCA-1,2.8284996,3.151353
Folr1_E80_1-GTATTGGAGTTAACAG-1,-0.44550383,5.4909186
Folr1_E80_1-CAACCTCAGTATGCAA-1,10.322788,6.106091
Folr1_E80_1-AGGACTTGTCGCAACC-1,4.9937425,2.0239024
Folr1_E80_1-CTCCTTTAGTACAGAT-1,10.238372,3.5809731
Folr1_E80_1-CCTCATGAGTTGTACC-1,1.1281989,4.879586
Folr1_E80_1-TTGAGTGAGTCAACAA-1,7.0005445,4.4563475
Folr1_E80_1-TGCAGATCAGCACGAA-1,0.9984955,5.9408507
Folr1_E80_1-CCCTTAGGTTGCGGCT-1,6.5081706,2.0722768
Folr1_E80_1-TGTCAGATCCGCACGA-1,2.0926907,5.8056703
Folr1_E80_1-GGAGGTACATGGCACC-1,3.6162755,2.9555914
Folr1_E80_1-TTGGGATGTACCTTCC-1,4.3231335,3.8253632
Folr1_E80_1-CATGCTCGTTAGGACG-1,7.983662,4.577613
Folr1_E80_1-ACATCGACATCCTGTC-1,8.16318,2.7563925
Folr1_E80_1-TCAGGTATCGTAGCCG-1,4.8015904,2.2843373
Folr1_E80_1-TCGCTTGTCTCAGAAC-1,7.2170997,4.836962
Folr1_E80_1-TGATGCATCTCTGCCA-1,2.3993328,5.0288815
Folr1_E80_1-TCTCACGCAGCTCTGG-1,6.985219,4.3937335
Folr1_E80_1-AGGGAGTCAGACCATT-1,3.1531303,5.2536845
Folr1_E80_1-CCGAACGCAAACACGG-1,2.4954064,5.728331
Folr1_E80_1-GCTCAAATCTGTAACG-1,3.7260118,6.024814
Folr1_E80_1-GTGCTGGGTGTACATC-1,8.298361,5.134929
Folr1_E80_1-GCAGCCACACGACAGA-1,9.506337,6.2006993
Folr1_E80_1-CGAGTTAAGTAGTGCG-1,1.39671,5.4231567
Folr1_E80_1-TTCGGTCGTACCTGTA-1,8.312177,5.1160526
Folr1_E80_1-TTTCAGTCAGAATCGG-1,8.318976,5.371573
Folr1_E80_1-GGATCTATCACTAGCA-1,9.692208,6.218127
Folr1_E80_1-CTCCACATCCGTTTCG-1,3.950092,1.8637731
Folr1_E80_1-GTAATCGAGGATTTAG-1,0.81522757,5.3578076
Folr1_E80_1-GCGAGAACATAGGAGC-1,9.369062,5.6057835
Folr1_E80_1-TTATTGCCAGTTCCAA-1,5.419322,5.358316
Folr1_E80_1-CTCCCAAAGGTCGTCC-1,4.990541,5.501283
Folr1_E80_1-CTGCCTAAGAGAAGGT-1,4.216267,1.8459496
Folr1_E80_1-AACAACCTCCCGAACG-1,2.955694,3.1796372
Folr1_E80_1-TTAGGCACATCGCTCT-1,9.442866,5.3870177
Folr1_E80_1-GAGTGTTAGTAAGAGG-1,8.814569,4.8683867
Folr1_E80_1-CAACGGCTCATCGCAA-1,2.563726,2.4644878
Folr1_E80_1-TGGGATTTCTGATGGT-1,2.3111277,4.2507563
Folr1_E80_1-CTTCTCTTCTAAGCGT-1,2.761822,3.656171
Folr1_E80_1-AGGGTCCCAACGGTAG-1,2.9817047,4.8815646
Folr1_E80_1-ACTATTCGTTCGTTCC-1,0.64449555,6.485657
Folr1_E80_1-CCACCATGTCGCGTTG-1,4.544173,3.0517225
Folr1_E80_1-ATTCCTATCCCATTCG-1,2.8221686,4.1488113
Folr1_E80_1-AAGCATCCAAGCTGTT-1,4.060886,2.5381472
Folr1_E80_1-TGGTGATGTGATAGTA-1,3.3948882,3.1811907
Folr1_E80_1-GACCCTTTCCATAGGT-1,3.4797437,2.73557
Folr1_E80_1-TTTCATGAGCCTGGAA-1,2.5468366,3.0230045
Folr1_E80_1-AAGTGAAGTACCACGC-1,2.8454545,5.022547
Folr1_E80_1-TCTCAGCCACTGAATC-1,8.993519,5.2615585
Folr1_E80_1-GAAGTAAGTACTCAAC-1,9.707808,6.300025
Folr1_E80_1-AGACCATGTTATAGAG-1,-0.8627938,6.8435535
Folr1_E80_1-ACCTGTCCAAACACCT-1,8.317327,4.659845
Folr1_E80_1-GACTATGGTAGGCAAC-1,3.8647268,4.0326366
Folr1_E80_1-CTCCAACGTAGGCTCC-1,1.8346814,1.2602836
Folr1_E80_1-GGGTTTAAGCTCGTGC-1,3.59973,2.6272209
Folr1_E80_1-CTGATCCTCTGCTAGA-1,0.97223353,5.634188
Folr1_E80_1-AGAAATGGTGAACTAA-1,3.5237694,1.8352257
Folr1_E80_1-GCTTCACCAACCACGC-1,3.2694392,1.5704302
Folr1_E80_1-ATACCTTGTAATTGGA-1,9.596913,6.39984
Folr1_E80_1-CGGAACCCATGACAAA-1,6.139444,4.3184724
Folr1_E80_1-ATGCCTCCAGAGAGGG-1,2.8225923,2.3362868
Folr1_E80_1-CAATCGATCACCTCGT-1,8.404247,2.3028235
Folr1_E80_1-TGTCCTGGTTAGAAAC-1,1.1511589,4.9824753
Folr1_E80_1-ACCGTTCCAGGGATAC-1,6.2840877,2.9524274
Folr1_E80_1-TTTACTGTCGAACCTA-1,3.7153277,2.6125903
Folr1_E80_1-GTCATGACATAACGGG-1,4.8676996,7.285257
Folr1_E80_1-TCGTCCAGTACGACTT-1,4.7830696,6.813639
Folr1_E80_1-GTCATTTTCGGCAGTC-1,3.1134288,4.4854455
Folr1_E80_1-GTCACGGGTGTATCCA-1,3.3009582,6.17254
Folr1_E80_1-CTCCCTCAGAAGGTAG-1,4.631362,4.3304176
Folr1_E80_1-TTGAACGGTACTTGTG-1,1.003611,6.0519094
Folr1_E80_1-TCCAGAACATGACAAA-1,9.092367,3.6542814
Folr1_E80_1-TGTGAGTAGGGCGAAG-1,0.67894655,6.58825
Folr1_E80_1-AATGGCTAGACGTCCC-1,4.4910326,2.7980256
Folr1_E80_1-GGCTGTGAGGGACAGG-1,9.385592,5.437967
Folr1_E80_1-TTACAGGAGTCTGGAG-1,1.6096565,4.4982266
Folr1_E80_1-TGTTGAGGTACCCACG-1,1.3981365,2.30417
Folr1_E80_1-TACTTGTTCAGCATTG-1,4.9571342,4.0780525
Folr1_E80_1-CAGATCAGTCGTGATT-1,7.6446,5.234342
Folr1_E80_1-GTAGCTAGTCTACACA-1,7.5588045,4.1923018
Folr1_E80_1-TCCTTTCAGCTAAACA-1,4.716955,7.3867273
Folr1_E80_1-CAACAGTAGAGTGGCT-1,2.152796,4.8417745
Folr1_E80_1-TGGGTTAAGCGTATGG-1,4.9586706,4.086187
Folr1_E80_1-GAGTGTTCACAGCTGC-1,7.9732156,4.5766864
Folr1_E80_1-ATTCAGGCAGAGGGTT-1,4.4005017,7.1663914
Folr1_E80_1-TACAGGTTCAAGTCGT-1,8.975856,5.8919525
Folr1_E80_1-AGATCGTGTCCAGCGT-1,10.38969,5.6600966
Folr1_E80_1-CTCAACCAGAAGTCCG-1,-0.38652942,6.827229
Folr1_E80_1-GTCTACCGTTGCTTGA-1,2.9194636,2.1379318
Folr1_E80_1-TCATACTGTCTACTGA-1,1.1722916,5.1496553
Folr1_E80_1-CACGTTCTCAAACTGC-1,5.0406547,-0.09660573
Folr1_E80_1-ACGGGTCAGAGGCGGA-1,9.591074,4.5674963
Folr1_E80_1-TGTGCGGTCGAGTGAG-1,9.949049,3.9225943
Folr1_E80_1-AGAGAGCGTAGCTTGT-1,2.0118222,5.4056473
Folr1_E80_1-TATCCTAAGGTGTGAC-1,3.2470698,5.188679
Folr1_E80_1-AGGTAGGAGTTAACGA-1,3.3432302,3.698575
Folr1_E80_1-CCACAAATCCTGCCAT-1,1.7437406,3.1853244
Folr1_E80_1-CGGCAGTGTTTACCTT-1,4.6573334,5.1230345
Folr1_E80_1-GTAGATCTCCCTGTTG-1,1.3186816,5.461471
Folr1_E80_1-TTCGATTGTCCCTGTT-1,5.7363944,3.8197446
Folr1_E80_1-AGTAGCTCACTGATTG-1,4.099807,2.2994223
Folr1_E80_1-CCTCAACGTCTAGTGT-1,-0.44863304,6.454218
Folr1_E80_1-AGTGTTGCAAGGACAC-1,1.7231888,5.1498528
Folr1_E80_1-ACCTGAAAGTAACCTC-1,5.3646255,5.4529576
Folr1_E80_1-GTTGCTCCATCTTTCA-1,5.2327895,6.842629
Folr1_E80_1-AGATAGATCGTTGCCT-1,7.9957266,3.2180657
Folr1_E80_1-TAGGTTGAGAATTGTG-1,8.137632,6.0409436
Folr1_E80_1-TTTGGTTTCTGCACCT-1,2.8547306,4.6393456
Folr1_E80_1-CTCTCGAAGTAGGCCA-1,5.1441035,3.2276437
Folr1_E80_1-GCTACAAGTCCAGCAC-1,3.6617422,4.369344
Folr1_E80_1-GTCTTTACAAGTATAG-1,3.7087288,2.9754527
Folr1_E80_1-GGAAGTGAGACTGAGC-1,3.2881937,2.9173408
Folr1_E80_1-ATGTCTTCATCGTCCT-1,2.6639245,2.2038195
Folr1_E80_1-ATTCCTACACGGGCTT-1,8.651736,2.5705633
Folr1_E80_1-AGATCGTGTTGTCCCT-1,1.0967076,2.6434958
Folr1_E80_1-TGCGACGAGCTGAGCA-1,2.8002632,1.5024685
Folr1_E80_1-CTGTCGTTCAGAATAG-1,2.9003227,5.980448
Folr1_E80_1-CATTGCCAGAGCAACC-1,3.8382225,2.8617013
Folr1_E80_1-GTTACCCGTCACTTAG-1,4.7020283,7.1036253
Folr1_E80_1-GGTTAACAGTGCGCTC-1,3.114169,2.7650342
Folr1_E80_1-GGAAGTGAGATGTAGT-1,5.502458,4.124276
Folr1_E80_1-CCACGTTGTTGCGGAA-1,1.9499024,3.8685603
Folr1_E80_1-GTAGAAAAGTATGCAA-1,5.3208747,2.306414
Folr1_E80_1-TTACAGGAGGAGTCTG-1,9.812334,3.3002172
Folr1_E80_1-ACCCTTGGTTCGAGCC-1,2.8661368,5.467996
Folr1_E80_1-CCCTTAGTCCGAAATC-1,1.8056327,4.72857
Folr1_E80_1-TTTCGATCAGTCGGTC-1,3.8919637,3.1643734
Folr1_E80_1-CTGCAGGGTCAAAGCG-1,4.354936,6.3597736
Folr1_E80_1-TCCATCGTCGCCAGTG-1,8.305257,4.4442816
Folr1_E80_1-GTTAGTGAGTCAACAA-1,6.79728,3.7286847
Folr1_E80_1-GTTACGAAGTCCCTAA-1,8.429391,6.1626735
Folr1_E80_1-ACCTACCTCAACCGAT-1,3.1253617,2.4691575
Folr1_E80_1-TGACTCCGTAACCCGC-1,5.965023,3.9270816
Folr1_E80_1-TGTTGGAGTCATCTAG-1,5.3086133,2.197395
Folr1_E80_1-GATGGAGGTCCGGTGT-1,9.212691,5.813812
Folr1_E80_1-TGAGGAGAGCGATGCA-1,5.6639724,1.7256333
Folr1_E80_1-TTCTTGAGTAGCGTTT-1,1.4061588,1.8647407
Folr1_E80_1-CAGCGTGCACTGTGTA-1,7.9481354,3.7679105
Folr1_E80_1-CATTGCCAGTATGGAT-1,6.2424855,4.379573
Folr1_E80_1-GTAGGTTAGTTGCCCG-1,4.9674206,3.4929593
Folr1_E80_1-GACCGTGCAATCGTCA-1,4.602375,6.677217
Folr1_E80_1-GATTCTTAGTTTCTTC-1,8.446148,3.8789194
Folr1_E80_1-GGTTCTCCAGCGCTTG-1,2.663237,3.797988
Folr1_E80_1-TTGAACGGTGTTATCG-1,5.088487,3.2327893
Folr1_E80_1-GCATCGGCATTGAGGG-1,3.1825874,1.6911087
Folr1_E80_1-GGAGGTACATCGAGCC-1,9.161959,4.7760167
Folr1_E80_1-TTATTGCTCACCCTCA-1,4.17612,2.72125
Folr1_E80_1-ATGGAGGAGCGTGAAC-1,10.185633,5.5340776
Folr1_E80_1-CTGCATCCAGCACCCA-1,4.0292673,2.5694656
Folr1_E80_1-GTCTCACTCGGTCGGT-1,2.9834301,3.8521264
Folr1_E80_1-GTAATCGCAAAGGCGT-1,7.019474,4.7179804
Folr1_E80_1-GCAGGCTGTGAGTGAC-1,9.299682,4.145853
Folr1_E80_1-CCATCACAGGCGCTTC-1,4.090964,2.8907344
Folr1_E80_1-AGGACTTGTGCATTAC-1,4.8798027,4.314029
Folr1_E80_1-GTTAGTGCATGGCCAC-1,2.347397,3.0645156
Folr1_E80_1-GTTCCGTGTGCTCTTC-1,9.746202,6.332253
Folr1_E80_1-ATTCTACCAACTCCCT-1,1.2952987,5.0208774
Folr1_E80_1-ATGAAAGAGAACTCCT-1,3.3389876,2.7059233
Folr1_E80_1-ACTACGAAGTTCCGGC-1,4.437949,2.698697
Folr1_E80_1-TACCCGTAGCCATTCA-1,2.1917613,4.3440843
Folr1_E80_1-TATTGGGTCCGGACTG-1,2.020034,3.9720647
Folr1_E80_1-CTTCTCTTCTCACCCA-1,7.623015,4.6398783
Folr1_E80_1-TACCCGTCAGCTCCTT-1,4.2817354,6.0541596
Folr1_E80_1-TGGTAGTGTTCCTACC-1,9.986295,6.2863355
Folr1_E80_1-TCGCAGGGTACGATGG-1,4.4229608,5.7829704
Folr1_E80_1-GTCGAATTCCCAAGCG-1,7.952166,4.0822015
Folr1_E80_1-GAGTCTAGTTCAAAGA-1,4.6069455,1.3690503
Folr1_E80_1-AGAGAGCTCTGCTGAA-1,5.576822,4.6854696
Folr1_E80_1-CAGTGCGAGGCTTCCG-1,8.312123,5.4509892
Folr1_E80_1-TCACGCTAGGAGTCTG-1,2.946927,2.934046
Folr1_E80_1-CTACTATTCTATTCGT-1,5.774002,2.8223171
Folr1_E80_1-TGCGACGAGAAGAACG-1,2.5502417,3.0141447
Folr1_E80_1-CCCGAAGTCGTAGAGG-1,4.298692,0.1282157
Folr1_E80_1-GGGAGTATCTTTACAC-1,3.7968233,3.2690735
Folr1_E80_1-GGTGGCTGTTACCTTT-1,3.6408327,2.0999584
Folr1_E80_1-GCATTAGCATGATAGA-1,3.3431427,4.69041
Folr1_E80_1-TACAACGTCGCAATTG-1,5.1289616,6.9204197
Folr1_E80_1-CCACCATGTGAGAACC-1,5.780886,2.0376563
Folr1_E80_1-TGGTTAGTCCTTGACC-1,5.3417306,3.465411
Folr1_E80_1-CTGATCCTCCTATTTG-1,4.449617,4.1206813
Folr1_E80_1-TACACCCGTTCCGTTC-1,3.3396137,5.423565
Folr1_E80_1-TGATTTCTCTATCGCC-1,-0.5782308,6.211442
Folr1_E80_1-TAAGTCGTCTTGGGCG-1,5.132854,7.1685977
Folr1_E80_1-GGAGGTAGTTCTTGCC-1,4.1754856,2.051279
Folr1_E80_1-ATATCCTCAGGTTTAC-1,5.1703444,3.920817
Folr1_E80_1-TCGTGGGCACGGGCTT-1,3.1833556,2.0939412
Folr1_E80_1-CGTAAGTTCTAGTCAG-1,1.9098552,4.45554
Folr1_E80_1-TCTCAGCAGGATGCGT-1,4.6656036,6.167562
Folr1_E80_1-GAGGGATAGCCTTTGA-1,5.470397,1.981189
Folr1_E80_1-GGAAGTGCACCCTCTA-1,2.3949246,6.824532
Folr1_E80_1-GGGACAAGTGAATGAT-1,3.1933649,5.035585
Folr1_E80_1-GAAACCTGTAGAATAC-1,5.6696715,7.6014843
Folr1_E80_1-AGGAGGTTCGACCATA-1,8.029236,2.7338226
Folr1_E80_1-ATGGTTGCAGACCAGA-1,5.298276,3.8309298
Folr1_E80_1-GTGTGGCCACACAGCC-1,1.4968406,4.1858025
Folr1_E80_1-GACCCTTGTATAGGGC-1,3.9034085,1.9287189
Folr1_E80_1-GAAACCTGTAACAGTA-1,0.8477627,5.1183085
Folr1_E80_1-CACTGGGAGTTGCATC-1,3.2745113,2.8598027
Folr1_E80_1-GCCGTGAGTTGACTGT-1,5.462382,7.0420127
Folr1_E80_1-TGTCCACAGGGCATGT-1,4.66305,7.2624927
Folr1_E80_1-TTCTAGTGTCAGGTAG-1,2.532621,5.1355352
Folr1_E80_1-GGAGCAATCACTTCTA-1,3.9181623,2.0895836
Folr1_E80_1-GCTTGGGGTGGACCAA-1,5.6798105,7.2924423
Folr1_E80_1-TACCCACTCGCACGGT-1,4.8486285,7.5694456
Folr1_E80_1-GTGGTTATCTATCGCC-1,1.2006755,5.7611966
Folr1_E80_1-TCTTCCTCATGTTCAG-1,5.378258,7.5340824
Folr1_E80_1-TTGTTTGAGAATAGTC-1,4.02586,2.5491288
Folr1_E80_1-CAGTTCCCAAATAAGC-1,9.525638,6.3229957
Folr1_E80_1-CCTCCTCGTCCGAAGA-1,1.9382845,3.4978747
Folr1_E80_1-AGGATAAAGTCGGGAT-1,3.7916749,3.7934783
Folr1_E80_1-TAGCACAAGTAGGCCA-1,2.8859735,0.52705574
Folr1_E80_1-TCCCAGTCAGCTATTG-1,5.3650346,7.9901333
Folr1_E80_1-AAGACTCAGTCGCCCA-1,4.3239865,4.778365
Folr1_E80_1-TTCTTCCGTGCGGTAA-1,3.095768,0.6040822
Folr1_E80_1-TGGGAAGAGGCTCTAT-1,3.2096853,2.7701087
Folr1_E80_1-AGTCTCCCAGTTTGGT-1,-0.21817,5.5695806
Folr1_E80_1-ACACCAATCACACCCT-1,4.2884254,2.4818826
Folr1_E80_1-CATTCTAGTGCCTACG-1,5.5288367,7.928245
Folr1_E80_1-ACACAGTCAGTTCACA-1,1.9293731,3.1931129
Folr1_E80_1-AAAGTGATCGGTAGAG-1,1.442654,3.6330256
Folr1_E80_1-TACCGGGAGTATCTGC-1,5.4804726,6.301906
Folr1_E80_1-CCGATCTGTAAGACCG-1,6.1840353,4.846625
Folr1_E80_1-TGTTGGAGTAGATTAG-1,3.4503686,2.4897087
Folr1_E80_1-GTTCATTGTTTGGGTT-1,6.2264357,4.842834
Folr1_E80_1-CTTGATTTCCCTCAAC-1,8.966789,5.0354815
Folr1_E80_1-CAGGTATCACAAACGG-1,5.6840224,6.7132277
Folr1_E80_1-TAATTCCCACACCGCA-1,5.6164565,7.2091794
Folr1_E80_1-TCTGCCAGTGAGAGGG-1,8.521121,4.6842456
Folr1_E80_1-ACGTTCCCAGAACTCT-1,2.400584,4.261612
Folr1_E80_1-ACTTATCAGTATTAGG-1,4.3672256,5.622929
Folr1_E80_1-AGGCCACGTGCAAGAC-1,4.3288126,2.914784
Folr1_E80_1-TGTTCATCAAATCAAG-1,1.7283196,4.8266816
Folr1_E80_1-TGAGCGCAGACTTCCA-1,4.4684443,-0.14317277
Folr1_E80_1-ATGGTTGTCGAGAATA-1,2.1221714,3.1820104
Folr1_E80_1-TTTGGAGAGTCAACAA-1,5.56015,3.472223
Folr1_E80_1-ATTCCCGAGCATGATA-1,0.5503578,6.0751023
Folr1_E80_1-GTAATCGGTGACAACG-1,3.3196015,5.6605706
Folr1_E80_1-TGATCTTCAGCATCTA-1,2.102928,3.5087826
Folr1_E80_1-GAAGGGTCATGAGAAT-1,1.5092618,4.3867936
Folr1_E80_1-CGTGCTTAGGTTTACC-1,9.381364,4.104953
Folr1_E80_1-CGCAGGTAGCTTGTTG-1,3.7182915,3.110777
Folr1_E80_1-TTCTGTACAGGCTTGC-1,5.134635,6.4137964
Folr1_E80_1-TACTTCAAGGTAACTA-1,3.7073402,4.35485
Folr1_E80_1-GTTGTAGTCTGAGAGG-1,3.3263175,2.6737292
Folr1_E80_1-TTCCTCTGTATGCGTT-1,4.5408487,4.8455925
Folr1_E80_1-CTAACTTAGATTCGAA-1,6.1903367,3.9109702
Folr1_E80_1-AGGATAATCGCCACTT-1,3.5078459,4.5770555
Folr1_E80_1-GTGTTAGGTACTCGCG-1,3.8002174,3.1519115
Folr1_E80_1-GTCGCGAAGGTAAACT-1,2.902463,4.985554
Folr1_E80_1-GTCGCGAGTCCGATCG-1,3.206453,3.777487
Folr1_E80_1-AAAGGATCACGCTGAC-1,1.2298231,3.8052669
Folr1_E80_1-TGGGATTGTGAGTAAT-1,1.5251054,3.1325486
Folr1_E80_1-TATCGCCAGCAGGTCA-1,3.4215949,4.940751
Folr1_E80_1-CGTGAATAGCTGTGCC-1,3.794307,2.6495678
Folr1_E80_1-GTCCTCACAGAACCGA-1,0.078683466,2.4679883
Folr1_E80_1-ATTCTTGAGCGTCTGC-1,5.194781,6.8239703
Folr1_E80_1-CGGGCATTCGCGTCGA-1,2.1302545,2.5290012
Folr1_E80_1-CGAATTGTCCATTGCC-1,4.6749015,4.9042435
Folr1_E80_1-GTAATCGAGTTTGTCG-1,9.724112,6.0795755
Folr1_E80_1-CTGCCTAGTACTAGCT-1,5.562012,4.8421893
Folr1_E80_1-CTTCGGTGTAATGATG-1,5.126706,2.8125408
Folr1_E80_1-CGATGGCAGGGTATAT-1,4.7776976,3.1480496
Folr1_E80_1-TCGCTCACATGACAAA-1,4.373406,2.6041603
Folr1_E80_1-GGTTAACCAGTCACGC-1,2.2459946,4.574098
Folr1_E80_1-CCTAAGAAGCCAAGTG-1,3.8820977,2.6181264
Folr1_E80_1-GATTCGACAAGTTCCA-1,1.4300876,1.7914175
Folr1_E80_1-TGAGGAGGTACTCAAC-1,3.8051016,0.91674495
Folr1_E80_1-TGAGACTAGCCAACCC-1,3.4589791,3.7157023
Folr1_E80_1-TCGTGCTCAGGGAGAG-1,4.78763,3.5214758
Folr1_E80_1-AGTGATCAGCAGCCTC-1,10.013166,5.178964
Folr1_E80_1-TCCGATCGTCGCATCG-1,2.6801429,2.2402697
Folr1_E80_2-ATACCGAGTTCTCACC-2,3.8442743,6.0778956
Folr1_E80_2-CACTGGGCAGTCGTTA-2,5.628812,7.94019
Folr1_E80_2-AAAGGGCCACTGGAAG-2,4.370542,6.6287622
Folr1_E80_2-GTGTAACTCCTACGAA-2,9.300859,6.478275
Folr1_E80_2-AGACAGGAGGAATGTT-2,9.345528,6.098131
Folr1_E80_2-TCCTCGAGTGCTGTCG-2,4.595141,6.885206
Folr1_E80_2-TCAGCCTAGAAGCGAA-2,9.071733,6.214071
Folr1_E80_2-CGACAGCTCAAGTCTG-2,1.409026,4.6939054
Folr1_E80_2-CCTCAACCACCTATCC-2,1.7328658,5.5268164
Folr1_E80_2-ATGGAGGTCTACTGAG-2,6.9387107,7.1247373
Folr1_E80_2-TCGGGCAAGTCCCGAC-2,8.406318,6.8962398
Folr1_E80_2-GTTAGTGAGTGGATTA-2,7.9979343,7.1504493
Folr1_E80_2-AATCGTGCAACAGATA-2,8.422525,6.7478333
Folr1_E80_2-AAGCGTTCACTACGGC-2,2.1717105,5.210422
Folr1_E80_2-TCAGTCCTCTAGCCAA-2,4.663889,5.578335
Folr1_E80_2-GTTACCCAGCGAGTAC-2,7.74613,5.0038996
Folr1_E80_2-TCAGTCCGTTAGGCCC-2,5.06809,6.986745
Folr1_E80_2-AAAGTGAAGTTGAAGT-2,7.3780904,6.660949
Folr1_E80_2-AGTTCGACAGAGACTG-2,7.2603917,4.516048
Folr1_E80_2-CGGAGAAAGGTTCAGG-2,3.8944361,5.6694717
Folr1_E80_2-CGGACACCATACAGAA-2,9.750433,5.354647
Folr1_E80_2-AGCCACGCAACGACAG-2,3.4723272,3.4349284
Folr1_E80_2-AGAGCCCGTTATAGCC-2,10.047288,6.5002985
Folr1_E80_2-ATCACAGTCGCGCCAA-2,3.7084818,4.793154
Folr1_E80_2-CCAATTTTCAACCGAT-2,8.454068,4.2518377
Folr1_E80_2-CTGGTCTAGAATCCCT-2,10.387326,5.191197
Folr1_E80_2-TTCATTGCAATTCTCT-2,6.6972494,4.054281
Folr1_E80_2-TACGCTCAGTTTAGGA-2,4.0962067,2.4485822
Folr1_E80_2-CACGGGTAGCCTAGGA-2,4.0121894,5.9027042
Folr1_E80_2-AGGATCTTCCTCTTTC-2,4.156674,5.9360375
Folr1_E80_2-GAGTGTTGTCAGTCTA-2,9.400032,5.2448325
Folr1_E80_2-ACACTGAGTGCCTGCA-2,9.380127,5.200268
Folr1_E80_2-CCTTCAGTCACTGGTA-2,9.436149,4.2529364
Folr1_E80_2-AACGAAAGTCGAGCTC-2,9.60709,6.789741
Folr1_E80_2-CTACGGGGTACGATTC-2,7.116605,4.861288
Folr1_E80_2-ACTTAGGAGATGATTG-2,1.5677985,4.947616
Folr1_E80_2-TCTCAGCTCGACATCA-2,6.849343,4.4737854
Folr1_E80_2-ATCACAGAGACCATAA-2,5.1898103,4.5043826
Folr1_E80_2-GCTGCAGGTCCAGCCA-2,5.0234303,4.308228
Folr1_E80_2-AAGCGTTGTAGCTGTT-2,9.525972,5.753209
Folr1_E80_2-GCGAGAATCCCGATCT-2,1.8897686,5.7356052
Folr1_E80_2-CATAAGCCATCATCTT-2,4.188154,6.6398754
Folr1_E80_2-TGTGAGTGTGCGAACA-2,5.9877844,5.405828
Folr1_E80_2-ATGGGTTGTCAACCAT-2,8.793405,4.3947415
Folr1_E80_2-CATGGATCAATCTGCA-2,7.7339134,4.216249
Folr1_E80_2-ATCACTTCACGCTTAA-2,5.223997,-0.81551534
Folr1_E80_2-CTACATTAGCGACAGT-2,8.927217,4.2342973
Folr1_E80_2-CTGTGAACACCTCGTT-2,3.5376713,2.9700162
Folr1_E80_2-AACAAAGCAATAGGAT-2,8.231757,5.207621
Folr1_E80_2-AGACAGGCATTGTGCA-2,4.903768,3.8213682
Folr1_E80_2-ACGTCCTAGAGGCGGA-2,3.3780773,0.5396277
Folr1_E80_2-TATCTGTCAACGCATT-2,3.419088,3.9345486
Folr1_E80_2-TTACCGCTCCCTCTAG-2,4.3479924,7.1690803
Folr1_E80_2-CACCAAAGTTCCAGGC-2,1.4970965,4.409717
Folr1_E80_2-GACCTTCAGATGCTTC-2,4.163111,6.762168
Folr1_E80_2-CTGAATGAGTCATAGA-2,3.9689758,2.8219995
Folr1_E80_2-CGATGGCTCATCCTAT-2,2.7625704,4.9776363
Folr1_E80_2-CCTCTAGAGACATAGT-2,9.499555,4.9984345
Folr1_E80_2-CGAGTGCTCATGTCTT-2,6.5111265,4.5818906
Folr1_E80_2-GTACAGTAGTTCCGGC-2,9.209236,4.7268987
Folr1_E80_2-AAGTACCAGGCTGGAT-2,9.728888,3.3706858
Folr1_E80_2-ACTTCCGTCCTCGCAT-2,8.021806,4.2834496
Folr1_E80_2-AACAGGGAGGTGCCTC-2,10.211575,3.169482
Folr1_E80_2-GTTGCTCTCTACACTT-2,3.5206003,3.2636566
Folr1_E80_2-ATTCTTGGTTATGTGC-2,6.1814885,4.912845
Folr1_E80_2-CTCAAGATCCATATGG-2,2.054403,6.0269675
Folr1_E80_2-ACAACCAAGCAGTAAT-2,6.1182566,4.367751
Folr1_E80_2-GTCATCCAGTTGCTGT-2,3.2565796,2.4775743
Folr1_E80_2-ATGGGAGGTAAGGCTG-2,4.1263165,4.459916
Folr1_E80_2-ACACCAATCATTGGTG-2,2.6643333,2.7799003
Folr1_E80_2-TGACCCTCATCTAGAC-2,8.869326,4.242043
Folr1_E80_2-CACGTTCTCTGCTCTG-2,4.014198,1.3693296
Folr1_E80_2-GGCAGTCCAGCGTGCT-2,6.2780747,4.7763357
Folr1_E80_2-TCCTTTCAGGGCCAAT-2,3.6571784,1.2054744
Folr1_E80_2-CTACCCATCCTACCGT-2,8.587844,5.8859186
Folr1_E80_2-TAGACTGCACCCTAAA-2,9.864107,6.210045
Folr1_E80_2-CTAGACAAGCCATGCC-2,9.265527,6.6337194
Folr1_E80_2-CTCATCGGTGTATCCA-2,0.99470353,5.449404
Folr1_E80_2-TTACGTTAGCGCTTCG-2,5.3378735,7.8856897
Folr1_E80_2-AGGTAGGTCCAATCTT-2,7.872719,3.9326773
Folr1_E80_2-CATGAGTAGGCCTAGA-2,8.569946,4.6648793
Folr1_E80_2-GGATCTAGTCGTTGGC-2,6.9310603,4.497238
Folr1_E80_2-AACCTTTGTTCCTACC-2,6.0065694,4.0856194
Folr1_E80_2-TGGGAAGTCTCCACTG-2,3.488428,1.8359727
Folr1_E80_2-TGATTTCGTATCTTCT-2,2.3814719,4.990042
Folr1_E80_2-TTACAGGCAGCGGTTC-2,10.110518,5.572575
Folr1_E80_2-TCTGGCTAGGGAACAA-2,5.9470806,4.669111
Folr1_E80_2-CATGCTCCACAAAGTA-2,8.774454,6.176106
Folr1_E80_2-GTAGAAACATATGCGT-2,8.673432,5.3579736
Folr1_E80_2-ATCCCTGGTAACATCC-2,10.261587,3.783392
Folr1_E80_2-GAAATGACACGTACTA-2,4.7336164,6.94524
Folr1_E80_2-TTCATTGTCTCATTGT-2,2.7292929,4.359644
Folr1_E80_2-GATTCGAAGTCGAAGC-2,0.7941681,6.1792684
Folr1_E80_2-CTGAATGAGGCTCTAT-2,1.8726306,6.395146
Folr1_E80_2-CTGCCATGTAATCAGA-2,2.050733,5.0841403
Folr1_E80_2-CTTAGGAAGTTAACAG-2,9.717433,6.0547867
Folr1_E80_2-GGTTGTAAGACGACGT-2,5.9674354,4.6229343
Folr1_E80_2-ATCGTAGCATCTCAAG-2,8.284219,4.8040714
Folr1_E80_2-GTACAGTGTAGAGCTG-2,1.7703799,5.484214
Folr1_E80_2-CTTTCAAAGCACCTGC-2,9.541799,5.792214
Folr1_E80_2-ACTCCCACACATGTTG-2,5.5678654,6.1702
Folr1_E80_2-TGACTCCTCATGCAGT-2,1.624959,5.8642216
Folr1_E80_2-AGAAGCGCAGATTAAG-2,6.5463667,3.8328362
Folr1_E80_2-CTGTATTCAGGTTCAT-2,9.853835,4.1097074
Folr1_E80_2-CACAGGCTCAAGTTGC-2,1.0887904,4.8680315
Folr1_E80_2-TACACCCCAACGAGGT-2,5.7045264,2.7110624
Folr1_E80_2-TCTGCCATCGTCTAAG-2,4.0991006,6.130007
Folr1_E80_2-TTGGATGAGTATCTGC-2,9.980604,3.8745773
Folr1_E80_2-TGTTGGAGTCGAGCAA-2,4.6478925,3.4449906
Folr1_E80_2-AACAAGAGTGAGATAT-2,5.5829644,4.343981
Folr1_E80_2-TCATTTGGTAGCCCTG-2,7.9230785,4.253809
Folr1_E80_2-TTCCAATCAGCTCCTT-2,8.998578,6.0703173
Folr1_E80_2-TGCAGTACATCGGAGA-2,3.213674,2.3791397
Folr1_E80_2-ACTGATGTCTTACGTT-2,7.3721023,4.2854557
Folr1_E80_2-GCCAGTGGTTGTGTAC-2,5.196318,5.9520288
Folr1_E80_2-CATGCTCAGGATAATC-2,3.6731696,5.6824217
Folr1_E80_2-TCATACTAGGAAGTCC-2,6.171495,4.521277
Folr1_E80_2-AAACGCTGTGAGAGGG-2,1.6974651,4.330062
Folr1_E80_2-CCTCTAGTCCCGTTCA-2,7.420593,3.9022593
Folr1_E80_2-ACCAACATCGAAATCC-2,10.636022,5.7558894
Folr1_E80_2-ATTCCTAAGCCAACCC-2,4.714281,6.123754
Folr1_E80_2-GAGACCCCAACACAAA-2,4.7929535,7.19379
Folr1_E80_2-CGCAGGTCAGTTAGAA-2,6.890687,4.7132416
Folr1_E80_2-CCGGACAAGAGGCGGA-2,6.9347997,6.885671
Folr1_E80_2-AGCGATTAGCGTCTGC-2,10.131213,4.0797796
Folr1_E80_2-CAACCAAAGGCGTTAG-2,1.571872,5.181334
Folr1_E80_2-TCCTCGAGTTGGGCCT-2,9.143299,4.490774
Folr1_E80_2-GTAGAGGCAACAGTGG-2,3.6094236,5.780059
Folr1_E80_2-GTTAGACAGCGCTGCT-2,7.5173254,4.094282
Folr1_E80_2-ATCATTCTCGTAGCCG-2,7.473979,4.966407
Folr1_E80_2-GTAACACGTGATTCAC-2,1.7389814,4.377194
Folr1_E80_2-AATGGCTTCGACGTCG-2,8.817553,6.0666394
Folr1_E80_2-GTCACGGGTTGTCATG-2,9.5162735,5.699956
Folr1_E80_2-ATCGTCCGTTATAGAG-2,4.581511,4.3581457
Folr1_E80_2-ATTCCATTCACGACTA-2,8.503195,5.4848833
Folr1_E80_2-GGGAAGTGTAACCCGC-2,1.6585866,4.4698706
Folr1_E80_2-GGGAGTACATTGAGGG-2,8.472365,6.032707
Folr1_E80_2-TAGGTTGCATGGTACT-2,8.654704,6.2846746
Folr1_E80_2-GTCTCACTCGCCGATG-2,5.1698303,7.659822
Folr1_E80_2-TCACACCCAGAGAATT-2,5.1280327,3.3921726
Folr1_E80_2-CTATCTATCAAGAGGC-2,5.599724,2.7242794
Folr1_E80_2-CTCCTTTCAATTGGTC-2,2.2555044,4.457398
Folr1_E80_2-AACAAAGGTGCCTGCA-2,8.010877,5.266533
Folr1_E80_2-AACAAAGTCAGGTAAA-2,4.6541567,5.6883516
Folr1_E80_2-AAACGAACACCTTCCA-2,8.694996,6.1118336
Folr1_E80_2-CAGTTCCCATTGCTTT-2,5.3168597,4.38516
Folr1_E80_2-TGAATGCCAGAGTAAT-2,3.091446,3.2006495
Folr1_E80_2-TTTACGTAGGTCTACT-2,4.211067,6.7146463
Folr1_E80_2-ACGTAGTCACCTTCCA-2,6.5907,4.124629
Folr1_E80_2-ATAGGCTGTCGGTGAA-2,3.2618256,2.2536876
Folr1_E80_2-CCACTTGTCTACGCAA-2,9.953592,3.4067974
Folr1_E80_2-TTCCGTGAGAGTCAGC-2,6.4904904,4.5158596
Folr1_E80_2-TGACGCGGTACAAACA-2,2.391054,5.7230806
Folr1_E80_2-GGTGTCGAGGACTGGT-2,2.1960754,4.0123405
Folr1_E80_2-AGAAGTACACTACCCT-2,9.872852,5.7336607
Folr1_E80_2-AGGATCTCATGCCATA-2,9.868714,6.492651
Folr1_E80_2-ACCACAACAACCGTAT-2,8.314463,1.9885466
Folr1_E80_2-CTCACTGAGTATGAGT-2,5.264505,3.9105883
Folr1_E80_2-GACCAATAGATCGCTT-2,4.964959,3.3887315
Folr1_E80_2-TGACAGTTCTCGGGAC-2,2.417047,4.992087
Folr1_E80_2-AGCGATTGTCTTGCTC-2,1.1242679,4.9423947
Folr1_E80_2-CGAGGCTCAAATCGTC-2,10.145817,3.8232448
Folr1_E80_2-GGGATGAAGTTAGAAC-2,4.6224337,5.085967
Folr1_E80_2-CAATTTCAGCTGAGTG-2,2.6860652,5.205191
Folr1_E80_2-TTTGACTTCCGAGCTG-2,7.1092553,4.0268884
Folr1_E80_2-GCAACATGTCCACTCT-2,3.4500208,3.0521147
Folr1_E80_2-GTGTAACCACGTGAGA-2,4.0163198,4.8750253
Folr1_E80_2-AGTTCCCGTAGCTTGT-2,6.5002675,4.175535
Folr1_E80_2-AGTCATGCAGGACTAG-2,1.4806426,3.9628012
Folr1_E80_2-GAAATGATCCGTGTGG-2,6.0762477,3.7898538
Folr1_E80_2-ACATTTCAGCGCCTTG-2,-0.5967979,7.3676147
Folr1_E80_2-ACCAAACGTATTTCCT-2,9.447281,5.9804344
Folr1_E80_2-CCCTGATAGGGAACAA-2,9.549901,5.5623646
Folr1_E80_2-GGGTAGAGTGGTCAAG-2,8.676931,5.502011
Folr1_E80_2-TAACTTCGTCGTTCAA-2,5.5564284,3.0728533
Folr1_E80_2-TTGATGGGTTGCATCA-2,9.214851,6.5942554
Folr1_E80_2-CGGGTCAGTGGCTGAA-2,9.510733,5.512538
Folr1_E80_2-TGAACGTAGCTGAAAT-2,4.819811,3.6194618
Folr1_E80_2-CCCTCTCGTAGAGTTA-2,0.5209887,6.0224214
Folr1_E80_2-GCTACCTCACATTACG-2,3.2239938,2.6319742
Folr1_E80_2-GAGGCAAGTCAAGGCA-2,1.4821247,4.8503017
Folr1_E80_2-CAAGCTACAGGACAGT-2,0.3425213,5.099027
Folr1_E80_2-TTCAGGATCGACGATT-2,7.1190248,3.9615717
Folr1_E80_2-ACCTGTCCATAGAGGC-2,2.2513182,4.513357
Folr1_E80_2-CCGGACAGTTGTGCCG-2,6.3515325,4.798026
Folr1_E80_2-CATGCCTTCAGAGTGG-2,4.890661,2.633002
Folr1_E80_2-TTGACCCGTCGGCCTA-2,3.892002,1.2098922
Folr1_E80_2-GAGAGGTTCGTTCAGA-2,1.4581085,4.95805
Folr1_E80_2-TCTACATCACCCTGTT-2,6.783718,3.114079
Folr1_E80_2-TTACAGGAGATGATTG-2,4.846143,3.5374959
Folr1_E80_2-TAGCACACAACAGCCC-2,1.5764965,4.1052074
Folr1_E80_2-AGAAGTAAGCCTGGAA-2,6.362119,5.313048
Folr1_E80_2-TAGGGTTTCAACTACG-2,0.7297932,4.9322143
Folr1_E80_2-AACAAAGAGACTCATC-2,8.881397,6.333295
Folr1_E80_2-CTACTATTCTCTATAC-2,5.8471313,4.575869
Folr1_E80_2-TTACCATGTGCAACGA-2,1.3103209,4.185612
Folr1_E80_2-AGGACTTTCGCGTTTC-2,3.6393251,2.8588023
Folr1_E80_2-CCTCTCCGTCCTTTGC-2,3.8133109,5.9093356
Folr1_E80_2-GACCGTGCATCGTCCT-2,5.2972584,3.9398737
Folr1_E80_2-CTCAAGAAGTTGAATG-2,2.1798873,5.844544
Folr1_E80_2-ATGCGATAGGGCTAAC-2,6.402736,5.377047
Folr1_E80_2-CTGTCGTCATCACGGC-2,1.8185037,5.259635
Folr1_E80_2-TAGTGCAAGCCTGTCG-2,4.5237885,5.2517
Folr1_E80_2-ATTCCATGTCGCTTAA-2,6.8910627,4.9161587
Folr1_E80_2-CACGTGGGTCGCTTAA-2,4.5258565,7.1341534
Folr1_E80_2-TCGTCCATCAGTCCGG-2,2.117263,5.1632385
Folr1_E80_2-CCCTCTCGTCTGGTTA-2,0.8664695,5.5834746
Folr1_E80_2-GGTAATCGTGATACAA-2,3.6317124,5.0739727
Folr1_E80_2-AAGCGAGGTAGACTGG-2,9.552894,5.046598
Folr1_E80_2-CACAACAAGAGAGAAC-2,9.241154,5.941599
Folr1_E80_2-GTTCCGTTCCATCACC-2,2.6134467,4.141634
Folr1_E80_2-CGAGTTATCCGTACGG-2,5.1633806,1.2697645
Folr1_E80_2-CACGAATAGGGTGGGA-2,4.1533713,6.5228295
Folr1_E80_2-AACAAGAGTGCGACAA-2,2.4651515,4.9400344
Folr1_E80_2-TGGTGATCACCGTCTT-2,3.0954072,3.762687
Folr1_E80_2-CCATCACTCCAGCAAT-2,2.207023,3.978879
Folr1_E80_2-GCACTAAGTCCATAGT-2,2.1990952,4.6083035
Folr1_E80_2-TTCCGGTTCACCATGA-2,2.5536692,3.88696
Folr1_E80_2-CTTACCGTCAGAACCT-2,9.604932,5.8667283
Folr1_E80_2-TGTGATGGTACGCGTC-2,-0.8138191,6.2981224
Folr1_E80_2-CTCAGGGTCGTAGTGT-2,3.772694,5.4714165
Folr1_E80_2-AAGCGTTTCGGCTGTG-2,4.7405267,2.6878278
Folr1_E80_2-TCCCATGTCATTTCGT-2,2.1104198,6.1342773
Folr1_E80_2-GTAAGTCAGACAGCGT-2,3.7328823,2.5735874
Folr1_E80_2-CAGCAGCGTTGGGTTT-2,9.616359,4.362306
Folr1_E80_2-GCCGATGCACGACCTG-2,3.0379546,5.1113997
Folr1_E80_2-GGGACAAAGTCACGAG-2,1.3207817,5.435863
Folr1_E80_2-AATAGAGCATTAAGCC-2,8.352242,4.611776
Folr1_E80_2-CGTCCATAGCTGTACT-2,1.89117,4.4426837
Folr1_E80_2-TTTGACTGTACGACTT-2,6.6728106,4.973324
Folr1_E80_2-AAGAACAAGGAAGTGA-2,5.028134,3.9510784
Folr1_E80_2-GCCAACGGTAGATCGG-2,3.8218184,2.5656152
Folr1_E80_2-TTCCTTCCAACTGCTA-2,9.313803,4.9866424
Folr1_E80_2-CAAGACTGTCGAGTGA-2,1.2806841,5.3786044
Folr1_E80_2-TCATGCCTCTGTCCCA-2,4.7223206,7.0656652
Folr1_E80_2-AATGCCAAGTGTAGTA-2,5.8620105,4.454899
Folr1_E80_2-GATCGTACACGTATAC-2,9.309271,1.8509301
Folr1_E80_2-GACACGCTCAAATGCC-2,0.95095253,6.290014
Folr1_E80_2-CACTTCGCACAGCTTA-2,1.6597786,3.9293559
Folr1_E80_2-CAAGACTTCCCTTGGT-2,1.7381601,4.838122
Folr1_E80_2-CCACAAAAGATGACCG-2,2.818279,3.6788511
Folr1_E80_2-ACTACGAAGGTGCTGA-2,3.092045,3.342721
Folr1_E80_2-GGGCGTTAGAGTGAAG-2,2.6755211,5.200869
Folr1_E80_2-CTCAATTAGCACGGAT-2,4.234011,2.3550656
Folr1_E80_2-TTTCGATCACCATTCC-2,6.3186655,4.2800817
Folr1_E80_2-TGCAGGCCAGATACCT-2,1.4061638,5.156393
Folr1_E80_2-TCTGTCGAGTGGCCTC-2,6.728501,3.062986
Folr1_E80_2-TGGTAGTAGGACTAAT-2,9.6627,6.5068154
Folr1_E80_2-TCACACCGTGATAGAT-2,4.0865035,2.841652
Folr1_E80_2-CAAGGGAGTGCCGTAC-2,5.993451,4.660852
Folr1_E80_2-CTGTATTGTGCACATT-2,8.438833,4.1166058
Folr1_E80_2-ATCGTGAAGCATTTGC-2,3.759487,5.103987
Folr1_E80_2-TCATGCCGTAACAGGC-2,0.94741523,4.5810733
Folr1_E80_2-CGCATGGAGCTCCACG-2,4.8103743,5.082235
Folr1_E80_2-GCTACCTAGATGAACT-2,5.4467463,5.0101714
Folr1_E80_2-CAGCGTGCACGTAGAG-2,4.730935,3.4101279
Folr1_E80_2-TTTATGCAGGCTATCT-2,3.7346318,5.7461114
Folr1_E80_2-GGCTTTCGTACAAACA-2,2.572235,5.3025618
Folr1_E80_2-GACATCAAGCTATCTG-2,10.367295,4.021258
Folr1_E80_2-CATACAGAGTCATCCA-2,6.3263063,6.212322
Folr1_E80_2-GTGCGTGGTCGTAATC-2,2.3885155,4.070925
Folr1_E80_2-TGAATGCCATATGAAG-2,4.7498107,6.65623
Folr1_E80_2-AACAACCAGGAAGTAG-2,4.501537,2.517704
Folr1_E80_2-TACCGAAGTAGCTTGT-2,4.8054,7.8899226
Folr1_E80_2-CAAGGGAAGTGTCATC-2,1.6352688,4.489309
Folr1_E80_2-GTGTGATCAACGCATT-2,2.6154969,4.693653
Folr1_E80_2-GTTACAGGTCAGCTTA-2,5.8629613,4.223022
Folr1_E80_2-TGGGATTGTGAGAGGG-2,6.938483,4.7933197
Folr1_E80_2-TTTATGCTCCATATGG-2,1.9190717,5.6402044
Folr1_E80_2-GGTTGTATCTTGGTGA-2,4.4527082,6.7909756
Folr1_E80_2-TTCTAACTCGCACGAC-2,2.818531,5.341482
Folr1_E80_2-TTTCGATCAGCATCTA-2,8.027325,4.525657
Folr1_E80_2-GTGTCCTCAGGAATCG-2,1.6922418,4.8728733
Folr1_E80_2-ACTTTCACAACTTGCA-2,3.449141,3.3682601
Folr1_E80_2-TCTGCCACAGCTAACT-2,7.258452,4.406187
Folr1_E80_2-ACTCCCAGTCCATACA-2,4.976871,7.8600044
Folr1_E80_2-TGCGATAAGCCACCGT-2,2.821105,5.9862614
Folr1_E80_2-TTTCAGTGTCAAGCGA-2,3.4653366,3.2904391
Folr1_E80_2-GCGGATCCATAGAGGC-2,4.572748,2.6062114
Folr1_E80_2-GACTTCCGTCAAATCC-2,6.3575273,4.742398
Folr1_E80_2-CTGTATTGTCAACCTA-2,4.731733,3.3231509
Folr1_E80_2-CATTGTTAGACCACGA-2,10.136758,5.7678742
Folr1_E80_2-CTGCCTATCAAGTGTC-2,4.537828,5.459843
Folr1_E80_2-ACATTTCGTATGCGGA-2,2.4893398,4.3124614
Folr1_E80_2-AATGAAGAGATGTTCC-2,1.1313491,5.7728915
Folr1_E80_2-CGTAGTAGTTCCACGG-2,4.1702056,3.633529
Folr1_E80_2-CAAAGAATCCGCGAGT-2,9.904235,6.64632
Folr1_E80_2-ACGATGTTCAGGACGA-2,2.6768086,3.1665523
Folr1_E80_2-AGTCATGCAGGTTACT-2,7.688449,3.132626
Folr1_E80_2-ACAGCCGCAGGTTCGC-2,-0.113413565,5.280485
Folr1_E80_2-GTGAGCCCACAGTCAT-2,2.5735729,5.1277943
Folr1_E80_2-CACCGTTGTTTCCAAG-2,9.614644,5.009472
Folr1_E80_2-CTGAGCGCAGATTAAG-2,5.0213337,7.7751646
Folr1_E80_2-TCATCCGCACTCCCTA-2,8.1042795,4.3255835
Folr1_E80_2-AGACTCATCGTTGTGA-2,6.9292126,4.4869466
Folr1_E80_2-TTGTTTGCACGGTAGA-2,2.602926,3.4956388
Folr1_E80_2-TTTGACTGTGACCGAA-2,4.5929003,6.633919
Folr1_E80_2-CTGGACGAGAAGAACG-2,2.1626532,4.2811418
Folr1_E80_2-TAGTGCAGTATGTGTC-2,3.166812,3.464295
Folr1_E80_2-ATAGACCAGAGGTATT-2,4.5553474,4.1809087
Folr1_E80_2-CGAAGTTTCCAAACCA-2,5.0593405,2.9227781
Folr1_E80_2-CCTAAGAAGCTCCACG-2,3.7898445,2.7466114
Folr1_E80_2-TCAAGTGGTTACAGCT-2,1.2840798,6.2008433
Folr1_E80_2-AAGTGAAAGTTCGGTT-2,1.0697525,5.267345
Folr1_E80_2-CTACTATTCCGTCAAA-2,4.4373426,6.219791
Folr1_E80_2-TAATCTCTCTGGCCTT-2,4.939162,5.142531
Folr1_E80_2-AAATGGACAGAATGTA-2,3.5060096,5.859406
Folr1_E80_2-GCTTGGGTCGAGATAA-2,2.608213,5.3811264
Folr1_E80_2-ACGTAGTTCAAGAGTA-2,7.369499,3.757761
Folr1_E80_2-GTTATGGAGGTGCGAT-2,8.93487,5.8569283
Folr1_E80_2-AACGTCAAGACCACGA-2,1.3996147,5.6945186
Folr1_E80_2-CCTCTAGAGCAGGTCA-2,3.0814977,2.9689715
Folr1_E80_2-GGGTTATGTCATAGTC-2,3.548043,2.499796
Folr1_E80_2-TGGTTAGTCCTGATAG-2,2.6613078,5.301135
Folr1_E80_2-ACTTAGGGTTCGTTCC-2,4.177098,4.1259017
Folr1_E80_2-TTCGCTGGTATCGTGT-2,3.1120005,2.7806177
Folr1_E80_2-ACCTGTCCAGGCCCTA-2,0.9632145,5.152963
Folr1_E80_2-CTGGACGCAATGCAAA-2,2.204006,4.401278
Folr1_E80_2-AGTGCCGGTATGCGTT-2,1.5509772,5.8348794
Folr1_E80_2-CATGGATGTGGCACTC-2,4.2589664,2.5033166
Folr1_E80_2-TCTCTGGGTTCCCACT-2,3.6824832,2.0444942
Folr1_E80_2-GCTTCACTCCGACATA-2,1.3511926,3.5750694
Folr1_E80_2-TGCGGGTCATGGAAGC-2,8.384142,6.9211607
Folr1_E80_2-ACACTGACATCCTAAG-2,6.62796,4.487118
Folr1_E80_2-TTAGGGTCATCGGAAG-2,9.181671,6.2545834
Folr1_E80_2-AGGTTGTCATCGTCCT-2,9.127326,5.6723447
Folr1_E80_2-GCTACAACACAAATAG-2,5.6455317,3.2087696
Folr1_E80_2-TAGGTTGAGACGCCCT-2,8.748714,5.8188753
Folr1_E80_2-CAGTTCCGTGCAACAG-2,1.2177088,5.2974815
Folr1_E80_2-AAACCCAAGAACTGAT-2,2.241066,4.3068733
Folr1_E80_2-ATGTCTTGTACTGTTG-2,6.014884,-0.11521401
Folr1_E80_2-AGGACGATCCTTCTTC-2,5.74619,6.6498365
Folr1_E80_2-GTTCATTTCTCTCGAC-2,0.21628827,5.546059
Folr1_E80_2-CTCTGGTGTAACGCGA-2,9.762436,5.1172743
Folr1_E80_2-GCAGCCAAGCAGCCTC-2,5.077981,3.754687
Folr1_E80_2-AACCAACAGGATATGT-2,5.5169477,4.627129
Folr1_E80_2-TACCGAAGTCTCAAGT-2,4.7116504,4.655073
Folr1_E80_2-CTACAGATCGCTATTT-2,7.792246,4.2761593
Folr1_E80_2-TCAGCCTCAATAAGGT-2,2.2490256,4.771638
Folr1_E80_2-TAACTTCAGAGCAGCT-2,5.379459,3.8933406
Folr1_E80_2-CGTAAGTCAGGAATAT-2,1.9824142,5.348686
Folr1_E80_2-TCATTGTGTTGTCCCT-2,0.7822648,5.6581163
Folr1_E80_2-ATCCATTAGTCATGAA-2,5.356947,7.568807
Folr1_E80_2-TTTACCAAGCCTCATA-2,10.773775,4.751484
Folr1_E80_2-AGGGCCTCATCCGTTC-2,5.1475377,6.402277
Folr1_E80_2-TTCTTGAGTAGCCAGA-2,1.5257655,5.014657
Folr1_E80_2-CGATGCGTCCAACCAA-2,9.536067,4.0058446
Folr1_E80_2-CCAATGATCCAAAGGG-2,1.5705522,4.935713
Folr1_E80_2-ACTCTCGTCCGTGGGT-2,2.8374662,3.3780537
Folr1_E80_2-CTACGGGCAACAACAA-2,2.2667794,5.7536
Folr1_E80_2-TATCTTGCAAGAATGT-2,3.8764896,2.4471736
Folr1_E80_2-GGAGATGCATTCGATG-2,7.860242,3.1151373
Folr1_E80_2-AACCTGACAATTCGTG-2,2.7927344,5.2713866
Folr1_E80_2-GGAAGTGTCCTCAGAA-2,2.8745396,6.391531
Folr1_E80_2-TACCGGGAGTGCCGAA-2,4.930156,3.92702
Folr1_E80_2-CATACCCAGGAACGAA-2,3.0421405,4.920978
Folr1_E80_2-CGAAGTTCAAGGCGTA-2,4.2355995,3.5727155
Folr1_E80_2-GGGAGTATCTATGTGG-2,3.4118807,2.8308027
Folr1_E80_2-CATCGCTCAGGACAGT-2,7.856385,5.956772
Folr1_E80_2-GAGGCAATCGCCTTTG-2,7.9621267,6.184011
Folr1_E80_2-GAAGGGTTCCGCACTT-2,2.7646062,3.108043
Folr1_E80_2-CAACGGCGTAGGCAGT-2,2.0255451,5.726923
Folr1_E80_2-CAACAGTAGTTCATCG-2,4.128824,6.907859
Folr1_E80_2-TTGCCTGAGAGGATGA-2,2.3618505,4.3428483
Folr1_E80_2-AGGTCTATCTACACAG-2,4.730526,2.424517
Folr1_E80_2-TTCAGGATCCGAAGGA-2,1.5926292,6.3238935
Folr1_E80_2-ATGTCCCGTATCGCGC-2,3.7133136,2.0321383
Folr1_E80_2-GGGAGTATCACCACAA-2,8.991607,5.5665517
Folr1_E80_2-GGCACGTAGCGAGGAG-2,4.0230446,6.854163
Folr1_E80_2-CTGAATGAGCGGGTTA-2,5.750088,4.2506623
Folr1_E80_2-TGTAACGAGCGTATAA-2,1.3478322,4.72757
Folr1_E80_2-CTATAGGGTGTACATC-2,4.662163,4.2930484
Folr1_E80_2-TGATTCTAGAGTGTGC-2,6.9676876,4.840869
Folr1_E80_2-TGCTGAATCGCTGACG-2,8.113215,4.885434
Folr1_E80_2-ATTATCCCACACGGAA-2,4.870422,6.048007
Folr1_E80_2-AATGGCTGTGTTCAGT-2,4.320144,3.9988468
Folr1_E80_2-TTCTGTAAGAAGGATG-2,2.2484891,3.7779872
Folr1_E80_2-TTCTCTCGTGCGAACA-2,1.341391,5.2378516
Folr1_E80_2-CAACAGTAGAAAGTCT-2,3.1741586,5.7752466
Folr1_E80_2-AAACGCTTCGCCACTT-2,9.8887005,6.7304873
Folr1_E80_2-CATTCATCATCTGTTT-2,4.5064874,3.9953084
Folr1_E80_2-AAGCGAGGTATCCCAA-2,4.3658047,3.6857326
Folr1_E80_2-CTGAATGGTATGCGTT-2,8.270042,6.4539313
Folr1_E80_2-AGCTCAACACTTCAAG-2,8.214219,3.9797306
Folr1_E80_2-CGGACACCAGGACTAG-2,3.368774,3.4796963
Folr1_E80_2-AGGGAGTAGTGTGTTC-2,4.2840996,3.64965
Folr1_E80_2-ACGATGTTCGGTAACT-2,2.3399482,4.666864
Folr1_E80_2-TACGGGCGTATGGGAC-2,1.7759007,4.91313
Folr1_E80_2-GATTTCTAGCCTCTTC-2,3.9737535,3.0419137
Folr1_E80_2-GAGACCCCAGACCGCT-2,3.6878357,2.2163796
Folr1_E80_2-GCGAGAAGTCGGTACC-2,2.6055987,1.2357363
Folr1_E80_2-GTCTCACGTAGCTTGT-2,3.6381655,4.040926
Folr1_E80_2-GTAAGTCGTACGGTTT-2,9.710054,5.2754984
Folr1_E80_2-AGAAATGTCTGGTCAA-2,4.119643,4.5385876
Folr1_E80_2-CTTGATTCAGAGGGTT-2,2.190144,4.077016
Folr1_E80_2-CTCATGCGTAGCGTAG-2,7.584847,2.968055
Folr1_E80_2-GTTGCTCGTTACGCCG-2,9.494747,5.61981
Folr1_E80_2-CCTTTGGGTTTCGTGA-2,1.8589298,5.1275916
Folr1_E80_2-CCTGTTGAGTGAGGTC-2,8.860033,5.404473
Folr1_E80_2-AACAGGGCAGTAACCT-2,4.02637,2.7316887
Folr1_E80_2-ACCTGTCTCTTTCCGG-2,1.3849336,5.3616576
Folr1_E80_2-CGTCCATAGACGACTG-2,2.9750946,4.6419616
Folr1_E80_2-AGCGCTGTCCTACGGG-2,2.2195394,6.048446
Folr1_E80_2-TGCGGCATCCATCTCG-2,4.0379558,5.4605117
Folr1_E80_2-CTACATTGTTGTACGT-2,5.6732697,4.3987827
Folr1_E80_2-CCTTTGGAGAGAAGGT-2,9.756541,6.3424096
Folr1_E80_2-AACCTTTTCGCAGTGC-2,6.10068,4.1047597
Folr1_E80_2-TGTTACTGTACCGGCT-2,9.813117,4.0518107
Folr1_E80_2-GATGAGGTCCGGACTG-2,5.5520663,5.150567
Folr1_E80_2-GTCTGTCAGCGTTCAT-2,5.1921463,4.2145815
Folr1_E80_2-TCAGGTATCAGCGGAA-2,5.3466883,5.020235
Folr1_E80_2-TGGGAAGGTTTACGAC-2,6.957246,4.171433
Folr1_E80_2-GGGCTACTCCGTGTGG-2,2.6121678,2.868586
Folr1_E80_2-TTTACTGAGGACTAAT-2,3.4822695,6.0259686
Folr1_E80_2-TCCTCTTAGGCTTCCG-2,8.309194,4.835857
Folr1_E80_2-GTCTGTCAGGTCATTC-2,9.127585,6.1648417
Folr1_E80_2-CTCCAACGTTATGGTC-2,4.849158,4.772153
Folr1_E80_2-TTTGATCCAAAGCAAT-2,3.6006274,2.6182363
Folr1_E80_2-AAGGTAAGTTGTGCCG-2,0.9585652,4.6081953
Folr1_E80_2-CATCGTCTCGCCTAGG-2,4.2439594,2.1409793
Folr1_E80_2-GGTTCTCCAAGAAATC-2,8.60573,5.053759
Folr1_E80_2-GATAGAAGTATTTCCT-2,4.430223,4.779739
Folr1_E80_2-TTGGGATGTTCCGCAG-2,9.625539,5.4793024
Folr1_E80_2-AGAAATGAGTTGTCGT-2,9.655587,5.7180147
Folr1_E80_2-CTGTATTTCGAATCCA-2,2.0466406,3.3755338
Folr1_E80_2-CAAAGAAGTCCACATA-2,6.5856256,4.2709975
Folr1_E80_2-TCCTCCCCAACACACT-2,2.2580774,4.889446
Folr1_E80_2-TATCTGTAGTAAGAGG-2,-1.0345098,6.2242017
Folr1_E80_2-GTCTACCCACAGTATC-2,2.0743518,4.984773
Folr1_E80_2-ACGTTCCTCAGAGCAG-2,1.5434225,6.734679
Folr1_E80_2-AGCGTATAGGTGCCAA-2,-0.3070978,5.491079
Folr1_E80_2-CTAAGTGCAGTCTCTC-2,1.7296625,5.480037
Folr1_E80_2-TTCACGCGTGTCTAAC-2,1.5274903,4.604159
Folr1_E80_2-CCGGTAGGTAACTAAG-2,9.807401,6.284195
Folr1_E80_2-GTCAGCGCAAGTGCTT-2,2.0036812,3.6415637
Folr1_E80_2-TGGATGTAGTCATAGA-2,6.6723247,6.948287
Folr1_E80_2-ACTACGAGTGTAGGAC-2,8.807823,5.376477
Folr1_E80_2-GAAGTAACATCAGTCA-2,9.880241,6.0364213
Folr1_E80_2-TACGCTCCAATGTCAC-2,8.578991,5.529347
Folr1_E80_2-CGCAGGTTCAGTGGGA-2,1.6687593,4.550984
Folr1_E80_2-GATTCTTAGTCGAATA-2,6.4006867,4.4161224
Folr1_E80_2-CTGTATTCAACAGATA-2,5.2271485,3.4964604
Folr1_E80_2-CATCAAGTCAGCTTCC-2,5.792125,4.1612663
Folr1_E80_2-TGATCAGCACGCTGTG-2,8.192503,4.903773
Folr1_E80_2-ATCCCTGGTCCACTCT-2,10.182587,4.9865265
Folr1_E80_2-CGGAACCTCGCAATTG-2,4.1728454,3.2738314
Folr1_E80_2-CCTACGTCAGCACAGA-2,2.3307219,2.8994923
Folr1_E80_2-CTACAGAAGCTCGAAG-2,3.9674652,5.4207587
Folr1_E80_2-GGGTTTAAGTCGCTAT-2,7.7051787,5.807773
Folr1_E80_2-GTAGAAAAGTGGAATT-2,1.583461,6.2538533
Folr1_E80_2-CATGGTATCCCTGGTT-2,1.7806351,4.434322
Folr1_E80_2-TTAGGGTCAGGGTCTC-2,7.126728,5.045717
Folr1_E80_2-CATCGGGAGGTAAGGA-2,0.2510995,6.2901325
Folr1_E80_2-CAGCCAGTCGCACGGT-2,3.7269397,3.1110692
Folr1_E80_2-TGTACAGCAAGTGGTG-2,2.23595,5.3511477
Folr1_E80_2-GCAGTTACACCATATG-2,9.88896,3.8386507
Folr1_E80_2-TACAGGTCAAGGTCAG-2,2.3331711,3.225706
Folr1_E80_2-TACCCACCAGCGAGTA-2,1.2717189,6.030483
Folr1_E80_2-TGAGTCAAGCTTCGTA-2,5.205744,8.14164
Folr1_E80_2-GCATTAGTCCGATAAC-2,8.571274,4.014849
Folr1_E80_2-ATAGACCTCAAGCTGT-2,8.50558,6.4629483
Folr1_E80_2-GGCTGTGAGGTACTGG-2,4.916356,3.9445896
Folr1_E80_2-TTGCTGCGTCGCAACC-2,1.5451996,6.4546123
Folr1_E80_2-TATTGGGAGCGTGTTT-2,0.5951572,5.0049376
Folr1_E80_2-CGAGTTACAAATGAGT-2,0.5226045,6.2701616
Folr1_E80_2-ATCGGCGTCAAGTCGT-2,9.309542,5.888996
Folr1_E80_2-AGACTCAAGGGTACAC-2,7.6364026,4.434477
Folr1_E80_2-GTCGAATTCGAGATGG-2,3.9831905,5.201877
Folr1_E80_2-GCGTGCACAGTAGAAT-2,2.792317,4.5771456
Folr1_E80_2-ATGGATCTCCGGCAAC-2,7.6616726,4.8288198
Folr1_E80_2-CATCGGGGTGTGTGTT-2,3.6316032,2.7879012
Folr1_E80_2-GGGTTTATCGCTGCGA-2,4.123211,6.722656
Folr1_E80_2-TTTCACAAGAAGCGCT-2,3.3389971,2.6566901
Folr1_E80_2-ACTATTCCATGACCCG-2,6.067333,4.696093
Folr1_E80_2-CCACACTTCTTTGCTA-2,9.54974,6.0889583
Folr1_E80_2-TACCCGTAGCTGCCTG-2,3.705054,2.2318442
Folr1_E80_2-GGGTCACCAAGACAAT-2,7.370693,3.0651784
Folr1_E80_2-TCACGGGCAGGCATGA-2,2.027719,4.017184
Folr1_E80_2-CTTCTAATCAGCTTGA-2,2.7769752,3.9670005
Folr1_E80_2-TCTACCGTCTGGAAGG-2,1.6507533,5.512342
Folr1_E80_2-GTGGAAGAGATACATG-2,4.059507,4.8551936
Folr1_E80_2-TAAGCCAGTGGTAATA-2,4.5465393,7.4472
Folr1_E80_2-GTTGCTCAGCTCAGAG-2,2.4137373,6.978122
Folr1_E80_2-TTGAACGGTCCAAATC-2,1.7955483,5.3371587
Folr1_E80_2-TTCAATCAGCAACCAG-2,4.4236765,7.1623282
Folr1_E80_2-GACGTTACACGACCTG-2,10.060616,4.863449
Folr1_E80_2-TCTGTCGGTTAAGCAA-2,3.8188007,7.0179477
Folr1_E80_2-GCAACCGGTACGAGTG-2,1.998616,5.0409656
Folr1_E80_2-GCTCAAATCTTCCCAG-2,3.4599073,1.6960535
Folr1_E80_2-CAGATACCACCAATTG-2,2.3566494,4.889671
Folr1_E80_2-TTGGGTATCGGACTTA-2,2.12306,3.5790248
Folr1_E80_2-GCTTCACCATCTCGTC-2,6.4343996,3.9080389
Folr1_E80_2-CGAGGAATCTGCCCTA-2,4.083602,5.258127
Folr1_E80_2-TTCTAGTCATCGAACT-2,2.703385,3.8195686
Folr1_E80_2-TATACCTAGTAGCATA-2,6.1194606,4.267187
Folr1_E80_2-AACGTCATCGTGTTCC-2,3.4360235,5.0831413
Folr1_E80_2-ACCACAAAGTCTGGTT-2,3.6647718,5.2548337
Folr1_E80_2-TTCTAACCAAACCACT-2,10.413319,4.9814024
Folr1_E80_2-AGTGATCCAGAACATA-2,3.3304124,5.3265157
Folr1_E80_2-TCATGCCTCAATCCGA-2,2.875612,3.9627237
Folr1_E80_2-CAGATCAAGATGTTGA-2,3.0056312,5.0644884
Folr1_E80_2-ACATGCAAGACTACCT-2,4.8418036,5.1398797
Folr1_E80_2-GCTCAAACAAGAGATT-2,4.9057894,6.5422025
Folr1_E80_2-TGAACGTGTGAATTAG-2,6.35967,5.350662
Folr1_E80_2-CGAGGAATCACTGGGC-2,8.953791,3.6430168
Folr1_E80_2-GTTCCGTCACGGTGAA-2,5.496431,4.6870003
Folr1_E80_2-CCACGTTCATTCAGCA-2,5.345348,7.5150533
Folr1_E80_2-CCTTGTGAGGATACCG-2,2.0261316,4.8012805
Folr1_E80_2-CCCTCAAGTGGCAGAT-2,3.973727,6.541125
Folr1_E80_2-TAGGTACCAAAGGGTC-2,2.8103833,2.8677912
Folr1_E80_2-TTCTGTAAGGGTGGGA-2,9.048125,4.3352804
Folr1_E80_2-TACTTACGTGCTCCGA-2,1.0845257,5.922266
Folr1_E80_2-GTAGTACTCCTTTGAT-2,1.5677398,5.1278014
Folr1_E80_2-CATCCCATCAAGATAG-2,4.9583097,3.955486
Folr1_E80_2-ATACCGAGTTGTGGAG-2,2.8279052,3.1032493
Folr1_E80_2-AGTCACACATCGCTGG-2,6.5504484,4.222542
Folr1_E80_2-TCATTACTCGAGAAGC-2,3.8754394,3.3698454
Folr1_E80_2-GCATCGGTCGACGATT-2,6.7256417,3.9141681
Folr1_E80_2-ATTGGGTCAGCAGAAC-2,8.961454,6.099706
Folr1_E80_2-CGTTCTGCACAGAGAC-2,7.612593,2.959676
Folr1_E80_2-ACCCTTGGTCGAACAG-2,4.6782775,7.618867
Folr1_E80_2-ACCTGTCAGAGTGTGC-2,1.9501461,4.016503
Folr1_E80_2-AAGTACCAGCGCTTCG-2,3.5765762,5.4916673
Folr1_E80_2-TCTAACTTCGCCTATC-2,8.410347,4.716722
Folr1_E80_2-TGATCAGCATCAGCTA-2,5.335825,3.7478318
Folr1_E80_2-AGACAGGAGACGAGCT-2,9.06278,6.352668
Folr1_E80_2-AATAGAGCAATCACGT-2,2.3160772,3.636925
Folr1_E80_2-TTAGTCTTCGCTAGCG-2,3.457643,2.783824
Folr1_E80_2-GAATCGTGTCGATTCA-2,10.259686,5.32306
Folr1_E80_2-TCCGTGTGTGCTCCGA-2,4.438318,3.8070526
Folr1_E80_2-GTTCCGTCATCTCAAG-2,4.0984225,3.8280923
Folr1_E80_2-GATTCGAAGACGCAGT-2,3.331319,3.1956346
Folr1_E80_2-ACAAGCTTCAGAGCAG-2,2.235448,4.570085
Folr1_E80_2-CGTGAATCACAAGGTG-2,5.636277,3.4249198
Folr1_E80_2-ATTTCTGTCAGACAAA-2,7.901583,2.3606508
Folr1_E80_2-ACTTATCAGACGCAGT-2,0.8630981,5.140689
Folr1_E80_2-TCAGCAAAGGAATTAC-2,2.8940299,2.529617
Folr1_E80_2-AATCGTGAGCTGTTAC-2,2.0879498,6.2749243
Folr1_E80_2-GATAGAATCCCGGTAG-2,10.126164,6.308105
Folr1_E80_2-ATTCCTAAGGTAGACC-2,4.463151,4.09376
Folr1_E80_2-GCACGTGTCGCTAAAC-2,2.9933813,2.9993362
Folr1_E80_2-GTGGTTACACTACCGG-2,0.4470374,4.914856
Folr1_E80_2-ATCGTAGAGTATAGAC-2,4.2270937,5.5151944
Folr1_E80_2-GTGAGGAGTCGGCCTA-2,3.7684855,2.5920088
Folr1_E80_2-GATCGTAAGACTCGAG-2,3.8865263,5.1599665
Folr1_E80_2-GTTATGGTCGATGGAG-2,10.001046,6.1962824
Folr1_E80_2-ATACCTTGTGGTTCTA-2,3.4260988,5.1825557
Folr1_E80_2-CGCCAGATCCTTATCA-2,2.854011,5.5149193
Folr1_E80_2-CAACGGCGTCTAACGT-2,4.9238963,6.482629
Folr1_E80_2-TTCCAATCAACCGTAT-2,8.208791,2.2610855
Folr1_E80_2-CTCAGTCGTATAATGG-2,6.8696856,5.203398
Folr1_E80_2-AAAGGGCTCTCAGTCC-2,4.7334194,-0.9241953
Folr1_E80_2-TCATTCAGTTGCTGAT-2,3.9612038,4.798327
Folr1_E80_2-CGATGGCGTCCGTTTC-2,1.5978975,5.305588
Folr1_E80_2-AGGTTGTTCCAAGCTA-2,1.0842179,4.4847383
Folr1_E80_2-TTTGACTTCAATGTCG-2,5.1603985,7.28361
Folr1_E80_2-CCATAAGTCCTACCAC-2,3.7762175,3.078677
Folr1_E80_2-TGCATCCGTGGATCAG-2,3.7884214,5.115048
Folr1_E80_2-TTGGGTATCATGACAC-2,0.6523,5.373407
Folr1_E80_2-TTTCGATAGTATGAAC-2,7.5181794,4.874911
Folr1_E80_2-CCGGTAGTCGCATGAT-2,2.5222483,3.1008604
Folr1_E80_2-CTGCAGGTCTGCTTAT-2,3.121171,2.2337604
Folr1_E80_2-GGACGTCTCGTGGCGT-2,1.4131217,5.8780656
Folr1_E80_2-GGGTAGATCGCCTCTA-2,3.0611393,2.1977894
Folr1_E80_2-CCTCTAGCAATGCAGG-2,2.6027925,3.9025412
Folr1_E80_2-TGCAGGCCAGGGAATC-2,2.379903,3.176685
Folr1_E80_2-ATCGGCGGTACGAGTG-2,8.583909,5.898488
Folr1_E80_2-TCGGATAGTCATACCA-2,4.4395156,6.253436
Folr1_E80_2-TATTGGGAGGAACGAA-2,3.752254,6.0753503
Folr1_E80_2-ACTTTGTGTTAATCGC-2,2.7674124,2.9406598
Folr1_E80_2-TAAGCGTCATGTGACT-2,8.69379,5.4451966
Folr1_E80_2-GTAATGCAGGGATCAC-2,2.56128,4.8187747
Folr1_E80_2-TAGGAGGGTTCTCCTG-2,5.2423577,7.2658043
Folr1_E80_2-TAGGTTGCATACTGTG-2,4.1528325,6.9925723
Folr1_E80_2-TACGTCCAGCAACTCT-2,4.2589617,6.1258883
Folr1_E80_2-TCTGGCTAGAAACCCG-2,5.257958,6.2749743
Folr1_E80_2-CTAACCCTCGTAGTGT-2,9.003239,3.90743
Folr1_E80_2-AACAGGGAGGAAAGGT-2,6.440546,7.7756104
Folr1_E80_2-TAGGGTTCACCTGCTT-2,2.531946,5.3284245
Folr1_E80_2-CATGCGGAGCTGGAGT-2,2.0287192,5.1448407
Folr1_E80_2-GGGTCACCAGAGGACT-2,1.2282305,2.6887078
Folr1_E80_2-TTCCTCTGTATGTCTG-2,4.8456573,2.868027
Folr1_E80_2-CATCCGTCACTTGGGC-2,2.9862435,1.659848
Folr1_E80_2-AGCGATTCACCTGCTT-2,10.242753,3.9108596
Folr1_E80_2-ATTCATCGTGGACCAA-2,7.200396,4.569147
Folr1_E80_2-TTGAACGAGCCTCAGC-2,8.493911,5.217125
Folr1_E80_2-AGGAGGTAGGGAGGCA-2,2.736103,2.7182088
Folr1_E80_2-GAGTTACGTCGATTAC-2,2.5325613,3.7518077
Folr1_E80_2-GGGTATTGTCGAATGG-2,2.4750278,4.285854
Folr1_E80_2-ATCCCTGGTATTTCCT-2,2.7907438,3.7365599
Folr1_E80_2-TGAGGGACAGGCTTGC-2,3.257965,5.5978746
Folr1_E80_2-TCAGTCCCAACGTAAA-2,4.7457223,3.621265
Folr1_E80_2-GTGTTCCAGATACAGT-2,0.5237698,6.7704687
Folr1_E80_2-TGAACGTCACCTGTCT-2,0.36025596,5.437223
Folr1_E80_2-GTTGAACTCGTCACCT-2,4.822773,5.839174
Folr1_E80_2-ATCACAGCAGTAGAGC-2,1.4657408,5.3949957
Folr1_E80_2-CGCGTGAGTATCGATC-2,3.928765,1.8689115
Folr1_E80_2-GGGCTCACAAGTGGCA-2,3.4381115,2.0465682
Folr1_E80_2-AGCGATTTCGAGAATA-2,6.3790293,0.9373642
Folr1_E80_2-GGGCCATTCAAAGGAT-2,3.7287676,0.4102156
Folr1_E80_2-GTAATGCCAGAGGACT-2,4.342974,4.9510913
Folr1_E80_2-TCTTGCGGTCGTGATT-2,6.377089,3.905007
Folr1_E80_2-GTCACTCTCCATTTAC-2,3.4088187,6.179356
Folr1_E80_2-CAGGTATGTGGCTAGA-2,7.986597,5.3716903
Folr1_E80_2-CACCAAAGTTAGGAGC-2,2.9301507,2.5269005
Folr1_E80_2-CATTTCAGTTCGGGTC-2,7.51414,6.7958403
Folr1_E80_2-CGCAGGTAGGCTCCCA-2,3.6299956,2.2504747
Folr1_E80_2-TTTGACTCATGTCTAG-2,3.0043545,5.157903
Folr1_E80_2-AGGTGTTAGCATTGAA-2,10.350527,5.5360804
Folr1_E80_2-TGTTCATAGCCGTTAT-2,3.1555912,3.3723438
Folr1_E80_2-GAGCCTGCAAGTGGTG-2,1.5406873,5.779297
Folr1_E80_2-CCGGGTAAGTAGGCCA-2,9.267756,5.073233
Folr1_E80_2-TTCCTCTTCAGGAAGC-2,4.8033338,7.039275
Folr1_E80_2-GTCATTTGTCAACACT-2,6.1189213,3.450031
Folr1_E80_2-CTCCGATGTCGAGTTT-2,4.6692886,2.330518
Folr1_E80_2-TACTTCAAGCCTTTCC-2,4.173158,2.504035
Folr1_E80_2-GTCATGACAACATCGT-2,4.8790154,6.7841287
Folr1_E80_2-GCTTGGGGTGTCCATA-2,0.96468186,4.9419327
Folr1_E80_2-TCCACCAAGCACGTCC-2,4.9817386,5.3923683
Folr1_E80_2-TCAATCTGTACGATCT-2,3.6494658,2.861508
Folr1_E80_2-TGTTACTGTCACGTGC-2,9.259757,4.6304703
Folr1_E80_2-AGTGATCAGGCTCTAT-2,2.042685,3.3688846
Folr1_E80_2-AGTCATGAGCTCCCTT-2,3.9907498,2.4440722
Folr1_E80_2-TGACTCCTCTCTATGT-2,3.1359994,5.2054887
Folr1_E80_2-TGATTTCCATCTCCCA-2,7.708594,3.7137823
Folr1_E80_2-TGGTAGTGTTAGAAGT-2,4.469857,5.913326
Folr1_E80_2-TATATCCAGCGTTCCG-2,7.46917,2.297181
Folr1_E80_2-TACGGGCGTGCGACAA-2,4.2383323,6.277051
Folr1_E80_2-TCCCAGTGTCTAGGTT-2,5.3135476,6.366397
Folr1_E80_2-CTCAATTCATCGGTTA-2,2.165233,5.3044534
Folr1_E80_2-CAGGGCTGTCCGGTCA-2,2.1887608,4.9750414
Folr1_E80_2-ATGTCTTGTGCAATAA-2,1.7757052,5.460726
Folr1_E80_2-GTCGCGACATCGAAGG-2,2.7498047,3.5412505
Folr1_E80_2-CTGTACCAGCTCGGCT-2,2.0625231,3.355034
Folr1_E80_2-ATCACAGGTGGAAATT-2,9.138309,5.0779104
Folr1_E80_2-AGGCTGCGTAGCGAGT-2,3.0080829,2.4447517
Folr1_E80_2-AGTACCAAGTCACGAG-2,5.480939,4.338007
Folr1_E80_2-ACGGGTCTCTCCACTG-2,4.5013857,6.124403
Folr1_E80_2-TCGATTTTCACGATAC-2,10.491734,4.1099744
Folr1_E80_2-TGAGGTTCATCGGATT-2,10.677586,6.2369695
Folr1_E80_2-GAAGTAAGTTCTTGTT-2,3.4218402,5.7114744
Folr1_E80_2-CGGCAGTCATGGCACC-2,1.4106714,5.011537
Folr1_E80_2-GCCAGTGAGCTGACCC-2,2.5785837,3.4695647
Folr1_E80_2-TGTCCACGTCGTTGCG-2,4.058861,1.8026006
Folr1_E80_2-ATGGGTTAGCTGACTT-2,1.9758955,6.0154443
Folr1_E80_2-ATGTCTTGTATGGAAT-2,5.9321876,2.5374396
Folr1_E80_2-GTCCTCACACTCGATA-2,5.2762866,7.276125
Folr1_E80_2-CCTCCTCGTACCCAGC-2,2.5363426,4.5955687
Folr1_E80_2-CGAGGCTAGCGACTTT-2,2.5025504,4.8785596
Folr1_E80_2-TGCAGATGTGGATCAG-2,3.9079814,-0.79999524
Folr1_E80_2-AGATAGACACCCAAGC-2,5.432723,6.8454533
Folr1_E80_2-CTCATCGGTGGCCTCA-2,2.6391647,5.625975
Folr1_E80_2-TGGTACAGTAGAGATT-2,2.0191212,4.8813596
Folr1_E80_2-AAAGGGCAGTATAACG-2,4.1982822,4.193639
Folr1_E80_2-CCTAAGATCAGTGATC-2,6.624628,4.470492
Folr1_E80_2-GTGAGCCGTGTCCACG-2,4.4433904,7.11706
Folr1_E80_2-TCCTCGAGTGCGGATA-2,3.2753322,2.540486
Folr1_E80_2-TCATGCCCATACAGGG-2,4.8798165,6.88436
Folr1_E80_2-TGGGAAGGTTAATCGC-2,0.89000744,6.827949
Folr1_E80_2-CCCTCAAGTATCACCA-2,5.7200546,3.995373
Folr1_E80_2-AGTCAACTCTGCTCTG-2,4.452946,5.2283077
Folr1_E80_2-TGCTTCGAGTAGGGTC-2,0.80611503,4.710042
Folr1_E80_2-AATGGAATCTCTGACC-2,8.399011,1.996343
Folr1_E80_2-CATTCTAAGCGTCAGA-2,3.8638265,2.8046584
Folr1_E80_2-CGGGTGTAGTTGGCGA-2,3.3012252,3.15205
Folr1_E80_2-AGTGCCGCACAGTCGC-2,5.3623185,7.444375
Folr1_E80_2-TTGTTCAAGTCTAGCT-2,6.7560983,4.66085
Folr1_E80_2-TATCAGGCAATGTGGG-2,4.5765276,5.731053
Folr1_E80_2-AATCGTGAGCAAATGT-2,1.9902842,4.529154
Folr1_E80_2-TGCTGAATCTGGGCAC-2,4.715481,7.1413655
Folr1_E80_2-ACTTCGCTCTACGCAA-2,3.3608184,2.1193852
Folr1_E80_2-GGGTCACCACAGGATG-2,3.213376,4.663277
Folr1_E80_2-TACGGTACAACAAGTA-2,3.97796,1.5469985
Folr1_E80_2-GGTCTGGTCGTGGCTG-2,6.7068987,4.209907
Folr1_E80_2-GCACATAAGGACGCTA-2,3.3361626,3.3186615
Folr1_E80_2-GACCCTTCAAATAAGC-2,7.666556,6.515561
Folr1_E80_2-TCCGATCAGCTTTCTT-2,0.8038544,4.703199
Folr1_E80_2-CTACATTGTTCAAAGA-2,4.21802,4.8012934
Folr1_E80_2-AAGTCGTAGTGATCGG-2,5.1620526,3.0171182
Folr1_E80_2-TCCTTCTGTGGATCAG-2,5.1770625,5.140445
Folr1_E80_2-AGCATCAGTTGGAGAC-2,5.4920573,7.0156875
Folr1_E80_2-GATAGAAGTGCCTAAT-2,3.0770237,1.3355029
Folr1_E80_2-CGGGTGTGTAGAATAC-2,4.1341925,5.4493203
Folr1_E80_2-GAGATGGGTCATTCCC-2,10.131362,5.6058283
Folr1_E80_2-CCGTTCACAGGTTCGC-2,9.959974,4.2761326
Folr1_E80_2-CTAACCCGTGGTCTCG-2,5.207812,4.7166777
Folr1_E80_2-TCGCTTGGTAGGACCA-2,6.5592995,7.8777423
Folr1_E80_2-TCCTCTTTCATGCATG-2,2.491678,4.616864
Folr1_E80_2-GAACACTGTTGAAGTA-2,4.7298856,5.091394
Folr1_E80_2-GAACGTTTCGCGTGAC-2,1.9293329,3.157806
Folr1_E80_2-GTTAGTGCAGAATCGG-2,6.848289,6.42441
Folr1_E80_2-CTCAGGGCAAGAGAGA-2,3.862605,4.2390747
Folr1_E80_2-CCCATTGAGCTGACTT-2,2.8208475,4.311959
Folr1_E80_2-CGTCCATCAGCGTTTA-2,8.045286,4.9859095
Folr1_E80_2-CTTCAATGTACCCAGC-2,5.2911634,2.1760638
Folr1_E80_2-CTCATGCGTGTGTGGA-2,-0.39663488,5.850376
Folr1_E80_2-GTTATGGCACTCCGAG-2,2.551927,3.1009128
Folr1_E80_2-ATCGGATAGTGCCCGT-2,7.425063,5.343829
Folr1_E80_2-CATCGCTCAATCGTCA-2,4.5839057,6.1737857
Folr1_E80_2-CATGCGGGTAGGCAAC-2,8.692582,6.6126285
Folr1_E80_2-ACTATTCAGGATGAGA-2,5.9984503,4.674797
Folr1_E80_2-AAAGGGCAGTGTTGTC-2,6.309949,2.7049334
Folr1_E80_2-TTCCTTCGTTCTGAGT-2,2.4513927,3.154738
Folr1_E80_2-GAGTCATCAGCCGTCA-2,3.4405746,2.0153654
Folr1_E80_2-TTGGTTTCAGAGCGTA-2,-0.7716356,5.8540287
Folr1_E80_2-GAACGTTTCATTGTGG-2,5.8181925,7.236927
Folr1_E80_2-TTCTGTATCATAAGGA-2,7.0761023,4.7697444
Folr1_E80_2-TCTATCAGTCTATGAC-2,6.8567786,4.5028706
Folr1_E80_2-ATCCTATAGACAGCGT-2,9.0398445,5.5688224
Folr1_E80_2-CTCCAACCATGTGGCC-2,7.3003306,3.9694245
Folr1_E80_2-GCCCAGATCCTTCAGC-2,8.783552,6.27489
Folr1_E80_2-CTAAGTGGTAGAGCTG-2,2.406963,5.237716
Folr1_E80_2-TCGTGGGGTACAAGCG-2,3.8668761,4.4479375
Folr1_E80_2-AGAGAGCGTTCGATTG-2,5.1569595,5.485577
Folr1_E80_2-AGTTAGCTCTAGATCG-2,4.2380295,8.090966
Folr1_E80_2-TCATGCCCAGACGGAT-2,5.6700544,7.7378893
Folr1_E80_2-TGATGCAGTGGGTTGA-2,4.8259206,5.799371
Folr1_E80_2-CCCGGAATCGACATAC-2,8.757282,3.9654117
Folr1_E80_2-GAAATGACAGGTGGAT-2,8.589918,2.605784
Folr1_E80_2-CACCGTTGTTGCATTG-2,5.687868,3.8344421
Folr1_E80_2-CACGTTCGTCGAGCTC-2,4.6320176,2.3174818
Folr1_E80_2-AGCCAATGTTACCGTA-2,2.676742,3.8068223
Folr1_E80_2-CAGGCCAGTGCCCACA-2,2.9912283,4.3017025
Folr1_E80_2-CTGCGAGTCGCGTCGA-2,10.19635,3.8975127
Folr1_E80_2-GACTCAAGTATCTCTT-2,3.8624885,7.132315
Folr1_E80_2-TAGACTGGTCCCTGAG-2,4.828033,2.069111
Folr1_E80_2-GCGATCGGTCAGGTAG-2,5.141013,6.8594074
Folr1_E80_2-GTGTGGCGTACTAACC-2,2.8917184,2.1508198
Folr1_E80_2-TTACCATTCCCGAGTG-2,5.92325,4.3375497
Folr1_E80_2-CTACCTGTCGCTCTCA-2,6.25208,7.516349
Folr1_E80_2-TGCGGCAAGGATCATA-2,7.434563,3.0554464
Folr1_E80_2-TTTACTGGTTAAGCAA-2,5.0885777,5.136483
Folr1_E80_2-CAAGACTTCGCCTCTA-2,2.038606,3.5805404
Folr1_E80_2-CTTCCTTAGAGCTGCA-2,9.673822,6.587889
Folr1_E80_2-ATCCACCGTGCAGGAT-2,8.007651,3.50424
Folr1_E80_2-ACAAAGACAGAAACCG-2,3.6264877,1.6031119
Folr1_E80_2-CACTGTCGTTTGACAC-2,5.259759,7.737519
Folr1_E80_2-CCGATCTAGCCAGTAG-2,4.2975035,4.3509727
Folr1_E80_2-TACCTGCGTCCGAAGA-2,2.270598,3.7937756
Folr1_E80_2-CAGATCATCGGCTGGT-2,5.520606,3.716558
Folr1_E80_2-GAGAGGTCACAGTACT-2,7.271727,1.9708377
Folr1_E80_2-GGTAGAGTCGTGTGGC-2,0.5119672,6.9447007
Folr1_E80_2-CCTTCAGGTATCGAGG-2,2.2134173,3.9150894
Folr1_E80_2-AGTTCGACAGAGTCAG-2,6.043642,1.7502688
Folr1_E80_2-GGGAGATCAATTGGTC-2,6.083524,2.66453
Folr1_E85_1-CCGTAGGCAGATCATC-1,7.8156314,6.718964
Folr1_E85_1-CCCTCTCGTTACGATC-1,4.1910167,6.1183825
Folr1_E85_1-ACATTTCCACGTTGGC-1,10.984262,5.746329
Folr1_E85_1-GAGTTACCAGAGCCCT-1,4.7790284,7.680518
Folr1_E85_1-ACTATTCAGATCCGAG-1,10.5611515,6.7503705
Folr1_E85_1-ATTCCATGTCCGGTCA-1,9.380731,6.2562323
Folr1_E85_1-AACCACATCGAGAATA-1,4.354835,6.08625
Folr1_E85_1-GTTGTGAAGAGATCGC-1,9.927106,5.8864913
Folr1_E85_1-AGACCCGCACCAGCTG-1,4.052249,2.7029352
Folr1_E85_1-ACCTGTCCATGGAAGC-1,8.543905,6.838806
Folr1_E85_1-ATTCCTATCTGACAGT-1,8.58549,4.966324
Folr1_E85_1-GTCATCCTCCGGCAGT-1,3.8656507,6.213074
Folr1_E85_1-TGGATCACAAGATGGC-1,4.8403893,3.953371
Folr1_E85_1-GAGCCTGTCACGATCA-1,9.919389,4.9954724
Folr1_E85_1-CTGTGGGTCCAAAGGG-1,3.2875946,5.8986783
Folr1_E85_1-AGGGTTTTCACCGGTG-1,5.6354623,6.367279
Folr1_E85_1-GAGTCTAAGATGAACT-1,5.0854287,6.5742044
Folr1_E85_1-TTAGGCACATTGTACG-1,5.096814,7.6410513
Folr1_E85_1-CATGGTACAAATACGA-1,2.526225,3.8763564
Folr1_E85_1-GTTGTGACAATGCAAA-1,9.233226,5.220228
Folr1_E85_1-CAGATACAGCCTTGAT-1,7.8505793,5.0850706
Folr1_E85_1-ACAACCAAGCGTTAGG-1,5.9594917,7.736013
Folr1_E85_1-CCGATGGCAAGCGATG-1,9.181937,5.069618
Folr1_E85_1-GTTCATTTCCATCCGT-1,8.647124,6.512346
Folr1_E85_1-TGCAGATTCTACTTCA-1,2.1229377,5.6673098
Folr1_E85_1-CTGGACGCATGAATAG-1,4.969922,3.1910741
Folr1_E85_1-ACTGTCCAGTATGGCG-1,7.2256594,6.8695307
Folr1_E85_1-CCAAGCGCATACAGAA-1,4.3913965,6.208457
Folr1_E85_1-ACTTCGCAGGAAGTAG-1,8.72483,6.1081095
Folr1_E85_1-TCACGCTGTTCTCACC-1,4.7819586,7.46635
Folr1_E85_1-AACAACCGTGTCGCTG-1,3.7622638,6.9635143
Folr1_E85_1-CGCGTGAGTCGCAGTC-1,9.62584,5.5412884
Folr1_E85_1-GATAGCTTCATTTCGT-1,2.189229,4.295514
Folr1_E85_1-TACGGGCTCCGTGGCA-1,2.501787,4.3642583
Folr1_E85_1-CATCCGTTCTTACTGT-1,2.7495759,5.947269
Folr1_E85_1-AACGTCATCCTAGCCT-1,9.157737,5.1415277
Folr1_E85_1-GTCATTTGTATCGTGT-1,4.1287646,1.4441265
Folr1_E85_1-CTCAACCAGCTTCGTA-1,9.189773,6.3023176
Folr1_E85_1-CGGCAGTCAGCATGCC-1,10.004905,6.8024077
Folr1_E85_1-TGGGATTTCCCGAACG-1,5.1051545,6.7101736
Folr1_E85_1-GGGTATTGTGGCTTAT-1,9.7750225,4.996436
Folr1_E85_1-ACCTACCTCAAAGAAC-1,7.2162657,5.2985578
Folr1_E85_1-TCTGTCGCACAGCCAC-1,10.304918,5.861022
Folr1_E85_1-ATACCTTGTACATTGC-1,4.349096,0.8161274
Folr1_E85_1-TACTTCAAGTAAGAGG-1,8.136754,4.9045076
Folr1_E85_1-TCACTATAGTTGGGAC-1,1.6222675,5.5905848
Folr1_E85_1-GATGCTACAGGTCCCA-1,5.334028,1.6121466
Folr1_E85_1-GACTCAAAGGCACTCC-1,2.3185196,4.5568314
Folr1_E85_1-GCATCGGAGTTAGAAC-1,4.3067937,3.573383
Folr1_E85_1-CTCATGCAGGAAAGAC-1,6.9392776,4.563456
Folr1_E85_1-TACTTCAAGCAATTCC-1,2.747748,4.190645
Folr1_E85_1-CAACGATAGGCTAAAT-1,7.975238,4.222426
Folr1_E85_1-AGACAGGCATCACGGC-1,3.9226835,3.218889
Folr1_E85_1-GGGTCACCAGCGTGAA-1,5.8752327,3.9661121
Folr1_E85_1-AGACACTCACGAGAAC-1,2.8359058,3.6983314
Folr1_E85_1-CGGAATTGTGTAAATG-1,3.2951875,4.4297886
Folr1_E85_1-ATCGGATCACTAGGTT-1,2.6979125,5.015842
Folr1_E85_1-GGTCACGAGTAAGACT-1,3.936036,3.6157324
Folr1_E85_1-TCCTGCACACGTCATA-1,7.6621814,4.8570585
Folr1_E85_1-AAGTCGTAGACTACGG-1,7.863696,6.9789834
Folr1_E85_1-TCCTAATCAGTAACCT-1,7.7835903,5.8933754
Folr1_E85_1-TACCCACCACATGACT-1,5.1426497,4.5006356
Folr1_E85_1-TACGGTACAGACACCC-1,6.8305497,4.4318275
Folr1_E85_1-CGGGACTAGAGCACTG-1,3.6955256,4.836312
Folr1_E85_1-CAACGGCCAAATGGAT-1,1.783611,4.106463
Folr1_E85_1-TAATTCCTCTAAGCGT-1,3.0291822,3.5796301
Folr1_E85_1-CTTCTAACATGTGCTA-1,5.3306475,1.3381072
Folr1_E85_1-TCAAGACGTCTTCTAT-1,4.070974,4.008797
Folr1_E85_1-AAGTTCGTCAGGAACG-1,9.7039585,6.356031
Folr1_E85_1-AAACGAAAGAGCCCAA-1,2.0519614,4.6685777
Folr1_E85_1-GGAGGATAGTGCACTT-1,6.5355535,4.8416204
Folr1_E85_1-GTAATGCGTACTGCGC-1,2.346872,5.1389413
Folr1_E85_1-ATTACTCAGGTAAACT-1,5.0495133,8.001528
Folr1_E85_1-AGGTTGTCACTGGATT-1,7.961682,4.7936687
Folr1_E85_1-ATTCCTACACTGTGTA-1,9.956586,6.5477805
Folr1_E85_1-AAAGGATCAAGTCGTT-1,3.5853715,1.5397888
Folr1_E85_1-CACAACAGTACAGTCT-1,7.5692196,4.3966365
Folr1_E85_1-TGACCCTGTAAGATCA-1,2.2388349,4.9019566
Folr1_E85_1-TGTCCACGTATTAAGG-1,8.2458105,4.181142
Folr1_E85_1-AAAGTGACATGGCCAC-1,5.9017463,4.926053
Folr1_E85_1-GTGATGTAGAAGAACG-1,2.626954,5.5650635
Folr1_E85_1-AGGGCTCGTATCTCTT-1,1.6272595,5.674333
Folr1_E85_1-TAGATCGCAAGAATAC-1,2.3163354,3.36727
Folr1_E85_1-CATTGCCCAAGACCTT-1,4.244714,2.9407792
Folr1_E85_1-ACCATTTCAAGAATGT-1,3.3982203,5.661088
Folr1_E85_1-TACCTGCTCTAGAACC-1,8.714081,6.273582
Folr1_E85_1-TTCATTGCACACCTAA-1,10.596734,4.438377
Folr1_E85_1-ATTGTTCAGCCAAGGT-1,3.5979543,2.7245903
Folr1_E85_1-CCTCACAGTGTCCGGT-1,9.183981,6.1638927
Folr1_E85_1-GAGTGAGCAGCTTCCT-1,1.3628386,4.058538
Folr1_E85_1-GAGGGTAAGAAATTGC-1,4.4236307,1.5705945
Folr1_E85_1-AACAAAGAGCGTGCCT-1,2.9549227,4.175815
Folr1_E85_1-GCCAGCAGTGGCTTGC-1,4.7808323,6.117403
Folr1_E85_1-ACGATGTTCACTCGAA-1,6.3997655,4.521745
Folr1_E85_1-GTCATCCAGATGCAGC-1,10.511715,5.5873804
Folr1_E85_1-TTCACCGGTTGACTAC-1,6.166581,3.8058565
Folr1_E85_1-CTCAAGAAGAAGCTCG-1,2.109665,2.2211044
Folr1_E85_1-CTCATTAGTGTGGACA-1,7.5563936,6.929129
Folr1_E85_1-GGTTAACGTTAACCTG-1,2.1551964,4.964231
Folr1_E85_1-TATATCCAGGCCCACT-1,3.0968773,1.9729552
Folr1_E85_1-TCCACCAAGGTCGTCC-1,10.537528,4.3640823
Folr1_E85_1-GATCCCTAGCGAGGAG-1,9.380643,5.421925
Folr1_E85_1-AGACTCACATCGAAGG-1,2.6213446,5.338594
Folr1_E85_1-GCCCAGACACATGACT-1,4.480827,6.222511
Folr1_E85_1-GCCCGAATCACCGACG-1,9.896868,4.1094728
Folr1_E85_1-GCACGGTAGTATGCAA-1,7.5050526,4.7071652
Folr1_E85_1-TCCGATCAGAGCCCAA-1,2.611544,4.0469804
Folr1_E85_1-GAGCTGCGTAGCACAG-1,6.649191,4.04846
Folr1_E85_1-AGCGTATAGGCCATAG-1,9.19233,6.2081904
Folr1_E85_1-ACAGGGATCCTTTGAT-1,4.3335576,-0.029911896
Folr1_E85_1-TAATCTCTCAGCAGAG-1,4.9218764,2.9079125
Folr1_E85_1-TGGTAGTTCTCTTCAA-1,9.177747,4.756456
Folr1_E85_1-CGGAACCTCGACATTG-1,8.499347,5.255231
Folr1_E85_1-TCAGCCTGTGGCTTAT-1,8.853201,4.5838795
Folr1_E85_1-ACTCCCACATCCGTTC-1,2.6862142,3.178958
Folr1_E85_1-GTATTGGCACGCTGCA-1,10.822524,6.5548096
Folr1_E85_1-ATCCGTCAGGACAAGA-1,4.8485565,7.357179
Folr1_E85_1-ATGTCCCCAGGACATG-1,1.837646,3.8754392
Folr1_E85_1-AGGTTGTCACACGCCA-1,1.635962,3.0521085
Folr1_E85_1-TAGAGTCCATGTGACT-1,9.006546,6.0536385
Folr1_E85_1-CTATCCGTCCAGGACC-1,3.1881115,4.241888
Folr1_E85_1-TCAGTCCCACCCTAGG-1,6.9633794,3.9937844
Folr1_E85_1-GACCAATGTTCTCTCG-1,4.5924664,7.3612685
Folr1_E85_1-CTCAGAAAGTGGATTA-1,4.2452826,6.698407
Folr1_E85_1-AATGGCTCACGGTAGA-1,5.3037643,3.4887216
Folr1_E85_1-GCCAACGTCATGTCAG-1,1.4421732,4.2782545
Folr1_E85_1-AAAGAACTCCATATGG-1,3.770629,6.4173145
Folr1_E85_1-ATTCCATAGTGGTGAC-1,1.0716271,5.9342713
Folr1_E85_1-CCGGACATCCGTAGTA-1,4.777284,5.350325
Folr1_E85_1-AACCTGAAGAGAGGGC-1,6.2595778,6.293326
Folr1_E85_1-CCTCCAATCGGCCAAC-1,9.371963,6.0291815
Folr1_E85_1-CTAGGTAAGACATAAC-1,1.8773772,3.7995086
Folr1_E85_1-GCAACATAGATCGCTT-1,7.404373,4.8311973
Folr1_E85_1-CAAGAGGAGAGTAACT-1,7.18343,4.3685207
Folr1_E85_1-TTACAGGGTCTGCATA-1,2.4532316,6.022148
Folr1_E85_1-CGTGAATCACCAATTG-1,3.5561743,4.059038
Folr1_E85_1-CCTCAGTAGCCTAACT-1,2.6288774,3.296994
Folr1_E85_1-TAACACGAGATGAAGG-1,7.895127,3.3004713
Folr1_E85_1-GCAACCGAGAAACTCA-1,4.409636,2.9061494
Folr1_E85_1-CATACCCTCGATACAC-1,1.0754372,3.0451808
Folr1_E85_1-TCATACTTCGCTTACC-1,8.34307,2.610126
Folr1_E85_1-CTATCCGCACCAAAGG-1,4.2955604,5.226279
Folr1_E85_1-GATCATGAGTTGGAAT-1,8.132195,4.459155
Folr1_E85_1-AACAAAGGTACAAGTA-1,1.7717927,4.533849
Folr1_E85_1-CATGCTCGTCCTGGGT-1,7.9258175,3.3322003
Folr1_E85_1-GTGCAGCAGTACTCGT-1,8.777168,6.049681
Folr1_E85_1-GGTGAAGTCATTGCCC-1,7.773727,4.661589
Folr1_E85_1-CTTGAGACACACCTTC-1,10.477271,6.430755
Folr1_E85_1-TGGTAGTTCCTGTAGA-1,2.835787,0.8060636
Folr1_E85_1-GCAACATTCCGTCAAA-1,8.56125,6.2534466
Folr1_E85_1-CCGTAGGTCTCGAGTA-1,2.8107586,2.6620605
Folr1_E85_1-TAGAGTCTCGAGTCCG-1,7.160772,4.714263
Folr1_E85_1-AAAGTCCCACCCTGTT-1,10.633876,6.304461
Folr1_E85_1-AGATGAACACAAGCCC-1,10.679022,4.4098115
Folr1_E85_1-TACTTGTCATACAGGG-1,10.117659,6.18825
Folr1_E85_1-GATGATCTCGTAGTGT-1,5.9760118,8.197506
Folr1_E85_1-TAAGCGTAGCGCATCC-1,4.6511407,1.2599521
Folr1_E85_1-TCCACGTTCACTTGGA-1,10.116905,4.2805843
Folr1_E85_1-GATGAGGTCACTCCGT-1,1.9762927,3.4077315
Folr1_E85_1-AGACAAAGTTTGTTGG-1,2.2761452,3.937186
Folr1_E85_1-TGAATGCCACTTGGGC-1,4.390036,6.5115643
Folr1_E85_1-ATCACAGTCCAGTGTA-1,7.782363,4.5592566
Folr1_E85_1-CCTTGTGCAAAGCACG-1,7.4075675,4.5895205
Folr1_E85_1-TTCACGCCAGGCGAAT-1,6.9183006,4.615206
Folr1_E85_1-CCGCAAGGTGGTCTGC-1,3.7186768,5.5319767
Folr1_E85_1-CTCCCAAAGGTGCTGA-1,6.508638,4.4709535
Folr1_E85_1-GATGACTGTTTGAACC-1,9.2594,5.2920117
Folr1_E85_1-AGGGCTCGTCGTCTCT-1,8.064336,4.8430457
Folr1_E85_1-CGATGGCTCACTGCTC-1,9.134929,6.473704
Folr1_E85_1-CGGTCAGAGAGCAAGA-1,1.7555356,4.0372453
Folr1_E85_1-CCTCCAATCTATGCCC-1,2.5599535,4.491569
Folr1_E85_1-TAGCACACAGGTATGG-1,9.310464,4.753282
Folr1_E85_1-GAGTTGTCATGGAGAC-1,1.8766913,3.7940028
Folr1_E85_1-TTGCCTGCAATGAACA-1,4.5541306,3.2261248
Folr1_E85_1-CTGCTCACATGATGCT-1,9.080338,5.865553
Folr1_E85_1-ATGACCACACAGTCAT-1,9.100561,1.4819798
Folr1_E85_1-GTGACGCTCACTTGGA-1,2.5634096,4.5458837
Folr1_E85_1-TTCAGGATCGCCGAGT-1,9.05399,4.8516583
Folr1_E85_1-TAGGGTTGTATGCGGA-1,10.019137,5.8238683
Folr1_E85_1-ACATCCCCAGCCGGTT-1,3.0936632,4.244844
Folr1_E85_1-TAGCACACACTGAGTT-1,10.729977,6.626757
Folr1_E85_1-CGACAGCGTTCTCGTC-1,1.807191,4.1824355
Folr1_E85_1-TCATCCGGTGTCATTG-1,9.715633,4.9028583
Folr1_E85_1-CGCCATTAGATGCTAA-1,6.161539,5.6668124
Folr1_E85_1-CTGGCAGCAGATACCT-1,2.0007422,5.0680385
Folr1_E85_1-CACGTTCCAATAGTCC-1,5.2011123,6.8396807
Folr1_E85_1-TGGAGGAGTTCTAACG-1,2.6521914,5.6738567
Folr1_E85_1-TTAGTCTAGTGAGGTC-1,6.0255284,3.7615123
Folr1_E85_1-ATACCGAGTCCTCCAT-1,3.707987,6.4052215
Folr1_E85_1-GGTGAAGCAGGATCTT-1,8.069067,5.105937
Folr1_E85_1-ATCGGCGTCCCTTGGT-1,6.992304,4.5477295
Folr1_E85_1-AAAGTGAGTCAAAGAT-1,9.1448965,5.5018015
Folr1_E85_1-AGTCACATCCTCTCTT-1,3.7055504,3.354927
Folr1_E85_1-CCGAACGCAACCGGAA-1,3.1684852,3.7522132
Folr1_E85_1-GAGTTGTTCATCACAG-1,7.86303,4.080838
Folr1_E85_1-CGGGACTTCCTCACGT-1,2.223745,3.9393468
Folr1_E85_1-TTGCATTTCTGGGCCA-1,8.759716,5.751947
Folr1_E85_1-TAAGCACTCTCTGACC-1,1.6313751,3.8368087
Folr1_E85_1-CTTCCTTTCGGTAGAG-1,1.9089236,5.1690774
Folr1_E85_1-GGGACTCGTGTTTGCA-1,7.9593554,6.648345
Folr1_E85_1-AGGCTGCAGATTAGAC-1,4.125618,6.615644
Folr1_E85_1-CCGGACATCCCGAATA-1,6.7998424,5.2985215
Folr1_E85_1-ACATTTCGTCTAGTGT-1,1.8586185,4.5828238
Folr1_E85_1-GTGCAGCCAGAGTGAC-1,4.643359,3.4754107
Folr1_E85_1-ACTATTCAGTACAGCG-1,2.1244597,2.8284178
Folr1_E85_1-TAACTTCGTGGTAACG-1,3.7988148,6.028536
Folr1_E85_1-TCATGAGTCAGGGATG-1,8.881739,4.1188326
Folr1_E85_1-TCCGATCAGGACTAAT-1,8.399007,4.893406
Folr1_E85_1-ATTTCTGAGCTACGTT-1,9.128028,4.1829886
Folr1_E85_1-TTCCAATGTAAGTTAG-1,3.9795053,3.1712973
Folr1_E85_1-GAGTTTGTCCTGTTAT-1,5.349309,2.6785378
Folr1_E85_1-GAACACTCAAATGATG-1,9.682869,6.443879
Folr1_E85_1-GTGGAGATCGTGGGTC-1,1.4132441,4.688423
Folr1_E85_1-CTGGACGGTTGCCGCA-1,3.436493,5.1707125
Folr1_E85_1-GCCCGAATCGTTATCT-1,9.758207,5.064085
Folr1_E85_1-GTTACAGTCCAATCCC-1,7.5207753,4.810264
Folr1_E85_1-GGGAGATTCATGGAGG-1,1.5235031,1.1234126
Folr1_E85_1-CACAGGCTCCCGTGTT-1,3.6250958,3.78247
Folr1_E85_1-GTTGTCCCATTGAGCT-1,2.4566748,3.9717095
Folr1_E85_1-TCACATTCATCTTCGC-1,5.3737197,3.2016711
Folr1_E85_1-TAGACTGGTCACTTCC-1,7.376407,4.479025
Folr1_E85_1-ACACAGTAGCATCAAA-1,1.7406521,2.6113703
Folr1_E85_1-CATCCGTCATCCCACT-1,4.613832,5.630976
Folr1_E85_1-ACAGCCGAGGACAACC-1,4.901435,7.5548434
Folr1_E85_1-TCATGGATCTCTTCAA-1,4.7059574,7.6059527
Folr1_E85_1-TTGGTTTTCTACTCAT-1,1.7560745,3.7367322
Folr1_E85_1-ACACAGTTCTAATTCC-1,8.090811,5.362888
Folr1_E85_1-GAGAAATCACCGGTCA-1,3.9044366,2.0522459
Folr1_E85_1-CTGCCATCAAGGTCTT-1,8.200678,5.7132616
Folr1_E85_1-GATTCGACAACTCATG-1,5.332817,7.492968
Folr1_E85_1-GGGCGTTTCCAAATGC-1,7.8992586,4.815908
Folr1_E85_1-TTTACCAAGCACGTCC-1,3.9174678,3.023919
Folr1_E85_1-ATACCTTCATAGCACT-1,5.3651376,4.118264
Folr1_E85_1-AGAGAGCCAAGGTCGA-1,8.558968,6.7148604
Folr1_E85_1-TTAATCCCACTGCACG-1,2.0021036,5.0624795
Folr1_E85_1-TCTAACTTCGTTGCCT-1,9.77431,6.2358503
Folr1_E85_1-CTCATGCGTTAAGAAC-1,2.4262621,2.4384937
Folr1_E85_1-TACCCGTCAACCGATT-1,5.3566566,4.084279
Folr1_E85_1-ATCCATTTCAATGTCG-1,4.7081947,4.1704216
Folr1_E85_1-GTGTGGCAGGCAGGTT-1,7.370758,2.3225408
Folr1_E85_1-CGTAGTAAGAAGTCTA-1,4.151716,6.8720117
Folr1_E85_1-GAGATGGAGACCGTTT-1,10.512275,4.2958946
Folr1_E85_1-CTTTCGGTCACGGGCT-1,4.5283732,7.3587446
Folr1_E85_1-GTGATGTGTCATCACA-1,8.015132,5.57201
Folr1_E85_1-GTCGTAACATCCGTTC-1,9.165319,6.2805066
Folr1_E85_1-GGGTGAACACCTGCTT-1,4.808324,1.022697
Folr1_E85_1-GGTAGAGTCTTACTGT-1,0.88438344,5.200114
Folr1_E85_1-CGTGATATCACTGCTC-1,3.5808473,-0.36637244
Folr1_E85_1-AACAACCAGTATGGAT-1,4.9867196,7.4193783
Folr1_E85_1-ACCTGAATCGGTATGT-1,5.402056,4.8859997
Folr1_E85_1-TGGCGTGTCAGGTAAA-1,1.3848355,4.3975825
Folr1_E85_1-GGGTGAATCTCTCGCA-1,9.004797,5.032073
Folr1_E85_1-ATTATCCGTGAGCGAT-1,6.3194256,4.0131273
Folr1_E85_1-TAACACGGTTGTAAAG-1,10.055722,6.333448
Folr1_E85_1-TTCCGTGGTGAATGTA-1,6.1474543,4.283134
Folr1_E85_1-TATCTGTCAAGGCTTT-1,8.982427,5.605118
Folr1_E85_1-GAGGCCTTCGATGCAT-1,1.9355681,2.6925414
Folr1_E85_1-GGGACTCAGACGACGT-1,5.1962843,4.6752696
Folr1_E85_1-CCGTAGGTCCATATGG-1,3.4841626,2.5792942
Folr1_E85_1-CCCTGATTCCAGCACG-1,4.425765,6.9531555
Folr1_E85_1-ATCTCTAAGTCGTCTA-1,4.952552,6.421548
Folr1_E85_1-CAAGGGAAGAAGTCTA-1,2.5528884,2.614897
Folr1_E85_1-AGGTAGGTCGCTGACG-1,5.014139,1.6026373
Folr1_E85_1-GTCCACTGTGTCCAAT-1,10.434442,5.0008883
Folr1_E85_1-TTCGATTTCTACTGCC-1,1.1884339,4.0993867
Folr1_E85_1-GGCGTCATCACGTCCT-1,3.8007681,2.4196227
Folr1_E85_1-CTCCATGAGGTACTGG-1,6.7629585,4.452922
Folr1_E85_1-CACATGAGTGTCGATT-1,5.386055,6.0132437
Folr1_E85_1-TTCTTCCCAGGCATGA-1,10.059569,6.5408106
Folr1_E85_1-AGGAGGTTCGCCCAGA-1,4.6022725,2.9077156
Folr1_E85_1-AATGACCAGCTCACTA-1,4.673003,3.7989836
Folr1_E85_1-AAGTCGTAGGGAGGGT-1,7.0471206,4.8052497
Folr1_E85_1-GCAACATAGTTGCATC-1,1.4584826,4.301621
Folr1_E85_1-ATATCCTTCTCGCTTG-1,3.4095263,4.0455256
Folr1_E85_1-ATGGATCAGGAGGCAG-1,2.578212,5.927804
Folr1_E85_1-CTCAGAATCACTTCTA-1,7.1211114,6.8154445
Folr1_E85_1-GTGAGCCAGAGCCCAA-1,2.946051,3.5236824
Folr1_E85_1-TTGACCCGTTCCGCAG-1,8.014708,6.9510446
Folr1_E85_1-GCAGCTGAGGCTCTCG-1,7.9434667,4.5483394
Folr1_E85_1-CTCCTTTAGCGCCCAT-1,3.7738628,-0.6368851
Folr1_E85_1-AACGGGAGTTTACGTG-1,3.179841,2.4468014
Folr1_E85_1-GTTACCCTCGTCGCTT-1,9.909238,6.470166
Folr1_E85_1-ATTGGGTGTCACCGCA-1,3.5518532,3.7299669
Folr1_E85_1-CAACGATCACGTGAGA-1,4.2756214,6.726245
Folr1_E85_1-TGTAACGTCTCCGATC-1,9.363035,4.738912
Folr1_E85_1-ATTTCTGCAGAGAATT-1,3.3301592,6.5092998
Folr1_E85_1-TAACCAGAGGATACGC-1,4.4396157,4.404017
Folr1_E85_1-CATAGACTCCCTTTGG-1,9.346375,4.882851
Folr1_E85_1-ATGAGGGCAACCCTAA-1,9.742149,3.8700068
Folr1_E85_1-CTCAGAACACAAAGCG-1,8.242194,3.6977224
Folr1_E85_1-CATTCTAAGCCAGAGT-1,1.9897518,4.000335
Folr1_E85_1-GCATCGGAGACTTCGT-1,5.098074,5.91332
Folr1_E85_1-ATCGTCCTCGGTAACT-1,8.424124,4.2619085
Folr1_E85_1-GTGTTAGTCGTAATGC-1,9.006297,6.1939297
Folr1_E85_1-AGCTACAGTGTGCCTG-1,4.427108,3.9072642
Folr1_E85_1-TTGGTTTTCTAAGCCA-1,8.896329,6.4020634
Folr1_E85_1-ACTATTCCAAATCAGA-1,6.6585646,4.5838447
Folr1_E85_1-TAGACCAAGACTTCAC-1,0.68122107,0.69565725
Folr1_E85_1-AGGGAGTAGATGAATC-1,2.0548265,4.611222
Folr1_E85_1-GGAGGTAGTCTACACA-1,5.6180773,2.4785583
Folr1_E85_1-ATAGGCTGTAACCCTA-1,10.020347,6.0549645
Folr1_E85_1-TGAGACTGTAGGAGGG-1,1.9338106,-0.84857625
Folr1_E85_1-CAACGGCTCGTGCATA-1,6.901561,4.491876
Folr1_E85_1-TAATTCCTCTGAGCAT-1,3.9531026,4.6250544
Folr1_E85_1-GGTAATCGTCGCATTA-1,8.453718,4.640187
Folr1_E85_1-ATGACCAGTAAGGCTG-1,3.878041,2.7468245
Folr1_E85_1-GGGATCCAGGGCATGT-1,1.8771424,3.2404728
Folr1_E85_1-AGAACAATCTTTCCGG-1,5.448627,6.4007807
Folr1_E85_1-ACCAACATCGACATAC-1,2.7594543,5.432975
Folr1_E85_1-GTTATGGGTGGTAATA-1,6.2150636,4.2331576
Folr1_E85_1-AGGCATTTCATACGAC-1,6.112292,2.5048115
Folr1_E85_1-AGAAGTAAGAGTCTTC-1,3.6023273,2.245394
Folr1_E85_1-TCTCAGCTCAAAGAAC-1,2.101627,3.5015767
Folr1_E85_1-CATTCATGTGAACTAA-1,10.182719,5.9445043
Folr1_E85_1-TCAATCTGTTAGCTAC-1,7.8612185,4.983172
Folr1_E85_1-GTAATCGGTGAGTTTC-1,4.7768435,7.368125
Folr1_E85_1-TCATACTAGCTTCGTA-1,7.798239,5.179899
Folr1_E85_1-ACCCTTGAGCCGTTAT-1,3.1735418,5.9593534
Folr1_E85_1-TGGAACTAGTGGGAAA-1,9.059002,4.7071733
Folr1_E85_1-GGTTAACCAAAGGTTA-1,4.7047796,4.256615
Folr1_E85_1-CTTCGGTAGCAATTAG-1,4.7121625,2.2578976
Folr1_E85_1-CAGGGCTAGATACGAT-1,10.584386,4.4271245
Folr1_E85_1-GAAGGGTCACATATCG-1,4.5513787,4.020389
Folr1_E85_1-AGTTCCCTCAGGGTAG-1,5.5670295,4.1015534
Folr1_E85_1-GCATTAGGTTAGAGTA-1,2.0708072,1.6610066
Folr1_E85_1-GATTTCTCAGTTGAAA-1,4.6138673,6.9019914
Folr1_E85_1-CATCGTCAGACTGTTC-1,2.9030588,4.0521646
Folr1_E85_1-CTGGTCTTCCGATAGT-1,6.171444,5.5109215
Folr1_E85_1-TTAGTCTGTTGTAAAG-1,7.094228,4.2475743
Folr1_E85_1-GACACGCGTTACGTAC-1,9.553266,6.190705
Folr1_E85_1-AGCCACGTCATTTCCA-1,9.243406,6.5227942
Folr1_E85_1-GGCTGTGCAAGCGCTC-1,4.5321517,7.2590156
Folr1_E85_1-TATCTTGGTCATCGCG-1,10.1886015,6.5120273
Folr1_E85_1-AAGATAGAGCAACTTC-1,5.4719677,7.5925837
Folr1_E85_1-TGACAGTCAGTAGTTC-1,5.5035505,8.17857
Folr1_E85_1-CTGCCTACAAGTGCTT-1,8.472658,3.7994025
Folr1_E85_1-GATGGAGTCAAGCTGT-1,1.511444,4.3207493
Folr1_E85_1-CTCACTGAGATCCCGC-1,0.23555595,2.2312915
Folr1_E85_1-CCTAACCGTAGTCTGT-1,9.955902,4.5072937
Folr1_E85_1-GGTTGTAGTCTTTCTA-1,1.3553395,-0.76058674
Folr1_E85_1-TGTGAGTTCAAAGGTA-1,4.2777114,1.101663
Folr1_E85_1-CCTTCAGCAAGAGGTC-1,8.9758005,5.336427
Folr1_E85_1-TGTTCTAAGATGCTAA-1,3.9383917,4.9913354
Folr1_E85_1-AGCATCAGTGGCTAGA-1,8.622397,4.4422526
Folr1_E85_1-GTCTAGACAATCAAGA-1,2.585788,5.765384
Folr1_E85_1-AAGATAGTCCTGCTAC-1,3.9521239,6.827082
Folr1_E85_1-GATCATGTCTAGACAC-1,6.6800275,1.0542275
Folr1_E85_1-ATCGCCTGTACGGGAT-1,9.625196,4.6498747
Folr1_E85_1-TGACAGTCACACGTGC-1,4.0621867,5.127212
Folr1_E85_1-CATAAGCCACCTGCGA-1,2.8119023,-0.3774011
Folr1_E85_1-TTTACCAAGAGGTTAT-1,8.480311,4.55233
Folr1_E85_1-ACTTCGCAGACGACGT-1,10.813146,5.199432
Folr1_E85_1-TTAGTCTTCAGCTAGT-1,5.230977,7.9408236
Folr1_E85_1-AGGAGGTAGAGGTGCT-1,8.538697,5.622669
Folr1_E85_1-TACGGGCCATCTTCGC-1,7.9611664,3.186344
Folr1_E85_1-GAGTTACAGTACTGGG-1,1.0117756,6.5675755
Folr1_E85_1-GGGATGACACTAGGTT-1,2.2912462,-1.6450357
Folr1_E85_1-TTCAATCAGCTGGCCT-1,6.6690297,3.9118564
Folr1_E85_1-TAGACCAAGGCCTTGC-1,2.8225424,4.771869
Folr1_E85_1-AGACAGGCAATTGAGA-1,2.6187608,4.333067
Folr1_E85_1-GGACGTCCATATGCGT-1,4.269425,7.6126065
Folr1_E85_1-GAGAGGTAGGACAAGA-1,4.3075604,2.8323538
Folr1_E85_1-GTCACGGCATCGATCA-1,5.250636,7.2157393
Folr1_E85_1-GAGTTTGAGGCAGCTA-1,3.1746159,4.5761247
Folr1_E85_1-AATGACCGTCCCTAAA-1,3.8175082,4.301974
Folr1_E85_1-TTCCTAACACTGGAAG-1,7.911749,4.7239494
Folr1_E85_1-GTGCACGAGAAGATCT-1,9.802925,5.412045
Folr1_E85_1-TAGACCAGTGTTCGTA-1,7.271748,6.4901786
Folr1_E85_1-AGACCCGGTTTACGAC-1,4.632548,7.8116813
Folr1_E85_1-TACACCCAGTGGAAAG-1,9.345967,5.370143
Folr1_E85_1-CAATCGAAGTCACTCA-1,9.149416,4.785997
Folr1_E85_1-CGAGTGCTCGAGCACC-1,8.549899,5.864249
Folr1_E85_1-GGTAACTCACTTGTGA-1,5.44879,4.018862
Folr1_E85_1-CGGAGAACAGGTTTAC-1,3.4925385,3.3168676
Folr1_E85_1-TACACCCAGATGACAT-1,1.8874451,4.307439
Folr1_E85_1-TCTATACAGGACTATA-1,6.9945836,2.8103313
Folr1_E85_1-GCAGGCTGTATCCTCC-1,4.2581005,2.4528027
Folr1_E85_1-TATCTTGAGTAGATCA-1,4.79898,4.474754
Folr1_E85_1-TGTTTGTAGGGAACAA-1,7.871297,4.805718
Folr1_E85_1-ACAGAAAAGGCGCTTC-1,4.254286,5.669408
Folr1_E85_1-GGAGCAACAATTTCTC-1,3.7156055,3.2859976
Folr1_E85_1-CAACGATAGCTTCTAG-1,9.861591,3.8647463
Folr1_E85_1-AGTGACTGTCTTTATC-1,2.0211942,1.8771573
Folr1_E85_1-ATACTTCTCCGAGCTG-1,8.515716,4.560521
Folr1_E85_1-CATAAGCGTGATTGGG-1,3.4651337,4.7851686
Folr1_E85_1-GTTAGACTCACACCGG-1,10.040883,4.9190125
Folr1_E85_1-TACCCACCATTGGCAT-1,9.920795,4.8426623
Folr1_E85_1-TCACATTGTCTGTGAT-1,3.5902328,3.3388128
Folr1_E85_1-ATGTCCCCACATAACC-1,3.3912368,2.9790554
Folr1_E85_1-TGTGATGAGCGATTCT-1,8.74355,2.3646395
Folr1_E85_1-ATTCACTTCTCGACGG-1,3.2847462,4.179186
Folr1_E85_1-AGTGACTTCAGCAGAG-1,5.992312,4.5581107
Folr1_E85_1-GTGGCGTGTCTAGTGT-1,1.8853885,4.8027186
Folr1_E85_1-TCAAGTGGTCTCGGGT-1,2.8192751,2.3237264
Folr1_E85_1-AGTCAACCAGGTGAGT-1,3.05342,5.6322703
Folr1_E85_1-ATCATTCGTTGTTGAC-1,3.4013774,5.5780244
Folr1_E85_1-AGGTTACAGACCAAAT-1,10.206812,3.8906522
Folr1_E85_1-CTGTATTCATCTAACG-1,8.858902,4.20384
Folr1_E85_1-CTGAGCGAGCGTATGG-1,9.000896,4.6927905
Folr1_E85_1-CGCATGGCACGATTCA-1,4.5817575,3.427845
Folr1_E85_1-GGTCACGCAGTCTGGC-1,4.3243427,6.1646595
Folr1_E85_1-TCCCATGTCATAGGCT-1,1.20873,4.1752834
Folr1_E85_1-AACAAAGCAACGGGTA-1,3.5833406,4.5359917
Folr1_E85_1-TCGCTTGTCACTGATG-1,4.210446,4.6034
Folr1_E85_1-CAAGCTAGTAGATCCT-1,8.042035,5.194472
Folr1_E85_1-ATCACTTCAGTAGGAC-1,3.4320378,5.1726813
Folr1_E85_1-AGCCACGAGCTCCCTT-1,3.528607,5.844345
Folr1_E85_1-GCACTAACAACGTTAC-1,4.458419,4.393881
Folr1_E85_1-TAGAGTCGTGCCTAAT-1,3.1876457,5.2467446
Folr1_E85_1-TTTGGAGCAGTGGCTC-1,1.5735674,4.1266513
Folr1_E85_1-ACTCTCGCAGGACATG-1,7.4018893,3.255235
Folr1_E85_1-CGGGTGTGTCGTAATC-1,3.3617954,2.9580078
Folr1_E85_1-TGTTGAGTCCAAACCA-1,7.597994,4.7691016
Folr1_E85_1-GTTACAGGTTCTGAGT-1,4.260115,0.2718623
Folr1_E85_1-TGGGCTGTCTATACTC-1,4.0965753,2.1796222
Folr1_E85_1-TGTTCTAAGATGAATC-1,5.1690683,7.9513316
Folr1_E85_1-GCGATCGGTCGTTTCC-1,9.79137,6.6681433
Folr1_E85_1-ATCCCTGGTAAGAACT-1,4.3932304,2.7491393
Folr1_E85_1-CTCCCAAAGCAATAAC-1,3.2855802,5.237648
Folr1_E85_1-GTTACAGTCGTCGGGT-1,5.7718015,8.195868
Folr1_E85_1-ACTTCCGCAGTCGAGA-1,4.189034,5.8178515
Folr1_E85_1-TTATTGCGTAGCTGAG-1,4.132134,2.1519754
Folr1_E85_1-GCCGATGAGAAGGCTC-1,4.359152,6.7529683
Folr1_E85_1-CTCATTAGTCAAAGCG-1,2.239657,0.8680982
Folr1_E85_1-GCAGCCAAGGGCAATC-1,2.2916992,1.897262
Folr1_E85_1-ATGTCTTGTAGGGAGG-1,3.1308146,5.540164
Folr1_E85_1-GAAGCGATCCGATGCG-1,5.1116004,7.6634555
Folr1_E85_1-TTAGGCAAGGGAACAA-1,7.7503023,4.5049753
Folr1_E85_1-TTTACCATCTTTCGAT-1,4.4359336,7.1597733
Folr1_E85_1-GCTTGGGTCAGATTGC-1,2.5909464,3.5696719
Folr1_E85_1-GTAATCGAGTGAGTGC-1,5.021216,0.89439106
Folr1_E85_1-TCCTCTTTCAACCTTT-1,4.2560487,5.262959
Folr1_E85_1-CTCAGGGGTGAGATAT-1,1.9365534,3.2741888
Folr1_E85_1-TTGGATGTCCGTGGTG-1,10.195196,6.873221
Folr1_E85_1-TTAGGCAGTGAATTAG-1,5.7429094,7.990156
Folr1_E85_1-CTCAAGACAAGACTGG-1,3.3997095,5.833081
Folr1_E85_1-CGCAGGTAGGGATCTG-1,2.7228553,4.1554413
Folr1_E85_1-TTTACTGAGGCATCGA-1,6.19429,6.787185
Folr1_E85_1-GTCACTCGTTCGGTAT-1,8.8861,1.7980715
Folr1_E85_1-CTTCTCTTCCCGAATA-1,5.7666793,7.9781876
Folr1_E85_1-AGGTGTTGTTCGGCTG-1,9.561234,5.7845273
Folr1_E85_1-CTCTCGAAGTCCTGCG-1,7.060445,3.976848
Folr1_E85_1-GTGGAAGAGTAGCAAT-1,1.7487965,0.7512615
Folr1_E85_1-ATCATTCGTAACGTTC-1,1.0030427,3.6165059
Folr1_E85_1-TTTACGTAGGCACTCC-1,2.182691,3.6844862
Folr1_E85_1-CGGAGAAAGTAAACTG-1,5.246884,6.202864
Folr1_E85_1-ATCGGATTCTATTGTC-1,2.2019937,2.5027916
Folr1_E85_1-GGTAACTAGGGAGGAC-1,2.380085,3.6250405
Folr1_E85_1-AGTACTGTCCAAGCAT-1,6.320057,3.488194
Folr1_E85_1-TGGATGTTCGTCCTCA-1,1.8310615,4.219595
Folr1_E85_1-CATTGAGAGAAACTCA-1,8.686534,2.2314231
Folr1_E85_1-TCGTGGGGTCAGTCCG-1,2.2083495,5.0216317
Folr1_E85_1-CAGGCCACAAACGGCA-1,3.6193774,5.0066104
Folr1_E85_1-AGTGACTGTCTACAGT-1,7.3718395,7.0223536
Folr1_E85_1-GCTACCTAGAATGTTG-1,7.651311,7.216931
Folr1_E85_1-CCGATGGAGTGCACAG-1,7.7562885,6.820677
Folr1_E85_1-CGATGCGTCATGGTAC-1,9.937866,6.4472275
Folr1_E85_1-TACCCGTAGTTACTCG-1,9.995467,5.366209
Folr1_E85_1-GTCAGCGGTAATGCTC-1,3.0502317,1.5890566
Folr1_E85_1-GCTACAAGTAACAAGT-1,5.28448,5.3139033
Folr1_E85_1-AAGTCGTTCGAGTACT-1,5.3502035,7.217951
Folr1_E85_1-GCCGTGAAGTGGATAT-1,3.8734565,5.5454993
Folr1_E85_1-TCCTCGAAGACTCAAA-1,5.9411483,3.0335019
Folr1_E85_1-TCATTACCAGTCGGAA-1,5.601122,0.1299035
Folr1_E85_1-TGTTGAGGTAATTGGA-1,9.932362,5.226851
Folr1_E85_1-ACGGTTAAGCCTATCA-1,2.9868577,2.3464608
Folr1_E85_1-GCGGAAAAGTGGATTA-1,6.7430363,3.5979457
Folr1_E85_1-TCGGTCTCAAAGGAGA-1,1.2522179,4.6924906
Folr1_E85_1-TTTACCACAGTGTACT-1,5.5918856,3.880847
Folr1_E85_1-CTCATTAGTTGCAAGG-1,3.3401895,2.9862099
Folr1_E85_1-GTGGAGACAAGCTGTT-1,8.849191,4.45671
Folr1_E85_1-ATGGTTGGTCCTGGTG-1,2.74351,2.9774792
Folr1_E85_1-TCTCACGAGGGAGATA-1,5.6390443,3.2984755
Folr1_E85_1-GGCGTCAGTGCTCTTC-1,1.8217397,1.1512729
Folr1_E85_1-ACTATTCCACCTTCCA-1,4.5463586,4.6307144
Folr1_E85_1-GTTTACTCAGATGCGA-1,6.3030286,4.832372
Folr1_E85_1-TTACTGTGTCGGCCTA-1,10.600716,5.5879536
Folr1_E85_1-TCACTATAGTGAGTGC-1,4.5732346,6.223505
Folr1_E85_1-CTGTGAAAGTCACTAC-1,1.900801,3.1435862
Folr1_E85_1-ATGCCTCCATGACAAA-1,3.9412146,5.589432
Folr1_E85_1-CCTGTTGAGTCAGCCC-1,5.225897,7.4673615
Folr1_E85_1-AACACACAGTCACACT-1,0.7852943,4.200814
Folr1_E85_1-AGGTGTTTCTCAATCT-1,6.166999,7.4498906
Folr1_E85_1-TGGTGATAGATTGACA-1,9.332747,6.1524143
Folr1_E85_1-CTGCAGGCAGCAGTAG-1,6.086658,2.1065881
Folr1_E85_1-AGGTCATCACGGCTAC-1,2.5523925,5.2570634
Folr1_E85_1-ACAGCCGAGGCTGAAC-1,1.5410743,4.1356397
Folr1_E85_1-CGTGCTTGTCTTACTT-1,1.2823757,4.209236
Folr1_E85_1-ACTTAGGGTGTCTTCC-1,10.592927,5.3111806
Folr1_E85_1-CGATCGGTCACTGAAC-1,2.2998743,2.3908138
Folr1_E85_1-TCAGCAATCGGCATAT-1,2.8573837,1.3155415
Folr1_E85_1-TCTATACCAATGTGGG-1,5.2796955,7.083464
Folr1_E85_1-GTGAGCCCAAGCTACT-1,6.4579344,7.820147
Folr1_E85_1-ACGGTTAGTTGGGAAC-1,2.0102262,3.2393308
Folr1_E85_1-CTCATCGAGCAGCACA-1,0.9327296,2.935389
Folr1_E85_1-TGTAGACAGCTAGAAT-1,5.3971915,3.810055
Folr1_E85_1-CAGTTCCGTACGAAAT-1,5.8733997,8.171701
Folr1_E85_1-AGGGAGTGTGTCGATT-1,4.291719,6.1268106
Folr1_E85_1-GGAGGTAGTTCAGCGC-1,0.2911843,5.064589
Folr1_E85_1-ACAGGGAGTGGACTGA-1,5.8671565,7.74387
Folr1_E85_1-TAATCTCAGCAAACAT-1,2.115744,3.156723
Folr1_E85_1-AGTACTGCAGGATTCT-1,5.6126285,7.853235
Folr1_E85_1-AAGCGAGTCAGCTGAT-1,0.8499095,4.8902826
Folr1_E85_1-GATTGGTTCTGCGAGC-1,1.4795828,5.1280746
Folr1_E85_1-GTGAGTTTCGGTCGAC-1,1.741075,4.47184
Folr1_E85_1-AGGTCATCATCGTGGC-1,2.4606788,5.749897
Folr1_E85_1-TATTGGGCAAATCGGG-1,6.637228,4.596223
Folr1_E85_1-CGTGTCTGTGACACAG-1,4.3302836,4.5694375
Folr1_E85_1-ACTATGGAGTGTACCT-1,4.591918,2.7232327
Folr1_E85_1-GAGTGAGGTGGAGAAA-1,1.1691668,3.0083752
Folr1_E85_1-TACTTGTCATCCCGTT-1,5.376096,7.931998
Folr1_E85_1-AGCTCAAAGTTCCTGA-1,0.68712115,4.1982007
Folr1_E85_1-CATACAGTCAAACGAA-1,8.093196,5.3029075
Folr1_E85_1-ACATTTCTCTTTGCAT-1,5.452474,6.321151
Folr1_E85_1-ATTCATCTCGCCGAAC-1,0.61163384,4.2057123
Folr1_E85_1-CAAGCTAGTAACATAG-1,1.0100503,2.0579078
Folr1_E85_1-CGCAGGTCATCGGAAG-1,4.379005,5.539209
Folr1_E85_1-TCCCACACATGGAACG-1,3.3312473,6.3657527
Folr1_E85_1-TCGTGGGTCGTTAGTG-1,5.6480722,2.3546715
Folr1_E85_1-CGCATGGTCTCTAAGG-1,2.0930521,0.6408987
Folr1_E85_1-GTGTTCCTCCTAAGTG-1,7.1744184,3.5906303
Folr1_E85_1-AAGACTCAGGACACTG-1,1.250489,3.81606
Folr1_E85_1-AAGTCGTGTCTTCCGT-1,5.739069,7.9028063
Folr1_E85_1-ACAACCAAGTAAGAGG-1,8.340195,2.628982
Folr1_E85_1-CTGTCGTGTGAATATG-1,1.4098611,4.7117662
Folr1_E85_1-TTGTGTTGTTGCCTAA-1,3.8577034,6.942513
Folr1_E85_1-CATCCACGTCAACCAT-1,7.48217,5.0166087
Folr1_E85_1-GCTGAATCACCGTGAC-1,1.5916549,0.54782987
Folr1_E85_1-TGGCGTGTCTCGCAGG-1,2.577648,-0.41716224
Folr1_E85_1-CGTTAGAGTATGAAGT-1,2.292722,4.756303
Folr1_E85_1-GCATTAGTCGTTAGAC-1,1.215933,3.0026035
Folr1_E85_1-TCATGTTGTTGCATGT-1,3.1052074,4.067804
Folr1_E85_1-TTGACCCGTGCAACGA-1,8.0522585,3.4133148
Folr1_E85_1-GATTGGTCAACACAGG-1,1.0637015,2.6551926
Folr1_E85_1-AGAACAAGTGCTCCGA-1,1.971647,2.216017
Folr1_E85_1-TTCCTAAAGTATTAGG-1,4.523066,5.8225446
Folr1_E85_1-CCACTTGTCCTCACCA-1,1.6844751,4.192822
Folr1_E85_1-GGAAGTGGTACGAAAT-1,1.5634224,3.4017167
Folr1_E85_1-ATAGAGAAGAGGGTAA-1,4.9470015,2.8368769
Folr1_E85_1-TGCATCCAGTCGAAAT-1,0.9800093,4.6989274
Folr1_E85_1-TTTGATCAGGTACAAT-1,0.4778186,4.917153
Folr1_E85_1-TAGATCGCAGCAGTTT-1,2.02904,5.263199
Folr1_E85_2-GTCACGGAGAAACTGT-2,10.216421,6.859062
Folr1_E85_2-CCATCACGTCGGCTAC-2,9.472249,6.290288
Folr1_E85_2-CACACAACACACGGTC-2,5.014083,7.870709
Folr1_E85_2-TCTCAGCCACAAGGTG-2,4.2325096,6.3217335
Folr1_E85_2-CACAGATTCGCCACTT-2,8.852733,5.158789
Folr1_E85_2-GAGTCTAGTCACTCGG-2,3.3736567,5.5329294
Folr1_E85_2-CTACAGACATCTCAAG-2,2.5206528,5.8289638
Folr1_E85_2-GATCAGTCACTACGGC-2,8.642474,2.8450544
Folr1_E85_2-CTCCGATCACGTTGGC-2,2.9237635,4.3059306
Folr1_E85_2-TGTAACGTCTCTGACC-2,7.2849154,5.004107
Folr1_E85_2-ATCGTCCTCTTACGTT-2,5.957128,4.358239
Folr1_E85_2-ATGAAAGTCATCCCGT-2,9.092628,5.7349696
Folr1_E85_2-ACAGAAACACCTCAGG-2,5.605967,4.0930357
Folr1_E85_2-GAGTGTTCAACACTAC-2,5.5927453,7.780712
Folr1_E85_2-ACGTTCCTCCCAGGAC-2,6.2959085,4.6977305
Folr1_E85_2-TAAGCACCACAGCGCT-2,8.063334,5.953732
Folr1_E85_2-CACGTTCCATGATCTG-2,8.551012,4.5105147
Folr1_E85_2-TCCTTTCCATGTGTCA-2,8.150729,6.147869
Folr1_E85_2-ATCACTTCATTGTCGA-2,7.760762,7.129113
Folr1_E85_2-GTTTGGACAGTTAGGG-2,7.5646844,3.2226596
Folr1_E85_2-TGCGACGCACCTCTGT-2,10.485119,4.687682
Folr1_E85_2-TTCCTCTTCTTCGACC-2,9.46592,6.1736813
Folr1_E85_2-TACCTCGGTGCTCGTG-2,10.419767,6.5976334
Folr1_E85_2-ATTACCTTCCGATCTC-2,4.8173275,7.4193215
Folr1_E85_2-TAGAGTCAGTCATCGT-2,7.9881463,4.83684
Folr1_E85_2-TTTCGATGTGGTACAG-2,9.745611,5.6225743
Folr1_E85_2-GATGATCCACACGGTC-2,8.581695,4.3292212
Folr1_E85_2-AGACAAACAGGACATG-2,2.5873637,3.696935
Folr1_E85_2-CGATGCGGTCGGATTT-2,4.6642833,1.4544035
Folr1_E85_2-CCTTCAGCATAAGCGG-2,2.4905334,5.5265713
Folr1_E85_2-GACCCTTAGGTTAAAC-2,1.2861621,1.6412835
Folr1_E85_2-GTGTTAGAGCGACTTT-2,3.0155518,4.50665
Folr1_E85_2-CGAATTGAGGCAATGC-2,1.9318944,4.0640144
Folr1_E85_2-CACAGATCAAAGGTTA-2,9.887373,6.4740925
Folr1_E85_2-GTTGAACAGGGCAGTT-2,8.867075,4.9401464
Folr1_E85_2-ATTTCACTCCTCTTTC-2,8.53359,4.7649527
Folr1_E85_2-CAATGACGTGATGGCA-2,1.7976851,3.2859027
Folr1_E85_2-TTACTGTAGTTCCGTA-2,3.9732096,5.5516834
Folr1_E85_2-CATAAGCCATGTCTAG-2,6.960304,4.1189456
Folr1_E85_2-CAACAACCATCATCTT-2,2.919857,4.3845263
Folr1_E85_2-CAAAGAACATCCCGTT-2,6.8029714,4.8034415
Folr1_E85_2-ACGGTTATCGTAGAGG-2,9.281291,6.1541724
Folr1_E85_2-TATACCTGTGAGATAT-2,5.333188,7.761855
Folr1_E85_2-AAGTTCGGTCATGGCC-2,8.668809,6.048197
Folr1_E85_2-ACACCAACAGGGCTTC-2,2.5878747,4.501282
Folr1_E85_2-CGCCATTCATCGATCA-2,2.5945973,3.0726576
Folr1_E85_2-CAGAGCCGTAATTAGG-2,4.9959683,7.790865
Folr1_E85_2-CACCAAAGTAGGCAGT-2,3.9532266,2.4954753
Folr1_E85_2-ATTTACCTCAGACAAA-2,10.32749,5.42375
Folr1_E85_2-TAAGTCGCAATATCCG-2,2.5169313,5.116703
Folr1_E85_2-AAAGGGCAGGAAGTAG-2,8.118663,4.242053
Folr1_E85_2-GCTACAACATGAATAG-2,4.2601514,6.5019917
Folr1_E85_2-GGAATCTAGAGTTGCG-2,8.553383,5.59609
Folr1_E85_2-TCGCAGGCATGAATAG-2,2.092079,4.5991936
Folr1_E85_2-GATGACTTCCGAGCTG-2,2.7669902,6.251084
Folr1_E85_2-GGAATCTCATTCAGCA-2,5.044735,7.9629245
Folr1_E85_2-AAATGGAAGCTCTATG-2,5.583776,2.6655176
Folr1_E85_2-TATCTGTAGGTACAAT-2,7.7381067,7.235543
Folr1_E85_2-TCCCACAGTGTCTTGA-2,7.826521,5.2086496
Folr1_E85_2-CCGGGTAAGGAGAGTA-2,-0.8102398,6.259397
Folr1_E85_2-GTTGTGACAAACTGCT-2,8.157857,4.643173
Folr1_E85_2-CCGTAGGAGTGATAAC-2,5.151727,6.0456696
Folr1_E85_2-AACCACAGTTGCAACT-2,3.7866275,2.7885492
Folr1_E85_2-CAAGCTAGTTAGGACG-2,10.144431,4.360302
Folr1_E85_2-AACGTCACATCGATCA-2,5.397789,7.363893
Folr1_E85_2-GCCAACGCACCCTCTA-2,7.233531,4.98443
Folr1_E85_2-GAGACTTAGTGATGGC-2,3.1695917,5.448229
Folr1_E85_2-GCAGCCAAGCGCATCC-2,8.753878,5.2894306
Folr1_E85_2-TCTCAGCCAGTGGGTA-2,1.9672843,5.734425
Folr1_E85_2-AGACACTAGTATAGAC-2,1.5893734,2.318625
Folr1_E85_2-TCAATTCAGACGATAT-2,9.236673,6.01837
Folr1_E85_2-TGCATCCAGATGTTCC-2,2.673019,6.2897544
Folr1_E85_2-GGGATCCAGCTCCGAC-2,9.988375,6.4575367
Folr1_E85_2-TGGTACAGTCTACAGT-2,7.475516,5.250222
Folr1_E85_2-TCCGAAACACACACGC-2,8.827258,6.2905235
Folr1_E85_2-TGGAGAGCAAGTAGTA-2,2.7810085,5.534328
Folr1_E85_2-GAGTTTGCAGTTGTCA-2,2.5224872,2.468805
Folr1_E85_2-AGGTAGGCAGCCTACG-2,8.650588,6.847192
Folr1_E85_2-GTCGTAAGTTGGTAGG-2,4.780006,7.8093367
Folr1_E85_2-CATCGTCAGCTGTCCG-2,2.5350573,0.02514262
Folr1_E85_2-GAGGCAAGTGGCTGAA-2,7.005488,3.0068688
Folr1_E85_2-ATCGTAGGTTGGAGAC-2,6.20329,2.6722355
Folr1_E85_2-GCCAACGCACATTCGA-2,3.8895535,5.371075
Folr1_E85_2-GCATCTCAGTCACACT-2,6.8360043,4.7864585
Folr1_E85_2-GATTCTTCAGCTGTCG-2,4.249255,2.777281
Folr1_E85_2-CACTGAATCCTTCTTC-2,7.1763835,4.9705586
Folr1_E85_2-AACCTTTTCACCTTGC-2,4.067181,0.25597975
Folr1_E85_2-TGTGCGGAGACCAGCA-2,7.2652,6.906347
Folr1_E85_2-AGGCATTGTTCAGCTA-2,2.28748,4.77763
Folr1_E85_2-AGCGATTAGCATGCAG-2,4.600627,7.6213346
Folr1_E85_2-GTCAGCGTCCCATACC-2,2.6564763,1.9752127
Folr1_E85_2-CACGTTCCATGACACT-2,3.6472824,3.6552448
Folr1_E85_2-GTCCTCAAGGCGATAC-2,3.6722171,5.685076
Folr1_E85_2-TCCCACATCCAATCTT-2,1.7165554,3.1761978
Folr1_E85_2-GCCATTCTCCCTCTCC-2,3.4751177,3.0182102
Folr1_E85_2-GCTCAAATCCGCATAA-2,8.6292305,4.162022
Folr1_E85_2-GTGGTTACACTATCGA-2,9.231514,5.881944
Folr1_E85_2-CACAACACACTATCCC-2,3.5350513,4.6455717
Folr1_E85_2-TCTATACGTCTGCCTT-2,10.169862,3.226534
Folr1_E85_2-CGAGTGCCACTACCGG-2,9.64069,6.2370887
Folr1_E85_2-ATTTCACTCGGCATAT-2,10.166096,6.182893
Folr1_E85_2-TTGTGGAGTATCCCAA-2,8.909156,5.6491437
Folr1_E85_2-GATAGAATCATGCCCT-2,10.431366,5.3477807
Folr1_E85_2-ACGGGTCAGGGCCCTT-2,7.431836,4.634185
Folr1_E85_2-TCACACCGTGTCGCTG-2,9.188872,5.4259386
Folr1_E85_2-AACAACCAGTTGCTCA-2,9.699455,4.8347783
Folr1_E85_2-CCAATTTCAGAAGCTG-2,7.9300685,6.867775
Folr1_E85_2-CACATGACACTTACAG-2,1.7992922,3.2785168
Folr1_E85_2-AGCGTATTCGTGGAAG-2,4.609024,2.653779
Folr1_E85_2-AACCTTTTCATCAGTG-2,3.7925377,3.1751103
Folr1_E85_2-TTCCAATCAGCGAGTA-2,9.338314,6.12386
Folr1_E85_2-CCACAAAGTCGAGCTC-2,3.0081446,5.969201
Folr1_E85_2-CATGAGTTCCGAACGC-2,8.942464,5.5851083
Folr1_E85_2-CTCTCAGAGTAGGATT-2,1.6533855,3.90707
Folr1_E85_2-CTCCTTTAGTGGTGAC-2,9.209969,6.132832
Folr1_E85_2-TAACGACGTACAGAAT-2,7.1539364,6.121339
Folr1_E85_2-ATAGGCTGTACGACTT-2,3.3434274,4.3509555
Folr1_E85_2-GGTGATTAGACCTGGA-2,10.201579,6.2356553
Folr1_E85_2-TGTACAGTCAGCCTTC-2,8.536467,4.896257
Folr1_E85_2-TCCACGTGTAATGCGG-2,5.9074235,4.2296185
Folr1_E85_2-CAACCTCAGTTTGCTG-2,2.2088323,3.5530941
Folr1_E85_2-CGGCAGTTCGGTGTAT-2,3.874523,3.6016767
Folr1_E85_2-CATCAAGTCTTTCAGT-2,9.476689,6.0209837
Folr1_E85_2-TACAACGAGTCAGAGC-2,7.7451925,4.3082366
Folr1_E85_2-ACCTGAATCCGAGTGC-2,0.22044471,6.047787
Folr1_E85_2-CGGAGAACAGTATTCG-2,3.8555398,6.6867104
Folr1_E85_2-CCAATGAAGACAAGCC-2,3.394049,3.5040307
Folr1_E85_2-CTGTGAATCTCCTGAC-2,1.4409575,5.2442408
Folr1_E85_2-ACTTCCGCAAGCAGGT-2,2.0158916,2.8870058
Folr1_E85_2-TGACCCTGTTATTCCT-2,1.4973664,2.9361084
Folr1_E85_2-GTCACGGAGTTACTCG-2,9.026496,6.063278
Folr1_E85_2-ATTGGGTTCACCGGTG-2,5.0792027,7.9288154
Folr1_E85_2-AGCGATTTCCATCGTC-2,9.226679,5.232681
Folr1_E85_2-AAAGAACTCATCGCAA-2,8.280223,4.4516444
Folr1_E85_2-ATCACAGAGTTTCGAC-2,7.843394,6.8711333
Folr1_E85_2-TTGCATTAGGTTGCCC-2,2.6746738,3.8337913
Folr1_E85_2-TGCATCCTCACCATCC-2,8.024358,4.723416
Folr1_E85_2-AACAACCCACAAGCAG-2,3.0550203,4.9312057
Folr1_E85_2-TCTCTGGCAGAACATA-2,2.447189,3.5690875
Folr1_E85_2-CCAAGCGTCAGGAAGC-2,9.45296,5.2233324
Folr1_E85_2-TGATGGTGTAGAATAC-2,4.982583,7.700845
Folr1_E85_2-TGAGCATAGTAACCTC-2,3.9478962,6.319183
Folr1_E85_2-TTCGGTCAGTCTCCTC-2,2.4645314,2.6696045
Folr1_E85_2-GCTACAATCAGACCTA-2,1.7432691,1.7365501
Folr1_E85_2-GAGACCCAGGCAGGTT-2,6.0010896,3.7719626
Folr1_E85_2-GGCACGTGTCGACTGC-2,2.7817657,2.0758631
Folr1_E85_2-GCATTAGCAAATTGCC-2,8.405886,5.9581137
Folr1_E85_2-TACCCACCAAGGATGC-2,2.422909,4.460395
Folr1_E85_2-TTACCGCTCTAGTTCT-2,7.6903677,4.5076857
Folr1_E85_2-TATTCCATCACCTCAC-2,5.0032825,1.5575979
Folr1_E85_2-TTGGGCGTCCGTTTCG-2,8.311074,5.855501
Folr1_E85_2-AGGGCCTCAAGTCCAT-2,4.245117,5.8451977
Folr1_E85_2-GTTACGATCTTGGTGA-2,3.6797519,2.7273488
Folr1_E85_2-CGGGCATAGTGCTAGG-2,7.456879,4.007724
Folr1_E85_2-AGTGACTGTCCACGCA-2,5.1134157,7.625911
Folr1_E85_2-CCGGACACACGAGAAC-2,7.8954425,4.3389025
Folr1_E85_2-GGGACAAAGGTCACCC-2,2.083362,5.3819623
Folr1_E85_2-ACCCTCAGTAGTCTTG-2,4.624453,7.7717724
Folr1_E85_2-CTACAGAAGATGAAGG-2,1.9443899,5.405931
Folr1_E85_2-GGTTCTCCAGTCGCAC-2,3.1822107,4.783796
Folr1_E85_2-AAGATAGAGACAACAT-2,10.06309,4.302165
Folr1_E85_2-ACATTTCGTGCCTAAT-2,1.5814313,4.5507073
Folr1_E85_2-CGAGTTAGTACGAGCA-2,8.106106,2.330475
Folr1_E85_2-GTACAACAGTATTAGG-2,3.1751919,2.871463
Folr1_E85_2-CGGAATTCATGACCCG-2,10.324783,6.952665
Folr1_E85_2-GCATCGGAGACGAAGA-2,10.008262,3.5647829
Folr1_E85_2-ATCCGTCCACTCCTTG-2,2.5393286,5.080195
Folr1_E85_2-TGTACAGTCAGACCGC-2,3.031177,6.31919
Folr1_E85_2-CGCCAGAAGATCCCAT-2,2.4945138,4.9356685
Folr1_E85_2-TGATTTCAGATGAATC-2,4.8310523,7.493957
Folr1_E85_2-TCCCAGTCAATGTCAC-2,5.258476,5.425755
Folr1_E85_2-GTTTGGATCTCCCTAG-2,2.271988,4.914149
Folr1_E85_2-GAGAGGTTCCACACAA-2,2.2357652,-1.1615928
Folr1_E85_2-AGACAGGGTGATTCAC-2,9.663495,5.2081804
Folr1_E85_2-TCCGGGACAGTTAGGG-2,6.4886484,4.3030667
Folr1_E85_2-AGGTAGGAGAGGTTAT-2,9.2622,5.8300567
Folr1_E85_2-GATTCGAGTTGAGGAC-2,6.4935756,4.359646
Folr1_E85_2-TGAGGGATCTCAGGCG-2,4.9359007,5.7107115
Folr1_E85_2-TTCTTGAAGTCGAAGC-2,3.3504338,4.7391872
Folr1_E85_2-CTCAATTCACCAGGTC-2,2.5189042,2.938341
Folr1_E85_2-AGGACTTAGTCGAAGC-2,3.2609692,3.6888816
Folr1_E85_2-CTGTGAAAGGGTAGCT-2,9.050691,5.184169
Folr1_E85_2-CTCCGATAGGGCAAGG-2,2.7934253,3.1361353
Folr1_E85_2-AAAGGGCTCAGCAGAG-2,5.139561,8.092897
Folr1_E85_2-ACAAGCTAGCTCAGAG-2,4.571743,5.4878173
Folr1_E85_2-ACCTGAAAGCGGATCA-2,10.752093,4.2256665
Folr1_E85_2-TAAGCCAGTTCAGTAC-2,4.7744513,4.385475
Folr1_E85_2-CAGTGCGCATCAGTCA-2,6.1567903,4.3251295
Folr1_E85_2-GCCAGCAAGCTACGTT-2,6.801964,2.083035
Folr1_E85_2-CTGCTCAGTAAGCAAT-2,10.427775,4.285755
Folr1_E85_2-GTCCTCAAGTTTGAGA-2,3.1233428,4.03143
Folr1_E85_2-GGTGTCGGTTATGACC-2,5.03092,3.5654998
Folr1_E85_2-CGACAGCTCTGGAGAG-2,7.330821,4.955097
Folr1_E85_2-TCTTTGACATATACCG-2,3.6171982,2.4099102
Folr1_E85_2-AGTTCCCGTTGCGGCT-2,7.3930154,3.6697044
Folr1_E85_2-CACGGGTAGCTTTCCC-2,9.957242,4.687928
Folr1_E85_2-TTACCGCCATATAGCC-2,1.6152214,4.2632565
Folr1_E85_2-TATTGCTTCACAACCA-2,6.2075787,3.7090056
Folr1_E85_2-TGCTCCAAGAGTTGCG-2,1.5265822,5.4425116
Folr1_E85_2-TCCTCGAGTCTTGAGT-2,8.31064,4.950595
Folr1_E85_2-GACGCTGTCGAAACAA-2,2.2484112,5.194069
Folr1_E85_2-TTTGGAGAGGAAGTGA-2,4.4215493,2.7330918
Folr1_E85_2-CGACAGCCATATGGCT-2,2.4975863,4.71613
Folr1_E85_2-CAACAGTGTATCCCTC-2,2.7689044,3.1664557
Folr1_E85_2-GTCACGGTCTCAAAGC-2,9.240104,4.932178
Folr1_E85_2-CACAACAAGACCGTTT-2,6.4003987,4.030092
Folr1_E85_2-TAGAGTCAGTATAACG-2,8.055289,4.2440085
Folr1_E85_2-AGGTTACAGCATCCCG-2,3.3930154,2.1008725
Folr1_E85_2-GTGCACGGTCGGTACC-2,6.173473,4.539609
Folr1_E85_2-AGGTAGGAGGTTGGTG-2,9.180962,1.9150854
Folr1_E85_2-GGATGTTCATGTTCGA-2,8.351652,3.6637073
Folr1_E85_2-TTCCTCTGTGTAGTGG-2,5.1316314,6.084813
Folr1_E85_2-ATTTCTGGTTCATCTT-2,3.2953122,6.4392037
Folr1_E85_2-GCTGAATTCTCGCTTG-2,2.2787902,2.9352853
Folr1_E85_2-TGGAGGAAGTCCTACA-2,1.0543199,5.356116
Folr1_E85_2-CAACAGTAGGGACACT-2,7.758336,4.907496
Folr1_E85_2-TACTTCATCTTCTGTA-2,1.8420465,4.5229273
Folr1_E85_2-GAAGGACAGGTATTGA-2,5.038307,6.8973455
Folr1_E85_2-AACCACATCACTTTGT-2,4.0128417,1.9695916
Folr1_E85_2-CTGCAGGTCGTAGAGG-2,9.464611,6.0361614
Folr1_E85_2-CATACTTAGACAACAT-2,7.7477226,6.79439
Folr1_E85_2-GACTTCCTCCAAATGC-2,6.2779717,7.9271326
Folr1_E85_2-TTGTTGTTCATAAGGA-2,5.205879,4.63889
Folr1_E85_2-CTTCTCTTCGGTCACG-2,2.3392413,3.7739537
Folr1_E85_2-CACTGAATCACCGACG-2,1.3380501,5.2454214
Folr1_E85_2-TACGTCCAGGAATTAC-2,5.1060047,3.9960456
Folr1_E85_2-CCGTAGGGTTTACGAC-2,3.0226018,5.5565524
Folr1_E85_2-ACCTGTCGTTGTAGCT-2,6.646215,5.6898007
Folr1_E85_2-TCTCTGGAGATACATG-2,4.8486137,3.377544
Folr1_E85_2-GATGACTGTAGAAACT-2,2.6621218,3.248724
Folr1_E85_2-AGATCGTGTTACCCAA-2,9.345262,5.8981576
Folr1_E85_2-ATGGAGGTCCAGCACG-2,4.3224936,2.824248
Folr1_E85_2-TTGAGTGTCAGGAACG-2,2.9982593,2.349704
Folr1_E85_2-TGGAACTAGGGATCTG-2,3.5666566,0.39533904
Folr1_E85_2-CAGTTAGTCTACGCGG-2,7.5704117,4.9821978
Folr1_E85_2-TCCTTCTAGCCGTTGC-2,4.146893,6.4041567
Folr1_E85_2-CCGTAGGTCGCCGATG-2,5.6670537,7.712195
Folr1_E85_2-AAGAACAAGAGATCGC-2,2.3925955,5.532077
Folr1_E85_2-GCCATGGCAGTACTAC-2,3.3580642,6.4426312
Folr1_E85_2-CGTCCATCACTAGGTT-2,2.2806444,4.6977367
Folr1_E85_2-CGAAGGACATCGCCTT-2,4.7822123,6.633089
Folr1_E85_2-TTCCTAAGTGAGGCAT-2,3.2864575,3.065279
Folr1_E85_2-GAGGGATGTACCACGC-2,7.7667446,5.0144
Folr1_E85_2-CAAGCTAAGACATAGT-2,6.498027,5.460114
Folr1_E85_2-CTCAAGATCGATTTCT-2,4.9795766,7.9590464
Folr1_E85_2-TTCCTCTTCTAGTTCT-2,5.307775,7.9338026
Folr1_E85_2-ATGGAGGGTAACATCC-2,4.775802,6.3707385
Folr1_E85_2-CCCATTGTCTCAGTCC-2,3.8383443,4.869103
Folr1_E85_2-TCGCACTTCGGTCGAC-2,1.6703837,3.636319
Folr1_E85_2-TCTTTGAGTTTGTGGT-2,9.239641,5.2020926
Folr1_E85_2-GTCAAGTCAGTCGGAA-2,9.28063,4.279137
Folr1_E85_2-CTACAGAGTCGGCTAC-2,10.372789,4.031693
Folr1_E85_2-GATGTTGTCGCATAGT-2,9.320149,5.34575
Folr1_E85_2-TTTCACATCGAAATCC-2,4.615743,5.2441444
Folr1_E85_2-CTACTATTCGTCAACA-2,1.6483299,4.1016545
Folr1_E85_2-TTCTTCCTCCCGAACG-2,3.571206,1.8997257
Folr1_E85_2-CAACCTCGTCCATACA-2,6.7660537,5.029807
Folr1_E85_2-TATTGGGTCGTGGTAT-2,1.9973043,4.9674263
Folr1_E85_2-CCATCACGTGCTGTCG-2,2.9071395,1.2561687
Folr1_E85_2-TCCATGCTCGTGCTCT-2,1.8046275,-0.3211039
Folr1_E85_2-GGGTGAATCAGTCCGG-2,5.9049516,5.0139394
Folr1_E85_2-AACAAAGAGTCACTGT-2,5.1692567,4.8328485
Folr1_E85_2-CATTTCACATTGCTTT-2,3.814697,7.2386117
Folr1_E85_2-AACCCAATCAGAGTTC-2,5.124901,7.290975
Folr1_E85_2-CATCGGGGTTGGTACT-2,4.0146227,4.6794295
Folr1_E85_2-CATCCCAAGGCTGAAC-2,2.6290896,4.8643775
Folr1_E85_2-CTCTGGTCAACCACAT-2,2.984202,-0.41369942
Folr1_E85_2-CTGAGGCAGTTCCGTA-2,7.2268186,3.5301113
Folr1_E85_2-AATTCCTGTTTCTTAC-2,6.4888496,2.1085408
Folr1_E85_2-GATCGTAAGCACGTCC-2,8.183959,4.1552157
Folr1_E85_2-GCAGCCACAATTTCGG-2,1.6093483,4.9196596
Folr1_E85_2-CGGCAGTAGCGAATGC-2,3.0598266,3.201819
Folr1_E85_2-ACACTGATCGCAGTCG-2,4.6835365,7.045351
Folr1_E85_2-ATCCTATGTCCGACGT-2,9.844851,6.495088
Folr1_E85_2-CTACCCACATCGATCA-2,5.424708,1.863136
Folr1_E85_2-GAAGTAAGTGGCTACC-2,5.36672,3.5352325
Folr1_E85_2-TCAGTGAGTAGTCACT-2,3.946699,0.02772418
Folr1_E85_2-GCTACCTGTTGAAGTA-2,7.8109355,6.4682374
Folr1_E85_2-TTATTGCAGAGTCTGG-2,10.12533,4.2992716
Folr1_E85_2-AGTAACCGTTTCTTAC-2,2.9299347,3.6733968
Folr1_E85_2-CCAATTTTCGCTTAAG-2,3.7933788,-0.6683075
Folr1_E85_2-TACTTCAAGGCTAAAT-2,4.14454,6.457735
Folr1_E85_2-AACCTGAAGTGAATAC-2,4.1319437,4.5956326
Folr1_E85_2-TTTAGTCTCTCAACGA-2,2.067155,4.4222302
Folr1_E85_2-GTTCGCTAGCCTAACT-2,6.9722376,4.8251505
Folr1_E85_2-TGTGCGGCAGCGGTCT-2,2.7732441,3.9543726
Folr1_E85_2-GCATGATGTACCGTGC-2,5.13603,2.7543776
Folr1_E85_2-TCCAGAACACTCTCGT-2,7.5055485,6.9832945
Folr1_E85_2-CGTGATACATTGGCAT-2,8.935094,5.332194
Folr1_E85_2-ACCAAACCAACGTTAC-2,3.4466023,4.320998
Folr1_E85_2-CACTGTCTCGGTCTGG-2,4.6598067,0.66786605
Folr1_E85_2-TGGTACATCAGTCAGT-2,7.3609815,3.6915433
Folr1_E85_2-GCCCGAACAGATTCGT-2,8.339619,5.105702
Folr1_E85_2-TGCACGGTCCGAAATC-2,4.982709,3.8141322
Folr1_E85_2-CGGGTCACAGTGAGCA-2,5.037898,5.849965
Folr1_E85_2-AAAGTCCAGAGTCACG-2,2.2311068,2.982426
Folr1_E85_2-AGCATCATCATTGTTC-2,5.4521437,3.7320495
Folr1_E85_2-ACACAGTCATATCTCT-2,8.562996,5.475753
Folr1_E85_2-GGGTAGAAGACAGTCG-2,1.1714379,1.0183823
Folr1_E85_2-TACAACGCACTACAGT-2,3.5540023,3.967324
Folr1_E85_2-ATCCTATAGGATTTCC-2,3.783471,4.7114673
Folr1_E85_2-ATATCCTCACAGTGTT-2,3.0867822,6.3659396
Folr1_E85_2-TACCTCGCAGACCCGT-2,4.5291696,2.9209042
Folr1_E85_2-ATCACTTGTACTGGGA-2,10.017259,4.8464227
Folr1_E85_2-TGGATGTAGGGCAATC-2,8.3466,4.731923
Folr1_E85_2-GAATAGAGTAACACGG-2,1.1931927,2.7413955
Folr1_E85_2-GCCATTCGTAAGCAAT-2,5.1156096,7.5292277
Folr1_E85_2-TGGTGATTCCGTACGG-2,9.914947,4.3479195
Folr1_E85_2-GATAGCTCAAATACAG-2,8.85344,4.815137
Folr1_E85_2-TTAATCCTCACGACTA-2,9.372765,4.718436
Folr1_E85_2-TTTCATGTCCCTCATG-2,10.58896,4.215993
Folr1_E85_2-ACCCTTGTCCTGTAGA-2,2.1111186,4.4415402
Folr1_E85_2-CCTCAGTGTTGGAGGT-2,3.9989,2.675167
Folr1_E85_2-CAGGGCTTCTAGAACC-2,5.942058,0.47585428
Folr1_E85_2-TTCGCTGAGATACGAT-2,6.6469026,4.20017
Folr1_E85_2-CTGCATCTCTATCACT-2,5.969373,5.86206
Folr1_E85_2-CGAGAAGTCTTGGCTC-2,4.1177845,5.984531
Folr1_E85_2-GGGTAGACAGCTGTGC-2,10.215718,4.4596214
Folr1_E85_2-CTCCACATCAACCTCC-2,4.732672,6.3018994
Folr1_E85_2-GGTGATTTCTCCGTGT-2,9.556309,3.8763552
Folr1_E85_2-ACGGAAGCACACGGTC-2,3.867927,5.5935893
Folr1_E85_2-GTGCACGGTAACCCTA-2,6.9178653,4.6863627
Folr1_E85_2-CTTCTAAGTTGCCGAC-2,5.67082,7.017508
Folr1_E85_2-CTCAAGACAGGCGATA-2,1.8265865,2.7460744
Folr1_E85_2-GGGTCACGTGGCTGCT-2,1.2643552,0.6009424
Folr1_E85_2-CTACTATAGGGCTGAT-2,4.7391143,4.373579
Folr1_E85_2-GTCCCATCAACGGCTC-2,2.469297,3.521403
Folr1_E85_2-ATTTCACCAACACAGG-2,3.6668565,5.404675
Folr1_E85_2-GAATCGTCACGCAGTC-2,5.6774077,6.8242555
Folr1_E85_2-CTGCAGGAGCCGAACA-2,2.4983168,3.895169
Folr1_E85_2-CGTCAAAAGCGGGTAT-2,5.3906736,3.4273043
Folr1_E85_2-AGGAATATCATTACGG-2,4.561561,3.6095757
Folr1_E85_2-TGGTAGTTCTCCCTAG-2,9.919559,4.3345914
Folr1_E85_2-AACCATGTCACCTCGT-2,7.09158,2.6264591
Folr1_E85_2-TGACGCGGTCCGGTCA-2,5.2628355,6.746661
Folr1_E85_2-GGTGTCGCAAGCGATG-2,1.1690542,3.7207365
Folr1_E85_2-ATAGACCAGTTGCTGT-2,4.345378,5.6251893
Folr1_E85_2-ACATGCACACAACGTT-2,2.8542225,4.4958177
Folr1_E85_2-CGTGATATCGTGGACC-2,6.206203,8.326673
Folr1_E85_2-CGATGCGTCACTAGCA-2,4.0853305,6.6738505
Folr1_E85_2-ATTCACTTCAAAGAAC-2,3.5076616,3.0860157
Folr1_E85_2-TTGCATTAGTAGCAAT-2,4.6600018,6.84908
Folr1_E85_2-GATTGGTGTGTCTTAG-2,4.9297304,2.3907433
Folr1_E85_2-GTGGAGAAGAAACTAC-2,9.916895,4.534848
Folr1_E85_2-CCTCCTCTCTGACGCG-2,4.2784123,0.7849703
Folr1_E85_2-CTTCCTTCACACGGAA-2,4.2189837,5.6962194
Folr1_E85_2-GGGAAGTGTTGGCTAT-2,3.753658,6.6990867
Folr1_E85_2-TTTACTGGTTGCACGC-2,4.551176,4.9991007
Folr1_E85_2-ACGATCAAGTCATTGC-2,5.214455,7.8495994
Folr1_E85_2-GGATGTTCATGTCGTA-2,5.2040124,7.279517
Folr1_E85_2-CCTCAACCAATAGTGA-2,2.9104488,3.8311431
Folr1_E85_2-CACCAAATCTACGCAA-2,7.890085,5.0988626
Folr1_E85_2-GCTCAAAAGCACCTGC-2,5.395749,4.5751157
Folr1_E85_2-TCAGGGCTCCCAGTGG-2,5.0977144,2.0671039
Folr1_E85_2-GACCAATAGCTTTCCC-2,10.5548,5.2149553
Folr1_E85_2-CCACTTGAGCACTTTG-2,3.5910769,4.2968235
Folr1_E85_2-TACGGGCTCGCTTACC-2,10.102238,6.2512465
Folr1_E85_2-GTCATGACATGACTCA-2,8.418546,5.869892
Folr1_E85_2-ATTCTTGTCCGACATA-2,4.2413073,6.4489007
Folr1_E85_2-TTCAGGAGTTAATGAG-2,10.368626,6.688231
Folr1_E85_2-CTCCTCCTCCGATGCG-2,2.0118055,4.139453
Folr1_E85_2-ACCCTTGCAGATCCTA-2,2.9805126,5.155518
Folr1_E85_2-TGCTTGCCAACCGCTG-2,4.7496395,7.3541536
Folr1_E85_2-CTGAGCGAGCTGACTT-2,2.4137466,1.9174391
Folr1_E85_2-ATAGACCGTTCCTAAG-2,10.257345,6.3564744
Folr1_E85_2-GGGCTACTCAGTGGGA-2,2.8527098,5.414001
Folr1_E85_2-TCACGCTTCAAGCCTA-2,5.649769,2.2290318
Folr1_E85_2-AAAGGGCGTAGTAAGT-2,3.8534784,6.0527163
Folr1_E85_2-GGGACCTAGCGTCAAG-2,1.4511392,3.3227444
Folr1_E85_2-CTCTCGAAGCCTTTCC-2,4.7878575,4.6176763
Folr1_E85_2-TCCTTCTTCTAGATCG-2,6.5822644,3.5908144
Folr1_E85_2-CTGATCCCAGTTACCA-2,9.641493,6.5561924
Folr1_E85_2-ACTGTCCCAACCGACC-2,9.399722,3.2149742
Folr1_E85_2-CTCATGCTCACTCTTA-2,5.8461885,4.1966605
Folr1_E85_2-ACATTTCCATGGCACC-2,5.295354,3.8626075
Folr1_E85_2-TTCACCGGTCGGCCTA-2,7.197234,3.2392952
Folr1_E85_2-ACCAACAAGGCCCACT-2,3.6805406,5.377755
Folr1_E85_2-AAGCGAGTCGAAGAAT-2,2.8214843,-1.7211596
Folr1_E85_2-TCATATCGTATTTCTC-2,8.568364,2.6476083
Folr1_E85_2-TCACTATTCGTCTAAG-2,6.4298916,8.054296
Folr1_E85_2-GGACGTCTCCACGGAC-2,1.4494052,5.796033
Folr1_E85_2-CCGATCTGTGTACGCC-2,6.6606927,1.3119172
Folr1_E85_2-CCACACTCACAAACGG-2,5.875391,3.8207183
Folr1_E85_2-GGGTGTCCATGTTCAG-2,8.136777,6.122525
Folr1_E85_2-GTCAGCGAGGCCCAAA-2,9.45117,6.438105
Folr1_E85_2-GACCAATTCCGCTTAC-2,5.1256866,7.6409235
Folr1_E85_2-CGAGTGCTCACTGTTT-2,4.4426675,3.8724873
Folr1_E85_2-ATAGAGAGTAGCGATG-2,7.7332053,6.8683114
Folr1_E85_2-TGGGCTGGTATGGAGC-2,3.0784388,7.1044693
Folr1_E85_2-GTGGGAACAAGAAACT-2,5.525734,2.8501253
Folr1_E85_2-GAGACCCGTGGCTAGA-2,9.1259985,4.991299
Folr1_E85_2-GGCTTGGCAGACCAGA-2,8.635297,4.828056
Folr1_E85_2-GACCGTGAGTTCGGTT-2,10.140332,6.4415317
Folr1_E85_2-TGGAGGACATCACGGC-2,5.346546,3.156387
Folr1_E85_2-CACAACACAAGTTCCA-2,5.5920525,8.174196
Folr1_E85_2-AGTACCAAGTCGGGAT-2,5.123498,-0.90818
Folr1_E85_2-TGCGGCACAAGACCTT-2,2.9696724,0.3106738
Folr1_E85_2-GTTAGTGGTCATAACC-2,3.2277882,2.7867742
Folr1_E85_2-TTGGGCGCACTACAGT-2,4.407836,7.3050785
Folr1_E85_2-GTCATCCCAAATCGTC-2,8.327878,5.392128
Folr1_E85_2-CTCCCTCAGCGCCGTT-2,2.551631,3.825201
Folr1_E85_2-ACCTGTCCAAGTGGGT-2,8.234552,3.2963052
Folr1_E85_2-GTAATGCTCAGTCCGG-2,3.7229905,2.8881342
Folr1_E85_2-GAGAGGTTCTTCCAGC-2,7.9106207,6.0409613
Folr1_E85_2-CTCATTAGTTCTTGTT-2,1.5835707,3.476962
Folr1_E85_2-CTGCCATCAACGGTAG-2,3.857828,4.910623
Folr1_E85_2-CTACCTGGTCAAGGCA-2,6.512632,4.2719436
Folr1_E85_2-GTCACGGAGCTAAGTA-2,6.81087,4.797885
Folr1_E85_2-GAGTCATGTGTTCATG-2,4.587435,6.8566494
Folr1_E85_2-CCGTAGGCAGCTGTCG-2,2.9524806,3.7888668
Folr1_E85_2-GTGAGTTGTGTTATCG-2,2.57852,3.5686185
Folr1_E85_2-TGGTTAGTCATCACTT-2,4.674137,4.0404153
Folr1_E85_2-GAGGGATGTTTCGGCG-2,4.2102175,2.1801212
Folr1_E85_2-GGCTTTCAGACCATGG-2,3.0114555,5.170579
Folr1_E85_2-TCACGCTAGGATCACG-2,5.4521565,4.097812
Folr1_E85_2-GTGTAACTCACGGGCT-2,3.369257,3.367127
Folr1_E85_2-ATTCCTAGTTGCGGCT-2,10.634214,4.019738
Folr1_E85_2-TCAGGTACACAGGATG-2,9.944851,4.44573
Folr1_E85_2-TCCGAAATCCAGCTCT-2,8.200333,2.6542647
Folr1_E85_2-TATCTTGCAGGTAGTG-2,7.940551,4.2795
Folr1_E85_2-GTGTCCTGTACGCTTA-2,7.151483,3.9915938
Folr1_E85_2-TCCTTCTGTCCGTTTC-2,5.2796106,7.684959
Folr1_E85_2-TGACCCTGTAGACTGG-2,4.835787,7.530675
Folr1_E85_2-TGATCTTCAAACCACT-2,1.9549043,4.292545
Folr1_E85_2-TACAGGTAGTGCCGAA-2,10.388921,6.669899
Folr1_E85_2-CAAGACTTCTAGGAAA-2,3.8951564,6.9867115
Folr1_E85_2-CACCAAAAGTCAGGGT-2,5.626014,0.9723492
Folr1_E85_2-GAGTCATAGTACTGGG-2,4.7908025,6.8250985
Folr1_E85_2-AGATCGTCATTCCTAT-2,6.128502,4.543344
Folr1_E85_2-AGACACTGTCCTATAG-2,5.778314,7.766895
Folr1_E85_2-CGGGTCAAGTACAACA-2,10.348026,6.5973263
Folr1_E85_2-ATGAGGGTCTGTTCAT-2,4.92167,4.1251206
Folr1_E85_2-CTTAGGATCCACTAGA-2,4.15949,7.092601
Folr1_E85_2-TTCCAATGTGCGAACA-2,5.273173,4.7578273
Folr1_E85_2-AGAACCTGTCGTATTG-2,2.30304,1.0621942
Folr1_E85_2-TGACGCGCACAGTATC-2,5.187877,7.39473
Folr1_E85_2-GATGACTTCAATCTTC-2,4.933534,3.7960095
Folr1_E85_2-TCGCTTGAGGCCCAAA-2,1.7151333,4.3864703
Folr1_E85_2-CTGCAGGCAATACCTG-2,7.5400996,1.933852
Folr1_E85_2-AGGATCTCAGACAATA-2,7.8021593,2.0793738
Folr1_E85_2-GGTGTCGGTACGAGCA-2,5.855325,4.909945
Folr1_E85_2-GCGTTTCGTACGAGCA-2,8.943233,1.470688
Folr1_E85_2-AGGATAATCTAAGCGT-2,4.643063,3.9237278
Folr1_E85_2-GTTGTCCAGCCGTAAG-2,6.0502033,7.7676187
Folr1_E85_2-ACTTATCTCAGGGTAG-2,1.7278441,1.6700202
Folr1_E85_2-ACACTGAAGTTGAAAC-2,3.7891605,3.3855016
Folr1_E85_2-TCATGCCGTCGTTTCC-2,3.9125397,2.1509256
Folr1_E85_2-GACTCAATCGAACCTA-2,1.2502154,3.3152862
Folr1_E85_2-GATCATGGTCGATTCA-2,3.4793572,5.650798
Folr1_E85_2-TCCACGTTCAAGTGTC-2,4.387553,5.753811
Folr1_E85_2-GGAGGTATCAGCGTCG-2,10.046074,6.5696297
Folr1_E85_2-CTGTATTGTGATATAG-2,9.1631775,5.8057275
Folr1_E85_2-TGTCAGAAGCCAACCC-2,10.275694,4.243584
Folr1_E85_2-AATGGAATCTGCCTGT-2,4.5397525,3.3553839
Folr1_E85_2-AGTACCATCTCATTTG-2,3.7053185,5.4096684
Folr1_E85_2-GGTTAACTCGCGCCAA-2,5.2777047,7.1191726
Folr1_E85_2-CGTGCTTTCGAACCTA-2,2.755241,0.0469254
Folr1_E85_2-GTGGAGAAGGACTATA-2,3.663731,3.4724345
Folr1_E85_2-ACCTGAAAGCAGCGAT-2,7.456315,3.226174
Folr1_E85_2-CAGTTCCAGACCAAAT-2,4.2147593,0.07794321
Folr1_E85_2-CTGGCAGTCATCGACA-2,7.3473744,4.8230886
Folr1_E85_2-TACTTCACACCAGCGT-2,6.705564,7.2589884
Folr1_E85_2-CGATCGGTCATTTGGG-2,1.0554192,3.6960428
Folr1_E85_2-TGTGTGAAGGTAGTAT-2,5.740628,4.41502
Folr1_E85_2-TGATCTTTCTAAGAAG-2,4.765903,3.1432793
Folr1_E85_2-AATCACGTCGTCTCAC-2,3.4994652,5.5481534
Folr1_E85_2-TCCCACACACTGTGTA-2,4.157805,5.543685
Folr1_E85_2-GACATCACAGCTCGGT-2,4.403712,7.8755746
Folr1_E85_2-TTACCATAGTCGCTAT-2,2.9610128,3.0408893
Folr1_E85_2-GTGGCGTTCGTTGCCT-2,6.342771,4.320233
Folr1_E85_2-TGACCCTTCTGGGCGT-2,10.331192,5.8789215
Folr1_E85_2-AAGTACCGTCTAGGCC-2,5.8578043,3.3692174
Folr1_E85_2-GAGATGGAGTAACCTC-2,9.533805,5.8485875
Folr1_E85_2-GGAGGATGTACCATAC-2,4.5292273,6.5730844
Folr1_E85_2-GTGTAACGTCATGGCC-2,4.8816047,7.098145
Folr1_E85_2-GTCTTTAGTGGATACG-2,10.433008,5.522905
Folr1_E85_2-CCGGGTAGTGTTAACC-2,4.7399387,6.7506423
Folr1_E85_2-CTGTGAAGTTGCTTGA-2,9.641198,6.54242
Folr1_E85_2-TGTTGAGGTGACAGGT-2,5.3866,3.2562582
Folr1_E85_2-CCCGGAAGTCTGTCCT-2,9.3108635,5.8483753
Folr1_E85_2-TCGCTTGCAACGTAAA-2,4.2531886,2.246505
Folr1_E85_2-TGCAGGCAGTCTGCGC-2,4.863557,7.392536
Folr1_E85_2-TAAGTCGTCAGTGTGT-2,6.6343184,3.0111763
Folr1_E85_2-CTAGACACAGCTCATA-2,5.2532163,2.9065337
Folr1_E85_2-TGTAAGCAGCCGCACT-2,9.879356,6.1662707
Folr1_E85_2-CGGGACTAGGGAGAAT-2,5.3936424,7.56838
Folr1_E85_2-GTCTTTATCTGCGGAC-2,9.470196,5.878952
Folr1_E85_2-GATTCGAGTTTGTTGG-2,3.196869,4.2359157
Folr1_E85_2-GTCTGTCCAACTCGAT-2,5.827386,4.625427
Folr1_E85_2-ATAGGCTGTGTGGACA-2,5.529853,7.836003
Folr1_E85_2-TCTAACTGTGAGGATC-2,5.7375903,7.31431
Folr1_E85_2-AGTGCCGAGGGTTAGC-2,9.007014,2.4276593
Folr1_E85_2-GCAACATCAGGCCTGT-2,7.262105,2.6782541
Folr1_E85_2-TCACGCTTCACAAGAA-2,3.6508167,2.270412
Folr1_E85_2-CATCAAGAGCCTATCA-2,4.1652026,5.275763
Folr1_E85_2-TTCGCTGGTGAGGATC-2,4.0480943,1.6297994
Folr1_E85_2-CGGCAGTGTACCAGAG-2,4.430577,6.2331834
Folr1_E85_2-GGTTCTCAGCCTGGAA-2,4.0775385,2.419265
Folr1_E85_2-TCTCCGAGTATGAGAT-2,4.4635777,6.884295
Folr1_E85_2-GTGCTTCCATGACAAA-2,4.301203,6.5710096
Folr1_E85_2-TGGATCATCGCAACAT-2,8.706123,4.785513
Folr1_E85_2-GGGCCATTCACTGATG-2,6.170831,3.2251875
Folr1_E85_2-GCAGCTGTCAGTAGGG-2,5.2085624,6.8551555
Folr1_E85_2-GGGAGTACATTAGGCT-2,3.583021,4.047518
Folr1_E85_2-TGATGGTCACATAACC-2,3.3259795,4.9819403
Folr1_E85_2-CTCCATGCAGTGGTGA-2,5.21291,5.4351096
Folr1_E85_2-CTCAAGACATCAGCGC-2,5.0827537,7.526559
Folr1_E85_2-TTCGCTGGTACGCTAT-2,1.562084,2.8761604
Folr1_E85_2-CACCAAACAATACAGA-2,4.5900216,6.284832
Folr1_E85_2-TAGCACAGTGTTCATG-2,5.748501,7.910316
Folr1_E85_2-GAAGGACCACATAGCT-2,5.960432,2.4176712
Folr1_E85_2-CCTGCATAGATTAGCA-2,10.790549,6.0423317
Folr1_E85_2-TTTGATCCAAAGAGTT-2,3.5166564,4.6939683
Folr1_E85_2-CTACATTGTCTGATAC-2,5.816134,8.193756
Folr1_E85_2-ATCATTCAGGCTCTCG-2,4.597578,7.311288
Folr1_E85_2-GCCGTGAAGATTAGTG-2,7.5696917,6.769694
Folr1_E85_2-GTCATGACATTAGGAA-2,5.511468,7.334389
Folr1_E85_2-TGCTTCGGTCCTCCTA-2,3.5393171,0.6431537
Folr1_E85_2-AATTTCCGTGTAGCAG-2,9.942979,5.457476
Folr1_E85_2-ACTCCCACATGACGTT-2,0.93417466,4.0479584
Folr1_E85_2-TTTGGAGGTTAAGGGC-2,2.4243896,4.260583
Folr1_E85_2-GTGCAGCAGTCAACAA-2,4.974031,5.7133226
Folr1_E85_2-GTCGTTCGTTTCGGCG-2,7.754246,2.4045804
Folr1_E85_2-GTCGAATGTCGCATTA-2,3.5501165,2.8109522
Folr1_E85_2-TCTTCCTCATACATCG-2,4.6481986,4.7636747
Folr1_E85_2-CCTGTTGTCAATCCGA-2,4.1269345,2.340097
Folr1_E85_2-CGGACACAGGTTGCCC-2,2.2758977,5.2271857
Folr1_E85_2-GAGTTGTTCGACGCTG-2,1.7746654,3.7131226
Folr1_E85_2-CGTGATAAGTGTTGAA-2,8.346627,4.254857
Folr1_E85_2-TCGGTCTGTCGGCCTA-2,4.938379,4.772928
Folr1_E85_2-GTTGTGAGTATGGTTC-2,4.960543,5.0811157
Folr1_E85_2-CAATGACAGACGCTCC-2,1.6024642,3.6390982
Folr1_E85_2-ATTACTCCAGTCTCTC-2,5.7163153,7.4345636
Folr1_E85_2-GGCACGTAGACTACGG-2,6.8810115,4.337075
Folr1_E85_2-TATCCTAGTTCCTAAG-2,4.1042604,6.470352
Folr1_E85_2-AAGTGAAGTATCGATC-2,9.862468,6.0801406
Folr1_E85_2-GGGACCTGTCACGTGC-2,5.6575866,3.6003368
Folr1_E85_2-CATGCAAGTCGGATTT-2,4.3122954,4.865154
Folr1_E85_2-ATTCAGGGTAGAGACC-2,7.9986897,5.1988697
Folr1_E85_2-TGTGAGTTCGAGTACT-2,0.7863807,1.4676384
Folr1_E85_2-TTCTAGTAGATAGCTA-2,0.57499254,5.380631
Folr1_E85_2-TATATCCTCGGTAAGG-2,0.57700014,1.1015363
Folr1_E85_2-GATCATGGTAACGCGA-2,3.0613768,1.7331302
Folr1_E85_2-TACTGCCTCTTCGTGC-2,8.826833,6.3808484
Folr1_E85_2-TTCTAGTGTTGATGTC-2,5.005203,6.8125134
Folr1_E85_2-TTCACGCCAGCTTTCC-2,0.874271,2.6495407
Folr1_E85_2-AGTACCACACGAAAGC-2,1.0910432,3.3408654
Folr1_E85_2-CTGCTCACAGCTACTA-2,2.6835234,0.85421944
Folr1_E85_2-TGAACGTGTTATCTGG-2,9.785599,5.1813283
Folr1_E85_2-GGGCCATTCTCCTGTG-2,1.0379306,4.442103
Folr1_E85_2-ATTCCATAGTGGGAAA-2,1.7728902,4.5876884
Folr1_E85_2-CTTACCGAGGTCGTGA-2,5.474986,6.431164
Folr1_E85_2-TGCGATACAATCTCGA-2,0.78977233,0.36980787
Folr1_E85_2-AAAGTCCGTCGTGGTC-2,6.187631,7.277173
Folr1_E85_2-CCGGGTATCCCTTGTG-2,3.88557,5.611198
Folr1_E85_2-CAGTGCGGTATAGGAT-2,7.279558,5.7561154
Folr1_E85_2-GGTCACGCAAGTTCCA-2,2.7845035,4.365704
Folr1_E85_2-ATTCACTGTTAGAGTA-2,2.2956326,2.5720847
Folr1_E85_2-GAACTGTAGAATCCCT-2,5.3829713,7.241471
Folr1_E85_2-GTGGGAAGTAGCCCTG-2,5.9182086,1.08989
Folr1_E85_2-TTGGATGGTATGAGAT-2,2.163022,3.0281727
Folr1_E85_2-CATAGACCAGAGCTAG-2,4.7803183,8.200572
Folr1_E85_2-CTAGGTACAGAGTAAT-2,2.0111587,4.8164263
Folr1_E85_2-ACGTACACAACCGTAT-2,2.6860154,5.033879
Folr1_E85_2-TACGGGCTCGAACTCA-2,1.1519983,1.0621177
Folr1_E85_2-TTGTGGAGTGCGGATA-2,7.04091,3.191019
Folr1_E85_2-GAGAGGTCATCTCCCA-2,1.1586263,5.1210966
Folr1_E85_2-TTCCGGTTCCGTGGTG-2,0.50415725,0.51080877
Folr1_E85_2-GCTGAATGTGGAAATT-2,0.7448906,2.2714555
Folr1_E85_2-CACAGATGTTGTCTAG-2,1.4382551,-0.07794876
Folr1_E85_2-AATGACCTCTCGCTTG-2,1.4272203,2.8502152
Folr1_E85_2-GAGTTACTCGTTCCCA-2,0.5108292,0.9926121
Folr1_E85_2-CCCTAACAGTCCGTCG-2,4.2004275,6.4764733
Folr1_E85_2-TCGTGGGAGCTCCACG-2,5.500006,6.737968
Folr1_E85_2-AATTTCCCATAGCTGT-2,4.123962,5.240606
Folr1_E90_1-TCAAGCATCCACACCT-1,5.196567,0.053125132
Folr1_E90_1-GTAACACTCTCCCTAG-1,3.157741,-1.912874
Folr1_E90_1-TCCTCCCTCTGCCCTA-1,3.339344,5.0760903
Folr1_E90_1-TACCTGCTCTTCGATT-1,8.618089,2.3804467
Folr1_E90_1-TGCACGGCATCCCACT-1,2.3708947,-1.2876036
Folr1_E90_1-AGGAAATAGGTGCTTT-1,1.9274257,1.1108177
Folr1_E90_1-CCGGTGACATTCGATG-1,6.465272,1.1293604
Folr1_E90_1-TAAGCACTCACCTCTG-1,3.1901996,1.719075
Folr1_E90_1-CTTCTCTCAAATCAGA-1,4.9485726,2.223263
Folr1_E90_1-CCGTTCAAGCAACTCT-1,7.954555,5.8417
Folr1_E90_1-TGCGGGTTCATGCCCT-1,9.515337,3.4225187
Folr1_E90_1-ATAGACCCAAGAATAC-1,9.055575,2.9580884
Folr1_E90_1-CACTGGGAGCGTCTCG-1,5.7963696,4.6704774
Folr1_E90_1-GAGAAATGTGGAACAC-1,2.6674411,0.8464781
Folr1_E90_1-TCCTCTTAGTTAGAAC-1,5.448508,3.7962108
Folr1_E90_1-TCTACATCACAAGCCC-1,9.611644,4.4018207
Folr1_E90_1-GTTGTAGGTGTTGCCG-1,6.9429464,3.2387667
Folr1_E90_1-CGATCGGTCATACGAC-1,7.6285458,6.766447
Folr1_E90_1-TCGAACAGTATTCCGA-1,5.6120834,1.3626426
Folr1_E90_1-GCTACCTAGACCTTTG-1,3.6538553,2.4976368
Folr1_E90_1-TCATGAGTCTCATGCC-1,2.6680665,1.994511
Folr1_E90_1-GAATCGTCATGCAGGA-1,0.3346473,4.9828854
Folr1_E90_1-CTTACCGTCCGCCTAT-1,1.6711117,0.86989015
Folr1_E90_1-CCTCTCCAGAATCCCT-1,3.5229387,2.2032688
Folr1_E90_1-CCGTTCAAGAGAGAAC-1,5.613308,2.8820055
Folr1_E90_1-TCAGGGCGTCAAGCCC-1,9.106501,1.3760898
Folr1_E90_1-AATCGACCATGGCACC-1,7.768902,7.0448694
Folr1_E90_1-CCGGACAGTTCGTAAC-1,4.7125707,6.754013
Folr1_E90_1-ACACCAAGTATGTCCA-1,9.497899,3.3036125
Folr1_E90_1-TCAGGTAGTCATACCA-1,10.327911,6.1080036
Folr1_E90_1-TCGGGACAGAAATCCA-1,0.8653844,3.353162
Folr1_E90_1-TGCGACGCATTGTCGA-1,5.4077187,0.6218697
Folr1_E90_1-CTTGAGAAGTTGCTGT-1,8.243819,1.946542
Folr1_E90_1-AACAAGATCACATCAG-1,10.883557,6.6215825
Folr1_E90_1-CACTGTCGTACCTTCC-1,7.334958,5.186945
Folr1_E90_1-CATCGGGCAGGAAGTC-1,5.4291534,5.027403
Folr1_E90_1-GTCTAGAAGACATCAA-1,2.3066738,1.1061814
Folr1_E90_1-GAGTTGTAGTATGAGT-1,9.638069,5.9112415
Folr1_E90_1-TCCTTTCCACTTGAAC-1,2.2991385,1.2564865
Folr1_E90_1-CTTCCGACATAAGATG-1,1.5101188,-0.078306235
Folr1_E90_1-CTCATTACAACACACT-1,4.3899474,2.707117
Folr1_E90_1-AGGCATTGTCCATAGT-1,3.1052542,-0.04497977
Folr1_E90_1-TGTACAGAGGGAGGTG-1,4.006878,0.096154094
Folr1_E90_1-TCAAGCATCAAATAGG-1,4.199669,-2.4925873
Folr1_E90_1-TAGTGCACAGTCAACT-1,3.1399913,0.06309296
Folr1_E90_1-ACTATTCCATCTTCGC-1,5.4624205,6.087931
Folr1_E90_1-AGGCCACGTTGAAGTA-1,2.032865,0.05066112
Folr1_E90_1-AGTACTGCAGTTCTAG-1,4.525357,6.452096
Folr1_E90_1-GGGAAGTTCGCGCTGA-1,9.169351,6.148832
Folr1_E90_1-AATAGAGTCAGGAACG-1,6.5557184,4.402206
Folr1_E90_1-AGGGAGTTCGGACCAC-1,5.520234,2.0557065
Folr1_E90_1-ACGTCCTAGGGCCCTT-1,1.9514215,0.10015415
Folr1_E90_1-TTGACCCAGACTGAGC-1,2.865364,0.7276949
Folr1_E90_1-GAGACCCTCGATACTG-1,6.292325,5.104462
Folr1_E90_1-AAACCCACAAACAGGC-1,3.5022461,-1.18909
Folr1_E90_1-ACCGTTCGTAGCGTTT-1,1.2082591,0.55748665
Folr1_E90_1-CTTTCAAGTCCAAAGG-1,5.1770296,2.3430104
Folr1_E90_1-GGAGGTAGTTGGGATG-1,3.475705,1.4939435
Folr1_E90_1-GCAGCTGCAGATACCT-1,4.7142863,2.4248204
Folr1_E90_1-TAGACCAAGCGTATAA-1,3.7846968,4.4275064
Folr1_E90_1-TTGTTGTGTTCGGGTC-1,4.4335856,0.012732426
Folr1_E90_1-GGGCTCAAGTCTGCGC-1,5.3671613,0.40813124
Folr1_E90_1-TGCGATATCGACGTCG-1,2.929323,-0.9795439
Folr1_E90_1-ACTATTCAGCAATAAC-1,3.9336956,0.12412295
Folr1_E90_1-GAGTTTGGTCTCCTGT-1,2.7434974,1.8482754
Folr1_E90_1-TGCAGGCCAGGACATG-1,2.5771444,-0.6308485
Folr1_E90_1-CCGGACAAGGATTTAG-1,3.9566755,0.9079054
Folr1_E90_1-TGGAACTCATGTGCTA-1,8.291852,3.0909286
Folr1_E90_1-GTTCGCTTCCGTTTCG-1,1.8042084,-0.11886699
Folr1_E90_1-GTCATTTTCACAACCA-1,8.103269,2.3937926
Folr1_E90_1-TTGTTCAAGGTCCCTG-1,9.939023,3.7127216
Folr1_E90_1-AACCATGAGAGAGTTT-1,4.8991346,5.9429927
Folr1_E90_1-ACGGTTAAGCTGGCCT-1,10.690839,5.4500732
Folr1_E90_1-AGACCCGCATGCCATA-1,10.8253565,6.2113
Folr1_E90_1-GTGTCCTTCAACTTTC-1,5.8879533,0.81127965
Folr1_E90_1-GACCGTGGTATACAGA-1,8.545726,3.1828268
Folr1_E90_1-GTTAGACCATCTTCGC-1,5.3718605,2.9280968
Folr1_E90_1-ACCATTTTCCGTGGCA-1,8.504608,4.0283313
Folr1_E90_1-CGCATAAAGACTACCT-1,5.731283,0.5732774
Folr1_E90_1-AGTAACCCATGATAGA-1,2.1472104,2.9321582
Folr1_E90_1-ATCCCTGCACATCATG-1,2.4968472,-1.9619616
Folr1_E90_1-AGACAAACATGCAGCC-1,3.3073525,3.1884317
Folr1_E90_1-CGAGGCTGTAGCTGCC-1,10.403867,5.5428185
Folr1_E90_1-CTAACCCTCGGTTCAA-1,2.085264,-0.27196753
Folr1_E90_1-ACGCACGGTGCTCGTG-1,5.2384815,-0.014921667
Folr1_E90_1-CTCAACCGTCGAATTC-1,10.330679,6.1690083
Folr1_E90_1-GTGATGTCATGACTAC-1,3.7869644,-0.36571106
Folr1_E90_1-GAACACTGTGACCTGC-1,4.9369254,3.531252
Folr1_E90_1-ACTATTCCAATGAGCG-1,6.075887,-0.042966142
Folr1_E90_1-TCACATTGTTGGGAAC-1,11.120678,5.2360935
Folr1_E90_1-GGGTGAACAACTTCTT-1,1.4221643,2.1015475
Folr1_E90_1-CCGGTGACAACTCGAT-1,3.166255,2.6983843
Folr1_E90_1-TAAGCACAGACGCCCT-1,9.257808,2.5870562
Folr1_E90_1-TGATCAGAGGCATCGA-1,3.170622,2.5634694
Folr1_E90_1-TGCCGAGAGCCTGCCA-1,9.13468,2.9341009
Folr1_E90_1-TTTCGATAGACCGTTT-1,8.5854,3.6256235
Folr1_E90_1-TCGCAGGTCGGCGATC-1,8.547336,3.7912474
Folr1_E90_1-AGGAATAAGTAATACG-1,2.3543136,-0.6314232
Folr1_E90_1-TGTTGAGTCGGACGTC-1,4.6497316,-2.1083422
Folr1_E90_1-TTCCTTCTCAGTCAGT-1,4.981977,4.304608
Folr1_E90_1-CGGCAGTTCTCGCGTT-1,4.995768,2.8838742
Folr1_E90_1-AGGGTCCAGACAACTA-1,9.434791,3.9870465
Folr1_E90_1-CCCATTGGTATAGGGC-1,4.903848,2.3204954
Folr1_E90_1-GAAACCTGTCAGCTTA-1,8.265286,6.265982
Folr1_E90_1-CTCATGCCAGGCTATT-1,3.7931871,-1.0322794
Folr1_E90_1-TTGGTTTGTACAAACA-1,10.223776,4.1248956
Folr1_E90_1-CCCTGATAGTAGAATC-1,6.9305563,3.326238
Folr1_E90_1-AATCGTGCAGTCTTCC-1,9.711757,2.73134
Folr1_E90_1-GAGGCAATCCTTGGAA-1,2.25307,0.43080994
Folr1_E90_1-TCAGGGCGTTCAATCG-1,3.533248,1.8730417
Folr1_E90_1-GTCACTCTCATGTCAG-1,6.721823,1.928273
Folr1_E90_1-ACTATTCTCGCCTTGT-1,5.9608727,1.792811
Folr1_E90_1-CAAGAGGCAATCCAGT-1,4.220712,-0.17132768
Folr1_E90_1-ACACGCGAGCCTCTCT-1,5.6383495,0.27182192
Folr1_E90_1-GAGGGATGTTGAGGAC-1,2.718258,2.093085
Folr1_E90_1-GGTGATTCAGTAGTTC-1,1.2326696,0.09411306
Folr1_E90_1-ACACCAATCGGCTTGG-1,2.1580548,0.80147266
Folr1_E90_1-AGACTCACAGTTGTCA-1,2.7765818,1.6347792
Folr1_E90_1-ACATCGAGTCATGACT-1,3.6324995,-1.5458655
Folr1_E90_1-ACATCCCAGAATCGAT-1,7.9892325,5.700345
Folr1_E90_1-ACAAGCTGTGATACAA-1,5.3903146,-0.68823403
Folr1_E90_1-CCACAAACATCATGAC-1,5.2067566,1.6827124
Folr1_E90_1-TTGAGTGGTTCTCGTC-1,8.2012415,5.0579524
Folr1_E90_1-ATTACTCTCGTGTTCC-1,9.267891,5.0492015
Folr1_E90_1-AGAACAACAACTACGT-1,5.1058216,1.099813
Folr1_E90_1-AGGTTACAGTTTCAGC-1,4.7944417,-1.8992509
Folr1_E90_1-CCGGTAGAGAGCAGAA-1,1.9409914,0.87552476
Folr1_E90_1-ACTCCCATCCATGAGT-1,8.300685,3.782241
Folr1_E90_1-TTACCGCCATACCATG-1,4.8773236,0.9852412
Folr1_E90_1-CGGACACTCCACTAGA-1,6.122251,3.893016
Folr1_E90_1-GTAGATCGTGACGCCT-1,4.8686237,3.2922661
Folr1_E90_1-GTCGTAAAGTGGTCAG-1,4.4852295,-0.04560969
Folr1_E90_1-TTTGACTGTACTAGCT-1,6.598308,1.0990126
Folr1_E90_1-ATGCATGCAGAAGCGT-1,2.7542067,2.8560953
Folr1_E90_1-CACTGTCAGAAGCTCG-1,2.0352218,0.08480552
Folr1_E90_1-CACTTCGGTAACTTCG-1,7.29505,3.137127
Folr1_E90_1-CTCCACAAGTATGATG-1,4.884142,0.7323262
Folr1_E90_1-CCCTAACCAAAGCAAT-1,3.913432,-2.0281396
Folr1_E90_1-TTTGGTTCAGGTACGA-1,2.8458366,1.5521587
Folr1_E90_1-TTTCGATGTTGGGCCT-1,5.8003387,0.69649017
Folr1_E90_1-TCTGCCATCTTCTGGC-1,4.2135596,4.2298207
Folr1_E90_1-CGAATTGCAGTAGAGC-1,5.774069,1.2531033
Folr1_E90_1-CACTAAGTCCGTCCTA-1,5.217997,-0.17786314
Folr1_E90_1-GGTGATTGTAGCGAGT-1,3.08506,-0.44904193
Folr1_E90_1-GGTAATCTCTGAGTCA-1,4.2525244,0.20205858
Folr1_E90_1-AGAGCAGTCTTACACT-1,8.105919,4.337368
Folr1_E90_1-TGTTTGTGTAAGATCA-1,4.818263,3.7822986
Folr1_E90_1-CATCGGGGTTGCTCAA-1,5.9012423,0.11574442
Folr1_E90_1-GAAACCTGTGAACTAA-1,6.450917,3.8553393
Folr1_E90_1-CCACGTTGTTCCCACT-1,4.5014095,2.151454
Folr1_E90_1-TCCATCGTCGAGAACG-1,3.3993225,-0.6201908
Folr1_E90_1-TGACTCCTCTCGGTCT-1,4.633063,-2.0436423
Folr1_E90_1-AATCACGAGCTGCGAA-1,6.258028,1.3625355
Folr1_E90_1-AGCGCCAGTTTACTGG-1,6.272411,2.833883
Folr1_E90_1-ACAAGCTCAACCGTAT-1,4.4809804,2.6554465
Folr1_E90_1-TGAGGGAAGTAAGGGA-1,2.4858963,1.0602692
Folr1_E90_1-GCAGTTACAACCCTCT-1,11.218744,6.066228
Folr1_E90_1-TTCTAGTCAATAACGA-1,8.478471,2.4927156
Folr1_E90_1-ATTCATCCACACACTA-1,8.341676,5.01213
Folr1_E90_1-TGGGAGACATAGTCAC-1,5.176187,1.5920728
Folr1_E90_1-TACACCCTCCCGAACG-1,1.7699077,0.35502967
Folr1_E90_1-GTCGTAAGTGAGACCA-1,6.1443725,0.96177703
Folr1_E90_1-TCTGCCAGTAATCAAG-1,6.3804255,4.2759156
Folr1_E90_1-GATTCTTAGTTATGGA-1,6.18288,4.847094
Folr1_E90_1-GGACGTCCAGTGGTGA-1,10.730764,5.8483944
Folr1_E90_1-CGTAGTAAGAACGCGT-1,3.8040302,-1.4467118
Folr1_E90_1-AATGCCAAGGGTCTTT-1,6.152747,4.137555
Folr1_E90_1-GATTCTTGTTTGTTGG-1,3.5379574,3.6770954
Folr1_E90_1-TCCTTTCTCGACATTG-1,0.4292183,0.10742795
Folr1_E90_1-AATCGACCATTGAGCT-1,10.304094,4.450372
Folr1_E90_1-TAAGTCGGTAATCAAG-1,4.857848,0.91848856
Folr1_E90_1-TTCCGGTGTTGCTCCT-1,6.4701915,3.7329197
Folr1_E90_1-CCACGTTGTAGAGATT-1,4.543182,-1.864953
Folr1_E90_1-ACACTGACAGTTGTTG-1,4.1209445,-1.6600459
Folr1_E90_1-TTGGGCGGTTAAGACA-1,4.9981956,-2.0341167
Folr1_E90_1-TGCCGAGGTCTGTAAC-1,9.919325,3.8741353
Folr1_E90_1-AACAGGGCATGCGTGC-1,9.615219,5.881576
Folr1_E90_1-CGGGTGTAGCCTGCCA-1,5.059992,-0.88423246
Folr1_E90_1-AGGCCACAGATGAAGG-1,7.8939238,3.811614
Folr1_E90_1-GAAGCGACAATGGGTG-1,5.046604,2.347374
Folr1_E90_1-TCTTCCTAGAGCAAGA-1,11.150877,5.935121
Folr1_E90_1-CATTTCAAGGGTCACA-1,5.924594,-0.013393059
Folr1_E90_1-GAGGGATCAGATCACT-1,4.152684,3.7734082
Folr1_E90_1-AAGTACCGTGTCATGT-1,2.480739,0.31686106
Folr1_E90_1-AAAGAACTCTAGGCAT-1,4.881054,4.1423106
Folr1_E90_1-TCAGCAAGTCCTGTCT-1,7.405097,0.3124052
Folr1_E90_1-AGTACTGCACCCTCTA-1,4.5935316,5.7319126
Folr1_E90_1-CTTCCTTGTGGTAACG-1,4.029731,-0.22217895
Folr1_E90_1-CGGTCAGCATCTCCCA-1,3.1160738,0.12666109
Folr1_E90_1-CAGTGCGTCACCGACG-1,1.0633526,0.42912892
Folr1_E90_1-ATTCCATTCTGAGCAT-1,8.859511,2.4831483
Folr1_E90_1-CGCGTGAGTCCAGTTA-1,6.1967134,0.98481035
Folr1_E90_1-GTGCACGTCGACTCCT-1,4.4151134,4.6891956
Folr1_E90_1-CGAGAAGAGGGTCAAC-1,6.3167963,1.4952469
Folr1_E90_1-CTTCGGTGTACAAGTA-1,11.334282,6.268565
Folr1_E90_1-CTAGGTAGTAATCAGA-1,4.820105,1.5609399
Folr1_E90_1-TATGTTCGTCGTATGT-1,2.2306714,4.366748
Folr1_E90_1-TGGAGAGGTAGGAGTC-1,10.4653,4.612627
Folr1_E90_1-TCAGTGAAGACTTAAG-1,6.9937477,1.8195626
Folr1_E90_1-TGGCGTGAGACAACAT-1,4.4501915,-0.15712088
Folr1_E90_1-GCAACCGAGTCCGCCA-1,4.361459,4.828931
Folr1_E90_1-AGACCATGTCTTGGTA-1,4.7744703,3.438473
Folr1_E90_1-AGACCATCAGATTAAG-1,10.088299,5.4590225
Folr1_E90_1-CCGAACGGTGAATTGA-1,3.3498268,-1.675648
Folr1_E90_1-CTTTCGGCATTAGGAA-1,3.671421,-2.5456777
Folr1_E90_1-TGGATGTTCTAGCCAA-1,6.5498676,2.4898045
Folr1_E90_1-TCCATGCGTTCCGCGA-1,6.6050205,4.349644
Folr1_E90_1-ACCTGAACACCCTGAG-1,4.561301,0.09647741
Folr1_E90_1-GTAGCTAGTTGCAACT-1,3.9298394,-1.1484479
Folr1_E90_1-CTTGATTAGGGTGGGA-1,1.6465925,2.263712
Folr1_E90_1-TCAGTTTAGCAGGGAG-1,8.860982,3.8612788
Folr1_E90_1-TGGGATTTCAATGTCG-1,9.916633,3.2275884
Folr1_E90_1-CGGTCAGGTCAGTTTG-1,4.64923,2.6908221
Folr1_E90_1-GCCATGGTCAATGCAC-1,1.2263627,0.456047
Folr1_E90_1-AACTTCTTCTTCTTCC-1,4.8780966,1.3741798
Folr1_E90_1-GGCAGTCCAAAGTGTA-1,4.0368137,-1.2701576
Folr1_E90_1-GCTTGGGGTGGCTCTG-1,3.501508,-0.97933584
Folr1_E90_1-AGCGCTGAGCAGTCTT-1,4.540024,-2.1196167
Folr1_E90_1-AGCATCAGTTCGGTCG-1,3.8339534,-0.7211026
Folr1_E90_1-TATCAGGTCGTTGTAG-1,7.8898096,3.5674436
Folr1_E90_1-CCACGTTCATCCTATT-1,5.90932,3.864346
Folr1_E90_1-GTTGTCCAGCTCGACC-1,6.830721,0.58462465
Folr1_E90_1-TTGAACGTCGAAGCCC-1,6.939496,1.5816456
Folr1_E90_1-AGTCTCCAGACGGTTG-1,4.1367784,1.7717851
Folr1_E90_1-ATTCCTATCGCCTTTG-1,9.152656,3.2315817
Folr1_E90_1-CCGGTGACAAGCCATT-1,5.7019396,2.7673397
Folr1_E90_1-ACTGCAACATAGGTAA-1,3.3347886,-1.0821118
Folr1_E90_1-CTTCTAACAGGTGGAT-1,9.155583,4.281707
Folr1_E90_1-TTACAGGCAGTGTGCC-1,3.943092,3.6823525
Folr1_E90_1-GTAGAAAGTACCGGCT-1,2.4356055,2.980075
Folr1_E90_1-AGCTTCCGTTGGTAGG-1,6.5650496,2.0091548
Folr1_E90_1-TCGTAGAAGAAACACT-1,2.6891277,-0.92184585
Folr1_E90_1-AATCACGCATTCACCC-1,8.779314,3.3745813
Folr1_E90_1-ATTGTTCAGTAATACG-1,9.544685,3.0499492
Folr1_E90_1-ACCCAAAGTGTATTCG-1,10.153995,4.1272516
Folr1_E90_1-GGGTCACCAAAGTATG-1,4.8571506,1.1853385
Folr1_E90_1-CACTTCGTCGACGACC-1,3.0653493,-0.082408115
Folr1_E90_1-GGGTAGAGTATAATGG-1,10.07282,4.8185244
Folr1_E90_1-AAGGTAATCCGATGTA-1,6.952991,3.3376436
Folr1_E90_1-GTATTGGCAACTTGCA-1,3.9638658,4.948003
Folr1_E90_1-TGCATCCTCTCTGAGA-1,10.48601,4.4733305
Folr1_E90_1-GGATGTTAGTGATGGC-1,5.510107,1.3607798
Folr1_E90_1-GCCGTGAGTCTTGGTA-1,3.641821,5.2791677
Folr1_E90_1-ATGATCGAGCAAGGAA-1,5.0068955,1.4042455
Folr1_E90_1-TTTGGAGAGTATGACA-1,6.5823126,1.5903492
Folr1_E90_1-CACGTGGGTACTGCGC-1,4.861047,-1.8863994
Folr1_E90_1-GATTCGATCAACTTTC-1,3.6278803,0.20908564
Folr1_E90_1-CACTGTCTCCGATTAG-1,6.1650486,0.83048016
Folr1_E90_1-TTACGCCAGTGCAGGT-1,5.6335917,5.700264
Folr1_E90_1-GTGCAGCAGGACGCAT-1,4.6080766,-0.030324966
Folr1_E90_1-TATTGCTAGGTACTGG-1,9.978875,4.9407887
Folr1_E90_1-GTTACCCAGTTGTAGA-1,3.3064396,1.4085732
Folr1_E90_1-GAAGGACCATTGTACG-1,2.8286662,5.9447613
Folr1_E90_1-TCATCATAGGGAACAA-1,7.307337,3.8749514
Folr1_E90_1-TCCTTCTTCAATCCGA-1,5.4255795,1.4040741
Folr1_E90_1-GGTAGAGAGGCCCAAA-1,3.3321364,2.920642
Folr1_E90_1-ACCACAACAACTACGT-1,5.1093607,1.882507
Folr1_E90_1-CAGCGTGCAGCCATTA-1,4.8935075,4.9138274
Folr1_E90_1-TTTACGTAGCACGATG-1,5.7681646,-0.2756428
Folr1_E90_1-GTCGCGATCGCCAACG-1,5.7407393,1.8631759
Folr1_E90_1-TGTAGACAGTGCGACA-1,7.905979,4.969782
Folr1_E90_1-CCGATCTTCAGTGTTG-1,5.4618154,0.67596513
Folr1_E90_1-GACCCAGAGCATGGGT-1,5.783584,1.7127995
Folr1_E90_1-GGGTATTCATAGTCAC-1,3.5058544,-2.9515588
Folr1_E90_1-GGTAACTAGCCACCGT-1,5.6632648,-0.39538267
Folr1_E90_1-CAGATACGTGTTCCTC-1,3.2143986,2.2171552
Folr1_E90_1-TCGCTCATCATCACTT-1,5.7246475,2.023066
Folr1_E90_1-GTGTGATCATGTTTGG-1,3.7677479,-0.7223638
Folr1_E90_1-TTGTTTGAGAGCATAT-1,6.581595,1.6870145
Folr1_E90_1-TTACGCCAGTCATGAA-1,4.9241595,4.1367235
Folr1_E90_1-TACGGTAGTACGAGTG-1,3.1340547,4.7378263
Folr1_E90_1-CCATAAGTCCCTATTA-1,9.83268,5.3923507
Folr1_E90_1-CAGATTGGTCCATCTC-1,9.156531,2.9551814
Folr1_E90_1-GGGCTCATCAAGCTGT-1,4.761,5.395734
Folr1_E90_1-GGAGCAAAGGATGTTA-1,5.3521714,4.2424817
Folr1_E90_1-TCGTCCATCACTAGCA-1,4.6908298,-0.14259596
Folr1_E90_1-AGTCAACGTATGAAGT-1,3.8091676,-0.2391558
Folr1_E90_1-TCATCCGGTTACCCTC-1,5.05622,5.4947476
Folr1_E90_1-TCCCAGTCAAACACGG-1,2.6513207,0.8942205
Folr1_E90_1-TCATGAGGTATATGGA-1,4.946214,2.0903926
Folr1_E90_1-TGTTACTGTCGGAAAC-1,4.214318,0.09826323
Folr1_E90_1-CGTAATGGTCCAAATC-1,5.913185,2.2482324
Folr1_E90_1-GGGTATTTCGCCAACG-1,9.993089,5.8650384
Folr1_E90_1-TGCTCCAAGCGAATGC-1,9.234295,4.5359354
Folr1_E90_1-ACAACCAAGTAGGATT-1,10.758606,6.1324778
Folr1_E90_1-TGTGATGTCGACGATT-1,5.802155,0.71454114
Folr1_E90_1-GCTGCAGAGATCCCGC-1,10.032489,5.3375225
Folr1_E90_1-CCGGTGACACCAGTTA-1,4.8717117,-0.9959388
Folr1_E90_1-GCAGGCTAGAGCCGTA-1,6.366573,2.5786226
Folr1_E90_1-GTTACGACAAGATCCT-1,1.6455395,1.0557245
Folr1_E90_1-TCCTTTCAGACGACGT-1,6.3389916,-0.043095853
Folr1_E90_1-GTTGTAGAGGGCTGAT-1,6.11092,4.458278
Folr1_E90_1-ACCCTCATCCCTAGGG-1,4.167424,0.99886656
Folr1_E90_1-GCCTGTTAGTCTAACC-1,6.5472317,1.7265556
Folr1_E90_1-ATGACCATCTGGGCGT-1,10.77525,5.635265
Folr1_E90_1-TCATATCAGGTTACCT-1,5.602572,2.4230628
Folr1_E90_1-CATTGAGCACTTGACA-1,9.636538,4.851846
Folr1_E90_1-GTAGGTTTCTCGGTAA-1,5.335516,0.88367236
Folr1_E90_1-ATCCATTAGGAGCTGT-1,3.0312095,2.6984842
Folr1_E90_1-AATGGAAAGACTACGG-1,3.5516105,3.0834203
Folr1_E90_1-GGGCGTTGTTACACTG-1,7.4032087,2.6092186
Folr1_E90_1-GGTAACTGTGGGTTGA-1,6.2425156,-0.13869019
Folr1_E90_1-GACGTTAGTAAGCTCT-1,6.6405435,1.5524976
Folr1_E90_1-ACAAGCTAGCCTGTGC-1,7.945754,2.503487
Folr1_E90_1-ACAAGCTCAACACGTT-1,9.052464,2.547059
Folr1_E90_1-CTCTCGATCGGTCATA-1,8.220399,4.690513
Folr1_E90_1-ATTCTTGGTCTTGAAC-1,2.2149997,0.4845399
Folr1_E90_1-CCTAACCAGGGATCAC-1,3.5200484,0.16817027
Folr1_E90_1-CTTGATTGTGGATTTC-1,9.985686,4.1582575
Folr1_E90_1-AACCACAAGTGGCGAT-1,5.034626,-1.6515118
Folr1_E90_1-GATAGCTTCCCTCAAC-1,10.463875,5.112356
Folr1_E90_1-CGCGTGAGTCGAGTGA-1,5.045467,3.3203356
Folr1_E90_1-TATCTGTTCCTACGGG-1,2.9927132,4.7650557
Folr1_E90_1-CACTGGGAGGGTGGGA-1,7.364065,4.0039334
Folr1_E90_1-TCATACTCAAACTGCT-1,5.3796635,-0.99419165
Folr1_E90_1-AGCTACAAGGGTTGCA-1,4.5212803,1.8751961
Folr1_E90_1-GTGAGTTCATGAGGGT-1,9.611258,4.2476945
Folr1_E90_1-GTTAGTGCACGTCATA-1,6.262006,1.7864069
Folr1_E90_1-CCGTTCAAGTGTTGAA-1,0.5006399,0.036623165
Folr1_E90_1-GTGCAGCTCGCCAGAC-1,9.98418,5.606216
Folr1_E90_1-CTTGAGAAGGTAGTAT-1,6.572003,0.046009324
Folr1_E90_1-GGGTTATTCTAGATCG-1,10.715017,5.534304
Folr1_E90_1-CTAGGTACAAAGACGC-1,8.423868,4.550069
Folr1_E90_1-CTATCCGCACCGTACG-1,4.983066,5.4526997
Folr1_E90_1-TGATTCTTCCGATTAG-1,8.402292,2.643914
Folr1_E90_1-CCGGGTAGTAGATTGA-1,7.2582097,2.664594
Folr1_E90_1-ACTTCCGCATCCCGTT-1,4.8228445,0.39458555
Folr1_E90_1-CTTCCTTAGACGGTTG-1,8.782016,4.203842
Folr1_E90_1-ATGAAAGCAAGAGAGA-1,4.7603726,1.5094202
Folr1_E90_1-CGTTGGGGTTCCTAGA-1,6.96866,1.2082311
Folr1_E90_1-TACCGGGCAGGAAGTC-1,4.387104,4.9948597
Folr1_E90_1-GTTAGACCAGCAGTAG-1,6.5192733,1.6462917
Folr1_E90_1-GGTGTTACAAGAAATC-1,7.5030622,2.7614698
Folr1_E90_1-GGCGTCAAGGTACAGC-1,8.618209,4.3680787
Folr1_E90_1-GAGAAATAGATTGATG-1,4.50552,-0.2712735
Folr1_E90_1-TCGACCTTCCTCGATC-1,10.02384,4.060511
Folr1_E90_1-CATGCCTGTCGGTACC-1,5.8348565,2.622616
Folr1_E90_1-TGATGGTGTCGCATTA-1,4.413288,3.7085893
Folr1_E90_1-CATTCTACAGCGACCT-1,9.993726,3.778642
Folr1_E90_1-TCCGATCTCTCGCTTG-1,9.027841,3.3279016
Folr1_E90_1-GGGCGTTTCAAAGCCT-1,9.701006,2.9366643
Folr1_E90_1-TCTCTGGGTACATACC-1,3.9036026,1.5495907
Folr1_E90_1-TCCCATGCAGACAAGC-1,3.544345,2.8819125
Folr1_E90_1-GTTGTAGAGGATGCGT-1,8.225292,3.106444
Folr1_E90_1-ATGGAGGGTGCGTCGT-1,8.936391,5.2516537
Folr1_E90_1-AGATCGTGTGCCGTTG-1,9.711861,3.5380394
Folr1_E90_1-CGTAATGGTAACGTTC-1,3.9167514,0.70527464
Folr1_E90_1-AGTTCGATCTCGGTCT-1,7.45598,1.9622991
Folr1_E90_1-CAAGACTTCGCAATTG-1,6.7112803,5.209144
Folr1_E90_1-CTGTGAATCTCTCGAC-1,5.6103487,4.188631
Folr1_E90_1-AGCGTATAGTTACGAA-1,4.886194,3.2487466
Folr1_E90_1-GTCCACTGTCCGATCG-1,4.8235164,4.6518636
Folr1_E90_1-CTTGAGAAGGTGCTAG-1,10.33251,4.753179
Folr1_E90_1-CACTTCGTCCATAAGC-1,2.4270222,0.90112287
Folr1_E90_1-GATGACTGTCCGGACT-1,6.6828847,2.5543468
Folr1_E90_1-TGTGTGACACCGGTCA-1,8.092499,5.404796
Folr1_E90_1-GTACAGTAGTGAGGTC-1,2.7270591,1.9720906
Folr1_E90_1-TGCGGGTAGACTAGAT-1,2.0295572,0.9494424
Folr1_E90_1-CACGTGGGTGTTACTG-1,5.2197165,3.6891787
Folr1_E90_1-GATGCTAAGGAACATT-1,5.825739,0.7282882
Folr1_E90_1-GCTTGGGCACCATAAC-1,8.941456,2.8630834
Folr1_E90_1-GGTGAAGCAACACAGG-1,5.9914594,1.2342023
Folr1_E90_1-ACTATGGTCCGTATAG-1,4.8802347,3.6877491
Folr1_E90_1-TACACCCAGCGAATGC-1,7.806262,2.838974
Folr1_E90_1-CCTGCATAGCCATTTG-1,0.6021575,3.2300973
Folr1_E90_1-ATTATCCAGTGAGTGC-1,4.0490212,4.674191
Folr1_E90_1-GGGCGTTTCTCTAGGA-1,7.9876966,3.8677025
Folr1_E90_1-CTTTCAACATACTTTC-1,4.817445,1.7735518
Folr1_E90_1-GCCATGGCAATAGTCC-1,4.966245,6.1123157
Folr1_E90_1-TCATACTGTCTACATG-1,10.494061,5.784775
Folr1_E90_1-CTAAGTGCACGATAGG-1,6.2516994,1.7127159
Folr1_E90_1-CACGTTCGTGCTGCAC-1,4.408205,5.955913
Folr1_E90_1-TGTTTGTGTAACGGTG-1,6.3770547,-0.23804908
Folr1_E90_1-CGGGTGTGTGATACCT-1,5.97206,1.5206305
Folr1_E90_1-GGTGAAGGTCATTCCC-1,8.943003,4.755188
Folr1_E90_1-AGGCATTAGGCTTCCG-1,8.689328,3.3429732
Folr1_E90_1-ACGTCCTAGAATGTTG-1,4.68714,-1.5226405
Folr1_E90_1-TGTGTGAAGTTCCGTA-1,4.315151,2.5405495
Folr1_E90_1-TATCTTGGTTCTGAGT-1,3.3032753,5.3005724
Folr1_E90_1-ACTTTCAAGTCACGCC-1,4.019668,5.8578076
Folr1_E90_1-GGAACCCCAGACACCC-1,5.919417,1.4709367
Folr1_E90_1-AGAGCCCTCTGGCTGG-1,6.724041,0.9472756
Folr1_E90_1-CACGGGTCAAAGAACT-1,6.222804,3.359189
Folr1_E90_1-GACTCAAGTTAAGAAC-1,4.602704,6.1967993
Folr1_E90_1-CTTCCTTAGACTCGAG-1,4.8550167,-0.63059306
Folr1_E90_1-TTACAGGGTAAGGAGA-1,5.95224,3.8789866
Folr1_E90_1-CATCCGTAGCTCGTGC-1,8.287039,6.2076726
Folr1_E90_1-CTACCCAAGTCGCCAC-1,5.123625,0.5646762
Folr1_E90_1-AAACGCTCAGTGCCTG-1,4.4001637,6.341775
Folr1_E90_1-CTAGACATCTCCTACG-1,5.8841186,5.7068324
Folr1_E90_1-TCTATACTCTGGCCGA-1,3.5755944,4.699998
Folr1_E90_1-TGGGATTCAACCGATT-1,6.419066,0.081262745
Folr1_E90_1-TAGAGTCTCAGGTGTT-1,2.532787,3.698149
Folr1_E90_1-TGAGGGACACATGGTT-1,4.5298057,5.3188286
Folr1_E90_1-CGATCGGTCACCTGGG-1,5.04946,0.48350546
Folr1_E90_1-TCTCACGGTCGGATTT-1,7.075508,3.51093
Folr1_E90_1-TGCACGGTCGGCTGAC-1,9.276175,4.836357
Folr1_E90_1-CTTCTCTTCCCATTTA-1,7.035564,4.4595137
Folr1_E90_1-CATTGTTTCCATTGGA-1,3.768017,1.831361
Folr1_E90_1-TAGAGTCTCAAGTGTC-1,4.488129,4.8866243
Folr1_E90_1-AGATCCATCTGGACCG-1,8.457592,3.0934021
Folr1_E90_1-CGAGTGCCAGCGTGAA-1,4.6725698,4.771131
Folr1_E90_1-AGGGAGTAGGCTCACC-1,3.907286,3.9860938
Folr1_E90_1-TGCGGGTGTAACGTTC-1,-0.8305773,1.9033096
Folr1_E90_1-TCAGTCCTCTCAGGCG-1,4.3960648,4.654416
Folr1_E90_1-TGGGTTACAAATACGA-1,8.559086,2.657231
Folr1_E90_1-TGTTGGATCTTTCGAT-1,6.0789504,3.7827668
Folr1_E90_1-TCGGGTGGTCAGCTTA-1,4.1842003,-0.4448191
Folr1_E90_1-AGGAATAAGACGACTG-1,4.4945526,3.2588263
Folr1_E90_1-GCCATTCCAGGTACGA-1,6.671893,2.1967952
Folr1_E90_1-TAAGCGTTCTGGCCAG-1,5.1362047,2.0701842
Folr1_E90_1-AAAGAACCAATCCTTT-1,4.929026,4.3649225
Folr1_E90_1-AGCGCCAGTTCTTGTT-1,8.393763,2.3779514
Folr1_E90_1-CACAGGCCAATGGCCC-1,7.7107973,2.8918731
Folr1_E90_1-TCGAAGTGTAGATCGG-1,8.472015,4.31485
Folr1_E90_1-GGACGTCTCAGGACAG-1,9.954428,4.0786114
Folr1_E90_1-CAAGACTAGCTGAAGC-1,6.218944,0.64160657
Folr1_E90_1-TCTTAGTCATACAGGG-1,5.724133,4.113645
Folr1_E90_1-CCGCAAGAGTGGGAAA-1,7.300336,2.1045115
Folr1_E90_1-ATGAGTCGTCTACATG-1,6.351213,1.4395103
Folr1_E90_1-TCCTCGATCCTCCACA-1,6.7713447,0.7045289
Folr1_E90_1-CTGTGAAAGACTTCAC-1,5.8205776,1.9806633
Folr1_E90_1-GTAATGCTCAATGTCG-1,6.896967,0.26903594
Folr1_E90_1-ATGACCATCATGAAAG-1,4.6328015,1.7510486
Folr1_E90_1-AAAGTCCCAGAGGCTA-1,6.574699,2.77847
Folr1_E90_1-TTTGACTTCAGACCTA-1,6.7751737,1.808221
Folr1_E90_1-GGCTTGGCAACGGCTC-1,7.3545656,3.9890213
Folr1_E90_1-AACCACATCCCGAGTG-1,7.893638,2.4487002
Folr1_E90_1-AGCGTCGCACTTGGGC-1,7.9563375,5.004528
Folr1_E90_1-TCATTACTCACTCCGT-1,5.465456,3.5949774
Folr1_E90_1-CAACGGCGTCGCGGTT-1,6.6311812,1.770134
Folr1_E90_1-ATTCCATCACAAGTTC-1,7.0911207,2.4995773
Folr1_E90_1-CTTCAATGTGACTATC-1,5.5446463,-0.955966
Folr1_E90_1-ATCACAGTCGAGTTGT-1,7.4758186,2.9384484
Folr1_E90_1-CAAAGAACATCGATCA-1,6.027347,-0.24483304
Folr1_E90_1-GGGTTATTCAGACAAA-1,5.2230854,6.5119157
Folr1_E90_2-GTGGAGAAGCACCGTC-2,6.9446135,5.1319747
Folr1_E90_2-ATGGGTTAGTTGGCTT-2,8.0917635,3.4702017
Folr1_E90_2-CCCTGATCACTCCCTA-2,3.8176403,0.28712052
Folr1_E90_2-TTCTAACGTGAACCGA-2,3.8491313,4.3048415
Folr1_E90_2-ACGGTCGTCCTGCCAT-2,3.6504056,0.5941305
Folr1_E90_2-GTTTACTCAGCTTCCT-2,5.97706,6.0040436
Folr1_E90_2-GTCGCGACAGACACCC-2,8.478213,4.4849215
Folr1_E90_2-GGTGTTAAGGTCTTTG-2,1.6908767,1.2509646
Folr1_E90_2-CAGGCCAGTGATTCTG-2,1.0136929,2.392225
Folr1_E90_2-TTTACTGGTGACTGTT-2,3.7024977,-2.5862072
Folr1_E90_2-TAGGTACCACGGGCTT-2,5.5917144,6.2986712
Folr1_E90_2-GTTAGTGGTTATCTTC-2,8.406955,6.107964
Folr1_E90_2-AATAGAGCAGGAATAT-2,3.5054717,0.48610973
Folr1_E90_2-TCCCAGTCAGCAATTC-2,10.278075,3.4720483
Folr1_E90_2-CACCAAACATAGATGA-2,7.34811,1.8213692
Folr1_E90_2-TTGACCCTCTCACTCG-2,6.718346,4.321591
Folr1_E90_2-TTCTAACCATCCGATA-2,4.745846,2.811361
Folr1_E90_2-CTTCCTTCAGACAATA-2,8.632706,2.1011877
Folr1_E90_2-AACCTGAAGGTTATAG-2,9.895817,4.124132
Folr1_E90_2-TCCCACACAACCTAAC-2,3.1225233,1.2655492
Folr1_E90_2-GAAGCCCCATCTCAAG-2,2.2510207,2.2567346
Folr1_E90_2-AGACAAAGTCTGTGTA-2,4.4127803,1.9676552
Folr1_E90_2-CGGAATTAGCGCTGCT-2,9.382866,3.4015565
Folr1_E90_2-TTCCTTCCAAGTAGTA-2,3.827722,2.3026028
Folr1_E90_2-CGAAGGAGTTACACTG-2,8.520696,6.8304906
Folr1_E90_2-CGGAATTGTTTCGGCG-2,1.6599287,1.5193822
Folr1_E90_2-TCAATCTCAATGCAAA-2,7.6033754,6.5125294
Folr1_E90_2-TAATTCCTCGTGTGGC-2,11.042784,5.8860097
Folr1_E90_2-AGATGCTCAAGACTGG-2,5.169725,5.071487
Folr1_E90_2-TCCTCCCGTTACCTTT-2,1.4620535,3.3847358
Folr1_E90_2-CACGTGGAGCTCTATG-2,4.208455,1.5532998
Folr1_E90_2-ACTTCCGAGAGAGTGA-2,9.296752,3.883762
Folr1_E90_2-CTCCACATCACAAGAA-2,2.4997494,-0.8720018
Folr1_E90_2-AGTCAACCATTCCTCG-2,6.653505,7.215374
Folr1_E90_2-AAAGTCCCAGGCTATT-2,5.1032286,1.7851391
Folr1_E90_2-TCAGTCCAGCAATTAG-2,2.8858855,-0.0199487
Folr1_E90_2-TCCATGCTCTGTAACG-2,9.022738,3.3465478
Folr1_E90_2-ACGTTCCTCTACCACC-2,4.771491,5.3119497
Folr1_E90_2-TAATTCCAGCATTTGC-2,4.036998,4.560501
Folr1_E90_2-TGATTTCGTCATAGTC-2,4.322021,-0.5541369
Folr1_E90_2-GCATGATAGGTCACAG-2,4.3718085,-0.97298443
Folr1_E90_2-AAGGTAAGTGCTAGCC-2,4.241444,2.7091315
Folr1_E90_2-CTTCTCTGTTAAGTCC-2,6.152215,-1.0484138
Folr1_E90_2-TCAATTCAGCGGGTTA-2,3.9435053,3.602174
Folr1_E90_2-AAGTGAAAGAGGTGCT-2,2.4189522,0.15707068
Folr1_E90_2-GTAATGCTCAAAGAAC-2,9.044231,3.0242064
Folr1_E90_2-GAGCCTGTCAGGACAG-2,6.291259,5.970901
Folr1_E90_2-CTACATTAGGTTGTTC-2,5.1489563,5.9445276
Folr1_E90_2-GTCGAATAGGTAGTAT-2,3.2451372,1.8179605
Folr1_E90_2-GCAGGCTAGGAGATAG-2,3.5024314,3.4856436
Folr1_E90_2-CAGATACCACCGTACG-2,6.3096113,2.3474264
Folr1_E90_2-CTTTCGGGTGCCCTTT-2,5.483498,5.0625553
Folr1_E90_2-TCCGTGTTCGCTGTCT-2,10.359818,6.602999
Folr1_E90_2-CCCTCAATCCCGTTGT-2,2.550299,3.7776022
Folr1_E90_2-TCGAACAGTCGCTTAA-2,3.874521,1.9999373
Folr1_E90_2-AGGTAGGTCGGCTTCT-2,3.9613888,-0.9590938
Folr1_E90_2-GGGTTTATCTTGAGCA-2,4.292095,-1.190649
Folr1_E90_2-TGATCAGTCATCCTAT-2,2.793511,0.36389494
Folr1_E90_2-GCTACCTCAGGCACTC-2,7.489397,2.5115895
Folr1_E90_2-CGTAGTACAGTGACCC-2,4.2836466,1.3309288
Folr1_E90_2-ACCTGAATCTGCCTGT-2,8.040785,4.115732
Folr1_E90_2-ATGCCTCTCCATCACC-2,2.0795867,1.8131372
Folr1_E90_2-TAGATCGTCAATCGGT-2,6.98844,0.21430226
Folr1_E90_2-CGGGCATAGAATTCAG-2,2.9712853,1.4164184
Folr1_E90_2-TACTTGTCATTGTCGA-2,6.314846,5.593538
Folr1_E90_2-CAGATACAGCCGTTGC-2,8.989105,2.730218
Folr1_E90_2-CAATACGTCGCACGGT-2,9.7022505,3.691989
Folr1_E90_2-CTGGACGAGAAGTATC-2,2.1060424,0.01347302
Folr1_E90_2-GGAAGTGAGTAGGTTA-2,6.9495864,5.253115
Folr1_E90_2-TCTGTCGGTAACAGTA-2,9.061392,3.8056757
Folr1_E90_2-ACGTACATCTAGCCAA-2,4.8822384,0.041933898
Folr1_E90_2-GTCGAATGTTGGCCTG-2,7.6100163,3.4271762
Folr1_E90_2-ATCCACCAGAGAGTTT-2,9.1168375,3.2693794
Folr1_E90_2-GTTATGGTCTGCATGA-2,2.1914845,1.2637981
Folr1_E90_2-TCCCATGCAAGAATGT-2,4.601683,0.12563404
Folr1_E90_2-AGTACCAGTAGCTTAC-2,8.255275,6.76544
Folr1_E90_2-CCCTAACTCCACACAA-2,8.052713,3.9024396
Folr1_E90_2-ATTCGTTCATTCTCCG-2,6.7837133,2.5852847
Folr1_E90_2-AGTTAGCGTGTCGCTG-2,9.63771,3.5699382
Folr1_E90_2-TCTACATCACGTCATA-2,2.5644639,1.548704
Folr1_E90_2-CGGACACCAAGGGCAT-2,4.63104,5.608478
Folr1_E90_2-CAAGACTTCGCACGGT-2,3.6165822,-0.21183515
Folr1_E90_2-ACGTAGTCACGGGCTT-2,3.5688648,-0.028147629
Folr1_E90_2-CTTGAGAAGACGCAGT-2,3.5070179,2.2993045
Folr1_E90_2-TGAGACTTCTTCCAGC-2,2.1718316,4.3109536
Folr1_E90_2-CATTGAGCATCTCGTC-2,10.933228,5.9459305
Folr1_E90_2-TTACCATGTCCACTCT-2,7.9007664,3.1448593
Folr1_E90_2-CCGTTCATCTACTATC-2,3.4475484,-1.082041
Folr1_E90_2-TCAGTCCAGCAGGTCA-2,7.7952256,2.6229117
Folr1_E90_2-TTCCTCTAGGCTTTCA-2,1.7833244,3.1937916
Folr1_E90_2-GATTCGAGTCATATGC-2,7.2456913,3.3776503
Folr1_E90_2-AGGGCCTAGGGCAACT-2,2.243131,1.2907594
Folr1_E90_2-CGGGACTTCACCCTCA-2,3.6126149,2.6306694
Folr1_E90_2-TGTTACTAGCGTTACT-2,4.402849,5.987634
Folr1_E90_2-TCACAAGCAGTGTGGA-2,5.3485017,4.544924
Folr1_E90_2-CTCCTCCCACGCTGAC-2,1.6190401,1.8946732
Folr1_E90_2-GGGACCTAGCGCCTTG-2,2.7821956,0.49742663
Folr1_E90_2-TGGTACATCGAGAGCA-2,2.6581163,-0.040904365
Folr1_E90_2-AACCACATCACCATGA-2,5.9372697,3.2118778
Folr1_E90_2-GTAATCGAGGCGTTAG-2,4.5141177,0.7170342
Folr1_E90_2-TGTAGACCAAGGATGC-2,9.569898,3.8158288
Folr1_E90_2-GCAGGCTGTTTGCCGG-2,2.694326,-0.5137768
Folr1_E90_2-CTAGGTAGTCCAGAAG-2,2.7687647,3.7334054
Folr1_E90_2-ACATCGACACTGCATA-2,8.16518,4.1059265
Folr1_E90_2-AAAGGATGTCACAATC-2,6.8667164,2.209904
Folr1_E90_2-TTCCTTCCAGTTCCAA-2,10.922015,6.4503756
Folr1_E90_2-CCTAAGATCCGATTAG-2,3.4053564,0.7321924
Folr1_E90_2-CATTTCATCCTCACGT-2,8.246841,3.8331246
Folr1_E90_2-CCGGACATCACTACTT-2,2.2232406,1.2115445
Folr1_E90_2-AACCTTTAGGGCAGGA-2,8.426887,2.9341326
Folr1_E90_2-TTACAGGCACGCTGCA-2,6.0727882,0.8414609
Folr1_E90_2-TCTGGCTGTCGAGTTT-2,4.2396684,3.8222623
Folr1_E90_2-GAAGAATGTTAATCGC-2,4.3057375,1.486381
Folr1_E90_2-AATGACCAGCACTTTG-2,6.2574725,2.164989
Folr1_E90_2-ACATGCATCATAAGGA-2,4.0565233,-1.0311213
Folr1_E90_2-CTCATTATCTCACCCA-2,10.269363,6.6789193
Folr1_E90_2-TTACGCCAGCTAATCC-2,6.164828,2.1965146
Folr1_E90_2-AGTAGTCTCATCGCCT-2,3.6555808,4.4415193
Folr1_E90_2-CGTGATACATTGTCGA-2,10.513811,4.992057
Folr1_E90_2-CACAACATCGGAGTAG-2,2.8180737,0.9925671
Folr1_E90_2-ATTGGGTAGGGTAATT-2,4.506204,-0.7463743
Folr1_E90_2-CCGATGGCACTACCGG-2,4.169576,1.1791748
Folr1_E90_2-CAACGATGTTCTCTAT-2,3.024146,0.06493785
Folr1_E90_2-CACCAAAGTCACTTCC-2,10.5224905,5.115331
Folr1_E90_2-GCAACCGTCTTCCTAA-2,10.177473,4.3444724
Folr1_E90_2-TAAGCCAGTGGATGAC-2,5.118866,1.9581436
Folr1_E90_2-GATCCCTCAGGTAGTG-2,2.016831,-0.3476776
Folr1_E90_2-AGCGTATCACAAACGG-2,9.64301,3.825009
Folr1_E90_2-GAGTTTGTCGATTTCT-2,4.856033,-0.32099056
Folr1_E90_2-CTGGACGCAGCAGTCC-2,1.9844806,3.551371
Folr1_E90_2-AGTGATCGTGCCTAAT-2,5.8895764,1.8050241
Folr1_E90_2-AGTACTGGTCATCACA-2,6.09456,0.44592217
Folr1_E90_2-CTAGACATCGAACGCC-2,4.087212,0.36619624
Folr1_E90_2-TGGTAGTAGTGAGTGC-2,2.4309356,3.902154
Folr1_E90_2-CGATGGCCAATTGGTC-2,3.6202939,0.54150283
Folr1_E90_2-GCTTGGGAGACCTCAT-2,2.6574664,0.4409426
Folr1_E90_2-GCACGTGTCGGTCGAC-2,2.6532984,4.983533
Folr1_E90_2-TCATGAGCAAGTGGGT-2,6.673003,0.9340974
Folr1_E90_2-TCTGTCGGTCAGGAGT-2,7.7854486,5.7754354
Folr1_E90_2-AGCCAATGTTGAGGAC-2,6.2078853,5.285055
Folr1_E90_2-TGTCCACAGTTCTCTT-2,3.6464179,-0.7605463
Folr1_E90_2-CCACAAACAGACTCTA-2,9.56118,2.8509479
Folr1_E90_2-TACTGCCAGTAGTCTC-2,2.999742,1.6517029
Folr1_E90_2-TCCAGAAGTTTCGTGA-2,2.25401,1.4792131
Folr1_E90_2-GGGTCTGGTCAGTCTA-2,1.4505908,4.1249647
Folr1_E90_2-GGGTATTGTTCCTACC-2,7.315181,4.7969146
Folr1_E90_2-ATGAGGGTCCATCACC-2,9.128205,3.2012873
Folr1_E90_2-CAGCCAGCAACACGTT-2,2.5127697,-0.46483377
Folr1_E90_2-CGGAGAAAGCAAATCA-2,7.5015545,4.5417814
Folr1_E90_2-GTAATCGTCAGGAGAC-2,5.4313273,4.965289
Folr1_E90_2-ACCAACAGTCACAGAG-2,5.7421103,0.6747313
Folr1_E90_2-AGGAGGTCAACCAGAG-2,3.0252168,1.859541
Folr1_E90_2-ACCTGAATCTCCAAGA-2,4.600921,0.8719705
Folr1_E90_2-CCACACTAGGATGAGA-2,3.948184,-0.044323366
Folr1_E90_2-GTCAAACGTAGTGGCA-2,9.515681,3.7744207
Folr1_E90_2-AAGAACAGTTACACTG-2,4.122391,-0.18078624
Folr1_E90_2-GCAGTTAGTCAATCTG-2,3.6979883,1.2050254
Folr1_E90_2-TCATCCGGTTTAGACC-2,5.4794555,2.4094372
Folr1_E90_2-CCCTTAGAGGAGCTGT-2,6.529903,2.9980562
Folr1_E90_2-ACATTTCCAACCCTAA-2,3.9748359,2.3276577
Folr1_E90_2-AGGGAGTGTTAAGCAA-2,3.9720023,-0.09605425
Folr1_E90_2-TATGTTCTCGATAACC-2,2.4577315,1.1400378
Folr1_E90_2-CCACACTGTTGTAAAG-2,4.5462904,1.239523
Folr1_E90_2-TACGGTACAAGAATAC-2,5.8494453,1.7192901
Folr1_E90_2-GACACGCCAACGGCCT-2,5.2525635,-0.3284204
Folr1_E90_2-ACGGAAGTCGTTACCC-2,11.230799,6.308903
Folr1_E90_2-GATAGAAGTGCGAGTA-2,6.4875093,0.72820157
Folr1_E90_2-GCTTTCGTCTAACGCA-2,5.873079,3.4812942
Folr1_E90_2-GACTTCCTCCTGCCAT-2,3.8529103,5.7503524
Folr1_E90_2-TTTCAGTCACAAGCAG-2,1.8867768,0.698923
Folr1_E90_2-TCTATACTCAGGTAAA-2,4.181714,-0.7679997
Folr1_E90_2-CCTATCGCACTGCTTC-2,4.487318,3.3342228
Folr1_E90_2-CTCAACCTCTTGGAAC-2,7.944884,2.044191
Folr1_E90_2-CTTCTCTGTCCACACG-2,5.2675166,1.1278307
Folr1_E90_2-CGGGCATTCTCCAAGA-2,10.119409,4.0222425
Folr1_E90_2-AACACACGTCCATCTC-2,6.1355066,0.29113847
Folr1_E90_2-GTGGTTAAGACCAAGC-2,2.3655179,2.395375
Folr1_E90_2-CAAGCTATCCACTTTA-2,3.9547665,0.32933956
Folr1_E90_2-GTTCATTCAGATGCGA-2,2.7345688,4.390013
Folr1_E90_2-TACGTCCAGGAACGTC-2,4.777538,2.6038098
Folr1_E90_2-CGCAGGTTCGCTTACC-2,10.807366,4.362547
Folr1_E90_2-TGGAGAGGTGTCTTAG-2,10.741026,5.222782
Folr1_E90_2-GCGATCGAGATGACAT-2,5.508923,0.49366766
Folr1_E90_2-ACAGGGAAGACTCATC-2,4.579137,2.7247038
Folr1_E90_2-TCCCATGGTGGTCTTA-2,2.1824775,0.23401858
Folr1_E90_2-TGATCAGTCGGAGTGA-2,4.9837317,-0.4348194
Folr1_E90_2-AGAACAAGTCCGGATC-2,10.498459,4.514487
Folr1_E90_2-CGGGTCAGTGGACAGT-2,4.852037,4.8003097
Folr1_E90_2-GTAACCATCACAGTGT-2,7.0810084,3.8201685
Folr1_E90_2-CCCGGAAGTTCCAAAC-2,3.1867685,0.5147279
Folr1_E90_2-GTGAGCCCATTCCTCG-2,4.695891,3.8439538
Folr1_E90_2-TAATCTCCACCCAATA-2,2.854461,-2.209976
Folr1_E90_2-ACCAACAGTCGAATGG-2,3.3396704,-1.0204282
Folr1_E90_2-CAACAACAGTTTGTCG-2,10.533644,5.2788153
Folr1_E90_2-GTCCACTAGATGCTGG-2,3.5548599,5.0283823
Folr1_E90_2-TGACGCGGTGAGATTA-2,5.4414515,0.36156753
Folr1_E90_2-GTGGGAAGTTAGAAAC-2,2.4880717,4.5006924
Folr1_E90_2-GTCAAACAGCCTCCAG-2,7.115727,4.2896404
Folr1_E90_2-GACAGCCCATTGTACG-2,3.7369366,3.5395138
Folr1_E90_2-TGACGCGCATGGTGGA-2,4.1032305,2.4090087
Folr1_E90_2-TCCTAATCAATGCAAA-2,9.741283,5.6364017
Folr1_E90_2-CTCAACCAGGCAGGTT-2,3.3996313,-0.28075728
Folr1_E90_2-TCATACTGTCTTCAAG-2,6.512271,1.7238437
Folr1_E90_2-TGGGCGTCACGACTAT-2,10.065407,3.6393783
Folr1_E90_2-CGAATTGAGTTTGAGA-2,4.566396,6.599063
Folr1_E90_2-AGAAGCGCAGAATTCC-2,3.083151,0.028046215
Folr1_E90_2-TCGAAGTCAAGACTGG-2,2.6732252,-1.2547952
Folr1_E90_2-GAGTGTTAGGGTGGGA-2,4.887439,4.846933
Folr1_E90_2-CTACCCATCAATCAGC-2,7.9230123,4.9029784
Folr1_E90_2-CACAGATGTACCCAGC-2,2.7197306,4.7397437
Folr1_E90_2-AGCATCATCTTCGGAA-2,0.86268115,1.3890085
Folr1_E90_2-AACAGGGGTTGCCGCA-2,3.9509144,-1.1568432
Folr1_E90_2-CTCCAACAGGGACTGT-2,10.482202,5.62267
Folr1_E90_2-CTTCTCTAGGAGATAG-2,3.7699091,6.2268977
Folr1_E90_2-GACGCTGAGTCACTCA-2,7.382154,3.9744709
Folr1_E90_2-GTGCTTCGTTGTCTAG-2,3.6874592,0.6218419
Folr1_E90_2-TCATATCGTGGCCCAT-2,4.303307,1.880064
Folr1_E90_2-ACGTAGTTCCCGTGAG-2,3.7136095,-0.9726435
Folr1_E90_2-AGATGCTCATAAGCAA-2,4.1597123,-0.38816753
Folr1_E90_2-GGGAAGTCACTTGGGC-2,4.4352326,2.315057
Folr1_E90_2-AAGGAATTCACAGAGG-2,11.000207,5.7859545
Folr1_E90_2-GTCTTTAAGTGAGCCA-2,7.1002207,4.078183
Folr1_E90_2-TGAACGTAGAATCGTA-2,5.9921722,-0.06079545
Folr1_E90_2-CAATCGATCGCTTAAG-2,2.383604,-0.3426411
Folr1_E90_2-AGTGCCGTCAGAGTGG-2,5.185401,-1.1995256
Folr1_E90_2-CGTGTCTCAGACGCTC-2,2.983347,2.0009632
Folr1_E90_2-ATGCATGCAGACTGCC-2,9.918331,3.8455439
Folr1_E90_2-AGCATCAGTTTGTTGG-2,5.8955193,1.2987152
Folr1_E90_2-TTACGCCAGCAGTAAT-2,4.9187837,3.9957569
Folr1_E90_2-AATCACGTCAACGCTA-2,5.625527,2.462843
Folr1_E90_2-AGGTTACCAACTTCTT-2,4.207916,1.9760987
Folr1_E90_2-CCTCATGGTCCACAGC-2,1.4324837,0.64732516
Folr1_E90_2-TTGACCCGTATCTTCT-2,4.0091386,3.279089
Folr1_E90_2-CTCTGGTGTGCGGCTT-2,6.979595,2.1592352
Folr1_E90_2-ACTCCCAGTCCCTGTT-2,4.220569,1.2431496
Folr1_E90_2-CCTATCGGTCGGTAAG-2,3.6912103,-2.020665
Folr1_E90_2-TCTGCCACACGAGGTA-2,1.0934464,6.84668
Folr1_E90_2-CTGCATCCACTAACGT-2,4.655433,3.9611063
Folr1_E90_2-GGGCCATCACAAATAG-2,2.1398652,1.0257957
Folr1_E90_2-AGTAGTCTCAGATTGC-2,6.395491,4.6186886
Folr1_E90_2-TATCTTGAGGATACAT-2,8.87573,5.0332255
Folr1_E90_2-CACACAAAGGTAAGGA-2,4.439895,3.6850295
Folr1_E90_2-AATCGACAGGGCAATC-2,-0.21143334,2.0754373
Folr1_E90_2-TACCTGCCATTGCTTT-2,5.9973164,2.2141023
Folr1_E90_2-GTGAGTTGTTCAGCGC-2,3.6353528,-2.2116346
Folr1_E90_2-CCTCAGTGTTCCACAA-2,4.4814334,0.025409149
Folr1_E90_2-GCCCGAAGTTCTCTAT-2,10.3590975,5.449456
Folr1_E90_2-TGATTCTAGTGGTCAG-2,4.487524,-2.0304046
Folr1_E90_2-TCGGGACCATTGCAAC-2,5.8008204,0.0152364345
Folr1_E90_2-CTCATCGCACGATAGG-2,8.563337,4.2818646
Folr1_E90_2-TACTTACTCCATCTGC-2,5.1517525,1.6057435
Folr1_E90_2-GCCAACGCACCCTAAA-2,6.7374415,0.67401135
Folr1_E90_2-ACACTGACACCTCTAC-2,2.703307,-1.7947364
Folr1_E90_2-TCGAACATCGGTCTAA-2,4.211703,-0.091263056
Folr1_E90_2-CTCCGATTCTGACGCG-2,8.380099,3.80085
Folr1_E90_2-TCCGTGTCAAGCTCTA-2,7.1512904,4.039116
Folr1_E90_2-GTGCGTGAGCTAATCC-2,1.7205095,0.084316775
Folr1_E90_2-GTTGTGAAGTCCGCGT-2,3.3316445,4.9665594
Folr1_E90_2-ATGCCTCGTCCCTAAA-2,3.570662,-2.7760322
Folr1_E90_2-CCTCAACGTGAGTAGC-2,3.1145806,-0.6271938
Folr1_E90_2-AACCATGTCGTTCTCG-2,11.030571,6.024095
Folr1_E90_2-TTTATGCTCATCGCTC-2,9.7272415,4.800253
Folr1_E90_2-ACGATGTCATCCTAAG-2,6.373657,1.4394258
Folr1_E90_2-AGACCATTCCACAGCG-2,5.5323467,1.7921615
Folr1_E90_2-ACGTAACCAGCGTTTA-2,5.8463187,3.480242
Folr1_E90_2-CCCTAACCAAGTTTGC-2,4.96681,0.65895414
Folr1_E90_2-CGGAATTTCGTAGAGG-2,5.0977764,-1.4802655
Folr1_E90_2-TACCGAAAGGATACGC-2,8.944205,4.518082
Folr1_E90_2-CGTGTCTAGTGTTCCA-2,5.298674,0.8350394
Folr1_E90_2-ATACCTTGTCGTAATC-2,3.8000724,-1.2782984
Folr1_E90_2-TGCTTCGCATGTGGCC-2,3.7366474,0.9134016
Folr1_E90_2-GATCACAGTGCTGTCG-2,7.9418526,4.0047145
Folr1_E90_2-TGTAAGCTCACCACAA-2,5.3091207,2.9579215
Folr1_E90_2-CAACGATTCAGCCTCT-2,5.8974423,2.9464138
Folr1_E90_2-TCGGGTGAGACGCATG-2,3.0634959,-0.8588797
Folr1_E90_2-CCTATCGGTTCTCGTC-2,10.466307,5.237997
Folr1_E90_2-AGAGAATCATGAAGCG-2,8.70544,3.8605144
Folr1_E90_2-CATTTCAGTTTGATCG-2,9.646608,3.265788
Folr1_E90_2-GCCAGCAGTCACGCTG-2,4.2370205,-2.7312558
Folr1_E90_2-TGTAGACGTGTTACTG-2,8.848715,4.255436
Folr1_E90_2-GAGTGTTTCCGCAAAT-2,8.2423725,5.808869
Folr1_E90_2-AAACGCTCAACAGCCC-2,8.854479,4.245636
Folr1_E90_2-CGTCCATTCAAGAGGC-2,4.108645,2.5061083
Folr1_E90_2-CATTGTTGTCTGTCCT-2,8.459034,2.8550842
Folr1_E90_2-TTCCGTGTCCGAGGCT-2,4.4367037,3.5923283
Folr1_E90_2-ATTCAGGCAATTGTGC-2,3.2206101,-0.6172197
Folr1_E90_2-TAGGTACTCAAATGCC-2,1.7805908,1.1037151
Folr1_E90_2-TACTTGTCAGAACTTC-2,4.67593,1.3637018
Folr1_E90_2-AGTGATCGTTGAGGAC-2,7.0213933,2.3276904
Folr1_E90_2-GTATTTCTCCTCGATC-2,8.915893,2.9108772
Folr1_E90_2-ATACCTTTCTAGAGCT-2,5.4227304,2.619343
Folr1_E90_2-GAATCACTCAAGTGTC-2,5.1064234,5.6579957
Folr1_E90_2-GAATCGTCACGAAAGC-2,4.8567324,4.332176
Folr1_E90_2-GAGTTGTAGTACTCGT-2,6.196113,0.961448
Folr1_E90_2-TGGGCTGAGCCACCGT-2,6.608253,-0.340734
Folr1_E90_2-TCATCATCAAGAGTTA-2,8.300026,1.9132543
Folr1_E90_2-GTTGTGAGTCTGATCA-2,2.7566867,0.51637113
Folr1_E90_2-AACAAAGGTCAATCTG-2,5.3989115,-0.8148798
Folr1_E90_2-CTCCACACAAATCGTC-2,10.645142,4.9352927
Folr1_E90_2-CGTAGTATCCATACTT-2,4.1192646,4.453798
Folr1_E90_2-GTTACGACACAAACGG-2,4.563429,5.8149557
Folr1_E90_2-GCACGTGAGCCTTTCC-2,5.3390794,3.4750533
Folr1_E90_2-ACGATCAGTCAGTCGC-2,6.631432,3.0453875
Folr1_E90_2-TCCCAGTTCTCGACGG-2,9.4017725,2.697907
Folr1_E90_2-GTAATGCAGCAGCCCT-2,3.6872356,3.1733553
Folr1_E90_2-CCTCCTCGTCGAACAG-2,9.821585,3.585208
Folr1_E90_2-AATGACCTCGTCAAAC-2,2.781128,0.44044417
Folr1_E90_2-TCCATGCGTCTGTTAG-2,7.916417,1.4873563
Folr1_E90_2-GGCTTGGAGTGGATTA-2,5.361086,1.873074
Folr1_E90_2-TGGTAGTAGTAAGCAT-2,4.903935,3.6187463
Folr1_E90_2-ACGGAAGCAGGCTACC-2,5.024452,5.096599
Folr1_E90_2-TCAATTCTCTGAGATC-2,3.862552,0.006315676
Folr1_E90_2-GCAGCCAGTACCCACG-2,3.4740222,-0.5351304
Folr1_E90_2-ACAAAGATCAAACTGC-2,5.4356084,-0.034589563
Folr1_E90_2-GTCAAGTAGGCGAAGG-2,8.139019,2.2503722
Folr1_E90_2-AGATCGTCAAGGTCGA-2,4.426293,4.278429
Folr1_E90_2-CAGAGCCTCCACTGAA-2,7.688261,6.5162005
Folr1_E90_2-TAAGTCGCACGAAAGC-2,8.163646,2.79398
Folr1_E90_2-TAGGTACGTTCAACGT-2,6.3253107,3.0126514
Folr1_E90_2-TCACTCGTCGAGCCAC-2,6.6474166,1.0388879
Folr1_E90_2-TATGTTCTCCTGCCAT-2,9.113803,3.8043237
Folr1_E90_2-CCACACTTCCACTTCG-2,4.9947467,-1.7996105
Folr1_E90_2-GGTCACGAGCCGTTGC-2,8.961296,3.6010487
Folr1_E90_2-AGCCACGTCCATCTCG-2,3.2395248,2.559062
Folr1_E90_2-TGATCAGAGCGCTGAA-2,8.511169,5.234353
Folr1_E90_2-CGTTGGGGTCCGGCAT-2,4.0534606,1.2619548
Folr1_E90_2-TGGGTTAAGACAGCTG-2,5.7520742,3.5059602
Folr1_E90_2-ACGTACACAGTTCCAA-2,6.413514,-0.21861447
Folr1_E90_2-GACTATGCAGTCGCAC-2,9.844928,5.579183
Folr1_E90_2-CTGCGAGAGTTGGGAC-2,5.1571918,3.8187168
Folr1_E90_2-GTAAGTCCATTGCCGG-2,2.5814629,-0.164246
Folr1_E90_2-GAGACCCCAGACCAAG-2,3.3161802,1.0345944
Folr1_E90_2-ATCCCTGCACAAGTTC-2,7.404825,7.2793927
Folr1_E90_2-CCACACTCAAAGACTA-2,10.732337,5.059878
Folr1_E90_2-ATTCCCGTCGACTCCT-2,8.791264,4.044079
Folr1_E90_2-ACTTTCACAGGATTCT-2,10.799508,5.471352
Folr1_E90_2-CGCAGGTGTTCTCCCA-2,3.0769408,0.836843
Folr1_E90_2-ACTACGACATTCTTCA-2,9.980543,3.2732441
Folr1_E90_2-TGAATGCAGAGAATCT-2,5.303053,2.7076561
Folr1_E90_2-TCCACGTCACATACTG-2,3.3999438,1.9319546
Folr1_E90_2-AACAACCGTCCTACAA-2,5.2096367,0.22839196
Folr1_E90_2-AATGCCACAGCGGTTC-2,9.589502,3.4397871
Folr1_E90_2-CTGTGAAGTCAGGTGA-2,4.709549,2.326396
Folr1_E90_2-ATCCCTGGTTGCCAAT-2,5.468155,-0.798795
Folr1_E90_2-CACGTTCAGTTCACTG-2,2.5614834,-0.38415837
Folr1_E90_2-GGGAGTACATCGGATT-2,9.2297125,3.5264516
Folr1_E90_2-TTCCTAATCTCTTAAC-2,7.979243,5.503426
Folr1_E90_2-ACGTACAAGGTGCTTT-2,8.530687,3.3771424
Folr1_E90_2-CATCCACCATGGAGAC-2,5.4734917,3.6669168
Folr1_E90_2-TACCTCGCAGTTAGGG-2,3.6182554,-0.4797883
Folr1_E90_2-AGTAGCTTCGGTAGAG-2,6.46831,5.9990153
Folr1_E90_2-CCTAACCTCTACTGAG-2,5.673724,1.6910218
Folr1_E90_2-CCTACGTGTACCAGAG-2,7.665382,3.970408
Folr1_E90_2-TTAGGGTAGGGAGGCA-2,3.6094968,-1.0025029
Folr1_E90_2-AGTCACAAGAGTGGCT-2,6.607056,1.1601176
Folr1_E90_2-AGATCCACACATACGT-2,8.74406,2.05809
Folr1_E90_2-AAGACAAGTACCGGAA-2,5.2141433,3.1351328
Folr1_E90_2-TCCACGTTCAGTGTGT-2,9.091641,4.872216
Folr1_E90_2-GATCCCTGTCGTTATG-2,3.8231475,-1.2300098
Folr1_E90_2-CCAATGAGTTTACGTG-2,10.518639,5.6066966
Folr1_E90_2-CAGCAATAGTTAGTAG-2,8.890058,3.9907126
Folr1_E90_2-TTAATCCTCTATTTCG-2,6.3659873,6.4269643
Folr1_E90_2-ATGGGAGGTACCCGAC-2,6.29071,1.7675464
Folr1_E90_2-CACGGGTCAGGGAATC-2,4.871982,1.6854491
Folr1_E90_2-AGGGAGTCAGCGGATA-2,10.258137,5.615509
Folr1_E90_2-AATCGTGTCGTAGGGA-2,9.078133,3.3466198
Folr1_E90_2-GTTACCCTCGCCTATC-2,4.377631,5.5103893
Folr1_E90_2-CAACGATCAGCGTACC-2,6.345171,0.27545407
Folr1_E90_2-GAATCGTAGTAGTGCG-2,1.6982889,2.486629
Folr1_E90_2-AAAGAACGTATGTGTC-2,5.5428476,3.8044279
Folr1_E90_2-TCGGTCTGTAGCGCTC-2,9.562273,4.9986753
Folr1_E90_2-AATGAAGAGACGCTCC-2,9.237364,3.175659
Folr1_E90_2-GTTTACTTCAACCGAT-2,8.754339,3.6903803
Folr1_E90_2-GGCAGTCTCCGAGTGC-2,0.8600622,1.2201891
Folr1_E90_2-TATACCTGTCTTTCAT-2,6.4472923,2.8514476
Folr1_E90_2-TTGCTGCTCCATCTCG-2,4.241947,6.6646004
Folr1_E90_2-ACTATCTAGCAGCCCT-2,4.7363424,4.4976997
Folr1_E90_2-CAAGCTACATACAGGG-2,9.182272,5.530984
Folr1_E90_2-AGTACTGCACCTGATA-2,5.9763346,2.43978
Folr1_E90_2-ATTCCATTCAAGTGTC-2,6.2651215,1.4398346
Folr1_E90_2-TCATACTTCACTAGCA-2,3.925289,0.4064626
Folr1_E90_2-TTCTCTCGTCTCACGG-2,4.7714744,6.7085547
Folr1_E90_2-GTGCTGGCAAATGGTA-2,6.1470027,0.38289782
Folr1_E90_2-CCACCATAGGTCCCTG-2,5.48054,-0.44838902
Folr1_E90_2-TCATTTGTCCACGGAC-2,5.7651315,0.024440764
Folr1_E90_2-CCACGTTAGAGCTGAC-2,4.6964803,5.8037124
Folr1_E90_2-CCTTCAGCAAGACTGG-2,4.98948,4.3919654
Folr1_E90_2-TGTTTGTAGGGATCGT-2,9.46621,3.8150039
Folr1_E90_2-ATCGCCTTCAGAACCT-2,5.0465946,1.8287588
Folr1_E90_2-TGCTTCGTCGAAGTGG-2,6.1253467,5.0304494
Folr1_E90_2-TAATTCCCAGGTATGG-2,4.610235,5.35204
Folr1_E90_2-CAGCACGCAGAGTTCT-2,5.576098,1.0936986
Folr1_E90_2-ATGAGTCTCTCATAGG-2,9.61734,3.1173096
Folr1_E90_2-ATTCTTGTCGTGTGGC-2,4.2700715,2.5385609
Folr1_E90_2-CCTGCATAGAACGTGC-2,5.9612226,2.7713165
Folr1_E90_2-GGGACAATCTCGTGGG-2,9.316381,3.3214731
Folr1_E90_2-GTCCCATGTCGAGCAA-2,8.721173,3.4856846
Folr1_E90_2-CTCATTAGTGTCGCTG-2,10.622949,6.395789
Folr1_E90_2-TTTAGTCAGTAACGTA-2,3.218086,0.21229611
Folr1_E90_2-CGAAGGAAGAAGATCT-2,5.523951,-0.24844557
Folr1_E90_2-GAGTTACGTCCAAATC-2,4.38279,3.868945
Folr1_E90_2-TCATATCGTATCCCAA-2,2.8624985,0.5676454
Folr1_E90_2-GTCTAGAAGGTGCTTT-2,8.302408,1.9621649
Folr1_E90_2-TCACGCTCATCCCACT-2,9.584896,3.418459
Folr1_E90_2-TTACTGTCAGAGTAAT-2,5.948921,0.20764637
Folr1_E90_2-TTTCAGTAGTAAGGGA-2,6.367702,0.048636146
Folr1_E90_2-GGAAGTGTCTCGCTCA-2,5.5044847,0.6934631
Folr1_E90_2-ATGCCTCGTGCATTTG-2,5.866134,-0.32512414
Folr1_E90_2-AGGGCTCGTACAACGG-2,2.0490122,0.31317204
Folr1_E90_2-AGATAGACATCATGAC-2,2.592019,-0.29664794
Folr1_E90_2-TGCGGCATCCAACTGA-2,8.286045,4.035262
Folr1_E90_2-CATTGAGAGGTGCAGT-2,10.81981,5.183932
Folr1_E90_2-TACACCCTCCGATAAC-2,9.014615,4.8596554
Folr1_E90_2-CTCCACAGTCTCGGGT-2,5.7399597,2.0841622
Folr1_E90_2-CTCCAACGTATTTCCT-2,9.106554,2.2596042
Folr1_E90_2-GCACGTGCAGGAATCG-2,5.1655855,-0.2304703
Folr1_E90_2-GTGGGAACAGTGACCC-2,8.738953,2.1623962
Folr1_E90_2-ACAAAGAGTACTCCCT-2,6.750314,0.841984
Folr1_E90_2-TGTGGCGGTCGCGGTT-2,5.2720304,3.7411118
Folr1_E90_2-TAAGCACTCATTACGG-2,5.4805026,2.585763
Folr1_E90_2-AGCTACATCGCCAATA-2,3.5284243,4.313975
Folr1_E90_2-CATGGATAGGAACGTC-2,3.136603,-1.8759909
Folr1_E90_2-CCGATCTGTAACGCGA-2,1.6247174,0.79530925
Folr1_E90_2-GTTTACTAGGCCTTCG-2,5.3191895,1.3949627
Folr1_E90_2-CAGAGCCTCGAAATCC-2,4.0228667,5.4754186
Folr1_E90_2-ACAGGGAAGTTACGTC-2,5.1842346,-0.59971356
Folr1_E90_2-GCACGTGGTGGCAGAT-2,6.4711676,0.92492473
Folr1_E90_2-CGCCATTGTGGATCGA-2,3.4049606,0.12425453
Folr1_E90_2-GTCGTTCCACTCAGAT-2,3.9102836,-0.30951583
Folr1_E90_2-ACATCCCCATGTCTAG-2,6.8753834,0.1966138
Folr1_E90_2-TTGGGCGGTCGGCCTA-2,6.5775657,3.9767444
Folr1_E90_2-CTTCTAACAGCTTCGG-2,7.4069815,4.904098
Folr1_E90_2-GATCATGAGGTCTTTG-2,5.4788933,6.272377
Folr1_E90_2-CTCATTACAAACTCGT-2,4.66711,4.323424
Folr1_E90_2-TCATGAGCACTGGAAG-2,4.908941,1.2863561
Folr1_E90_2-TGATCTTAGGGCAGAG-2,4.907394,4.992484
Folr1_E90_2-TGGAGGAAGAAGAGCA-2,10.257983,4.172063
Folr1_E90_2-AAACGCTAGCGATGCA-2,8.871662,3.761507
Folr1_E90_2-TGGATCATCCCATAAG-2,8.395105,4.4149466
Folr1_E90_2-GTGCTTCCACATTCTT-2,6.2224317,1.8072665
Folr1_E90_2-GAACGTTTCGCTTGCT-2,10.0450945,5.2780876
Folr1_E90_2-TGCTCGTTCATGCCCT-2,6.0620837,2.117873
Folr1_E90_2-CACTGTCAGGTAAAGG-2,6.4740047,1.807146
Folr1_E90_2-CCGATGGGTCATGACT-2,4.6039886,0.060568456
Folr1_E90_2-TCGAACACAACCCGCA-2,7.3196363,3.0018363
Folr1_E90_2-CTACCCAAGACGTCGA-2,5.347998,1.1317636
Folr1_E90_2-ACCACAACATGTGCCG-2,8.317208,5.195066
Folr1_E90_2-ACTTATCGTACGAAAT-2,6.833223,2.7893264
Folr1_E90_2-CGTTGGGAGCGTATGG-2,5.112293,1.8550937
Folr1_E90_2-TGGGAGAGTTATGACC-2,6.577971,2.6646287
Folr1_E90_2-CAGCAGCAGCCATATC-2,8.000588,2.465233
Folr1_E90_2-TTTGTTGGTGCTGTCG-2,5.3899055,4.2697186
Folr1_E90_2-TGGGATTTCACGATCA-2,7.2183833,4.7219825
Folr1_E90_2-ATGCGATAGAACGTGC-2,8.056588,3.468894
Folr1_E90_2-TACACCCTCACTTTGT-2,9.20782,3.3529556
Folr1_E90_2-TCCTGCACAAGTTCGT-2,3.05039,3.15089
Folr1_E90_2-CGTGAATTCGTGGGAA-2,6.482859,1.3431544
Folr1_E90_2-CGTAGTAAGTTCCGTA-2,6.4230456,2.883332
Folr1_E90_2-ACCACAAAGTACAGCG-2,6.5242743,1.8835976
Folr1_E90_2-ACAGAAACATATGCGT-2,5.709277,3.2960355
Folr1_E90_2-CACCGTTTCTGGCCGA-2,5.6426497,3.1811666
Folr1_E90_2-GTGACGCCAGCAGTTT-2,5.1353645,1.7724941
Folr1_E90_2-ATCCTATGTGTCCAAT-2,6.9914956,2.1715164
Folr1_E90_2-TTCGCTGTCATTTCCA-2,6.0989504,4.0767636
Folr1_E90_2-GGAGAACTCGTCCTCA-2,4.7954683,5.716086
Folr1_E90_2-AGGGTCCAGCATCGAG-2,6.984418,3.0431385
Folr1_E90_2-GCAGCTGAGATGAAGG-2,6.512147,2.4045467
Folr1_E90_2-ACTCTCGCAGAGGGTT-2,4.782448,5.9135647
Folr1_E90_2-GGAGGATTCTGCATGA-2,5.079448,4.822559
Folr1_E90_2-TGCTTCGAGGATCACG-2,5.091668,1.2174054
Folr1_E90_2-TCATTGTCAAGTCGTT-2,1.8934336,0.35460004
Folr1_E90_2-CTTCCTTGTAGACACG-2,6.2103395,1.5361642
Folr1_E90_2-GCTACCTCAGTAACGG-2,9.836631,4.446225
Folr1_E90_2-CGTGATAAGGGTGAAA-2,5.8145113,1.568242
Folr1_E90_2-CTCTGGTCAGTGTGGA-2,6.8883953,4.161366
Folr1_E90_2-AAGACTCGTCTCGCGA-2,9.198685,6.023715
Folr1_E90_2-GTTGTGAGTGACCGAA-2,5.156932,4.744356
Folr1_E90_2-GTGGAGAAGCCACTCG-2,7.059975,1.6899283
Folr1_E90_2-TATCGCCGTACCTAGT-2,5.372453,5.806104
Folr1_E90_2-GGGAGATCATGAGAAT-2,5.7559905,1.0057588
Folr1_E90_2-GACTGATAGTCACTCA-2,4.351498,0.20624153
Folr1_E90_2-TCATCATGTTACCTGA-2,9.216788,3.9973872
Folr1_E90_2-TTTATGCTCTAAGGAA-2,6.1420584,0.7957305
Folr1_E90_2-GGACGTCAGAGCCGTA-2,5.0378056,1.2013247
Folr1_E90_2-CCTCTAGTCGGATACT-2,3.6245234,4.3821445
Folr1_E90_2-TGTAAGCGTACACGCC-2,5.059074,-0.3355532
Folr1_E90_2-TGAGGGAGTGGTTCTA-2,5.5374722,2.5352383
Folr1_E90_2-ACGGGTCTCAGCGGAA-2,4.1491995,3.1843245
Folr1_E90_2-CTTCTCTCATCACAGT-2,8.113254,4.536208
Folr1_E90_2-GTCCCATTCTGAATGC-2,8.555784,2.9563181
Folr1_E90_2-TTGAGTGGTAGTGTGG-2,9.412422,5.62218
Folr1_E90_2-AAAGTGACAGATCCAT-2,8.874687,4.078805
Folr1_E90_2-TAGCACAAGTAGGTTA-2,6.546114,0.18870425
Folr1_E90_2-TGGGAAGAGTATGGAT-2,8.615561,4.144581
Folr1_E90_2-TCCGTGTCAACACTAC-2,5.790601,2.9447458
Folr1_E90_2-TGAGGGAGTCACCTTC-2,5.6328816,2.3343763
Folr1_E90_2-TCTAACTTCCTCACTG-2,6.5420194,6.4244666
Folr1_E90_2-AGACAAATCTGATGGT-2,6.1428695,1.9609058
