,Metabolic Clustering_0_0.4
WT65_1_CTCCCAATCATCAGTG-1,2
WT65_1_TCTAACTGTCATCACA-1,2
WT65_1_AGCATCACACTGCACG-1,2
WT65_1_AAGAACAAGAATCGCG-1,2
WT65_1_AGACAAATCCAACCGG-1,2
WT65_1_CCTACGTAGGCCCAAA-1,2
WT65_1_TGATGGTTCCAACACA-1,2
WT65_1_ATTGGGTAGAAGTGTT-1,2
WT65_1_GGCTGTGTCGACCTAA-1,2
WT65_1_GGTAATCCAAGTGCTT-1,2
WT65_1_AAAGGGCAGCTCCACG-1,2
WT65_1_ATGAGTCCAGGCACAA-1,2
WT65_1_GGGATGAAGCGTATAA-1,2
WT65_1_TTCACCGCATCCGCGA-1,2
WT65_1_GGGCTCACAGCAGATG-1,2
WT65_1_CTCTGGTGTTGGACCC-1,2
WT65_1_CATTCCGGTGGAAATT-1,2
WT65_1_CGCAGGTCACCGAATT-1,2
WT65_1_GGGCTACTCAGCTTCC-1,2
WT65_1_GCGGAAACAACACAGG-1,2
WT65_1_ACCCAAATCAACCTCC-1,2
WT65_1_AGGCATTCAGCTAACT-1,2
WT65_1_TGCTTCGAGGTTCCGC-1,2
WT65_1_ACGTAGTGTAGTCGGA-1,2
WT65_1_CATTCATAGACCTCCG-1,2
WT65_1_GAAATGAAGTGACCTT-1,2
WT65_1_TCCTCGAAGGCAGGGA-1,2
WT65_1_ACTGTGACACTGAGGA-1,2
WT65_1_AGGTCATAGACAGCGT-1,2
WT65_1_CCCTAACAGCTCGCAC-1,2
WT65_1_TCGGTCTAGAAACACT-1,2
WT65_1_ACCCTCAAGGGAGTTC-1,2
WT65_1_TGGGTTAAGTTGCTGT-1,2
WT65_1_CCGTAGGTCAACCTTT-1,2
WT65_1_GAGTTTGAGCTCTATG-1,2
WT65_1_TTCTAGTTCGCTCTAC-1,2
WT65_1_TTCACGCGTTTGGAAA-1,2
WT65_1_TTAGGGTGTGTCTTGA-1,2
WT65_1_TGAGGGACAATATCCG-1,2
WT65_1_TACTTGTCATTCTCCG-1,2
WT65_1_CAACAGTCACTTCAGA-1,2
WT65_1_GTAACACAGCATGCGA-1,2
WT65_1_TCTTTGATCCATCGTC-1,2
WT65_1_CGGAATTTCCTACCAC-1,2
WT65_1_CCTTGTGCAGTCCGTG-1,2
WT65_1_GTATTTCAGGAACGTC-1,2
WT65_1_GTGAGTTGTACGTGTT-1,2
WT65_1_GGCGTCACACGACAGA-1,2
WT65_1_ATCCATTAGTAGGAAG-1,2
WT65_1_GCCAGGTTCTCTGAGA-1,2
WT65_1_ACGATGTTCATGTCTT-1,2
WT65_1_ATTGTTCTCATTCATC-1,2
WT65_1_AGTCATGAGATAACAC-1,2
WT65_1_ATAGGCTCACCATAAC-1,2
WT65_1_ATGAAAGAGCTATCCA-1,2
WT65_1_GGGTATTAGCATCCCG-1,2
WT65_1_TGCTCCAGTGATTAGA-1,2
WT65_1_AGTTCGACAGCTACTA-1,4
WT65_1_GTTACGAAGCGTATGG-1,2
WT65_1_GTACAGTAGGGTCAAC-1,2
WT65_1_TGAGCGCTCAGCGCGT-1,2
WT65_1_TTCCTAACACGCAGTC-1,2
WT65_1_ATTACTCTCTCCGTGT-1,2
WT65_1_GTGCTTCGTGGTACAG-1,2
WT65_1_CTCACTGCAACCAATC-1,2
WT65_1_AGGCTGCGTCCGGTCA-1,2
WT65_1_GACACGCTCTTAGTTC-1,2
WT65_1_GGAAGTGCATTGTGCA-1,2
WT65_1_GTCCCATAGCTTTCCC-1,2
WT65_1_CTCCATGTCTTAGTTC-1,2
WT65_1_GCTGGGTTCCTCTAAT-1,2
WT65_1_AGACACTCACCATATG-1,2
WT65_1_CGAGGCTTCGTGACTA-1,2
WT65_1_TGACAGTCAATTGCTG-1,2
WT65_1_TCACGCTGTGCAATAA-1,2
WT65_1_AGATAGATCCGGCTTT-1,2
WT65_1_GGTGATTGTACTGCCG-1,2
WT65_1_ACAAGCTGTACTCGTA-1,2
WT65_1_TGGGCTGCACAGCTTA-1,2
WT65_1_CGGTCAGCATTGCTTT-1,2
WT65_1_GGGACAACAAACGTGG-1,2
WT65_1_AGCGCTGCATCATCTT-1,2
WT65_1_CGAGTTAGTATTGACC-1,2
WT65_1_GGCTTGGTCGAGTGGA-1,2
WT65_1_CTCAGAACAAGCCTGC-1,2
WT65_1_ATCCATTAGATGACCG-1,2
WT65_1_GCCCAGAAGGGTACAC-1,2
WT65_1_TCTATACGTCTCACGG-1,2
WT65_1_GAGTGTTCAACAAAGT-1,2
WT65_1_TGCAGATAGATGAAGG-1,2
WT65_1_TCTACATAGTTACGAA-1,2
WT65_1_GATAGCTAGTCAATCC-1,2
WT65_1_GATGTTGGTGGCTAGA-1,2
WT65_1_CTCCCTCGTGGGTCAA-1,2
WT65_1_CGAGTTACAAGAGAGA-1,2
WT65_1_AGTAGCTTCTGATTCT-1,2
WT65_1_AGCGTATAGAAACCAT-1,2
WT65_1_CGTAATGCATGTCTAG-1,2
WT65_1_AGATCCATCATTCGGA-1,2
WT65_1_TGGATCAAGTATTCCG-1,2
WT65_1_TTACGCCCATCTGTTT-1,2
WT65_1_CGGAATTCAGCTTTGA-1,2
WT65_1_GAGAGGTTCCGAGTGC-1,2
WT65_1_TCGCTCACATGATAGA-1,2
WT65_1_TCACATTTCCGTATGA-1,2
WT65_1_ACCCTCATCCGACGGT-1,2
WT65_1_ACTCCCACACCCTGTT-1,2
WT65_1_GCTGAATTCATTGCGA-1,2
WT65_1_GGATCTAAGCCGTCGT-1,4
WT65_1_TACCTCGAGGTTGAGC-1,2
WT65_1_TGTGCGGAGAGTCGAC-1,2
WT65_1_TTTGACTCAGGGTTGA-1,2
WT65_1_GGTGGCTAGTTGGCTT-1,2
WT65_1_CATCCACCACACCTGG-1,2
WT65_1_CACGTTCTCCAACCAA-1,2
WT65_1_AAGACAACATTCGATG-1,2
WT65_1_GAGATGGAGCTCGAAG-1,2
WT65_1_TCCCACAGTGATTAGA-1,2
WT65_1_AAAGGATCAACGATCT-1,2
WT65_1_GTAGCTATCCTGCCAT-1,2
WT65_1_GGAACCCAGGACGGAG-1,2
WT65_1_TGATGGTGTTACTCAG-1,2
WT65_1_GCGAGAATCAATCGGT-1,2
WT65_1_TTCCGTGCAATAGTAG-1,2
WT65_1_ATACCTTTCAGGAGAC-1,4
WT65_1_GTGTGATAGTCTCGTA-1,2
WT65_1_TTGCTGCGTTCAAACC-1,2
WT65_1_TTACTGTCATAATCGC-1,2
WT65_1_GCACGTGTCACTTTGT-1,2
WT65_1_AGAAGCGGTTGCATAC-1,2
WT65_1_GCCATTCTCCACATAG-1,2
WT65_1_AGTAACCTCAGCCCAG-1,2
WT65_1_TTTCACATCACATCAG-1,2
WT65_1_ATCACTTTCAGCCTTC-1,2
WT65_1_TCATGGATCACACCGG-1,2
WT65_1_ACGATGTTCGACGCGT-1,2
WT65_1_TCCAGAATCTAGCAAC-1,2
WT65_1_TCGTCCAGTTCCGCGA-1,2
WT65_1_CGGAATTTCACTCACC-1,2
WT65_1_AAACGAATCCAACCAA-1,2
WT65_1_GCCAGCACACTTGGGC-1,2
WT65_1_ATTTCACGTGCAGGAT-1,2
WT65_1_GCGGAAATCAAGGACG-1,2
WT65_1_ACCATTTTCGAGCACC-1,2
WT65_1_TAGCACATCATACAGC-1,2
WT65_1_GTTGCGGGTGTCCGGT-1,2
WT65_1_TAGAGTCTCTATCGTT-1,2
WT65_1_GGTAGAGCAATACCCA-1,2
WT65_1_GACCCAGGTGATAGTA-1,2
WT65_1_ACACAGTTCCCATTCG-1,2
WT65_1_AAATGGACACCAGCGT-1,2
WT65_1_ACGTCCTTCCGGTTCT-1,2
WT65_1_GTTCATTAGTGGCCTC-1,2
WT65_1_GGATGTTGTGCCGTAC-1,2
WT65_1_ATGCCTCAGCAAACAT-1,2
WT65_1_GGCACGTCATGACAGG-1,2
WT65_1_TCACTATGTTACGATC-1,2
WT65_1_TTAGTCTGTCACTCGG-1,2
WT65_1_GTGCTTCCAGAGGGTT-1,2
WT65_1_TACATTCTCTATGTGG-1,2
WT65_1_ACGTAGTTCCGAAATC-1,2
WT65_1_TAGGGTTCACAACGAG-1,2
WT65_1_TTTACGTTCGCTTGAA-1,2
WT65_1_AGGAGGTGTCCAGAAG-1,2
WT65_1_CAATACGGTAGCGAGT-1,2
WT65_1_GTCATGATCGAGTGGA-1,2
WT65_1_AGCGCCATCGTAGTGT-1,2
WT65_1_CAGGTATAGAGCGACT-1,2
WT65_1_ATAGGCTTCTGCTGAA-1,2
WT65_1_GCATGATAGCCATATC-1,2
WT65_1_GAAGGGTTCGAATGCT-1,2
WT65_1_CATGGTAAGAACAGGA-1,2
WT65_1_CCTTCAGCAGGAGGTT-1,2
WT65_1_ATACCTTCAGATTTCG-1,2
WT65_1_GGAGATGGTCCTATAG-1,2
WT65_1_GCGGATCAGCTCGGCT-1,2
WT65_1_CATGCAACAATCCTAG-1,2
WT65_1_GAGACCCTCGGTCTAA-1,2
WT65_1_GTCTAGACAGTCAGCC-1,2
WT65_1_GAAACCTTCCAACTGA-1,2
WT65_1_TTGTTGTAGTGTACCT-1,2
WT65_1_CAGGGCTGTTGGAGGT-1,2
WT65_1_GTTGCGGCAACGGCCT-1,2
WT65_1_ACCTGTCTCGACACCG-1,2
WT65_1_ACGATGTAGAGTTGTA-1,2
WT65_1_TGTGAGTAGTAAGACT-1,2
WT65_1_TGCATGACATCTGGGC-1,2
WT65_1_ACGTCCTTCCCTTGGT-1,2
WT65_1_AGTCACACAGAGATTA-1,2
WT65_1_CAACCAACAGACGGAT-1,2
WT65_1_CACAGATAGTAGACAT-1,2
WT65_1_TGCGATAAGGGTCTTT-1,2
WT65_1_GTGGCGTTCCCAAGCG-1,2
WT65_1_TCATGGACAATCCTAG-1,2
WT65_1_GGTGGCTCATAGAAAC-1,2
WT65_1_TCTCAGCCACTGAGTT-1,2
WT65_1_TCTCCGAAGGTGGGTT-1,2
WT65_1_CTTCCTTGTGACTAAA-1,2
WT65_1_GTTCATTCATGACGAG-1,2
WT65_1_TAAGCACAGGAAAGGT-1,2
WT65_1_CACTGGGAGACGAGCT-1,2
WT65_1_GTGTAACTCATCTCTA-1,2
WT65_1_TGCGGGTGTGATTCTG-1,2
WT65_1_GGGACCTTCACCTCAC-1,2
WT65_1_TTCCAATGTAAGATTG-1,2
WT65_1_TCCATCGAGAGTCTGG-1,2
WT65_1_TGACCCTAGAGCGACT-1,2
WT65_1_CTGCAGGTCTTCGATT-1,2
WT65_1_GCACGGTTCTGACCCT-1,2
WT65_1_GACCCAGCACAAGTGG-1,2
WT65_1_AGGGCCTTCTATGCCC-1,2
WT65_1_TTTGGTTCACAGTCCG-1,2
WT65_1_TGTCCTGTCAAGTGGG-1,2
WT65_1_TTCCGTGGTTTCGTTT-1,2
WT65_1_CGAGTTATCGGTGTTA-1,2
WT65_1_TTCACGCGTTATGGTC-1,2
WT65_1_GGGACAATCCGGACTG-1,2
WT65_1_GTCAGCGTCAACCTTT-1,2
WT65_1_ATCGGATTCTTCGGTC-1,2
WT65_1_GCCCAGAAGTATGACA-1,2
WT65_1_ATTATCCGTTAAACCC-1,2
WT65_1_TCTTAGTAGGCGTTAG-1,2
WT65_1_GTCCTCAAGATTCGCT-1,2
WT65_1_AGTCTCCTCATCTGTT-1,2
WT65_1_ACTATTCAGTCCGTCG-1,2
WT65_1_TCTGGCTAGTCCTGCG-1,2
WT65_1_GATGTTGAGACGAGCT-1,2
WT65_1_AAACGAATCTCCCTAG-1,0
WT65_1_CATACTTCAGCACGAA-1,2
WT65_1_AGGACGAGTCCGGTCA-1,2
WT65_1_GTAAGTCCACTCATAG-1,2
WT65_1_AGGCTGCGTCTGATAC-1,2
WT65_1_GACACGCGTGCAGTGA-1,2
WT65_1_GCTTTCGGTGTGATGG-1,2
WT65_1_AGGGAGTAGGCCACTC-1,2
WT65_1_GGAGAACTCCACTTCG-1,2
WT65_1_GATTGGTTCCTGGCTT-1,2
WT65_1_TAACGACAGTGGCCTC-1,2
WT65_1_CACTGGGGTCTCAGAT-1,2
WT65_1_CCTAACCCAGGTATGG-1,2
WT65_1_GACGCTGGTCGCAGTC-1,4
WT65_1_TGTGATGAGCACTGGA-1,2
WT65_1_CAGATACAGTGATGGC-1,2
WT65_1_CACAGGCAGGCCTAGA-1,2
WT65_1_GCTGGGTTCGCATTAG-1,2
WT65_1_TCCCATGCACTCCTTG-1,2
WT65_1_TCAAGACAGTTCATGC-1,2
WT65_1_TTGTTCAAGCTACTAC-1,2
WT65_1_CAGAGCCAGGACAGCT-1,2
WT65_1_TGTCCCACATTATGCG-1,2
WT65_1_GACCGTGCACCGAATT-1,2
WT65_1_ATGGGTTCAACGGCCT-1,2
WT65_1_CCGGGTAAGTAAGACT-1,2
WT65_1_GGAGAACGTCTGATAC-1,2
WT65_1_CTCCACACATTACTCT-1,2
WT65_1_TATCCTAGTGTAAATG-1,2
WT65_1_GTGTTCCTCGCTTAAG-1,2
WT65_1_GTGAGGAGTGGATACG-1,2
WT65_1_GTAAGTCGTCAAGCGA-1,2
WT65_1_TTCTAGTAGGCTCACC-1,2
WT65_1_AGCGATTTCGCTTGCT-1,2
WT65_1_TTGTGTTCATCAGCAT-1,2
WT65_1_TCTTAGTAGAGAGTTT-1,2
WT65_1_ATACCTTGTCTCACGG-1,2
WT65_1_CTTTCGGGTTACGCCG-1,2
WT65_1_GGCTTGGGTATCAGCT-1,2
WT65_1_CCAATGACACTTGTCC-1,2
WT65_1_CCTCCAAGTATATGGA-1,2
WT65_1_ACTGCAACAAGGGTCA-1,2
WT65_1_ACCCTTGCAATCAAGA-1,2
WT65_1_TATCAGGGTGCCTATA-1,2
WT65_1_ACTATGGTCTTAATCC-1,2
WT65_1_GCAACCGGTAGCTTAC-1,2
WT65_1_GCTACCTCATCTGCGG-1,2
WT65_1_AGAAGCGCAAGCGAGT-1,2
WT65_1_CAATGACCACGGTCTG-1,2
WT65_1_GCTTCACAGTGAGGTC-1,2
WT65_1_GTGAGGAGTTTAAGGA-1,2
WT65_1_ATCCCTGTCCACAGGC-1,2
WT65_1_GCATGATGTCTGTGGC-1,2
WT65_1_ATGTCCCCAGCTCCTT-1,2
WT65_1_GAGCCTGTCTTGATTC-1,2
WT65_1_CACGTTCAGCCTCGTG-1,2
WT65_1_CTGTGAAGTGTGTCGC-1,2
WT65_1_CTGTGGGAGCTTTCTT-1,2
WT65_1_AGACCCGAGACATAAC-1,2
WT65_1_CTATCTAAGTGTGTTC-1,2
WT65_1_GGAATGGAGCTAATGA-1,2
WT65_1_ACGCACGAGTGGTCAG-1,2
WT65_1_ACATCGACACAAATAG-1,2
WT65_1_GGGAAGTTCACGGTCG-1,2
WT65_1_ATGCATGTCCGAGGCT-1,4
WT65_1_CTAACTTGTCTGTGCG-1,2
WT65_1_GTGTGATCATGACGGA-1,2
WT65_1_CTATCTAGTCTTTATC-1,2
WT65_1_GTGTGGCCATGTTCGA-1,2
WT65_1_CCTAAGAAGTTCCTGA-1,2
WT65_1_GGGACAACAGGGAGAG-1,4
WT65_1_TTGCTGCAGTTGTAGA-1,2
WT65_1_AGTGATCAGCGAGAAA-1,4
WT65_1_CTCAGTCTCGTCGACG-1,2
WT65_1_GTCTGTCAGACCATGG-1,2
WT65_1_TCAGGGCAGAAGCGGG-1,2
WT65_1_GCAGGCTCAGGACAGT-1,2
WT65_1_TTACTGTAGTAAACGT-1,3
WT65_1_TCGTGGGAGCCAGACA-1,2
WT65_1_GCCGTGACAACGGCTC-1,2
WT65_1_TGCTCGTTCATTGCGA-1,2
WT65_1_TTCGGTCGTACCTTCC-1,2
WT65_1_AGATCGTGTTAGTTCG-1,2
WT65_1_CATAGACGTCTTAGTG-1,2
WT65_1_CTAACTTGTTGCACGC-1,2
WT65_1_GTGCAGCCAAATCAGA-1,2
WT65_1_ACACCAACAATGAACA-1,2
WT65_1_CCGATCTAGTTCGGTT-1,2
WT65_1_ATGTCCCAGGCTTAAA-1,2
WT65_1_GACACGCCAGATCACT-1,2
WT65_1_AATTCCTTCTCTTAAC-1,2
WT65_1_ACTGTGAAGCGACATG-1,2
WT65_1_ATTCTTGTCTCTTCAA-1,2
WT65_1_TCAGTTTGTCGTGTTA-1,2
WT65_1_AATTCCTAGTCATGGG-1,2
WT65_1_GTCTCACCAAGAAATC-1,2
WT65_1_CTAACCCTCGACCACG-1,2
WT65_1_ATCACAGCAATTTCCT-1,2
WT65_1_TTTCAGTCAGTCTTCC-1,2
WT65_1_CCTCAGTGTCGAGCAA-1,2
WT65_1_GCGGAAAGTTGTAGCT-1,2
WT65_1_TTCACCGGTGCAATGG-1,2
WT65_1_GGGCGTTTCACTGTTT-1,2
WT65_1_CCCTCTCCATCATTTC-1,2
WT65_1_CGTGAATTCTCTCGAC-1,2
WT65_1_CAGCAATTCGTGTCAA-1,2
WT65_1_TGGAGAGCACAGAGAC-1,2
WT65_1_TTACGCCCACCAGCGT-1,2
WT65_1_CGATGCGCAAAGTATG-1,2
WT65_1_ATCAGGTTCTTTGATC-1,2
WT65_1_AAGCGAGTCGAGTGAG-1,2
WT65_1_TACGTCCTCGCGTGAC-1,2
WT65_1_ACAGCCGGTACCTATG-1,2
WT65_1_TCAAGCAAGCTAAGTA-1,2
WT65_1_TCATCATCATCTTCGC-1,5
WT65_1_GCAGCCAGTGACTATC-1,2
WT65_1_AACCCAAAGGTATCTC-1,2
WT65_1_AGGAGGTTCCAGCTCT-1,2
WT65_1_CCTAAGATCGTCAAAC-1,2
WT65_1_GGTGATTGTACGTAGG-1,2
WT65_1_GGAAGTGCACTTCTCG-1,2
WT65_1_CATCCGTCATCGATCA-1,2
WT65_1_TATTGCTTCGCATGAT-1,2
WT65_1_TTGTTTGGTGGTCCCA-1,2
WT65_1_AGAGAATAGAGGTTAT-1,2
WT65_1_AAGTTCGTCCTCTTTC-1,2
WT65_1_TGCATGATCCTTCAGC-1,2
WT65_1_GTACAGTGTTTCCATT-1,2
WT65_1_TGCAGGCCACGCGCTA-1,2
WT65_1_ATTTCTGTCTCGTGGG-1,2
WT65_1_TTCAGGATCTCGGCTT-1,2
WT65_1_TGAGTCAGTCCACAGC-1,2
WT65_1_ATGATCGCAGAACTAA-1,2
WT65_1_GTCCCATGTCGCGTCA-1,2
WT65_1_GAGTTTGCAATTCTTC-1,2
WT65_1_GATCATGTCCTTACCG-1,2
WT65_1_GTCTCACCAGAAACCG-1,2
WT65_1_TCGAAGTCAGACAAGC-1,4
WT65_1_TTTACGTGTTCGGCTG-1,2
WT65_1_GTGCTTCCACTTGGCG-1,2
WT65_1_AGGAGGTAGGACTAAT-1,2
WT65_1_TTTCGATGTTGGCCTG-1,2
WT65_1_TCGGGCAAGACGAGCT-1,2
WT65_1_TTCCTCTGTAGATTGA-1,2
WT65_1_GTGTGATGTCTGTCCT-1,2
WT65_1_TATCGCCAGACCATTC-1,2
WT65_1_CAAGAGGTCATTTGGG-1,2
WT65_1_CCCGGAACAGCACGAA-1,2
WT65_1_ATTCCATCATGACTCA-1,2
WT65_1_TGTACAGAGTTGTAAG-1,2
WT65_1_CTGCTCACAGAGACTG-1,2
WT65_1_CCTCTCCAGACGACGT-1,2
WT65_1_GGGATCCGTAACTAAG-1,2
WT65_1_AAGGTAAGTCGTACTA-1,2
WT65_1_GAATCACTCAGGACGA-1,2
WT65_1_AGTGTTGTCATTACCT-1,2
WT65_1_GAAGCCCCACGGCTAC-1,2
WT65_1_TGTTCCGCATTGACAC-1,2
WT65_1_GTAATCGCACAGGATG-1,2
WT65_1_CAAAGAATCGCATTAG-1,2
WT65_1_GTGTAACCATGTGCTA-1,2
WT65_1_AATTCCTGTGCATGAG-1,2
WT65_1_CTGAATGGTCCCTGTT-1,2
WT65_1_ATCGTGAAGCTCGTGC-1,2
WT65_1_CATCCGTCATACAGGG-1,2
WT65_1_ACGGTTAAGTTACGTC-1,2
WT65_1_TTTGGTTCATACACCA-1,2
WT65_1_CATGCCTAGACCACGA-1,2
WT65_1_AAGCGAGTCTTTGGAG-1,2
WT65_1_GCAACATAGGTCATAA-1,2
WT65_1_CGGGACTAGCTTACGT-1,2
WT65_1_CATAGACGTCGCGGTT-1,2
WT65_1_TGTAACGTCGTGTTCC-1,2
WT65_1_GGGATCCCATGTGGCC-1,2
WT65_1_ACAACCAGTCACTAGT-1,2
WT65_1_TGTCAGAAGCCTTGAT-1,2
WT65_1_ATCGTAGTCAAGAGGC-1,2
WT65_1_AGACCATGTCGAATTC-1,2
WT65_1_TCGTGGGAGTAGATCA-1,2
WT65_1_GACCTTCAGATGAACT-1,2
WT65_1_TCGGGACAGATGGCGT-1,3
WT65_1_TCGCTTGAGGGCATGT-1,2
WT65_1_GTCGAATAGGGAGGCA-1,2
WT70_1_TTTACTGAGCTGACCC-1,3
WT70_1_CACTGAATCTTTCAGT-1,3
WT70_1_AGCCACGAGGGAGAAT-1,2
WT70_1_AGTACTGGTTGTTGTG-1,3
WT70_1_AACCTGAGTCGAAACG-1,3
WT70_1_TCAGGGCCACTAGTAC-1,3
WT70_1_ACTTATCAGGACAGCT-1,4
WT70_1_TCACATTCAGTGCGCT-1,3
WT70_1_TGGTACACAGCTCCTT-1,4
WT70_1_TAGGAGGAGCTGGTGA-1,4
WT70_1_GTAGAGGCAACAAAGT-1,3
WT70_1_TGCAGATCACAAATGA-1,4
WT70_1_CTCAACCTCAGTGCGC-1,2
WT70_1_GTGCGTGTCTGAGATC-1,2
WT70_1_GTTGTAGTCAACTGGT-1,4
WT70_1_AGCCAGCCAATTCTTC-1,3
WT70_1_TTTACGTTCATTCGTT-1,2
WT70_1_GGCACGTGTTTCACTT-1,4
WT70_1_CTACGGGCAACTCCAA-1,2
WT70_1_AACCATGAGCATCAAA-1,2
WT70_1_TGGATCACACGTTCGG-1,2
WT70_1_TCCCAGTTCGCCCAGA-1,2
WT70_1_GCCATGGAGCATTGAA-1,2
WT70_1_GTGCAGCTCACCTTAT-1,2
WT70_1_CACACAAGTGGGATTG-1,2
WT70_1_AGTACCACATCCGAAT-1,1
WT70_1_GCCAGCAAGGATACCG-1,2
WT70_1_GCGGATCCAATACAGA-1,4
WT70_1_CAATTTCAGTATTAGG-1,2
WT70_1_TCAAGTGCAACTTGGT-1,2
WT70_1_CAGGTATGTTACGTAC-1,2
WT70_1_ATTACTCCAGCCATTA-1,3
WT70_1_AACCATGCATTGCTGA-1,3
WT70_1_TACAGGTTCACCTCGT-1,2
WT70_1_GCCCAGAAGCAGGCTA-1,2
WT70_1_TACCTCGGTACAGAAT-1,4
WT70_1_AGGGTTTTCGCTGCGA-1,4
WT70_1_TTGATGGTCTCTCTAA-1,4
WT70_1_CACCAAAGTGGTCCGT-1,2
WT70_1_ACTGTGACAAGTGCTT-1,2
WT70_1_ACATCCCAGGTGATCG-1,2
WT70_1_GCTGCAGTCACTACTT-1,2
WT70_1_GTTTGGACATCGAACT-1,2
WT70_1_CAGCGTGAGAGGACTC-1,3
WT70_1_TAGACTGTCACTTGGA-1,2
WT70_1_GTCTTTAAGGATGAGA-1,2
WT70_1_TCCTCCCCACCACATA-1,2
WT70_1_TCACACCCAACTGGTT-1,2
WT70_1_CACCAAAAGCGTTCAT-1,3
WT70_1_CTACCTGAGCGCCCAT-1,2
WT70_1_TCACGGGCACCGCTAG-1,2
WT70_1_CCTTTGGTCTCGACCT-1,2
WT70_1_GATTCGATCACTACGA-1,2
WT70_1_CTGCCTATCATGTCTT-1,2
WT70_1_TATCTTGAGGGCTTCC-1,5
WT70_1_TCAGGGCTCGTAGGAG-1,2
WT70_1_TCCGTGTGTCGGAACA-1,2
WT70_1_TCCTCGAAGTGCAACG-1,2
WT70_1_TCATCCGCAACGAGGT-1,4
WT70_1_GATCACACAGGCACAA-1,3
WT70_1_TACTGCCCAGTTGAAA-1,1
WT70_1_TGACGCGAGCACCTGC-1,2
WT70_1_CTCAGTCTCGAGAAGC-1,3
WT70_1_TGGTAGTGTCTCTCCA-1,2
WT70_1_GCCTGTTGTCTTCAAG-1,2
WT70_1_GGGATGAAGTAACGAT-1,2
WT70_1_TGAGCGCTCTGAGAAA-1,2
WT70_1_ATTCACTAGAATACAC-1,2
WT70_1_CATACCCAGTACCCTA-1,2
WT70_1_GGAAGTGTCCGCGGAT-1,2
WT70_1_GATCACACAAAGGCAC-1,3
WT70_1_CATCAAGCAATACCTG-1,2
WT70_1_TATACCTTCCCAGGAC-1,2
WT70_1_AACCAACGTAACCCGC-1,2
WT70_1_CACTGGGGTCCTGGGT-1,2
WT70_1_TGGTAGTCATAAGCGG-1,4
WT70_1_GGAGGTAAGTAGAATC-1,2
WT70_1_CGGGACTTCCATCCGT-1,2
WT70_1_TCAATCTCACAGCTTA-1,2
WT70_1_CGAGTGCCATGACAGG-1,2
WT70_1_ACCTGAAGTGATACCT-1,2
WT70_1_TCATATCGTTTAAGGA-1,4
WT70_1_CAATCGACACTCTAGA-1,2
WT70_1_CTAAGTGCACGCTGCA-1,2
WT70_1_AACTTCTTCGCCAGTG-1,2
WT70_1_CAAGAGGGTGCATTAC-1,3
WT70_1_AATGACCGTGGGTCAA-1,2
WT70_1_GTTGTAGTCGCAAGAG-1,3
WT70_1_GCAGCTGAGAATCCCT-1,2
WT70_1_TGTTCTAGTGCTCCGA-1,2
WT70_1_CAGGGCTGTCTGATAC-1,2
WT70_1_AGGACGACAATTTCGG-1,2
WT70_1_GTGTGGCAGTCAGGGT-1,2
WT70_1_TACCTGCAGGAGGCAG-1,2
WT70_1_CCTCTCCAGACCATTC-1,2
WT70_1_TGACTCCTCCAACCGG-1,2
WT70_1_CCACCATGTGGACCAA-1,0
WT70_1_TCAGTTTGTGATCATC-1,2
WT70_1_CGATGCGAGGCCACCT-1,2
WT70_1_ACAGAAACACACTGGC-1,2
WT70_1_CATCCGTAGTCTGTAC-1,2
WT70_1_TGACTCCCACCTTCCA-1,2
WT70_1_GCACTAAGTCATCGCG-1,2
WT70_1_AACAACCAGGTCACCC-1,2
WT70_1_CTCATTAAGTCGCCCA-1,2
WT70_1_TAAGCGTTCTAGTTCT-1,2
WT70_1_CATTCTAGTATTGCCA-1,4
WT70_1_TCATCATTCAAGCCCG-1,2
WT70_1_GATCAGTTCTCGAACA-1,2
WT70_1_TCATTACCATTACGGT-1,3
WT70_1_CGCAGGTCACATACTG-1,2
WT70_1_ATCACGAAGAATCCCT-1,2
WT70_1_GTTTACTAGGTATCTC-1,2
WT70_1_TCGTGCTGTTCATCGA-1,2
WT70_1_TATTGGGGTCGTACTA-1,3
WT70_1_ATCCACCAGTGACCTT-1,4
WT70_1_ACGATCACAAACACGG-1,3
WT70_1_ATTACCTTCGCAGATT-1,3
WT70_1_TCGACCTTCGGACTTA-1,2
WT70_1_TGCACGGGTAGCCAGA-1,2
WT70_1_GATTGGTAGTTTGTCG-1,2
WT70_1_GGGTGTCGTTTGGGAG-1,2
WT70_1_CTCCCTCAGTTCCAGT-1,4
WT70_1_GGGTCTGCAGCACCCA-1,2
WT70_1_GCAGTTACACTGCTTC-1,4
WT70_1_TTACCGCTCGACCTAA-1,4
WT70_1_TTACTGTGTGGTCTTA-1,3
WT70_1_CAGCAATGTTAAACAG-1,2
WT70_1_TCTCACGTCATTTCGT-1,2
WT70_1_ACTCCCAGTCTGTGGC-1,2
WT70_1_TGTAACGAGACAGCTG-1,2
WT70_1_TTGATGGTCACCACAA-1,2
WT70_1_ATACCGATCAACGCTA-1,2
WT70_1_GAACGTTGTTGGGACA-1,2
WT70_1_TATCGCCCAGGGAGAG-1,2
WT70_1_TCAATCTTCCCGTTCA-1,2
WT70_1_AGGTCTACAAACGAGC-1,3
WT70_1_CATTTCACAGCGACAA-1,1
WT70_1_CAATGACAGACGCCCT-1,2
WT70_1_ACAACCACAGTGCGCT-1,2
WT70_1_AGGCCACAGCCATCCG-1,2
WT70_1_GAGACTTCACCCTATC-1,2
WT70_1_TGCCGAGGTTGACTGT-1,2
WT70_1_CGGACACGTTTGAACC-1,2
WT70_1_TGATTCTGTACTCCGG-1,2
WT70_1_TCCCAGTCAAACACGG-1,2
WT70_1_TGCTGAAGTTCTTAGG-1,2
WT70_1_TACTTCAGTTTAGAGA-1,2
WT70_1_AGTCTCCCAGTCGCAC-1,3
WT70_1_ATGGATCTCAAGGTGG-1,4
WT70_1_AGGAATAAGTACCGGA-1,4
WT70_1_AATGGCTAGCATAGGC-1,2
WT70_1_TTCGGTCCATCTAGAC-1,2
WT70_1_TGATCAGGTATTCCTT-1,2
WT70_1_AATGACCCATCGTCCT-1,4
WT70_1_AGATCGTCAGCACAAG-1,2
WT70_1_GACTCTCCAACTTGGT-1,2
WT70_1_TACTTACTCTCGTGAA-1,2
WT70_1_AACAAAGCACAACGCC-1,2
WT70_1_CTCTCAGCAGACCATT-1,2
WT70_1_GTTGAACAGTTGTCGT-1,2
WT70_1_ATAGACCAGTGCAAAT-1,2
WT70_1_TCTATCACATAAGCAA-1,3
WT70_1_GCAACATCAATAACGA-1,2
WT70_1_TCTAACTAGGACTTCT-1,4
WT70_1_GCCCGAACAACTGATC-1,2
WT70_1_GACAGCCAGCGGCTCT-1,2
WT70_1_ACTACGATCGGTCATA-1,2
WT70_1_GAATCACCACTTTAGG-1,2
WT70_1_TCATTGTGTATGCTAC-1,1
WT70_1_GACCCAGGTCGAATTC-1,3
WT70_1_ATTCCTACAGACGATG-1,4
WT70_1_GGGTTATCACGAGAAC-1,2
WT70_1_TCCCATGTCGAGATAA-1,2
WT70_1_TTACTGTCAGCATGCC-1,2
WT70_1_TCAAGACAGGACTATA-1,2
WT70_1_AAAGTCCAGGCGTCCT-1,2
WT70_1_CCCATTGAGCCATCCG-1,2
WT70_1_TGTAGACAGTCACTGT-1,3
WT70_1_TCCATCGCAGTCGGTC-1,2
WT70_1_TAGGTTGCAACTGCTA-1,2
WT70_1_TTGAACGTCACTGAAC-1,2
WT70_1_TAACTTCTCGTTATCT-1,2
WT70_1_CGGACACTCTGTCCCA-1,2
WT70_1_CCGATCTAGCAGCCCT-1,2
WT70_1_AAGTCGTAGCCTATTG-1,3
WT70_1_GGGATCCTCATTTGCT-1,2
WT70_1_TGTTACTGTAAGCAAT-1,3
WT70_1_GTCATGAAGTACCATC-1,2
WT70_1_TTGTTGTTCATTGTGG-1,2
WT70_1_CCTAAGAAGTCACGAG-1,2
WT70_1_TTTGATCGTCTTCAAG-1,2
WT70_1_AGACAGGAGCGACAGT-1,3
WT70_1_AACCTTTCACGTAACT-1,2
WT70_1_CACCGTTTCGAGGCAA-1,4
WT70_1_CAGATCAAGAACTGAT-1,2
WT70_1_TTTCACATCTAGCCTC-1,2
WT70_1_TGAGGGACAACATACC-1,2
WT70_1_CAATGACGTTGGCTAT-1,2
WT70_1_CATCCCAAGGCCTTGC-1,2
WT70_1_TTAGGGTGTTGTGCCG-1,2
WT70_1_GTTGCTCAGGTCATAA-1,2
WT70_1_TCGGGACGTTGGGACA-1,4
WT70_1_CCTCCTCGTACGCTTA-1,2
WT70_1_TAGCACAAGTTCTCTT-1,2
WT70_1_CTTTCGGCAACAGTGG-1,2
WT70_1_TCACAAGCACGCAGTC-1,2
WT70_1_TTATTGCAGACTCTAC-1,2
WT70_1_AGACACTAGGGACACT-1,2
WT70_1_GAGGGTATCGTTGCCT-1,2
WT70_1_ACGTAACAGTGATGGC-1,1
WT70_1_ACAGAAAAGACATCAA-1,2
WT70_1_GAAATGATCGGTATGT-1,2
WT70_1_TCATTCAAGCAGTAAT-1,2
WT70_1_AACGGGACAAGCTACT-1,2
WT70_1_GCCCGAAGTAGTCGGA-1,1
WT70_1_AATTCCTCAAGATCCT-1,2
WT70_1_CAGCGTGAGTACCCTA-1,2
WT70_1_CGAGGAAGTCCACAGC-1,2
WT70_1_ATTTACCTCATTTCCA-1,2
WT70_1_CTGATCCAGTTGGAGC-1,2
WT70_1_CGCGTGACAAGGATGC-1,2
WT70_1_CCTAAGAAGCACAAAT-1,2
WT70_1_AGGGAGTTCGATGCTA-1,2
WT70_1_CCCGGAACATAATGCC-1,2
WT70_1_AGCATCACATGAGATA-1,2
WT70_1_AGAGAATGTAGCGTTT-1,2
WT70_1_GATCACATCGCGGTAC-1,4
WT70_1_ACTATTCAGACTCTAC-1,2
WT70_1_CTCAGGGGTATTGCCA-1,2
WT70_1_GGCACGTCACACCTTC-1,2
WT70_1_GTGAGGAGTATTTCTC-1,2
WT70_1_ATCACAGAGGCGATAC-1,2
WT70_1_CAACAACGTACCGTGC-1,2
WT70_1_AGAGAATTCCCATTCG-1,2
WT70_1_GCCGTGATCGATTGGT-1,2
WT70_1_CAGTTAGAGGGCTAAC-1,2
WT70_1_CGGAATTGTGTAGTGG-1,2
WT70_1_ATCCTATGTAGTGGCA-1,2
WT70_1_TATTGGGCACGGCACT-1,2
WT70_1_CTATCTACACTGATTG-1,2
WT70_1_GAGGCCTCAAACCATC-1,2
WT70_1_GGCTTTCAGGTAGCCA-1,2
WT70_1_TACTTGTCACACACGC-1,2
WT70_1_TAGACTGTCAGCGCGT-1,2
WT70_1_CAACCTCCATGCAGGA-1,2
WT70_1_TTTGTTGGTGACTCGC-1,2
WT70_1_TCGTAGACACAAAGCG-1,3
WT70_1_GTTTGGATCCTAGCTC-1,2
WT70_1_TACGTCCCACCGCTGA-1,2
WT70_1_CCGTTCACAAGCTACT-1,2
WT70_1_ACCACAACAACAGCTT-1,2
WT70_1_TCCTTTCCAAGTGCTT-1,2
WT70_1_CATGCTCGTGGTACAG-1,2
WT70_1_AGCTACAGTTGGAGGT-1,3
WT70_1_TTACGCCCAAGCACCC-1,2
WT70_1_GAACACTAGAGCAAGA-1,2
WT70_1_AAAGTCCAGAAATTCG-1,2
WT70_1_TTGGGCGTCAAATGAG-1,2
WT70_1_TCATTTGTCAGAATAG-1,2
WT70_1_CATGCCTGTCTAGATC-1,2
WT70_1_ATATCCTTCGAATGCT-1,2
WT70_1_CAGGCCAGTGTTGCCG-1,2
WT70_1_TGGGAGAGTCGTCTCT-1,2
WT70_1_TCTTAGTCAGCGTGCT-1,2
WT70_1_TGTAGACAGGAGTCTG-1,2
WT70_1_CTGGTCTTCATTTCGT-1,2
WT70_1_GTAACCACAGAGGTAC-1,2
WT70_1_ACGATCAGTCACAATC-1,2
WT70_1_TTAGGCACACAAAGTA-1,3
WT70_1_ACACCAAGTCCACAGC-1,2
WT70_1_AGAAATGCACGTGAGA-1,5
WT70_1_ATCGTGACAGAGAAAG-1,2
WT70_1_AATGACCCACAACATC-1,4
WT70_1_TTCCGGTCACTCTCGT-1,2
WT70_1_ACCATTTAGCGTTCAT-1,3
WT70_1_CGGGTCAAGGCTTAAA-1,4
WT70_1_TATTCCATCGGCTTCT-1,2
WT70_1_CACTAAGTCAGTGCGC-1,3
WT70_1_AACCACAGTCCAGTTA-1,2
WT70_1_TCAGCCTTCTTTGCAT-1,2
WT70_1_CAACAGTTCTTCCGTG-1,2
WT70_1_TTTCCTCCACTCACTC-1,3
WT70_1_CCGGACATCTAGGCAT-1,2
WT70_1_GTAGTACCAACTCATG-1,4
WT70_1_ATTCAGGAGTGGTTAA-1,2
WT70_1_GTGGAAGTCGAGAAGC-1,2
WT70_1_TTTACCAAGTTTGAGA-1,4
WT70_1_CAATCGAGTTGTCATG-1,4
WT70_1_TGCAGATCAGCATCTA-1,2
WT70_1_TGTTCTAGTATGGTAA-1,2
WT70_1_GAAGCGAAGCTCGCAC-1,2
WT70_1_GAAGGGTTCAAAGACA-1,2
WT70_1_CTGTCGTAGTCACACT-1,2
WT70_1_CCTCTCCCAGGAATCG-1,2
WT70_1_CATGAGTGTTGTGTAC-1,2
WT70_1_TCCTGCATCTTAGCCC-1,2
WT70_1_ATTCGTTGTGGAGGTT-1,5
WT70_1_GTGTGATGTTGGACCC-1,2
WT70_1_ACCGTTCGTATAATGG-1,2
WT70_1_GAGCCTGCATCACGGC-1,2
WT70_1_TACCTGCCACGGCGTT-1,2
WT70_1_GGAGATGAGCCGATCC-1,2
WT70_1_ATTCCCGGTCGTGATT-1,2
WT70_1_GTCCTCACATCTCCCA-1,2
WT70_1_CTCAAGAAGCTCAGAG-1,2
WT70_1_GCATCGGCATGGGAAC-1,2
WT70_1_TAAGTCGCACTGTCCT-1,4
WT70_1_CTGCTCACAGTCACGC-1,2
WT70_1_TGTTCTAGTCAACACT-1,2
WT70_1_CAAGGGAAGGATGTTA-1,2
WT70_1_ATCACGAAGGGAGAAT-1,2
WT70_1_CTCCGATCACGTCATA-1,2
WT70_1_AGTAGCTTCAGACTGT-1,2
WT70_1_TGATTTCTCCCGTGAG-1,2
WT70_1_AGGAGGTCAGGCCTGT-1,2
WT70_1_CGATGCGAGCGATGCA-1,2
WT70_1_GAGAAATGTGCACGCT-1,2
WT70_1_CTCCCTCGTCCAAATC-1,2
WT70_1_AGACACTCAGCTGAGA-1,2
WT70_1_AAGTCGTTCCTCACGT-1,2
WT70_1_TTCATTGAGCCACTCG-1,2
WT70_1_TTCATTGCATGACCCG-1,3
WT70_1_GCAGGCTAGAAGCGGG-1,2
WT70_1_CTTTCAACACTTCAAG-1,2
WT70_1_GAGTTTGCAACGGGTA-1,5
WT70_1_TGTCCTGAGTGAGTTA-1,2
WT70_1_CCCGAAGAGTAATTGG-1,2
WT70_1_TGTTCCGAGGTTAGTA-1,4
WT70_1_CTGCGAGCATACCGTA-1,2
WT70_1_GAAGCCCCAGATCCTA-1,2
WT70_1_TGCAGTACAACGGCCT-1,2
WT70_1_AGAAGTACAGCAGTAG-1,2
WT70_1_TGATCTTGTACAGGTG-1,2
WT70_1_CTACATTAGACATCCT-1,4
WT70_1_TTGCGTCTCTCTCAAT-1,4
WT70_1_ACACAGTTCCGTGGTG-1,2
WT70_1_CATACAGCAACGCATT-1,2
WT70_1_TCCACCAGTGAGCGAT-1,2
WT70_1_AAGACTCTCGTTCTGC-1,2
WT70_1_CTCTCAGCAAGATGTA-1,2
WT70_1_CTCTGGTTCTTGCAGA-1,2
WT70_1_ATTGGGTTCGCTAATG-1,1
WT70_1_GGGTAGATCACCGGGT-1,2
WT70_1_GCAACATTCAAGAGTA-1,2
WT70_1_CCCTAACTCGCTTGAA-1,3
WT70_1_CAATCGATCCTTCTTC-1,2
WT70_1_GGGATCCCACAATGTC-1,2
WT70_1_CGGGTCAAGAGCTGAC-1,5
WT70_1_GGAGATGTCCATTGGA-1,2
WT70_1_AGCGCTGTCACCATGA-1,2
WT70_1_CTCCTCCCACAGCTTA-1,2
WT70_1_TCATCATGTCGTGATT-1,2
WT70_1_GAGAAATAGGCCTGCT-1,3
WT70_1_ATCCACCAGTTGGCGA-1,2
WT70_1_CGGTCAGGTTAGAAAC-1,2
WT70_1_AGCATCACATTGCCGG-1,3
WT70_1_TTCATTGAGTGGTGGT-1,1
WT70_1_CCGATGGAGGTAGCCA-1,2
WT70_1_GTGTGGCTCTGGTTGA-1,2
WT70_1_TGCGACGGTTATTCCT-1,2
WT70_1_TCACAAGTCGGATACT-1,2
WT70_1_AGATGCTGTTGGCCTG-1,2
WT70_1_TATTGCTTCATGCCAA-1,2
WT70_1_AGGGTGACAGTACTAC-1,2
WT70_1_GATCGTACACATATCG-1,2
WT70_1_CTTTCGGCACAAGCCC-1,2
WT70_1_TTCGATTAGCTGTGCC-1,2
WT70_1_ACATTTCCACCCTGTT-1,2
WT70_1_GGCTGTGCACCAGGTC-1,2
WT70_1_CACTTCGCATGACTAC-1,2
WT70_1_ATTACTCAGTCACGCC-1,2
WT70_1_TGGGAAGAGTCTGCGC-1,2
WT70_1_GTGTCCTCAGTGGGTA-1,2
WT70_1_ATTCCCGGTCTCAAGT-1,2
WT70_1_ATCCACCGTTCAAAGA-1,4
WT70_1_GTCAGCGGTCAACCAT-1,2
WT70_1_TTATTGCCACTACACA-1,2
WT70_1_CTATAGGCACCGGTCA-1,2
WT70_1_ATAGACCAGTGTTGAA-1,2
WT70_1_TATACCTGTACAAGCG-1,1
WT70_1_CCTTGTGCAGCAGATG-1,2
WT70_1_GATGAGGTCGTCAGAT-1,4
WT70_1_TACAACGTCTGGGCCA-1,2
WT70_1_TATATCCGTCTTTCAT-1,2
WT70_1_CGTCCATAGAGAAGGT-1,2
WT70_1_GTACAGTGTACAGAAT-1,1
WT70_1_GGGCGTTCATTCCTAT-1,2
WT70_1_ACCCTTGGTAGATCCT-1,2
WT70_1_TACCTGCTCGGCTGTG-1,1
WT70_1_CTGGCAGGTAGCTGAG-1,2
WT70_1_TCAGCCTAGAAGGGAT-1,2
WT70_1_AGCATCATCATTCGTT-1,3
WT70_1_AGAACAACATGGCTGC-1,2
WT70_1_CCTCACATCAGGAGAC-1,2
WT70_1_GATGCTAGTACGTACT-1,2
WT70_1_TTGCTGCCAAGTGACG-1,2
WT70_1_GACTGATAGAGACAAG-1,2
WT70_1_GAAGGACCACGTAGAG-1,2
WT70_1_TTACCATTCCTCTCTT-1,2
WT70_1_AGAAGCGAGTAAGACT-1,2
WT70_1_AGTACCATCAAGTGTC-1,2
WT70_1_CTACAGATCGTGAGAG-1,2
WT70_1_GCCGTGATCCGCGGAT-1,2
WT70_1_GGTCTGGTCCGCATAA-1,4
WT70_1_GTTCATTTCCTTGGAA-1,1
WT70_1_GTGAGCCAGCGTTCCG-1,2
WT70_1_TGATTTCTCACGTAGT-1,2
WT70_1_TACATTCCATAGTCAC-1,2
WT70_1_AAGGTAAAGTATTGCC-1,2
WT70_1_GAGAAATTCTCACCCA-1,4
WT70_1_TCGAACAGTTTGACAC-1,2
WT70_1_TACTGCCTCGGCCTTT-1,2
WT70_1_GCGGAAAGTCTTAGTG-1,2
WT70_1_AATGGCTAGGACTAAT-1,4
WT70_1_AGTCTCCTCCACTAGA-1,2
WT70_1_GCTACAATCCGTACGG-1,3
WT70_1_TAACACGCATAGAAAC-1,1
WT70_1_AGGTCTAGTGTGCTTA-1,2
WT70_1_CTGAATGCAATAGGAT-1,2
WT70_1_CATCGGGTCTGGCTGG-1,2
WT70_1_CGCATGGTCTGCGGGT-1,2
WT70_1_TCAATTCTCGCCGAGT-1,3
WT70_1_ATCTTCAGTTAGAAGT-1,3
WT70_1_GGTAATCGTGTTTGCA-1,3
WT70_1_TGCGACGGTATGTGTC-1,2
WT70_1_GATCATGCAAATCGTC-1,2
WT70_1_CCCGGAACAGGGATAC-1,1
WT70_1_GTGGAAGGTGGCTCTG-1,2
WT70_1_ATAGAGAGTTCGGTCG-1,2
WT70_1_TCATTGTCAAGCTACT-1,2
WT70_1_CTCAACCTCAGAGTTC-1,2
WT70_1_TTACGTTTCCGTTGGG-1,3
WT70_1_TCGCTCACACTACAGT-1,2
WT70_1_GAGTTTGGTCAAGTTC-1,2
WT70_1_GTCCCATGTACTGACT-1,2
WT70_1_GCCATGGCAATGTCAC-1,2
WT70_1_CTATCTATCATCGCTC-1,3
WT70_1_CACAGGCTCGCCTTTG-1,2
WT70_1_GGTTGTATCGTCAAAC-1,4
WT70_1_ACGTAACGTTCTTAGG-1,2
WT70_1_GGGAGATCATCTGGGC-1,3
WT70_1_TGGATGTGTAGTCTGT-1,2
WT70_1_GGTGTCGGTTCAATCG-1,2
WT70_1_CTTCTCTAGGTTCTAC-1,2
WT70_1_TCATACTGTGGCTTGC-1,2
WT70_1_TACATTCGTGACAACG-1,2
WT70_1_CTATCCGCATGGGTCC-1,1
WT70_1_ACATCGATCTCGTGAA-1,2
WT70_1_TATCCTATCTCATGGA-1,2
WT70_1_TACATTCTCATTCATC-1,2
WT70_1_CCACCATAGTAATTGG-1,2
WT70_1_ACATCCCCAGACAAGC-1,2
WT70_1_TCGCACTAGGATACAT-1,3
WT70_1_TATCAGGGTACGGATG-1,2
WT70_1_CATCGGGTCCATTCAT-1,2
WT70_1_ATCGGATGTGACTCGC-1,3
WT70_1_AGTCATGTCCTGTTGC-1,2
WT70_1_GCACATACAAGTGGTG-1,3
WT70_1_CTGCCTAAGCGACTTT-1,2
WT70_1_TCAATTCGTCCGTACG-1,2
WT70_1_ATTCATCCAACCAATC-1,4
WT70_1_CTACTATCACTCCTTG-1,2
WT70_1_TAGACCACATCTTTCA-1,2
WT70_1_ACGTTCCTCTTTCAGT-1,1
WT70_1_TTAGTCTTCAGTCATG-1,4
WT70_1_GTGAGGAGTAGCCCTG-1,1
WT70_1_AGGTGTTTCGCTAAAC-1,4
WT70_1_GTCAGCGGTTCATCTT-1,2
WT70_1_GAGTGTTCACTATCGA-1,1
WT70_1_GGAATCTTCTTCTGGC-1,1
WT70_1_ACCTGAAAGTAGGATT-1,2
WT70_1_GGTAACTTCTCGGCTT-1,2
WT70_1_CATCGGGCAGAACGCA-1,5
WT70_1_GCGTGCAAGTGATGGC-1,2
WT70_1_ATCAGGTCACCGCTAG-1,4
WT70_1_TGTTTGTGTTCAGCGC-1,2
WT70_1_CTTCCGACACTCTCGT-1,2
WT70_1_ATTTACCAGTAAACTG-1,2
WT70_1_AGGTGTTTCATAGACC-1,2
WT70_1_CTCAGTCCACACACGC-1,4
WT70_1_ACTTATCCATAGACTC-1,2
WT70_1_TTCATTGGTGAAGCTG-1,1
WT70_1_CGGGACTGTGATACCT-1,2
WT70_1_GACATCAGTGGAATGC-1,3
WT70_1_AAGCGAGCATGACAAA-1,2
WT70_1_CAACAACCAATTCGTG-1,4
WT70_1_AGGTCTATCGTCGGGT-1,4
WT70_1_GCAGGCTTCACTGGTA-1,2
WT70_1_CTCCCAAAGTCAATCC-1,2
WT70_1_CGAGAAGAGGCTCTAT-1,5
WT70_1_ACTTTGTGTATCGTTG-1,2
WT70_1_GTTGTGAAGTAAGAGG-1,4
WT70_1_ACTTATCGTTCCATTT-1,2
WT70_1_ATTATCCGTGCAAGAC-1,3
WT70_1_GTGACGCAGCTGACCC-1,2
WT70_1_TAAGCGTCACACAGCC-1,2
WT70_1_AAGTGAAAGCCAACCC-1,2
WT70_1_CGGACACGTTGCGAAG-1,3
WT70_1_TTCCTTCGTGGACAGT-1,2
WT70_1_GAACACTAGACGCATG-1,2
WT70_1_CCGTAGGAGGTAATCA-1,3
WT70_1_TTGGTTTTCATGGATC-1,2
WT70_1_GCCAGTGTCGTCAACA-1,2
WT70_1_TTAGGGTAGGGCAATC-1,2
WT70_1_CTGGTCTAGAGGGTGG-1,2
WT70_1_GGAGATGCAACCACAT-1,3
WT70_1_TTATTGCCAATACCCA-1,5
WT70_1_TCCCAGTTCTGGTTGA-1,2
WT70_1_AAGCATCAGCCAAGGT-1,3
WT70_1_AGGTTACCATCATGAC-1,3
WT70_1_CGAGGCTTCGGAATGG-1,2
WT70_1_TGCATCCGTCTGATAC-1,2
WT70_1_ATTCCATTCCGAACGC-1,1
WT70_1_GAGACTTCACTCCCTA-1,4
WT70_1_TGAGCGCGTGTTCCAA-1,2
WT70_1_CTTCGGTAGAAACACT-1,2
WT70_1_GTAGAAAAGATAACGT-1,4
WT70_1_CTAAGTGGTTGTAAAG-1,4
WT70_1_AGGTAGGTCATTACGG-1,2
WT70_1_TGGTAGTGTGCAATGG-1,2
WT70_1_GTCCCATAGCTTAGTC-1,2
WT70_1_TCGCTTGCAGACAAAT-1,4
WT70_1_TCTGTCGGTCGGAAAC-1,2
WT70_1_CTTGAGAGTTTCACAG-1,2
WT70_1_TAGGAGGAGTTAACGA-1,5
WT70_1_GACGCTGGTCCCTAAA-1,2
WT70_1_TACCTGCCATGTGGTT-1,4
WT70_1_TCATGAGGTGCCCTTT-1,3
WT70_1_AGGTCATGTGGGTTGA-1,1
WT70_1_GCGATCGGTCGAATGG-1,2
WT70_1_GTTCATTGTTTAGAGA-1,2
WT70_1_CGATCGGAGGAACGCT-1,2
WT70_1_CAGTTAGTCGGTCACG-1,2
WT70_1_AGGAGGTAGTTGGAAT-1,3
WT70_1_TGATTTCGTTGCATTG-1,2
WT70_1_CTTCAATGTATTTCGG-1,3
WT70_1_AATAGAGTCGCAATTG-1,2
WT70_1_CCAATGAAGGTATAGT-1,4
WT70_1_GCGGAAAAGGGAACAA-1,1
WT70_1_TCCCAGTGTGACCTGC-1,3
WT70_1_TTATTGCCAAACGAGC-1,2
WT70_1_TAAGCGTCAGTTTGGT-1,2
WT70_1_GTTACCCGTATTCCTT-1,3
WT70_1_ATTCCCGAGGAAACGA-1,2
WT70_1_ATTCTTGCAAGCCATT-1,2
WT70_1_CTTGATTGTCAAGTTC-1,3
WT70_1_GTTGTGATCCACTGAA-1,2
WT70_1_ATGGAGGGTAAGGTCG-1,2
WT70_1_GCCATGGTCAAGCGTT-1,4
WT70_1_CCGTTCAAGCATGCGA-1,2
WT70_1_TGGTAGTCAAAGTGTA-1,2
WT70_1_TTAGTCTCACCCAATA-1,3
WT70_1_TTCGATTCACTGGCCA-1,4
WT70_1_ATTCTTGAGAGGCGGA-1,2
WT70_1_AATCGACGTCGAGTTT-1,1
WT70_1_CCTGTTGGTAAGTCAA-1,5
WT70_1_GGTGTTAGTTGCTCCT-1,2
WT70_1_TACCCACTCCCTCTTT-1,2
WT70_1_TGATTCTCATTCGGGC-1,4
WT70_1_CTTCCTTCACAGACGA-1,2
WT70_1_CCCATTGTCTCTAAGG-1,2
WT70_1_CCGTGAGAGTGCAGCA-1,2
WT70_1_GGCGTCATCGCAACAT-1,4
WT70_1_AGGATCTTCGTAACCA-1,3
WT70_1_CTTCTCTAGCTGGTGA-1,2
WT70_1_TCTCTGGGTAGGTCAG-1,4
WT70_1_AGACAAACAGCAGTCC-1,3
WT70_1_TGTTCCGCAGTGTGGA-1,3
WT70_1_TCGGTCTTCGGAAACG-1,4
WT70_1_AGACAAATCGTGCTCT-1,2
WT70_1_CCTCACAGTTGTTGTG-1,2
WT70_1_TGGGAGATCCCATAGA-1,2
WT70_1_CGAGTGCAGGCATCAG-1,2
WT70_1_TCATTGTGTGGTCAAG-1,3
WT70_1_GGGTGTCTCTCCGCAT-1,3
WT70_1_ATGCGATGTATCGCTA-1,2
WT70_1_CATTGAGGTCTCCCTA-1,2
WT70_1_CGTTCTGCATTCTGTT-1,3
WT70_1_TCCACGTCAGGTTTAC-1,2
WT70_1_TGCATGATCAGTAGGG-1,1
WT70_1_ATTCTTGTCTCTGCCA-1,2
WT70_1_GTCTAGACAAACGGCA-1,2
WT70_1_ACGATCAAGTATAACG-1,2
WT70_1_CCGAACGAGCACCTGC-1,3
WT70_1_GTCCACTAGGCCTGAA-1,2
WT70_1_GACTCTCTCTGAGGCC-1,2
WT70_1_TCTTCCTCAAAGGCGT-1,1
WT70_1_GTTGCTCAGAATCCCT-1,1
WT70_1_TCGCACTTCCACTAGA-1,2
WT70_1_CATCCGTGTGGTACAG-1,4
WT70_1_TTCCTCTGTCGAGCTC-1,2
WT70_1_AGTTCGATCGTTGTTT-1,2
WT70_1_ACGATCAGTCGAGCAA-1,2
WT70_1_CGGGCATCACGTTGGC-1,2
WT70_1_CTCATGCAGGTAAAGG-1,2
WT70_1_GGGCTACCAGGTCTCG-1,3
WT70_1_TCGTCCAAGAATACAC-1,5
WT70_1_CGTGTCTAGATACTGA-1,2
WT70_1_TTTACCACACGGCGTT-1,4
WT70_1_CATCAAGCAGCTCGGT-1,3
WT70_1_AGTTCGATCCCGTGAG-1,2
WT70_1_TACACCCAGACATAAC-1,2
WT70_1_CTCAGTCGTCCGGACT-1,3
WT70_1_TTACCGCGTGACCGTC-1,2
WT70_1_GACCCAGCAAGTATCC-1,2
WT70_1_CTGCCATAGCAAGTCG-1,4
WT70_1_CTCATCGAGGTCGACA-1,2
WT70_1_TTTCAGTAGGTACTGG-1,3
WT70_1_TGTGCGGCAGATCCAT-1,2
WT70_1_TTAGGGTCATGGTACT-1,3
WT70_1_CTGTGAATCCAAAGGG-1,3
WT70_1_TATTGGGCATTGACCA-1,2
WT70_1_TTCGGTCAGTACGTCT-1,1
WT70_1_TCGCTCATCGCAAGAG-1,2
WT70_1_AGGATCTGTCTTGGTA-1,2
WT70_1_ATCTTCAGTGTCCAAT-1,3
WT70_1_ATAGACCAGAGAGAAC-1,2
WT70_1_CCCTAACGTGTAGCAG-1,2
WT70_1_TGGAGGAGTGGCTACC-1,2
WT70_1_ACTACGATCTCGTCGT-1,2
WT70_1_TTCCGTGCAGCAGGAT-1,3
WT70_1_CGTGTCTAGGCCTAAG-1,4
WT70_1_TTGTTTGGTTCGTTCC-1,2
WT70_1_TCCACGTGTATACAGA-1,3
WT70_1_TCCATCGGTCCGACGT-1,3
WT70_1_TCGAAGTAGAACGTGC-1,2
WT70_1_GTGCGTGCAATAGGAT-1,2
WT70_1_CCGATCTCAGATCCTA-1,2
WT70_1_GTGAGTTTCCGTGGGT-1,2
WT70_1_GTAGAAACACTTCAAG-1,1
WT70_1_GAAATGAGTAGTTACC-1,2
WT70_1_GTTTGGATCGCTATTT-1,2
WT70_1_CTAACCCAGGTGAGAA-1,1
WT70_1_GTCACTCTCAACACGT-1,2
WT70_1_CGTGCTTGTCCTTGTC-1,4
WT70_1_GTCCCATGTAGATGTA-1,2
WT70_1_CTGAATGGTCGCAGTC-1,2
WT70_1_TCATTACCACGACGTC-1,2
WT70_1_AGGGAGTAGGTCTTTG-1,2
WT70_1_CATCAAGCACCACTGG-1,2
WT70_1_AGCGCCAAGGCAGGGA-1,4
WT70_1_AGACAAAAGCGTCTCG-1,2
WT70_1_ATGAGGGTCATTCACT-1,2
WT70_1_CACGAATCATGTTCGA-1,2
WT70_1_ATCGGCGCAGATGCGA-1,2
WT70_1_ATTTCTGGTCTAATCG-1,2
WT70_1_TTAGGCATCCGACGGT-1,3
WT70_1_CATACAGTCGGACTTA-1,2
WT70_1_ACGATGTGTACCAGAG-1,4
WT70_1_CGTGTCTTCCTCACGT-1,2
WT70_1_TGACTCCAGAACTCCT-1,1
WT70_1_ATCGGATCATTGGATC-1,2
WT70_1_CGGGTCAGTTAATCGC-1,3
WT70_1_AACGTCACATACAGGG-1,2
WT70_1_GGCTGTGTCGTGGAAG-1,4
WT70_1_CGAGTGCGTAAGGTCG-1,2
WT70_1_GAAATGAAGCTAGCCC-1,5
WT70_1_GTTACGACACCGTGAC-1,4
WT70_1_CCCTAACGTTCGCGTG-1,2
WT70_1_ACTGTGACACGCTGAC-1,2
WT70_1_AGCGTCGGTACCCGCA-1,2
WT70_1_TCGATTTGTGGTTTGT-1,3
WT70_1_CATCGTCAGTGAACAT-1,3
WT70_1_GTGACGCGTCGAATTC-1,2
WT70_1_CGAGAAGCAGGACTTT-1,4
WT70_1_TGTCAGACAGGTTCCG-1,2
WT70_1_ATGCCTCGTCATCGGC-1,2
WT70_1_GTGATGTGTTCTCCTG-1,2
WT70_1_TACGCTCGTTGGCCGT-1,2
WT70_1_CTACCCACATTCAGCA-1,3
WT70_1_CGTGATACACTGAGTT-1,4
WT70_1_ACTGTGAGTGTCGCTG-1,2
WT70_1_CAGCGTGGTGACGTCC-1,2
WT70_1_TGAGGGATCACTGAAC-1,2
WT75_1_CAAGCTAGTAGCGCTC-1,3
WT75_1_CATTCATGTGAGACCA-1,3
WT75_1_GAGTGTTAGAAGGCTC-1,4
WT75_1_AGGATCTCACAACGAG-1,4
WT75_1_AATCGACAGCCAAGCA-1,2
WT75_1_GCCATTCTCGGACAAG-1,3
WT75_1_GGGTAGATCTCACGAA-1,4
WT75_1_GAGACTTCAGCGTACC-1,3
WT75_1_CTAACCCTCTCGCCTA-1,4
WT75_1_ATGGAGGGTTCGTACA-1,1
WT75_1_GTGCAGCCAAACCACT-1,4
WT75_1_ACCATTTTCCATAGGT-1,4
WT75_1_AGTACTGAGCGACCCT-1,4
WT75_1_AACCACACATCCTCAC-1,4
WT75_1_TGCAGGCCACATGACT-1,3
WT75_1_GGGCTACTCTTAGCAG-1,4
WT75_1_TACCCGTTCTGGCCTT-1,4
WT75_1_ACGTAACCACTAGAGG-1,4
WT75_1_GGGAGTACAGGGAGAG-1,4
WT75_1_AGCGATTGTGGATGAC-1,3
WT75_1_TGTAAGCCATGTCTAG-1,4
WT75_1_TACGTCCAGGAGTCTG-1,3
WT75_1_TCGACGGCAGACACAG-1,4
WT75_1_TCGGGCAAGCCAAGTG-1,4
WT75_1_TCCCACATCCCAGTGG-1,2
WT75_1_ACATCCCTCCGCTAGG-1,2
WT75_1_CACTAAGAGATGCTAA-1,2
WT75_1_TACCGAAAGTGGTTAA-1,3
WT75_1_AACCTGAGTATGACAA-1,1
WT75_1_CCTCCTCCAGGACAGT-1,2
WT75_1_CCAATGAGTTGGCTAT-1,3
WT75_1_GTTCTATTCGGAGATG-1,2
WT75_1_TGATCTTTCCACTGGG-1,4
WT75_1_CTACTATCATATGAAG-1,2
WT75_1_GTGCTTCCAAGTGACG-1,3
WT75_1_AGCCAATAGGTCATCT-1,2
WT75_1_GAAGGACCATGTGACT-1,2
WT75_1_AAAGGTACAAACTAAG-1,2
WT75_1_GATCGTAAGTGATGGC-1,4
WT75_1_CATTTCAAGACGCCAA-1,4
WT75_1_ATTGTTCAGCTGTTCA-1,1
WT75_1_TGTACAGGTGGGTCAA-1,2
WT75_1_GAACTGTTCTGACCCT-1,4
WT75_1_GGCAGTCTCATCGCTC-1,3
WT75_1_GACCCTTGTGCTATTG-1,2
WT75_1_CAGCAGCTCCGGTAGC-1,4
WT75_1_CATCGTCGTAAGGCCA-1,2
WT75_1_CGCGTGACAAGCTGTT-1,4
WT75_1_TTCCGTGTCCAGTTCC-1,3
WT75_1_AGACCCGGTCCCGGTA-1,4
WT75_1_TCTGCCATCTGGCCGA-1,3
WT75_1_AAAGTCCCATTGTAGC-1,4
WT75_1_GGAACCCTCCTGCCAT-1,1
WT75_1_GATCAGTAGGTTTACC-1,2
WT75_1_AGACAGGGTCATACCA-1,4
WT75_1_TTTAGTCAGGTGAGAA-1,4
WT75_1_TATATCCAGGTACATA-1,2
WT75_1_CAATTTCCAAGAGTGC-1,2
WT75_1_GCATTAGAGACTCGAG-1,2
WT75_1_TGTGCGGTCGTGCTCT-1,4
WT75_1_TCTGTCGCAGATCACT-1,1
WT75_1_ACTGCAACAGTCGAGA-1,2
WT75_1_CGGGACTCACAATGTC-1,2
WT75_1_GTGACGCCACCCATAA-1,2
WT75_1_AAGTTCGCACCGCTAG-1,4
WT75_1_TCACACCGTACCCGCA-1,2
WT75_1_TCAGGTAAGTCGTCTA-1,4
WT75_1_GCAGCTGTCAGTGTTG-1,2
WT75_1_TCTTGCGCAGGCTACC-1,1
WT75_1_CTGTGGGCATGGGATG-1,4
WT75_1_TACGCTCAGTCATAGA-1,3
WT75_1_TCAGTGATCTGCGTCT-1,2
WT75_1_CTGCCTACAATTTCCT-1,3
WT75_1_TGCGGGTCATTCCTAT-1,2
WT75_1_AGGTTACTCCCATTCG-1,2
WT75_1_GGTAGAGGTCCTGGGT-1,1
WT75_1_TACCCACCACAACGAG-1,2
WT75_1_TTTGACTAGGGACACT-1,1
WT75_1_AGAGAGCAGCCTTGAT-1,4
WT75_1_AGGAATATCGCCTTTG-1,4
WT75_1_GTTACAGCAGCTACCG-1,2
WT75_1_AAAGGTACAATAAGGT-1,4
WT75_1_AAGCGAGTCGTTCCCA-1,1
WT75_1_GGGAAGTCATGAATAG-1,3
WT75_1_TCATCATTCCCTCTTT-1,2
WT75_1_ATAGACCTCCAAGCCG-1,1
WT75_1_AGACCCGAGGTCCTGC-1,4
WT75_1_ATGCATGCACCATTCC-1,1
WT75_1_TGTTACTTCCAACACA-1,4
WT75_1_CATCCCAAGTCTGCAT-1,1
WT75_1_TGAATGCCAGGTTTAC-1,2
WT75_1_GTTGTAGGTAGATTGA-1,2
WT75_1_GGTAGAGCAACGACAG-1,2
WT75_1_TCAGTCCGTCTGTTAG-1,1
WT75_1_CTAGACAAGCTCGAAG-1,2
WT75_1_GGGTGAATCAAGCCGC-1,1
WT75_1_GGGATCCAGTCATTGC-1,1
WT75_1_CCCTGATTCGTCCATC-1,2
WT75_1_GATAGAATCACAAGGG-1,1
WT75_1_TAGACCAGTGATTCAC-1,2
WT75_1_TTCCACGAGTTCAACC-1,1
WT75_1_GTATTTCTCGCTGTTC-1,2
WT75_1_TCGCACTTCAACGAGG-1,4
WT75_1_TCGAACACACCAGTAT-1,2
WT75_1_GCCCGAAGTGAAGCTG-1,3
WT75_1_CCGGACATCTCAATCT-1,1
WT75_1_TCCACGTGTCCAAAGG-1,4
WT75_1_CTGCATCCAGTGCGCT-1,3
WT75_1_GGGAGTATCTCTGACC-1,3
WT75_1_GAACACTAGGCTTCCG-1,1
WT75_1_GGGTAGACAACTCCAA-1,2
WT75_1_TTACGTTCAGAGCCCT-1,2
WT75_1_CATGCCTTCGCGTGCA-1,4
WT75_1_TGCGACGGTTCCCACT-1,2
WT75_1_CAGCGTGTCCACCCTA-1,2
WT75_1_TGATGGTTCTCATGCC-1,2
WT75_1_CAAGAGGTCCTTCTTC-1,4
WT75_1_AGACACTTCGTTCTCG-1,2
WT75_1_GGAGAACAGCCGCTTG-1,1
WT75_1_ATTCCTACAACTGGTT-1,2
WT75_1_GGGTGTCAGGGAGGGT-1,2
WT75_1_CATAAGCAGCGCACAA-1,3
WT75_1_AGTTAGCCAACTGATC-1,1
WT75_1_TGAGTCAGTTCCACGG-1,4
WT75_1_TATCAGGGTACGCTTA-1,3
WT75_1_GTGCTGGTCCGTAGGC-1,1
WT75_1_CAAGGGATCCATTGGA-1,4
WT75_1_CCTAAGAGTAACAGTA-1,2
WT75_1_AAAGAACCAGCGATTT-1,2
WT75_1_ACCCTTGCAATGAACA-1,1
WT75_1_TCATCATAGAGCGACT-1,2
WT75_1_GAGACTTAGGAACTAT-1,2
WT75_1_CAAGGGAAGCACCTGC-1,1
WT75_1_ATTCATCGTTCATCTT-1,1
WT75_1_GATAGAATCTCTGCTG-1,2
WT75_1_TGCTCGTTCCCATACC-1,2
WT75_1_AACAAAGCAGCTTCGG-1,2
WT75_1_TCCGTGTTCGGAGTGA-1,1
WT75_1_GTTTACTTCAGCAGAG-1,3
WT75_1_ATACTTCGTCGCTTGG-1,1
WT75_1_TCATATCGTGTGCTTA-1,1
WT75_1_GAGATGGGTAACATAG-1,1
WT75_1_ACTTCCGAGTGTTCAC-1,3
WT75_1_TGGATGTAGATACATG-1,2
WT75_1_TCATTCAGTACAGTCT-1,4
WT75_1_TCGACCTAGTCCCGAC-1,4
WT75_1_ACCACAATCATCGCAA-1,1
WT75_1_TCCATGCTCACTGTTT-1,1
WT75_1_TTACTGTAGAAACTAC-1,4
WT75_1_TACCCGTAGTGGGAAA-1,1
WT75_1_GAACACTAGGTCTGGA-1,1
WT75_1_CCTCCAAAGCTACAAA-1,2
WT75_1_ACTCCCAGTACTGACT-1,1
WT75_1_TTATTGCAGGTTCTAC-1,3
WT75_1_ATTCTACAGGTGCCTC-1,1
WT75_1_TCGGTCTTCTCTAGGA-1,2
WT75_1_ACTACGATCTGACCCT-1,2
WT75_1_TCTATCAAGCCTCACG-1,4
WT75_1_TGGGATTTCCATTTCA-1,1
WT75_1_AAAGAACCATCGGTTA-1,1
WT75_1_TGTGAGTTCCTACACC-1,2
WT75_1_CATTGTTAGAAGATCT-1,5
WT75_1_CAACAACCATGTGACT-1,2
WT75_1_TCATGGAAGCACTAGG-1,2
WT75_1_GTTTGGATCCCTCATG-1,4
WT75_1_TTGTTTGAGCACCGAA-1,2
WT75_1_GCAGCCAGTTGCTAGT-1,2
WT75_1_TTTCATGTCCCAAGCG-1,2
WT75_1_CCTCAGTAGAGTCTTC-1,2
WT75_1_AGTACTGCAATGCAGG-1,2
WT75_1_GCTGCAGGTCAAATCC-1,2
WT75_1_TTAGGCATCAAGAAAC-1,2
WT75_1_ATTCCTAAGGGCAAGG-1,3
WT75_1_CTCCCAATCAGTCAGT-1,1
WT75_1_GTAGATCAGGCTCAAG-1,1
WT75_1_AAAGGGCAGGGAGGAC-1,2
WT75_1_TCTAACTTCTAGAACC-1,2
WT75_1_ATGGATCTCTTAGGAC-1,2
WT75_1_AACCATGGTCTCGGAC-1,2
WT75_1_AGGTAGGGTGCAACAG-1,2
WT75_1_AGGCATTGTCGGAAAC-1,3
WT75_1_CTTAGGAGTGATACTC-1,2
WT75_1_GAGTCATTCTCATGCC-1,2
WT75_1_GTTACAGCATAATCGC-1,2
WT75_1_TCACTATGTGCCGTAC-1,2
WT75_1_CAACAACAGCAACAAT-1,2
WT75_1_GATCAGTAGTAGTCAA-1,2
WT75_1_TGTCCCAGTTTCACTT-1,1
WT75_1_GTGTAACTCATTGAGC-1,4
WT75_1_ACTGTCCGTTCAAACC-1,3
WT75_1_CTATAGGGTCACCTTC-1,4
WT75_1_GGATGTTTCCAGCCTT-1,1
WT75_1_CCTCTCCGTATGCTTG-1,3
WT75_1_GTTGAACTCGAGCACC-1,2
WT75_1_TTTAGTCGTCGGATTT-1,2
WT75_1_AATGCCAAGGGCAAGG-1,2
WT75_1_GTTCATTAGTGGTTAA-1,2
WT75_1_AGGTCTACATAACAGA-1,3
WT75_1_CATGCAATCTGAACGT-1,2
WT75_1_ACTATGGTCAACGTGT-1,3
WT75_1_ATGACCAAGCGCATCC-1,2
WT75_1_GAACACTTCATTCACT-1,4
WT75_1_AGCATCACATCACCAA-1,1
WT75_1_AAACCCAAGTTGCGAG-1,4
WT75_1_GTGAGGAAGGTTCCGC-1,4
WT75_1_CTCTCAGTCAACTTTC-1,4
WT75_1_AGTAACCCACGCCAGT-1,4
WT75_1_CGTAATGCATGACGGA-1,2
WT75_1_TTTCACAGTATCGATC-1,1
WT75_1_TGGTTAGGTATCGCGC-1,1
WT75_1_CCACGAGTCCGCTGTT-1,1
WT75_1_GTAGCTACATCTATCT-1,2
WT75_1_CTGGCAGCACCTGTCT-1,2
WT75_1_AACCTTTCATGCCGAC-1,2
WT75_1_GGAACCCGTAGTTACC-1,1
WT75_1_GGTAGAGGTAGACAGC-1,2
WT75_1_TAACTTCCACACCTTC-1,2
WT75_1_TTGCATTAGGTTGGTG-1,4
WT75_1_TACAACGCATAATCGC-1,2
WT75_1_CGGGACTGTTTACCAG-1,1
WT75_1_CTGAGGCCAATCTCGA-1,2
WT75_1_ATTCGTTAGACCTCAT-1,3
WT75_1_TTTGGAGGTCTTGAGT-1,1
WT75_1_GGTCTGGTCCGACGGT-1,3
WT75_1_ATTACCTTCTTCGTGC-1,2
WT75_1_GCCATTCTCAAATAGG-1,1
WT75_1_TAGGGTTAGTGAGGTC-1,2
WT75_1_TCTACATTCGCACTCT-1,2
WT75_1_AGACCATAGAGGCGTT-1,2
WT75_1_GTGGTTAAGAGCATCG-1,2
WT75_1_ACACTGAAGTTAGTGA-1,4
WT75_1_ATCACGACAAAGAGTT-1,2
WT75_1_AAGCGAGAGCCTGGAA-1,2
WT75_1_GGAAGTGAGGACAGCT-1,3
WT75_1_TGATCTTGTGGTAACG-1,2
WT75_1_CAATGACGTAGGTTTC-1,2
WT75_1_TTCGATTGTCTGCCTT-1,2
WT75_1_GCACATACATCAGTGT-1,1
WT75_1_CATACTTAGTCCCTAA-1,2
WT75_1_GCATCTCGTCCGTACG-1,2
WT75_1_ATCATTCGTAGCGCCT-1,2
WT75_1_TATTGCTGTCACAATC-1,2
WT75_1_AGCTACACAAGCTACT-1,4
WT75_1_ACCATTTAGGTATCTC-1,1
WT75_1_GGGTGTCTCTGAATGC-1,1
WT75_1_TAGGGTTAGTCGTTAC-1,2
WT75_1_TATCTGTAGGGAGGAC-1,2
WT75_1_ACAAGCTGTCTACACA-1,2
WT75_1_TTAATCCTCCAGCACG-1,4
WT75_1_GCCCAGAGTCTTTCTA-1,3
WT75_1_ATGCCTCAGGCCACCT-1,1
WT75_1_TTTGTTGTCATCACCC-1,2
WT75_1_ACGTTCCAGGCATTTC-1,2
WT75_1_TCCACGTTCGTTCAGA-1,2
WT75_1_CTGGCAGCAGAACTTC-1,1
WT75_1_ATGGGAGTCTTCTGGC-1,4
WT75_1_TACTTGTTCCAACACA-1,2
WT75_1_CATTCATCAAGAGGTC-1,2
WT75_1_AAACGAAAGGTGCATG-1,1
WT75_1_TTCATTGTCATGGAGG-1,2
WT75_1_TCACAAGAGAAGGGAT-1,4
WT75_1_GGGTAGAGTGTGGACA-1,2
WT75_1_TCTATACGTGTCCAAT-1,4
WT75_1_AGAACCTAGTTCTCTT-1,2
WT75_1_TCTCACGTCCACCTGT-1,3
WT75_1_AAACCCACAGTCAGTT-1,3
WT75_1_TCCACCATCTCAAAGC-1,2
WT75_1_AGAGAATAGGGACACT-1,1
WT75_1_GTCTTTAAGGAAGAAC-1,2
WT75_1_AGTTCCCCAGGCTTGC-1,1
WT75_1_AAGCGAGTCTACTTCA-1,1
WT75_1_TGAGGTTTCGAGTTGT-1,2
WT75_1_CCAATTTCAGCCATTA-1,1
WT75_1_AAACGCTAGCTGAAGC-1,5
WT75_1_ACAACCAGTCGAAGCA-1,2
WT75_1_CTTCTAAGTGACTCTA-1,4
WT75_1_AGCGTATCATGACTAC-1,4
WT75_1_GGGTTTAGTAGACGGT-1,1
WT75_1_CTGCGAGTCCACTTCG-1,2
WT75_1_GGGCTCAGTAGTCTGT-1,1
WT75_1_ATGTCCCTCGTTATCT-1,2
WT75_1_AACCAACAGGACGCTA-1,3
WT75_1_CCTCTCCGTGGACCAA-1,2
WT75_1_GTGGTTAGTGGCTGAA-1,1
WT75_1_CATCGTCGTTAACCTG-1,2
WT75_1_TGAGGAGTCTGGGATT-1,2
WT75_1_AACCAACAGTGAACAT-1,2
WT75_1_CATCCGTTCGCCACTT-1,2
WT75_1_GGGAAGTCATGGCTGC-1,0
WT75_1_GTAGTACCATAATGAG-1,2
WT75_1_AGATGAAAGGCTCAAG-1,2
WT75_1_TATTCCAGTAGGCAGT-1,3
WT75_1_TAGGTTGGTCAAAGAT-1,2
WT75_1_TATCAGGCACAGTCGC-1,2
WT75_1_TGTCCCAGTAGATTGA-1,1
WT75_1_TTGAGTGGTCCATACA-1,4
WT75_1_TATTCCAAGCGTCTCG-1,2
WT75_1_TGTCCCATCGTTCTAT-1,3
WT75_1_ACGGGTCTCAACCGAT-1,2
WT75_1_GTCGTAAGTTCGTGCG-1,1
WT75_1_TCTGCCATCCGACGGT-1,2
WT75_1_TCAGTGATCTTCCCGA-1,4
WT75_1_TGTAAGCTCAACGAGG-1,4
WT75_1_ATGTCTTCAGAGAAAG-1,1
WT75_1_GCAGCTGTCAGGACGA-1,3
WT75_1_TTAGGCAGTACCGGCT-1,4
WT75_1_CCTCCTCCACTGCACG-1,2
WT75_1_CTGTAGACAATTCTCT-1,1
WT75_1_ATGGGAGCACTGTCCT-1,2
WT75_1_GCGTTTCAGCGCTGAA-1,2
WT75_1_GGAACCCAGGGAGGTG-1,3
WT75_1_GGGTCACGTAAGGTCG-1,1
WT75_1_TTGTTTGAGTTCCGTA-1,1
WT75_1_GGTAATCAGTTGAATG-1,2
WT75_1_CTGTGAAGTCGAATGG-1,1
WT75_1_GATCATGTCGAGATGG-1,1
WT75_1_CATAAGCAGCTGGCTC-1,4
WT75_1_TCTGCCAAGAGAGGGC-1,2
WT75_1_TAGTGCACAAATGCTC-1,2
WT75_1_GCTCAAAGTACGCTTA-1,4
WT75_1_ATCGCCTAGCGTGCCT-1,2
WT75_1_TCATTTGCAAATTAGG-1,1
WT75_1_GGGTTATAGAACAAGG-1,2
WT75_1_TCACATTGTCCGGATC-1,2
WT75_1_TCATGAGTCCAGTGCG-1,4
WT75_1_TGAACGTTCTTAGCCC-1,3
WT75_1_CTAGACACATATTCGG-1,2
WT75_1_CGATGCGAGCGACCCT-1,2
WT75_1_AGGACTTGTGACACAG-1,2
WT75_1_GGGAGTAGTATCGAAA-1,2
WT75_1_TTCTTGAGTTGAAGTA-1,5
WT75_1_CATCCCATCATTGTTC-1,4
WT75_1_AGGTTACGTCTTACTT-1,3
WT75_1_GATCACAAGAAGTGTT-1,2
WT75_1_GTTGTGAGTAACATAG-1,1
WT75_1_AAAGGTAAGACGAAGA-1,1
WT75_1_CTGGCAGCAACCAGAG-1,2
WT75_1_GATGAGGCAACGTATC-1,1
WT75_1_TGAATGCGTCCAGGTC-1,4
WT75_1_ATCACTTTCTAGCAAC-1,3
WT75_1_TCCTCGAGTACGACTT-1,1
WT75_1_TGGTTAGTCGCAATTG-1,3
WT75_1_GTGTAACAGGATGGCT-1,1
WT75_1_ATGCATGTCTCCACTG-1,3
WT75_1_GGGCTACTCGGTATGT-1,3
WT75_1_GGCAGTCCAGCGGTTC-1,3
WT75_1_ATTCCTAGTGTTAACC-1,1
WT75_1_TAAGTCGCATCGGAGA-1,3
WT75_1_GGTGTTACATCTAACG-1,1
WT75_1_TGACAGTTCACCTGGG-1,2
WT75_1_ATTCCTAGTAGCGTTT-1,2
WT75_1_AGACCCGGTATCCTCC-1,1
WT75_1_CCTCACAAGGTACATA-1,2
WT75_1_CTTCTAAAGCAAACAT-1,2
WT75_1_CACGTTCAGAGGATCC-1,0
WT75_1_ATTTCTGGTTCGCGTG-1,3
WT75_1_CACATGAGTTAGGCCC-1,2
WT75_1_ACCAAACAGCGTATGG-1,2
WT75_1_GAGGCAACAGTCAACT-1,0
WT75_1_TGAACGTAGTTGCCTA-1,1
WT75_1_CTCTCAGGTTACGGAG-1,2
WT75_1_CATCCACTCCGGGACT-1,2
WT75_1_GTGCTGGTCCCTGGTT-1,1
WT75_1_CAATGACGTGCCCAGT-1,4
WT75_1_AGGCCACGTTCGAGCC-1,1
WT75_1_TCTATCAGTAGTCGGA-1,4
WT75_1_CGATCGGAGGGTGAAA-1,1
WT75_1_AGTCAACGTTTGACAC-1,3
WT75_1_GCACGGTCAACGCATT-1,3
WT75_1_GCCATGGTCTCAAAGC-1,1
WT75_1_ATTGTTCGTAATTGGA-1,2
WT75_1_CTGAGGCGTAACATCC-1,1
WT75_1_ATAGGCTTCTTGAACG-1,3
WT75_1_GTACAGTCACTGGATT-1,1
WT75_1_ACAAGCTGTGTTAAAG-1,4
WT75_1_CTCAACCGTGAGCTCC-1,2
WT75_1_CATAGACAGCCATTCA-1,1
WT75_1_TCTATCATCAGACTGT-1,1
WT75_1_TCAAGCAGTCTAACGT-1,2
WT75_1_ACCAAACAGTGCGACA-1,1
WT75_1_TGAGTCAGTGGTGATG-1,2
WT75_1_TGGCGTGCACGCCAGT-1,2
WT75_1_TGGCGTGGTCAAGCGA-1,5
WT75_1_AAGCGTTTCTATCGTT-1,1
WT75_1_GAAGCCCAGTGCCAGA-1,2
WT75_1_TGTTGGATCATCACAG-1,3
WT75_1_GACTGATGTATCACGT-1,1
WT75_1_TCATTGTGTCGATTCA-1,1
WT75_1_TCGTAGATCGGTATGT-1,1
WT75_1_GTGTCCTAGCAGTAAT-1,1
WT75_1_CCCTGATCACTTCTCG-1,1
WT75_1_AGTTCCCCAAGAAACT-1,2
WT75_1_CCCTCAATCTGGGTCG-1,2
WT75_1_AACCACAAGGTTCTTG-1,3
WT75_1_CTACGGGCATTCATCT-1,3
WT75_1_GCTACAAGTCGCATTA-1,3
WT75_1_CGTGATAGTACGTAGG-1,2
WT75_1_CGTTCTGGTATAGGGC-1,2
WT75_1_GATCAGTTCCATAAGC-1,4
WT75_1_GAAGGGTGTGCTTATG-1,5
WT75_1_CCGAACGAGGACAACC-1,1
WT75_1_GTTACGAAGCTCGTGC-1,3
WT75_1_TGTCAGATCCACGTAA-1,1
WT75_1_TAGGGTTAGAACCCGA-1,2
WT75_1_AACCAACCACGCTATA-1,2
WT75_1_CAGGCCATCCGACAGC-1,0
WT75_1_GCGTGCAGTCCGGCAT-1,2
WT75_1_CTTACCGGTTTGGGAG-1,2
WT75_1_ACTATCTGTACAACGG-1,1
WT75_1_ATTTCTGGTTGAGAGC-1,2
WT75_1_GGTGAAGAGCCTATCA-1,2
WT75_1_CGCAGGTTCTGGCCAG-1,2
WT75_1_CTACAGACAGTGTGCC-1,1
WT75_1_CAGTGCGGTGAACGGT-1,1
WT75_1_GAGGCAAGTCTCAAGT-1,1
WT75_1_GGAGGTAAGCACACAG-1,3
WT75_1_TGTAGACTCATCTATC-1,2
WT75_1_TGTGTGATCTTTGCGC-1,2
WT75_1_AGATGAAGTTTGAACC-1,2
WT75_1_TGCTCGTAGCGGACAT-1,3
WT75_1_TCGTAGAAGGTACCTT-1,1
WT75_1_TGACCCTTCTGTTCAT-1,3
WT75_1_TCTTCCTCACCTTCGT-1,2
WT75_1_GGGCTACCAGAAATTG-1,2
WT75_1_GATTGGTTCGTGTCAA-1,4
WT75_1_GTGGGAAGTACCCGAC-1,2
WT75_1_TAACTTCGTTAAACAG-1,1
WT75_1_TGCTCCATCACTTGTT-1,2
WT75_1_ACGGTTACACCCATAA-1,1
WT75_1_GTCAAACTCGTCACCT-1,2
WT75_1_CAGTGCGAGTAAGAGG-1,3
WT75_1_CAATGACCAGTAGTTC-1,2
WT75_1_CCGCAAGAGACGAGCT-1,1
WT75_1_ACTTTGTGTTGCTAGT-1,3
WT75_1_TGCACGGAGGTCACTT-1,3
WT75_1_AGGCTGCCACAAAGCG-1,3
WT75_1_CATGCGGTCCACTGAA-1,2
WT75_1_CATCGCTCACGCGTCA-1,1
WT75_1_GTTCGCTCATTGGGAG-1,3
WT75_1_CAGGGCTAGTGGAAGA-1,2
WT75_1_TCCCACACATGGAAGC-1,4
WT75_1_GTTCTATTCCCTTTGG-1,2
WT75_1_TATACCTGTTCAGGTT-1,4
WT75_1_TCACACCGTCGTGATT-1,2
WT75_1_TTGATGGCAATTAGGA-1,3
WT75_1_TTGTTTGAGGACCCAA-1,3
WT75_1_CAGGCCAAGTGGAATT-1,2
WT75_1_GTCGTTCTCTCGTCAC-1,2
WT75_1_TCCATCGGTCTTGCGG-1,0
WT75_1_GTGTCCTGTACGAGCA-1,2
WT75_1_ACACGCGCAGAACTTC-1,2
WT75_1_TTCCTAAGTCAACATC-1,5
WT75_1_TACTTACAGTGCGCTC-1,3
WT75_1_CATTGCCAGCGTTACT-1,1
WT75_1_ACCTGTCAGCGTGCCT-1,3
WT75_1_ACTTTGTGTAGGTAGC-1,2
WT75_1_GTGTTAGAGCTTGTTG-1,3
WT75_1_GTTCATTGTGACTATC-1,3
WT75_1_CGTGTCTCAATGGGTG-1,4
WT75_1_GTTTGGACACTCAAGT-1,1
WT75_1_CATCGCTCATACACCA-1,3
WT75_1_GCATCTCTCGTGGGAA-1,2
WT75_1_ACGGAAGAGTCGAAAT-1,1
WT75_1_TTCATTGCATCATTTC-1,1
WT75_1_CCCGGAACAGGAAGTC-1,1
WT75_1_GTCTGTCAGGAACGCT-1,2
WT75_1_AGCGTCGGTCTACAGT-1,2
WT75_1_TCATATCTCCATTCGC-1,1
WT75_1_TGCTTGCGTTAGGGTG-1,2
WT75_1_AGGCATTTCCACGGGT-1,2
WT75_1_AGCGTATTCCATTTCA-1,2
WT75_1_AGGACTTGTGATACCT-1,1
WT80_1_TAGAGTCCAGCTGTCG-1,3
WT80_1_AGTGACTGTGAATGTA-1,3
WT80_1_ATCGGATTCCATAGAC-1,3
WT80_1_TCAGGGCTCTTCCCAG-1,5
WT80_1_TGCATGAAGACCGCCT-1,5
WT80_1_AGCGATTAGAATAACC-1,0
WT80_1_AGCTACAAGCACTTTG-1,4
WT80_1_GACCTTCAGAGCAGAA-1,5
WT80_1_TAAGTCGTCCATGATG-1,5
WT80_1_AGCTCAATCATGCGGC-1,4
WT80_1_AACCCAACAGCACACC-1,4
WT80_1_TGAATCGAGCAGTACG-1,1
WT80_1_CGCCATTAGCACAAAT-1,4
WT80_1_GTACAGTGTCATAAAG-1,5
WT80_1_TCTATCAGTGACATCT-1,3
WT80_1_GAATCGTCAATTCACG-1,4
WT80_1_TCTTTGATCTGTCGTC-1,4
WT80_1_ATCGTGACAAATTAGG-1,4
WT80_1_ACCTGAAAGGTCGAGT-1,3
WT80_1_TTCCTAACAGTAGTGG-1,5
WT80_1_TGCGGCATCGCAACAT-1,4
WT80_1_AAGGTAACAGGTGTTT-1,3
WT80_1_ACATCCCTCTAGGAAA-1,4
WT80_1_GATGAGGGTTGCCATA-1,3
WT80_1_CTCACTGCATGCACTA-1,4
WT80_1_ATTGGGTCATCGGCCA-1,5
WT80_1_TTCTGTAAGGGCTGAT-1,5
WT80_1_GCGGAAACACCCTCTA-1,1
WT80_1_GAAGTAACACACCAGC-1,1
WT80_1_CTACATTCATAACCCA-1,3
WT80_1_CAATTTCGTCAAGCGA-1,4
WT80_1_TCCTTTCTCGTTGCCT-1,4
WT80_1_AAAGAACGTGTATTCG-1,5
WT80_1_ATAGACCAGAGGTGCT-1,1
WT80_1_ACCATTTCAAAGCAAT-1,5
WT80_1_GCATCTCTCATTATCC-1,1
WT80_1_CATACAGTCGAACGCC-1,5
WT80_1_GGCAGTCCATCGTTCC-1,1
WT80_1_TCGTCCAAGGTACAGC-1,3
WT80_1_AGACCCGTCAGTCACA-1,3
WT80_1_CGCCAGATCATGTCTT-1,3
WT80_1_TCTACCGTCTAGTTCT-1,0
WT80_1_ACATCGACATGGCTGC-1,5
WT80_1_GTGGTTAAGCGTTCCG-1,4
WT80_1_CATTCTAAGTTTGAGA-1,1
WT80_1_TAGGAGGCAACTTCTT-1,5
WT80_1_CATTGCCGTACACGTT-1,4
WT80_1_TTCTTGAGTGTAACGG-1,5
WT80_1_AGGCTGCTCGACGTCG-1,1
WT80_1_ATTCGTTGTCATGCAT-1,4
WT80_1_CTGTACCAGCACACAG-1,4
WT80_1_GGCTGTGCATAGCTGT-1,4
WT80_1_ATTCCCGGTCTTGAGT-1,4
WT80_1_CGGACACTCCGCGGAT-1,1
WT80_1_CAAAGAATCCGTGACG-1,5
WT80_1_ATAGGCTAGACACACG-1,4
WT80_1_AATCACGCATCCCACT-1,5
WT80_1_AACCTTTCAATTGCTG-1,0
WT80_1_GACCAATGTGCCTTCT-1,5
WT80_1_TTTGATCTCGTAATGC-1,0
WT80_1_TCAGCCTAGTGCTAGG-1,1
WT80_1_CTGGACGAGTAGTCAA-1,4
WT80_1_CGGGACTAGCTTTGTG-1,4
WT80_1_GTTGCTCAGCTACTGT-1,5
WT80_1_GAGTGAGAGGGATCTG-1,5
WT80_1_TGTTGGAAGATTGTGA-1,1
WT80_1_CTTACCGAGCCGTAAG-1,5
WT80_1_AATGCCATCCGCAAAT-1,1
WT80_1_GATGTTGGTAACGATA-1,3
WT80_1_TGTTCATGTGCTCCGA-1,4
WT80_1_TGTGGCGAGACTCGAG-1,5
WT80_1_GGCAGTCCAATATCCG-1,5
WT80_1_TTCAATCAGTATCTGC-1,1
WT80_1_GGGTGTCGTACGCGTC-1,5
WT80_1_TCAAGCAGTTAGCGGA-1,5
WT80_1_AAAGGGCCAGACCAGA-1,3
WT80_1_CGGGTGTAGTCTTCCC-1,0
WT80_1_CAGCAATAGTGTGTTC-1,3
WT80_1_ATTATCCAGAAGCGAA-1,4
WT80_1_TTGATGGCAATAGGAT-1,0
WT80_1_CTCTCGACAACTGCTA-1,4
WT80_1_GCTACCTGTGTATTGC-1,0
WT80_1_TCTCCGACACAAATCC-1,5
WT80_1_TGAATCGCACCCAACG-1,4
WT80_1_CGCATGGGTATCGATC-1,2
WT80_1_CCATCACTCGAACGCC-1,2
WT80_1_TAGCACACATGGGAAC-1,1
WT80_1_ACATCGATCTCGCAGG-1,5
WT80_1_CCGAACGAGTGTAGAT-1,0
WT80_1_TTTGGAGAGCGATCGA-1,4
WT80_1_TGGTGATTCATCACTT-1,4
WT80_1_GTGCTGGCACATCCCT-1,5
WT80_1_CCGGTAGCACTTGAAC-1,4
WT80_1_TCTCACGTCAACTACG-1,1
WT80_1_AGTAACCAGGGTCAAC-1,1
WT80_1_AAGACTCAGGGTACAC-1,0
WT80_1_AGATGAAAGCGTATGG-1,5
WT80_1_AAGCCATAGTTACGGG-1,0
WT80_1_TTACAGGTCACCTCTG-1,1
WT80_1_GACCAATAGATACCAA-1,5
WT80_1_TCCTCCCGTGGCAACA-1,5
WT80_1_CTGTACCGTCTTGAGT-1,4
WT80_1_TATCCTAAGGCTAGCA-1,3
WT80_1_ACTATGGCACTGCGAC-1,5
WT80_1_CTGGACGGTATTGGCT-1,5
WT80_1_CCTTTGGAGCCTCAAT-1,5
WT80_1_GTTCTATCAAGATCCT-1,5
WT80_1_GAAGCCCCAGTGTGCC-1,3
WT80_1_AGTACTGAGCAGTACG-1,5
WT80_1_ACTTTCAAGAGTGGCT-1,5
WT80_1_TTGCCTGAGTTCCGGC-1,3
WT80_1_AAGCGTTAGGCGATAC-1,5
WT80_1_TGCGGCAGTATCGATC-1,2
WT80_1_CGTTCTGAGGAAGTCC-1,5
WT80_1_AGTGACTAGACGCTCC-1,1
WT80_1_TGCGGCATCTCGTGGG-1,5
WT80_1_TCACTATAGCAAATGT-1,3
WT80_1_GTTGTCCTCGGTAAGG-1,4
WT80_1_ACTATGGAGGGAGTTC-1,1
WT80_1_GATGAGGCAGCAGTCC-1,1
WT80_1_TCAATCTTCGTTGTGA-1,1
WT80_1_CCTATCGCACTGGCCA-1,3
WT80_1_AAAGAACGTTGGGCCT-1,4
WT80_1_AGCATCAGTCCTATAG-1,5
WT80_1_TCATTCAGTACACGCC-1,4
WT80_1_ATGGGAGCAAATGGTA-1,4
WT80_1_ATTGGGTTCTGACGCG-1,5
WT80_1_CCTTGTGGTCTCGACG-1,1
WT80_1_GGTGTCGGTCACTTCC-1,4
WT80_1_GTGCAGCTCCCGTTCA-1,1
WT80_1_AGGCTGCAGCTTCATG-1,1
WT80_1_TGAGGGAAGGACGCTA-1,1
WT80_1_GAATCACCACGCTATA-1,1
WT80_1_ACGTCCTCAAGCACAG-1,3
WT80_1_GAGTGAGAGATCCCGC-1,1
WT80_1_CATAGACTCACCGCTT-1,0
WT80_1_CCCTGATGTCGTACTA-1,4
WT80_1_GAACGTTAGGCCACCT-1,4
WT80_1_GAGTTTGGTAGTACGG-1,3
WT80_1_TGTGGCGCAATTTCGG-1,4
WT80_1_TTGCCTGCACTGGATT-1,5
WT80_1_TAAGTCGCATGCGGTC-1,1
WT80_1_AGGCATTTCTGCGATA-1,1
WT80_1_CGTCCATCATTGCAAC-1,5
WT80_1_AAGATAGTCCGAGATT-1,5
WT80_1_TTCCGGTTCGTAGCTA-1,5
WT80_1_TACAGGTGTCATACCA-1,1
WT80_1_AACACACGTCTGTAAC-1,5
WT80_1_ACCGTTCCACGAGGAT-1,2
WT80_1_TCAGCAAGTCCTCAGG-1,4
WT80_1_GTAGGTTGTTCTCCAC-1,4
WT80_1_GTCACTCAGACGACGT-1,5
WT80_1_TGATGGTCAAGAGATT-1,5
WT80_1_ATCGGCGAGTCCGCCA-1,4
WT80_1_TCTACCGTCACATCAG-1,5
WT80_1_TATTGCTTCTCCGAAA-1,5
WT80_1_TGCAGTAAGTGGCGAT-1,4
WT80_1_CAGGTATTCGAGTGGA-1,5
WT80_1_AGTGACTGTGCCGAAA-1,4
WT80_1_GGAATGGGTCTGGTTA-1,1
WT80_1_CTTACCGCATGCACTA-1,3
WT80_1_TCAAGACAGATGCTTC-1,1
WT80_1_ACAAGCTGTTCCACGG-1,5
WT80_1_ATCCACCAGAGGTCGT-1,5
WT80_1_GTGGAAGTCTTAGCTT-1,5
WT80_1_ACCAACATCTGAACGT-1,4
WT80_1_AGCTACAAGTGATAAC-1,5
WT80_1_CGCATAATCAGTCACA-1,1
WT80_1_TCCCACACACCCATAA-1,1
WT80_1_CTCCCTCCATCTAACG-1,1
WT80_1_GTTCATTCACGAGGTA-1,1
WT80_1_TAAGCCATCAGCTCTC-1,1
WT80_1_ACTTTGTAGTGCAAAT-1,5
WT80_1_CGTAAGTCAGAAGTTA-1,4
WT80_1_ACTCTCGAGACGCTCC-1,5
WT80_1_GCATCTCTCTTCTGGC-1,1
WT80_1_CTTCTCTAGGTATAGT-1,1
WT80_1_TGATGCAGTCGACTTA-1,4
WT80_1_CTACCTGCAACTGGTT-1,3
WT80_1_GGATGTTCACAGAAGC-1,1
WT80_1_TAGACTGAGCTGCCTG-1,3
WT80_1_ATCGGATGTACCCGCA-1,5
WT80_1_GCATCTCGTGTTACAC-1,2
WT80_1_AAAGTGATCTCATAGG-1,0
WT80_1_GGTAGAGAGAGCGACT-1,5
WT80_1_CCTTGTGTCTCCCTAG-1,4
WT80_1_CCTCTAGCAGGTTCGC-1,1
WT80_1_ATCGTAGAGCCTCCAG-1,4
WT80_1_TTGAGTGAGACATATG-1,4
WT80_1_TCTTTGAGTTGCACGC-1,0
WT80_1_CGTAGTATCGATCCCT-1,4
WT80_1_CATGCGGTCCATACAG-1,1
WT80_1_TGCCGAGCACTTGTCC-1,5
WT80_1_TGTTCTATCTCGTCGT-1,4
WT80_1_TCAGTCCTCATACAGC-1,4
WT80_1_TTCGCTGGTACGAGTG-1,1
WT80_1_GTGGAGATCTTACGTT-1,5
WT80_1_CACGTTCAGTGATAAC-1,1
WT80_1_TTACGCCTCAGACAAA-1,3
WT80_1_CAATTTCTCGTCTACC-1,5
WT80_1_TTGTGTTAGGCCATAG-1,4
WT80_1_CATCGTCAGTCATGAA-1,4
WT80_1_ATGAAAGAGGGTCTTT-1,4
WT80_1_ACTTCGCCACGTGAGA-1,4
WT80_1_CTCATTATCGAGTGGA-1,1
WT80_1_CAATCGAGTCTTGAGT-1,5
WT80_1_TTCCTAATCGAGTCCG-1,4
WT80_1_ATCACAGCACGGTGCT-1,1
WT80_1_ATTCGTTCAGTCGCAC-1,4
WT80_1_CCTACGTTCCATAAGC-1,1
WT80_1_GGTAGAGCAACCCTAA-1,3
WT80_1_AAGTCGTCACAAGTGG-1,5
WT80_1_AACAACCGTCCCTGTT-1,5
WT80_1_CTAGACACATATCTGG-1,0
WT80_1_TTCACCGCAGGTGTTT-1,1
WT80_1_CCCTGATTCGCGCCAA-1,0
WT80_1_GAATCACAGCGAACTG-1,1
WT80_1_TGCTTGCTCACGGGCT-1,1
WT80_1_TCAGCCTCATCGAAGG-1,1
WT80_1_GGTGGCTTCGCCTATC-1,5
WT80_1_TCAGCAACATTAGGCT-1,3
WT80_1_GATGTTGCACACTTAG-1,5
WT80_1_AGGAGGTGTGTTCGAT-1,4
WT80_1_TTTGATCCAATTGCTG-1,1
WT80_1_CGTAGTAGTTGGGTTT-1,5
WT80_1_TGAGTCAGTTAGGGAC-1,5
WT80_1_GCTTCACCAGCTGTAT-1,4
WT80_1_ACATTTCAGCAAGTCG-1,5
WT80_1_CAGCAATCAAAGTATG-1,5
WT80_1_ATGGAGGGTAGACACG-1,5
WT80_1_TTCTTCCAGAACGTGC-1,4
WT80_1_CGGGTCATCTCGCCTA-1,4
WT80_1_TGTTCCGAGACTACCT-1,5
WT80_1_CACTGAAAGTATAACG-1,5
WT80_1_CTCCCTCCACTCAAGT-1,5
WT80_1_TCTCTGGGTGAGTAAT-1,5
WT80_1_TCCTAATAGATCCCGC-1,0
WT80_1_TACGTCCGTGGTCTTA-1,1
WT80_1_TACTGCCGTACTGACT-1,1
WT80_1_ATTACTCGTCCTGGTG-1,5
WT80_1_AAAGTGAGTCTCTCCA-1,4
WT80_1_CGATGCGGTGTGACCC-1,5
WT80_1_GAGCTGCGTGCATCTA-1,4
WT80_1_GAGTTGTAGTTGCTGT-1,5
WT80_1_GGGCGTTAGAACGTGC-1,4
WT80_1_TTGATGGAGGCACAAC-1,0
WT80_1_CCGATGGTCAACTTTC-1,3
WT80_1_ATCGTGATCAGCTGAT-1,5
WT80_1_CCGGACATCCCATTTA-1,2
WT80_1_GTGGCGTGTCGTATGT-1,5
WT80_1_AGTAGCTAGTTGGGAC-1,1
WT80_1_CGTCAAACATGACGAG-1,1
WT80_1_AGCTTCCTCCGCTTAC-1,1
WT80_1_GCCAACGGTTTCGTAG-1,5
WT80_1_TGATGCATCCTATTGT-1,0
WT80_1_CATGCCTAGGGCAGAG-1,3
WT80_1_GCCTGTTTCAAGAGGC-1,1
WT80_1_CGTTCTGGTGGCTACC-1,4
WT80_1_AGTGCCGGTGATCGTT-1,5
WT80_1_CTCACTGGTCCGATCG-1,5
WT80_1_CATACAGGTTCGAACT-1,5
WT80_1_GAATCACAGGAAGTAG-1,0
WT80_1_CCACAAATCTACGGGC-1,5
WT80_1_AAGGAATGTGAGCTCC-1,5
WT80_1_GAATAGATCTCATTAC-1,5
WT80_1_ATTCTTGGTTAAACCC-1,3
WT80_1_TCACGGGCATTGCAAC-1,1
WT80_1_ATCGATGTCATGCGGC-1,5
WT80_1_CTACGGGAGTCACGAG-1,0
WT80_1_CTGCGAGTCACCATCC-1,5
WT80_1_CCAAGCGAGGTCACTT-1,4
WT80_1_TCCAGAAAGGCACTCC-1,5
WT80_1_TCCGGGACATTGACCA-1,5
WT80_1_CAAGAGGGTCAAATCC-1,5
WT80_1_TGTCCACAGATGGTCG-1,5
WT80_1_TGGGAGATCGTAGCCG-1,3
WT80_1_GCCAGCAGTTGGAGAC-1,5
WT80_1_GATAGAAAGGATCACG-1,0
WT80_1_CAACCAAGTGACTATC-1,0
WT80_1_TGACAGTCAAGTTGGG-1,3
WT80_1_AACCATGAGTAACCGG-1,4
WT80_1_AAAGTGAGTCTCACAA-1,0
WT80_1_TGCTTGCGTCACCGAC-1,5
WT80_1_GCATGATCACCAGCGT-1,5
WT80_1_CCAAGCGAGGCCACCT-1,0
WT80_1_CAGTTAGAGGTTATAG-1,0
WT80_1_CACGTTCAGATGTTAG-1,4
WT80_1_AGGTTGTGTCCGATCG-1,5
WT80_1_CGTCCATCAAGGTACG-1,5
WT80_1_CACGTTCAGGGCGAGA-1,0
WT80_1_ACTTCGCAGAAGGGAT-1,5
WT80_1_GTCCACTTCGCAATGT-1,3
WT80_1_CACCGTTTCTTTACAC-1,4
WT80_1_GTTAGACAGGTCTTTG-1,0
WT80_1_CGGAACCGTCCGGACT-1,5
WT80_1_TTGCCTGTCCGATGTA-1,5
WT80_1_ACTCTCGAGTAACCGG-1,1
WT80_1_TCAAGCAGTTCCATTT-1,3
WT80_1_GGTTGTAAGGATACGC-1,5
WT80_1_ATCCACCAGCCGCTTG-1,5
WT80_1_TAGGAGGTCGGCTGGT-1,5
WT80_1_CTATCTATCATCTCTA-1,4
WT80_1_TTTGACTTCGTGACTA-1,3
WT80_1_ATCGTCCCACCTGTCT-1,1
WT80_1_TATCTTGAGTCGGCAA-1,5
WT80_1_TCGACCTAGCTCCCTT-1,1
WT80_1_CTTCTCTTCTCTCGCA-1,3
WT80_1_TGCTGAAGTCCGAAGA-1,1
WT80_1_ATCTCTAGTAGAGACC-1,5
WT80_1_AGATCCACATGAGAAT-1,5
WT80_1_TCATGAGGTGTTCCAA-1,1
WT80_1_CAACAGTCACGTCGTG-1,1
WT80_1_CCTCTCCCAGGTTCCG-1,4
WT80_1_GTCTAGAAGTTGCGCC-1,1
WT80_1_AGACTCACATCGGAGA-1,5
WT80_1_GACTATGCAAATGAAC-1,5
WT80_1_GTTCCGTTCGGAGATG-1,5
WT80_1_ACATGCACAACAGTGG-1,5
WT80_1_ATACCTTTCAATGCAC-1,3
WT80_1_CTCAGGGGTTCCCACT-1,4
WT80_1_CTGCAGGGTAACATAG-1,5
WT80_1_GTGAGCCGTCATATGC-1,4
WT80_1_ACTTTCAAGCCGATAG-1,0
WT80_1_TGTTGGATCTAAACGC-1,5
WT80_1_GGGAGTATCAGTGGGA-1,0
WT80_1_GAAGGACAGCCACTCG-1,5
WT80_1_TCTCTGGCAGAGGTAC-1,0
WT80_1_TATCAGGCACCTCTAC-1,4
WT80_1_GTCGCGAGTATGTCAC-1,5
WT80_1_GTGATGTGTCAGGCAA-1,3
WT80_1_CAGTGCGTCATTACCT-1,5
WT80_1_ACGCACGGTGAGGAAA-1,5
WT80_1_TCCTCGACATAGCTGT-1,5
WT80_1_TCTGCCAGTGGCGTAA-1,4
WT80_1_CGCCATTCACGGGTAA-1,0
WT80_1_ATCACAGTCTGGTTGA-1,5
WT80_1_CATCCGTAGAAACTCA-1,5
WT80_1_ACATCGAAGCGTCAAG-1,5
WT80_1_GAGACCCAGACTGAGC-1,5
WT80_1_ACTTCCGGTTAGGACG-1,1
WT80_1_TCGTGGGGTCGTCATA-1,0
WT80_1_GCAGTTAGTGTCGCTG-1,5
WT80_1_AGAACCTTCCGTCAAA-1,5
WT80_1_TGTTCTAGTCCCTAAA-1,1
WT80_1_TCATGAGTCATATGGC-1,4
WT80_1_CACAGGCCACACAGCC-1,4
WT80_1_CAGATTGCAAATGAGT-1,1
WT80_1_ACTATGGCACACACGC-1,3
WT80_1_CAGTTCCTCCCGAGGT-1,3
WT80_1_AGGTAGGCAAGTTTGC-1,0
WT80_1_AGAGAGCTCCATTTGT-1,1
WT80_1_AGGATCTTCACTTCTA-1,2
WT80_1_TACGGGCCACGGTAGA-1,5
WT80_1_CCGGTGAAGCAATTCC-1,3
WT80_1_AGTGCCGAGGCCCAAA-1,4
WT80_1_TCGCTTGAGTCTCTGA-1,1
WT80_1_TAAGTCGCACATATGC-1,3
WT80_1_GAGGCAAAGTCTCCTC-1,5
WT80_1_TGATGCATCCACCTCA-1,4
WT80_1_GGTGAAGTCTAGATCG-1,5
WT80_1_TTTGATCCACCCTTGT-1,5
WT80_1_GGGAGATGTATACGGG-1,1
WT80_1_GAGGGATTCTTAGGAC-1,4
WT80_1_TGCGGCAAGCAGCGAT-1,5
WT80_1_AGAAGTATCTTACGTT-1,4
WT80_1_GTAGCTATCTGAGCAT-1,4
WT80_1_CATACTTAGTTTGTCG-1,5
WT80_1_GGGAAGTGTCTCAGGC-1,1
WT80_1_TCCACGTCAGGTACGA-1,5
WT80_1_CCGTTCAAGCTGAGCA-1,1
WT80_1_ATCGCCTAGGGAACAA-1,0
WT80_1_CAATACGGTCCCGGTA-1,2
WT80_1_TGAGGTTGTTGGGAAC-1,4
WT80_1_CTTAGGATCCGGACTG-1,5
WT80_1_TAATTCCTCATTCTTG-1,5
WT80_1_ACTATCTAGCCAAGCA-1,1
WT80_1_GTGCTGGTCCCGAAAT-1,0
WT80_1_TCGCACTGTGTCCCTT-1,1
WT80_1_GTGTGATGTACCGTGC-1,0
WT80_1_TTTACCATCCATACTT-1,5
WT80_1_GATCGTAAGTGAGTTA-1,0
WT80_1_GAGTTGTTCTGCTTTA-1,5
WT80_1_CATAAGCAGGTGGTTG-1,5
WT80_1_TCTCACGCAGCCTACG-1,4
WT80_1_CGAGTGCAGACGGTTG-1,2
WT80_1_GGTCTGGCATTAGGAA-1,0
WT80_1_AAGACAACAGGTTACT-1,1
WT80_1_CCAATGAAGAGTCACG-1,4
WT80_1_CACAGGCAGAGAGTGA-1,5
WT80_1_AAACGAAGTTATTCTC-1,5
WT80_1_CATTGTTTCCGTATAG-1,4
WT80_1_GGGTGAATCCCACAGG-1,3
WT80_1_AGGGTCCGTAACGGTG-1,3
WT80_1_TGTAGACCACTATCCC-1,1
WT80_1_AGAAATGGTTCCCAAA-1,0
WT80_1_GAAGCCCTCTGCGAGC-1,3
WT80_1_CAGCCAGCAATCCTTT-1,0
WT80_1_ATGGGAGAGTGAATAC-1,1
WT80_1_GAGTTTGGTCGCTCGA-1,4
WT80_1_CATCAAGGTTCGGTCG-1,5
WT80_1_TCAGGGCCAGAAGTGC-1,4
WT80_1_TTCATTGAGTGCCTCG-1,4
WT80_1_CTTGAGAAGTTAGAAC-1,4
WT80_1_CATTCCGAGCAGTCTT-1,5
WT80_1_CGCCAGATCCCGGTAG-1,3
WT80_1_TATTGCTCAATCGAAA-1,5
WT80_1_ACTTCGCTCGCAGAGA-1,5
WT80_1_AATGGAAGTTCAGCTA-1,1
WT80_1_ATATCCTGTGTGAGCA-1,4
WT80_1_ATTCATCCAGGCACAA-1,3
WT80_1_GGAGGATCATTGTCGA-1,3
WT80_1_CTGCATCTCAGGACAG-1,1
WT80_1_GAGTCTAGTATACAGA-1,1
WT80_1_ATCGGCGGTCTACGAT-1,5
WT80_1_GTAGCTACACAGTACT-1,5
WT80_1_TTGTTTGAGATGGCGT-1,5
WT80_1_CATTGAGGTCGGCACT-1,5
WT80_1_TTCCTAATCGTGGCTG-1,0
WT80_1_ATACCGAGTCTTCAAG-1,5
WT80_1_ATTCCCGAGGCTCACC-1,3
WT80_1_CATTTCAAGCACCCAC-1,5
WT80_1_GGAACCCAGGCTATCT-1,0
WT80_1_CCGTGAGTCCCGTAAA-1,4
WT80_1_CGGGTGTTCTGGACTA-1,4
WT80_1_GGAGATGGTGCTCTCT-1,3
WT80_1_CAGTTAGCAAGCACAG-1,5
WT80_1_CCACCATGTCTTTATC-1,5
WT80_1_AGGGCCTAGCATATGA-1,1
WT80_1_AAGACTCCAGAAGTTA-1,0
WT80_1_TCCTAATCAGTCCGTG-1,1
WT80_1_ACACTGAGTCGCACAC-1,0
WT80_1_TAGCACACAGCACAGA-1,5
WT80_1_CGTTAGACATTCTCCG-1,5
WT80_1_TATTTCGCAACCCTAA-1,3
WT80_1_CTCAATTAGCAAGGAA-1,5
WT80_1_TTTGGTTGTGCTCCGA-1,1
WT80_1_ACGTTCCAGCAATAGT-1,5
WT80_1_CACAGATGTCAGCGTC-1,3
WT80_1_GGTCACGAGCAAATGT-1,1
WT80_1_CAATTTCCACTTGAAC-1,5
WT80_1_CAAGACTAGGTAGACC-1,5
WT80_1_GTGAGTTTCGAGATAA-1,5
WT80_1_TACTTACTCATTTGCT-1,5
WT80_1_TACCCGTAGACCTCAT-1,4
WT80_1_TCATGCCCAGTGCGCT-1,5
WT80_1_TCGCTCACATGACTCA-1,5
WT80_1_GAAGAATTCCTGGCTT-1,1
WT80_1_TCGGGTGCACACCGAC-1,5
WT80_1_CATTGTTAGCATATGA-1,5
WT80_1_TCAATCTGTCTGCCTT-1,5
WT80_1_GTTTGGATCTGTCAGA-1,0
WT80_1_TGGGAGACATACCGTA-1,5
WT80_1_GTGTCCTCAGAATCGG-1,0
WT80_1_GTTGCTCAGAGCATAT-1,5
WT80_1_TCTCCGAAGTGATAAC-1,5
WT80_1_AGGAATACACCTATCC-1,1
WT80_1_CACAACAGTCTCCCTA-1,0
WT80_1_CATGCTCGTCCATACA-1,1
WT80_1_ACAGGGACAGCGAGTA-1,1
WT80_1_GAGTGAGAGGTCGACA-1,0
WT80_1_CATCAAGCAGTCTACA-1,4
WT80_1_CTTCCTTCAGTTGCGC-1,3
WT80_1_GCTGCAGCATGTGACT-1,5
WT80_1_TCTAACTTCGTCAAAC-1,5
WT80_1_CGCCAGATCGCCACTT-1,4
WT80_1_CAACAACTCCTTCTGG-1,3
WT80_1_GCACGGTTCGAGAAGC-1,1
WT80_1_CCCTCTCGTCTGTCAA-1,1
WT80_1_GGGAGATGTGCGGATA-1,5
WT80_1_CAGAGCCGTTAATCGC-1,3
WT80_1_GTTGTGATCACTCACC-1,3
WT80_1_GCATGATCAGACCTGC-1,0
WT80_1_TGATGCAAGTTCATGC-1,5
WT80_1_GAAGGACCAATAGTCC-1,3
WT80_1_ACCTGAAGTCTGCCTT-1,5
WT80_1_TCAGGTAAGGTAAAGG-1,4
WT80_1_CTGAATGTCGAGAACG-1,1
WT80_1_TCCGATCCAGCGGTCT-1,5
WT80_1_ACTGTGATCCGCCTAT-1,0
WT80_1_GGTGGCTTCGCCTCTA-1,4
WT80_1_GAAGCCCCACAGTGTT-1,3
WT80_1_TTTACCAAGAAGATCT-1,0
WT80_1_TACCCGTCAGATACCT-1,5
WT80_1_TGGATCATCGCAGAGA-1,5
WT80_1_GCATTAGCACCACTGG-1,4
WT80_1_ACCTACCAGGGACAGG-1,5
WT80_1_AAGCGAGAGGGCAACT-1,5
WT80_1_GATAGCTCACCATTCC-1,1
WT80_1_CCTCTCCAGCAAGCCA-1,5
WT80_1_ATGAAAGTCCGGACTG-1,0
WT80_1_TAACGACCACAAGTTC-1,1
WT80_1_GATTCTTAGACGTCGA-1,1
WT80_1_AGATAGACAAAGAGTT-1,3
WT80_1_ACAAAGAGTCCTACAA-1,1
WT80_1_GGAGATGGTTTCTATC-1,3
WT80_1_GTCATGAAGATTGAGT-1,4
WT80_1_ATTATCCGTGGATGAC-1,2
WT80_1_AGACAGGCATTGACAC-1,0
WT80_1_AGAAATGGTCGCAACC-1,5
WT80_1_CTATCCGGTTTAGACC-1,1
WT80_1_TGAATCGCACATATCG-1,1
WT80_1_CTATCTAGTGATCATC-1,0
WT80_1_CTCCAACGTGACAACG-1,5
WT80_1_CCTCAACGTGTATACC-1,1
WT80_1_TCCCAGTGTCTAGTGT-1,5
WT80_1_ATTGGGTAGATACCAA-1,5
WT80_1_CAATCGACAACTCATG-1,4
WT80_1_GTCGTAACATCACGGC-1,4
WT80_1_GTCGCGATCCGAAGGA-1,5
WT80_1_AACGAAACACGGGCTT-1,3
WT80_1_GAGTTGTGTTCCTAGA-1,0
WT80_1_TCTTGCGTCCATTGCC-1,5
WT80_1_GTTGAACTCCTGGGTG-1,5
WT80_1_AGAAATGTCAGATTGC-1,5
WT80_1_ACTATGGCAGAGGTTG-1,0
WT80_1_CATAAGCCAACTCCCT-1,0
WT80_1_GTTACAGAGATGAAGG-1,1
WT80_1_CTCCATGCAAAGGGCT-1,3
WT80_1_TGGAGGACAATACCCA-1,3
WT80_1_CCTCTAGTCGGCACTG-1,0
WT80_1_CTGCTCATCTGTTCAT-1,3
WT80_1_ACGGTTATCGAACGGA-1,1
WT80_1_GTAGAGGAGGATACGC-1,1
WT80_1_AGGTAGGCAGATCCAT-1,5
WT80_1_GCACGTGTCCTTCACG-1,5
WT80_1_GTAGAAAAGTCTGGTT-1,3
WT80_1_GTAACACCAACCACGC-1,5
WT80_1_CGGGACTAGCGCTGCT-1,5
WT80_1_AGTCAACTCAAGCTTG-1,5
WT80_1_GGCACGTCACATTCTT-1,5
WT80_1_TCGATTTCAGAAGTTA-1,4
WT80_1_GGTCACGAGAGTGACC-1,3
WT80_1_AACTTCTTCACTGCTC-1,5
WT80_1_CCTCTAGGTCTAGATC-1,3
WT80_1_GTGTTAGAGCTGACAG-1,1
WT80_1_AGGAAATAGAACGCGT-1,1
WT80_1_CATAGACGTACCATAC-1,5
WT80_1_GAGGGTATCATATGGC-1,3
WT80_1_CTAGACATCGTGGAAG-1,1
WT80_1_GTTTACTCAAGTGCAG-1,1
WT80_1_CATACAGGTTGGAGAC-1,5
WT80_1_TACGGGCAGCATCAAA-1,1
WT80_1_TCTTTGACAAGTTTGC-1,3
WT80_1_CACTGTCCAGAAGTTA-1,0
WT80_1_GGAGGTAAGACATGCG-1,1
WT80_1_TCGGGTGAGTAGAATC-1,5
WT80_1_ATGATCGAGGGCGAAG-1,5
WT80_1_TTGCTGCTCCAAGAGG-1,1
WT80_1_ATTTACCGTTCACCGG-1,1
WT80_1_AATGAAGTCGACGCGT-1,1
WT80_1_AATCGACGTTCGAAGG-1,3
WT80_1_TGTACAGTCGACCACG-1,5
WT80_1_TCAGTCCGTTCATCGA-1,1
WT80_1_ACACGCGTCTGGCTGG-1,5
WT80_1_GTGGAAGTCTGTTCAT-1,1
WT80_1_TCACACCTCTTGCGCT-1,1
WT80_1_CTGCTCAAGGAGGCAG-1,1
WT80_1_AGACAGGCAGATTTCG-1,5
WT80_1_ATTCAGGGTAGAATAC-1,5
WT80_1_GAGACTTAGGTGAGCT-1,5
WT80_1_TCATGCCTCATTGAGC-1,5
WT80_1_TCCTTCTCAATCGAAA-1,1
WT80_1_AGAAGCGTCGGTCGAC-1,5
WT80_1_GCGGAAAAGCATCGAG-1,5
WT80_1_CTAACTTCAGTTTGGT-1,3
WT80_1_CGTTAGATCGCTACAA-1,0
WT80_1_TTTACGTCAAATCAAG-1,4
WT80_1_GTTAGTGGTAGATTGA-1,5
WT80_1_GCAACCGTCAAATGCC-1,5
WT80_1_GGTGATTTCGTTGTAG-1,1
WT80_1_GAGTTACCAACACAAA-1,5
WT80_1_CAGCACGCACAAACGG-1,3
WT80_1_TTAGGCAGTTTGTTCT-1,5
WT80_1_TCTGTCGTCTATCACT-1,4
WT80_1_TCTCCGACAGACAAAT-1,1
WT80_1_CCTATCGTCAAAGCCT-1,5
WT80_1_TTGGGATAGACGGAAA-1,1
WT80_1_TGATTTCTCTCCCTAG-1,5
WT80_1_TCATTCAGTTGCATCA-1,1
WT80_1_CAGGCCATCGAACACT-1,4
WT80_1_AAGCGTTCATCCTTCG-1,1
WT80_1_GTGTAACTCTCATTAC-1,3
WT80_1_AGACACTTCGCTCTAC-1,1
WT80_1_TCGTGCTCAGAAATCA-1,1
WT80_1_ATCACAGGTCCGAAGA-1,1
WT80_1_AGCTCAAAGCCTTGAT-1,3
WT80_1_TTGGTTTGTAAGGAGA-1,1
WT80_1_GGGAAGTCACGTTGGC-1,5
WT80_1_GTCGTAAAGTCACTGT-1,0
WT80_1_ATTCCTACATACATCG-1,0
WT80_1_GTGGTTAAGGAGTACC-1,4
WT80_1_TGTACAGCAATACCTG-1,3
WT80_1_GCTTTCGAGGTTGGAC-1,5
WT80_1_ACATCGAAGAGGTCAC-1,5
WT80_1_TACATTCCAGTTCACA-1,3
WT80_1_CGATGCGTCAAGTCGT-1,1
WT80_1_GCTCAAATCCGCGGAT-1,1
WT80_1_GTACAGTGTCATAACC-1,0
WT80_1_GTGTTCCGTACGTGAG-1,5
WT80_1_CATCCACGTACTAGCT-1,1
WT80_1_CGATCGGTCCGCTAGG-1,0
WT80_1_GGGATCCAGTACAGAT-1,2
WT80_1_GTGGAAGAGCTTAGTC-1,0
WT80_1_TTTGGAGAGAGTAACT-1,0
WT80_1_TACGTCCGTTCCGCAG-1,5
WT80_1_ATCGCCTTCCCATAGA-1,3
WT80_1_GGTTCTCGTGACATCT-1,0
WT80_1_TCTTAGTCAAAGACTA-1,3
WT80_1_TTAGGGTTCGAGAGAC-1,5
WT80_1_CCTCAGTCACGCGCAT-1,1
WT80_1_CTGGTCTAGAGGCGTT-1,5
WT80_1_GGATGTTGTTGGTACT-1,3
WT80_1_TTGTTGTGTATACCCA-1,5
WT80_1_ACCTGTCGTAACAGTA-1,3
WT80_1_CTCTCAGAGCGACATG-1,5
WT80_1_ATTCCTACACTAGGTT-1,1
WT80_1_ATTACCTAGCCTGGAA-1,3
WT80_1_CGTCAAAGTTTGGAAA-1,3
WT80_1_CTCATTAGTTGAATCC-1,5
WT80_1_TTCATGTAGACTACGG-1,4
WT80_1_GTCACGGTCCAATCCC-1,1
WT80_1_CCTTTGGCAAGCGCTC-1,5
WT80_1_TTTAGTCGTTCAAGTC-1,0
WT80_1_CCCTAACTCTACAGGT-1,4
WT80_1_CACATGACAGTTTCGA-1,3
WT80_1_TGTCAGAAGAGCTGAC-1,5
WT80_1_GCTACAAGTGAGTTGG-1,2
WT80_1_GTCGTTCGTGTGTTTG-1,1
WT80_1_TTGAACGTCGAGATAA-1,3
WT80_1_AATGACCTCTGCGAGC-1,3
WT80_1_GAGTGAGCAATACCCA-1,1
WT80_1_CGGGTCAAGGTGATAT-1,1
WT80_1_ATTGGGTAGTAGTCTC-1,0
WT80_1_TTGCATTTCAGTCCGG-1,1
WT80_1_AATCGTGGTATTGAGA-1,5
WT80_1_ATGCGATGTTAACCTG-1,1
WT80_1_GATGCTACAACCCGCA-1,3
WT80_1_GTCGTTCCAAAGGCTG-1,1
WT80_1_TACCTGCAGTCATGGG-1,5
WT80_1_GTTTACTCATTCTTCA-1,3
WT80_1_TTCCGTGAGTGTAGTA-1,3
WT80_1_TGGGTTATCTACGGGC-1,3
WT80_1_TTCCAATAGTACAACA-1,4
WT80_1_ACGTAACTCGGAATGG-1,1
WT80_1_ACACCAAAGTTGAAGT-1,1
WT80_1_GATGATCCAATTGTGC-1,3
WT80_1_TGTGTGAGTTCAGGTT-1,5
WT80_1_AGGTAGGCAGACGGAT-1,5
WT80_1_ACCTGAAAGACTTCCA-1,5
WT80_1_GGCGTCAGTAGGCAGT-1,1
WT80_1_CTCCTCCTCCGATAGT-1,4
WT80_1_TCAGTTTTCGGTGCAC-1,5
WT80_1_AGCGATTCAGGTAGTG-1,1
WT80_1_CCCTTAGAGGACAGCT-1,3
WT80_1_GATCATGGTAGATGTA-1,1
WT80_1_AACCTTTCATCCAACA-1,5
WT80_1_CTTCTAAAGCCGTCGT-1,3
WT80_1_CGGGTGTAGCTGACAG-1,1
WT80_1_ACTATTCAGCGTCGAA-1,1
WT80_1_GAATCACGTCCAAGAG-1,1
WT80_1_GGAATCTCATCATCTT-1,3
WT80_1_CATTGAGGTGAACGGT-1,0
WT80_1_TACAACGGTCGGCCTA-1,4
WT80_1_CATTTCAAGTGGACGT-1,2
WT80_1_TACCCACTCGTGTGAT-1,5
WT80_1_TGGGATTAGGTACAGC-1,5
WT80_1_GCAGCTGCAGTTTCAG-1,5
WT80_1_CACAGATCAGGGACTA-1,1
WT80_1_GGAGGATCAGAGAGGG-1,1
WT80_1_TCTTGCGTCGCAATGT-1,4
WT80_1_TGTCAGAGTGTAAACA-1,1
WT80_1_TAGAGTCTCATCAGTG-1,4
WT80_1_TCCTCGATCATAAGGA-1,3
WT80_1_TCATCCGGTACGTGTT-1,1
WT80_1_CAATTTCAGGACACTG-1,3
WT80_1_TGTGAGTGTACCACGC-1,1
WT80_1_TCATTTGAGCGTCGAA-1,4
WT80_1_AGCGTCGGTACGTTCA-1,1
WT80_1_ATCTCTAGTTGTAAAG-1,5
WT80_1_AATGAAGCATCCGCGA-1,5
WT80_1_GAAGGGTGTATGCTTG-1,5
WT80_1_ACACAGTCAGCAGGAT-1,5
WT80_1_TGGGCTGTCTCGGGAC-1,0
WT80_1_ACCACAACAACGCCCA-1,1
WT80_1_TCATCATGTTCGGCTG-1,1
WT80_1_CATCCCATCGCAAGAG-1,5
WT80_1_TAAGTCGAGTGCCCGT-1,5
WT80_1_GTTGCGGGTCTGTGGC-1,1
WT80_1_TCACACCAGGCCTTCG-1,0
WT80_1_CTCCTCCAGTTCGCAT-1,5
WT80_1_ACACAGTAGTCCGCGT-1,3
WT80_1_CGATGGCCAATCTGCA-1,5
WT80_2_TCCATCGCATTCACAG-1,4
WT80_2_AGATCGTGTCTACGAT-1,3
WT80_2_TCATTTGCAGGAATAT-1,5
WT80_2_TCTTTGAAGAAATGGG-1,4
WT80_2_AACCATGGTATGAAAC-1,4
WT80_2_ACCAAACTCCATCACC-1,5
WT80_2_AACCTTTGTTCAAGGG-1,5
WT80_2_CTTGATTCAGGTACGA-1,1
WT80_2_CGAGTGCCAATGAAAC-1,4
WT80_2_GTCACGGGTCGGCCTA-1,5
WT80_2_AAATGGAGTCACCGCA-1,4
WT80_2_CGCCAGACATAAGCAA-1,3
WT80_2_TACCCACGTATTAAGG-1,3
WT80_2_ATGGAGGGTATCGAGG-1,1
WT80_2_ACTGTCCAGCTAATGA-1,3
WT80_2_GACCCTTGTACAGCGA-1,5
WT80_2_CTTCTAACATGTCGTA-1,4
WT80_2_TTGGGATTCATTATCC-1,4
WT80_2_GCAGCCATCACTTTGT-1,4
WT80_2_CACGAATTCGTGTTCC-1,3
WT80_2_TCACGCTTCCATCAGA-1,3
WT80_2_CCCGGAAGTACGATCT-1,5
WT80_2_GATTTCTCATACATCG-1,4
WT80_2_TAATTCCGTTCAGTAC-1,1
WT80_2_TTTGATCCACACCGCA-1,3
WT80_2_GGTGTCGGTCAACACT-1,5
WT80_2_TTGATGGCATTGGCAT-1,5
WT80_2_TGCATCCAGGGTGAGG-1,4
WT80_2_TGGCGTGGTTGCTCGG-1,0
WT80_2_AGAGAATTCCGCATAA-1,1
WT80_2_ATTCATCAGTTCCGTA-1,5
WT80_2_GTGGTTATCGAGGCAA-1,5
WT80_2_CCAATGAAGACAAGCC-1,2
WT80_2_AGTGTTGAGACATGCG-1,3
WT80_2_AGAACCTGTCCAGCCA-1,4
WT80_2_GACTATGAGTAAGAGG-1,4
WT80_2_GCGGAAACAGAGGTTG-1,0
WT80_2_AGGCTGCTCAAGCCTA-1,3
WT80_2_GGGTATTGTACAAACA-1,4
WT80_2_TCTTCCTGTTGGTGTT-1,4
WT80_2_CATCGTCGTTGTGCCG-1,0
WT80_2_TTTCAGTTCGACCCAG-1,3
WT80_2_TTCCTAATCAGCCCAG-1,4
WT80_2_CAATGACGTAGGAGGG-1,1
WT80_2_TCTCACGGTTGCATGT-1,5
WT80_2_TGCAGTACAGTATGAA-1,5
WT80_2_GCGAGAAAGAAGCGAA-1,3
WT80_2_CCCAACTTCGTTAGAC-1,5
WT80_2_ACTTTCACATAACGGG-1,1
WT80_2_GCCAACGCACACCGAC-1,4
WT80_2_TAATTCCCACCAGCTG-1,5
WT80_2_CATGCAAGTTGTCTAG-1,3
WT80_2_TGACCCTCAACAGAGC-1,5
WT80_2_AATGACCTCCTACCGT-1,3
WT80_2_CTAGACAAGGATGCGT-1,1
WT80_2_CAACGGCTCGTTGTGA-1,3
WT80_2_TTCTGTACAAGTATAG-1,3
WT80_2_ACACTGACAAGGTCAG-1,3
WT80_2_TCAGCCTTCGAAGGAC-1,1
WT80_2_TGAGTCACATAACGGG-1,4
WT80_2_TGCGGGTCAAAGAGTT-1,4
WT80_2_TATTCCACACCTCGTT-1,3
WT80_2_CGTTGGGGTATTTCTC-1,5
WT80_2_AGACAGGCAATTCTCT-1,2
WT80_2_GTGAGTTAGGACAACC-1,4
WT80_2_GGAACCCAGATCGGTG-1,5
WT80_2_CTTGAGAGTATGAAAC-1,4
WT80_2_ACCCAAATCGTTCCTG-1,4
WT80_2_TGGGCGTTCATATGGC-1,3
WT80_2_GGGAAGTGTGGCTTAT-1,5
WT80_2_GTACAGTGTGGGAGAG-1,1
WT80_2_AAAGGGCTCCTGTAGA-1,1
WT80_2_TCCTTCTAGCGGGTAT-1,3
WT80_2_CTTCCGATCGCAACAT-1,1
WT80_2_GACCTTCCAATCTAGC-1,1
WT80_2_TCTCAGCGTAGGGAGG-1,1
WT80_2_AATCGACCACCTTCCA-1,5
WT80_2_GACTCTCCAGGCATTT-1,1
WT80_2_GCATGATGTATGCAAA-1,5
WT80_2_GTAGAAAAGCCTCCAG-1,1
WT80_2_CATCCCATCAGGAGAC-1,5
WT80_2_GCAACATTCCCATTTA-1,1
WT80_2_AGGTTGTGTGTGAATA-1,1
WT80_2_GAGACCCTCCTCTCGA-1,4
WT80_2_GTGTGATGTCGTTATG-1,3
WT80_2_TGTCCCATCGGCGATC-1,1
WT80_2_TCACGCTAGGCAGGTT-1,0
WT80_2_ATGAGGGAGAGATGCC-1,5
WT80_2_TCCGTGTCACTAGGCC-1,1
WT80_2_AAGCATCGTCTCAAGT-1,1
WT80_2_CCAATGAGTGCCTGAC-1,5
WT80_2_CAAAGAAGTTTACCTT-1,1
WT80_2_CCTCCAAGTAACTAAG-1,5
WT80_2_TCGAACACACCTGCAG-1,5
WT80_2_CACTGTCTCTGGGAGA-1,5
WT80_2_ACGTAACTCATAGAGA-1,0
WT80_2_TTTCAGTAGGCAATGC-1,4
WT80_2_CCTCATGCAGTTGTCA-1,5
WT80_2_ATCACAGTCTGGACCG-1,5
WT80_2_TTTGTTGTCCGTGGGT-1,5
WT80_2_TACGGTATCGAAATCC-1,1
WT80_2_TTCCTCTCACCCTTAC-1,4
WT80_2_CCTTTGGCACCCTAGG-1,5
WT80_2_GTCAAACCATCGCTGG-1,4
WT80_2_TCCGAAACAGTTTCAG-1,1
WT80_2_TTGTTCATCCAGTGCG-1,1
WT80_2_TACAACGCAGGTTCCG-1,1
WT80_2_GTGGTTAAGCCTGTCG-1,1
WT80_2_TCACTATTCGGAGTGA-1,0
WT80_2_TGTTCATGTTTCGCTC-1,1
WT80_2_CCGTGAGCAACACGAG-1,4
WT80_2_ACTATCTAGATCGCTT-1,5
WT80_2_AGTTAGCTCAGGGATG-1,1
WT80_2_CGATGGCGTGCCCACA-1,4
WT80_2_TTACGCCAGCAATTAG-1,5
WT80_2_AGTACCACAAGCAATA-1,5
WT80_2_CATGAGTAGCCAAGGT-1,5
WT80_2_AACAACCAGAGTCAAT-1,5
WT80_2_GTTGTAGCACACGTGC-1,4
WT80_2_ACGTAGTGTAGCCCTG-1,3
WT80_2_GGAGATGCATGTACGT-1,4
WT80_2_GACTGATCATACAGAA-1,5
WT80_2_CTCATTACAACACAAA-1,4
WT80_2_CCTGTTGGTCAACCAT-1,1
WT80_2_TAACGACGTGGACTAG-1,5
WT80_2_AGTCACAAGCTACAAA-1,5
WT80_2_ACTTATCTCACATTGG-1,1
WT80_2_CCACTTGAGGTGATAT-1,3
WT80_2_TCGCTCAAGCGTGAAC-1,5
WT80_2_TCCATGCAGGACGCAT-1,5
WT80_2_TACTTACAGTAGACAT-1,1
WT80_2_ACTGATGGTACTTGTG-1,5
WT80_2_CATGCAAAGTATGAAC-1,0
WT80_2_ACAAGCTCAGGACAGT-1,5
WT80_2_CTGAATGCATCCGAGC-1,3
WT80_2_TCCCACATCACACGAT-1,5
WT80_2_ATTCCATAGCCGTAAG-1,5
WT80_2_TTCCTAATCCGTTGGG-1,5
WT80_2_CGTTCTGGTATTGACC-1,4
WT80_2_AGTAGCTAGAAACCCG-1,5
WT80_2_GAAGCCCAGCTAGCCC-1,5
WT80_2_TTACCGCGTTGCTCAA-1,3
WT80_2_GGGATCCGTCTGTCCT-1,5
WT80_2_TTCCACGCATATCTGG-1,4
WT80_2_GGCTGTGTCAACCCGG-1,4
WT80_2_CAGTTCCGTGCAATGG-1,5
WT80_2_TGTAACGCACCGCTGA-1,4
WT80_2_TGACCCTTCATCTACT-1,4
WT80_2_TCATTGTGTCTCTCCA-1,5
WT80_2_TTCAATCTCGTTACCC-1,3
WT80_2_GCCAACGAGTATTAGG-1,4
WT80_2_CCTCATGTCAGCTGTA-1,0
WT80_2_TGCCGAGCATGGAACG-1,4
WT80_2_TCGACCTGTATCGAAA-1,0
WT80_2_GATCAGTGTGGGCTCT-1,5
WT80_2_TGTGTGAAGGCGCTTC-1,5
WT80_2_ACAACCACACTCTAGA-1,3
WT80_2_CACAGATAGCTAATCC-1,1
WT80_2_TAGTGCATCAGCTTCC-1,5
WT80_2_CTGGCAGGTACTTCCC-1,5
WT80_2_ACTGATGTCAAGTGGG-1,5
WT80_2_ACAGGGAGTCATACCA-1,0
WT80_2_GTGTGATGTTACGCCG-1,5
WT80_2_ATGGAGGGTCACGACC-1,5
WT80_2_GATTCGAGTTTGGGAG-1,1
WT80_2_AGGAGGTTCGTCACCT-1,5
WT80_2_CGGTCAGAGATTACCC-1,1
WT80_2_AGTCACACATAAGATG-1,5
WT80_2_AGGACGAGTTACGCCG-1,5
WT80_2_TTTAGTCGTGCCTGCA-1,5
WT80_2_TACCCACTCCAACCAA-1,0
WT80_2_AAAGAACGTGCTGTCG-1,4
WT80_2_CGTGTCTGTACACGCC-1,4
WT80_2_TTTCCTCTCGCCAATA-1,1
WT80_2_TTCTTCCAGGAACGAA-1,4
WT80_2_TTGATGGTCAGTAGGG-1,5
WT80_2_TCCGATCCAGCATGCC-1,4
WT80_2_ATAGGCTGTACGTACT-1,4
WT80_2_TACGCTCTCCACGGAC-1,0
WT80_2_TCGCACTGTCACGCTG-1,3
WT80_2_TAGAGTCCACAGTCAT-1,3
WT80_2_ATGATCGCAAGTGGGT-1,1
WT80_2_GAGCTGCGTTGCCGCA-1,5
WT80_2_TACCTCGCACCCATAA-1,1
WT80_2_CGTTCTGCAGCAGTCC-1,1
WT80_2_GAACGTTTCCCAGGAC-1,5
WT80_2_ATCACGAGTACGATTC-1,5
WT80_2_TTGCCTGAGGTATCTC-1,4
WT80_2_CCAATTTAGAAATTCG-1,1
WT80_2_GTGAGTTAGCTGCGAA-1,0
WT80_2_CAGGCCATCTGGCCTT-1,1
WT80_2_TATTCCATCTTGGAAC-1,0
WT80_2_TTCACCGTCTCGGGAC-1,5
WT80_2_AATGAAGAGCCACCGT-1,5
WT80_2_GATTGGTAGCCTTGAT-1,3
WT80_2_CAGAGCCTCATAGACC-1,1
WT80_2_ACATGCACAGAGACTG-1,0
WT80_2_GAAGAATCAAGTGCTT-1,1
WT80_2_CGAAGTTGTCAACCAT-1,4
WT80_2_CCCAACTAGGGATCTG-1,1
WT80_2_TGCGACGCATACTGAC-1,2
WT80_2_TCAAGTGGTACAATAG-1,4
WT80_2_ATCACGATCAATCTTC-1,3
WT80_2_GATAGCTGTCTGTGGC-1,3
WT80_2_GCCAGGTGTAACGCGA-1,4
WT80_2_TCTACATTCTGCACCT-1,1
WT80_2_TTGAGTGAGTAGCCAG-1,0
WT80_2_GAATAGATCCACGTGG-1,1
WT80_2_ACGTAACCAGAACATA-1,4
WT80_2_TCGCTTGAGGGATCAC-1,3
WT80_2_TTTACCATCTCATGGA-1,4
WT80_2_GCTGAATAGGCCTTGC-1,0
WT80_2_TCTGTCGAGCAAACAT-1,1
WT80_2_TTACGCCAGCAGGTCA-1,1
WT80_2_CTTCGGTAGGATACCG-1,4
WT80_2_AATCGTGAGAGGGTGG-1,1
WT80_2_GATTCGAAGCCTGAAG-1,4
WT80_2_TTCCTCTCATGCCGAC-1,1
WT80_2_CATTCATGTTGAAGTA-1,5
WT80_2_TATCGCCGTTAGTCGT-1,1
WT80_2_ATCACAGCACGGCACT-1,3
WT80_2_ATAGACCCACTAAACC-1,4
WT80_2_GTTGTCCTCCTGATAG-1,5
WT80_2_CTGGCAGAGACCAGCA-1,0
WT80_2_GACTTCCGTGTCGATT-1,4
WT80_2_TTTACGTGTACCGTGC-1,4
WT80_2_TTGAACGGTGTCATCA-1,5
WT80_2_CATCGCTGTGACGCCT-1,1
WT80_2_CCTCTAGTCAACGAGG-1,5
WT80_2_TGGCGTGTCCGATGCG-1,0
WT80_2_GTACAGTCAAAGGCGT-1,0
WT80_2_GATGTTGGTTGTCATG-1,4
WT80_2_AGGCTGCTCGAGAGAC-1,0
WT80_2_CATCCACAGTACTGTC-1,1
WT80_2_TCCACCACAATATCCG-1,4
WT80_2_CGCCATTCATTGTCGA-1,4
WT80_2_TGAGACTAGCTAGCCC-1,1
WT80_2_CACTGGGGTGTTTACG-1,4
WT80_2_ACATCCCCAAGTTCCA-1,5
WT80_2_CTACCTGTCGGTCACG-1,4
WT80_2_CACGTTCTCCACCTGT-1,5
WT80_2_TATTGGGAGGACAACC-1,3
WT80_2_CCTTTGGAGTACCGGA-1,5
WT80_2_AGTCACAAGATAGCAT-1,1
WT80_2_GAATCGTAGCTCTTCC-1,5
WT80_2_TGCTCCATCCCGAGGT-1,5
WT80_2_TTTCGATGTCAACACT-1,5
WT80_2_GAGACCCCAGCAGGAT-1,1
WT80_2_CCCTAACGTACCTTCC-1,5
WT80_2_CATGCAAAGCTCCATA-1,5
WT80_2_CACTGTCGTTATAGAG-1,5
WT80_2_CCCTTAGCAGCAGGAT-1,4
WT80_2_CTCCCTCAGGTTTGAA-1,5
WT80_2_AGACAGGAGGTTCAGG-1,5
WT80_2_ACTCTCGAGCGTTCAT-1,1
WT80_2_GAACTGTCAACGATCT-1,4
WT80_2_GTTCGCTCAACGCATT-1,1
WT80_2_CTTGATTTCAACTTTC-1,5
WT80_2_GTCCTCATCACTGCTC-1,5
WT80_2_TCATACTTCGCCTTTG-1,4
WT80_2_TTCTTCCCAATAACGA-1,1
WT80_2_TACAGGTCATTGTACG-1,1
WT80_2_CTGCGAGCATACAGAA-1,1
WT80_2_GTATTGGGTCAGTCCG-1,4
WT80_2_TGACCCTGTAGCACGA-1,4
WT80_2_AGGCATTGTTTGGGAG-1,4
WT80_2_TGTGAGTTCCCATGGG-1,5
WT80_2_CTGTGGGCAGCACCCA-1,4
WT80_2_CACTTCGGTGACCGAA-1,5
WT80_2_TTTACGTCATACCGTA-1,1
WT80_2_CCCAACTGTCTAATCG-1,0
WT80_2_ACACAGTAGGCACAAC-1,4
WT80_2_TGTAGACGTCTAGTGT-1,4
WT80_2_ATGCGATAGCTCGTGC-1,4
WT80_2_TGCTTCGCATCCAACA-1,5
WT80_2_GTGTAACTCATCTCTA-1,1
WT80_2_GCGGAAAAGACTACGG-1,3
WT80_2_GCGGATCAGGGATCGT-1,5
WT80_2_CTAGGTAGTACTGTTG-1,4
WT80_2_GTAAGTCTCCTGCCAT-1,4
WT80_2_CACCGTTTCCAAGCTA-1,1
WT80_2_TAAGCGTCATAGACTC-1,5
WT80_2_CCGTAGGAGTCTACCA-1,5
WT80_2_AGAGCCCAGAAACACT-1,3
WT80_2_TAGGTTGTCGTTACCC-1,5
WT80_2_AGATAGACAAGTTCCA-1,4
WT80_2_CGTTCTGGTGCAGGAT-1,5
WT80_2_TGATTCTTCCATAAGC-1,1
WT80_2_GAAGCCCCACAGTCAT-1,5
WT80_2_TACCTGCAGCGGGTTA-1,5
WT80_2_TCATTTGAGTCGTTAC-1,5
WT80_2_TAGATCGAGGGATCAC-1,5
WT80_2_GCAGCTGGTGTAAATG-1,1
WT80_2_TGAATCGAGCTTGTGT-1,5
WT80_2_GATCACAGTATGTCAC-1,3
WT80_2_GTCTCACTCCTGTAGA-1,1
WT80_2_TATTCCACATGACTCA-1,3
WT80_2_ATTCACTGTAGTCTGT-1,5
WT80_2_TAGACTGGTTGTCTAG-1,1
WT80_2_AGTAGCTCACTGGATT-1,1
WT80_2_CTCCTCCGTTCTTGCC-1,5
WT80_2_GTTATGGAGTTGCATC-1,1
WT80_2_CTCCTCCTCGGAAGGT-1,4
WT80_2_CCGATGGTCGAGTCTA-1,5
WT80_2_TCGCTCAGTCCCAAAT-1,4
WT80_2_GTGTGATCACATCATG-1,5
WT80_2_AAGACAAGTATCGTTG-1,4
WT80_2_TTCTCTCTCTGGAGAG-1,3
WT80_2_ACACCAACACGCGTGT-1,4
WT80_2_CATACTTAGAGAGCGG-1,5
WT80_2_GAGTTGTTCCAGTTCC-1,1
WT80_2_GCCTGTTCATGGAAGC-1,2
WT80_2_AATTTCCGTTGTGCCG-1,5
WT80_2_CCACGAGTCCATTCAT-1,1
WT80_2_ATCCATTCAAATCCCA-1,1
WT80_2_GGAGCAAAGCAACAGC-1,5
WT80_2_ATTCATCTCCAACACA-1,4
WT80_2_TTCCAATCAGCTGAGA-1,1
WT80_2_TCACATTAGCGTTAGG-1,0
WT80_2_ATGGTTGAGGTCCTGC-1,5
WT80_2_GCACATATCCACGTGG-1,5
WT80_2_TCTGGCTCATGTGTCA-1,5
WT80_2_GAGTTACGTGAGCTCC-1,4
WT80_2_GTCTGTCAGCCAGTAG-1,3
WT80_2_TAACACGTCTCGTGAA-1,1
WT80_2_ACGGGTCTCGGTAGGA-1,5
WT80_2_GTTGTCCTCAACTCTT-1,5
WT80_2_AGGACGATCTCAATCT-1,4
WT80_2_GAGTTACGTGTACATC-1,1
WT80_2_GTTACAGCAACCGACC-1,5
WT80_2_CCGATGGAGCTGACAG-1,1
WT80_2_ACTGCAAAGGTGTGAC-1,4
WT80_2_ATGCGATCAATGTCAC-1,0
WT80_2_CAGATCACAGCGAACA-1,5
WT80_2_CTAGACATCTGGGTCG-1,5
WT80_2_AGGGTTTCATCATTTC-1,5
WT80_2_CCTCTAGTCATGGCCG-1,1
WT80_2_CGTCCATGTTGCTCAA-1,4
WT80_2_TGGTAGTTCAAACCCA-1,0
WT80_2_TCATGGAGTGAGGCAT-1,4
WT80_2_TTACGCCAGGGACCAT-1,0
WT80_2_CGGGTCACAGAGTCAG-1,3
WT80_2_AGCGTATGTGCTAGCC-1,5
WT80_2_TGACTCCCAGTGTGGA-1,1
WT80_2_GGGTCACAGAATAACC-1,0
WT80_2_AAGCATCAGGAATCGC-1,1
WT80_2_CGTCCATTCTAGCAAC-1,4
WT80_2_ACTTCGCTCGAGATGG-1,1
WT80_2_GGTCTGGCAGCATACT-1,5
WT80_2_CAGGGCTAGCAGGTCA-1,4
WT80_2_ACGTAACGTGACACAG-1,5
WT80_2_CGATGGCGTCAACCAT-1,5
WT80_2_TCGCTTGCAGAGTGAC-1,3
WT80_2_CAGATACCAACCACGC-1,5
WT80_2_TCCGTGTTCTGCGTCT-1,1
WT80_2_CGGCAGTAGAGTGTGC-1,5
WT80_2_CATACTTAGCAAGTGC-1,3
WT80_2_TGATTTCGTAACATGA-1,2
WT80_2_ACCAAACGTACAAGTA-1,4
WT80_2_GTACAACCAATCCAGT-1,5
WT80_2_CCTCTAGCAAAGTGTA-1,1
WT80_2_GGTTGTAGTCGCCACA-1,5
WT80_2_GTGATGTAGACGGTTG-1,3
WT80_2_TTTCACAAGGCCTAGA-1,5
WT80_2_AGATGCTCAAGGCGTA-1,5
WT80_2_GGGTGTCCATGGAATA-1,0
WT80_2_GTCAAACTCGTGACTA-1,1
WT80_2_TCTATCACACTACTTT-1,4
WT80_2_GAAGTAACAGCTCGGT-1,1
WT80_2_GATCCCTAGGCGTTAG-1,0
WT80_2_TTTGACTCATGAGATA-1,4
WT80_2_ACTATTCAGCGAGAAA-1,5
WT80_2_TGAATCGAGGCGAAGG-1,5
WT80_2_GATAGCTCAGACCCGT-1,1
WT80_2_CATACTTGTCCAGAAG-1,5
WT80_2_TTCAGGAGTAGATGTA-1,5
WT80_2_ACGGGTCGTCTCACGG-1,5
WT80_2_AAATGGACACGCGTGT-1,1
WT80_2_TTTGATCCAAGAGTTA-1,1
WT80_2_TGGGCGTGTGAGCCAA-1,5
WT80_2_CAATTTCAGGGAGGCA-1,1
WT80_2_CATTGCCCACAAGTTC-1,1
WT80_2_TCGACCTTCGTCGGGT-1,3
WT80_2_AGGAAATTCCGCCTAT-1,0
WT80_2_AGTAGTCAGGTCACTT-1,0
WT80_2_GTTCTATGTCGACTTA-1,5
WT80_2_CTCAGAAGTTTCTTAC-1,4
WT80_2_GTAATCGTCCTTTAGT-1,5
WT80_2_CCGAACGGTACAAAGT-1,5
WT80_2_AACGTCAGTGATAGAT-1,5
WT80_2_AAAGGATTCGTTAGTG-1,5
WT80_2_ACGATCATCTTGGTGA-1,5
WT80_2_TTTCAGTAGGTCGCCT-1,3
WT80_2_TTAGGCATCCTAGCTC-1,1
WT80_2_TTGGGATAGTGATGGC-1,5
WT80_2_CGTGAATAGCAAACAT-1,4
WT80_2_ACTTATCTCTAGTCAG-1,5
WT80_2_TCATTCACAGAGGACT-1,4
WT80_2_TCCTCCCAGAAGGGAT-1,1
WT80_2_CTATAGGAGGTGCGAT-1,1
WT80_2_ATTGTTCCACACGCCA-1,0
WT80_2_TATCAGGTCCTCAGGG-1,1
WT80_2_TCATACTCAGCATCTA-1,5
WT80_2_AAGATAGCAAAGGCAC-1,5
WT80_2_GTGCTTCAGCTTAAGA-1,5
WT80_2_TTCCGTGGTCGATTCA-1,4
WT80_2_GGAATCTAGACTCTAC-1,1
WT80_2_AACCCAAGTCGCTGCA-1,5
WT80_2_ACGGGTCGTCGAGTTT-1,5
WT80_2_GTGTTAGAGAGAGCGG-1,1
WT80_2_AAGTTCGTCCTGCTAC-1,5
WT80_2_TGATGGTCAAGAGTTA-1,5
WT80_2_GTTGCGGGTAGGCAGT-1,3
WT80_2_CTGAATGAGAGTCAGC-1,1
WT80_2_CTAGACAGTAGGAGTC-1,5
WT80_2_CAGTTCCGTAGCGTCC-1,5
WT80_2_CATCCACGTGGGAGAG-1,1
WT80_2_AAGTTCGCAAAGAGTT-1,3
WT80_2_CCGAACGTCCTAGAGT-1,5
WT80_2_AATGGAACACAACATC-1,5
WT80_2_AGGAAATAGTTGGAAT-1,1
WT80_2_GGGTTATAGACCAGCA-1,5
WT80_2_CTAACCCTCCGTGACG-1,0
WT80_2_ACGATCAGTGCTGATT-1,1
WT80_2_ATGATCGGTTCCAGGC-1,5
WT80_2_TTCTAACGTAAGTTGA-1,0
WT80_2_TTGAGTGGTCGCTTGG-1,1
WT80_2_CATCCGTCAGCTGAGA-1,4
WT80_2_ATGGTTGGTAGCGTCC-1,3
WT80_2_ACTTATCTCGCTGTCT-1,1
WT80_2_AATCGACGTGGTCTTA-1,5
WT80_2_TGGATCAAGAGCACTG-1,0
WT80_2_ACTATGGAGCTGAAGC-1,1
WT80_2_CTTCAATCACACCTAA-1,4
WT80_2_CCTCAACTCTCGCGTT-1,3
WT80_2_CATGCTCAGTAACCGG-1,5
WT80_2_TCTCACGTCAGCGGAA-1,5
WT80_2_GGGAGATGTACGGATG-1,5
WT80_2_TTACAGGAGGTGGTTG-1,5
WT80_2_GGGTGTCCATATGGCT-1,3
WT80_2_GTGGAGAGTTGCTCCT-1,1
WT80_2_GGAGCAAAGCTACTAC-1,1
WT80_2_TATTGCTCATAGAAAC-1,3
WT80_2_TGCTCCAAGCGATTCT-1,5
WT80_2_GTAATGCCAGGCTTGC-1,5
WT80_2_CTTCCGACAAATACGA-1,4
WT80_2_TGCATGATCACCGGGT-1,3
WT80_2_GTAACACTCCTTTGAT-1,3
WT80_2_TATTGGGAGTTTAGGA-1,0
WT80_2_GGGACCTAGTAACGTA-1,5
WT80_2_TTCTAACAGCGCCCAT-1,1
WT80_2_CCTCTCCTCAACTCTT-1,0
WT80_2_CTCCTCCAGGTGCCTC-1,1
WT80_2_GACCTTCTCGCATTAG-1,5
WT80_2_CATCCCAAGCCTCAGC-1,1
WT80_2_CTGAGGCAGAGCAGAA-1,3
WT80_2_GTTTGGAAGCTTGTTG-1,5
WT80_2_ACAACCACACAAATAG-1,1
WT80_2_CTAGGTAGTCCTGTTC-1,1
WT80_2_CAACCAACAGAACATA-1,0
WT80_2_ACATGCATCTAGCATG-1,1
WT80_2_GTGCTTCAGTGCCAGA-1,3
WT80_2_TGATCTTCAGCACAAG-1,4
WT80_2_CTCTCGAAGCATTTGC-1,0
WT80_2_ACGGTCGTCGGTATGT-1,3
WT80_2_TCGGTCTCAAACTCGT-1,5
WT80_2_CCCTGATAGCGAGAAA-1,3
WT80_2_GGTGATTTCTTAGCTT-1,5
WT80_2_TGGCGTGTCGATCCCT-1,5
WT80_2_CAGTTAGAGACGACTG-1,0
WT80_2_GGGTTTATCGTCACCT-1,1
WT80_2_GCGATCGAGAAGGCTC-1,1
WT80_2_TGGCGTGAGCTGACTT-1,4
WT80_2_TCACTATAGTTCGGTT-1,5
WT80_2_GTCAAACCATCTTCGC-1,5
WT80_2_CAGCCAGGTATTCCTT-1,5
WT80_2_GAAATGACATAGTCGT-1,5
WT80_2_TTCCGGTAGGTGGTTG-1,5
WT80_2_TCATTGTCATGACACT-1,3
WT80_2_CAGATTGAGGGTTAGC-1,5
WT80_2_TCCTAATTCTACTGCC-1,1
WT80_2_CTCAACCCATGACTCA-1,1
WT80_2_GTCACGGGTCGAGCTC-1,5
WT80_2_AGGATAACAGCCCAGT-1,3
WT80_2_CTCATCGTCCACTGGG-1,3
WT80_2_GTGCGTGCAAGTCCAT-1,1
WT80_2_GTTACGAGTAGTACGG-1,5
WT80_2_CTGCATCTCATGAGGG-1,3
WT80_2_AGGAAATTCTATACGG-1,3
WT80_2_CAGTTCCCACTCCACT-1,5
WT80_2_GAATAGACAGACAAGC-1,1
WT80_2_GGGTGAACAGCTCGGT-1,5
WT80_2_ATAGGCTGTGAATAAC-1,5
WT80_2_AGATGCTAGGCGATAC-1,5
WT80_2_GATGGAGCATCGAACT-1,5
WT80_2_TGCGGCATCTCTCGCA-1,5
WT80_2_GACCAATGTACTGCGC-1,5
WT80_2_GGGCTACGTGATACAA-1,4
WT80_2_AACCCAACATTCACCC-1,0
WT80_2_GGTTGTAAGTCGCTAT-1,5
WT80_2_CATACAGGTGTCCCTT-1,3
WT80_2_GCCAACGAGCGTACAG-1,1
WT80_2_TGGTACAAGCCTAGGA-1,5
WT80_2_TCCACGTAGTAGCCAG-1,3
WT80_2_TGCTCGTCATTCAGCA-1,4
WT80_2_TCCGGGAAGCCTGGAA-1,4
WT80_2_TTGGGATTCATTGTTC-1,5
WT80_2_ATTATCCAGGCGTTGA-1,5
WT80_2_TCTTAGTGTCCATAGT-1,5
WT80_2_GACAGCCAGTGCGTCC-1,5
WT80_2_TTGGGCGAGTCTAACC-1,1
WT80_2_GATGTTGGTTCGGACC-1,2
WT80_2_GGGTATTGTTGCCATA-1,0
WT80_2_CCTCACATCTCTGAGA-1,3
WT80_2_CTGCCTACACTATCGA-1,5
WT80_2_AGTGACTCAAGAGAGA-1,5
WT80_2_TTACAGGCACTCAGAT-1,5
WT80_2_TGAATGCAGATACAGT-1,1
WT80_2_TTCTGTACATAAGATG-1,5
WT80_2_GGGATCCTCTGATTCT-1,1
WT80_2_CATGCTCAGCTTTCTT-1,0
WT80_2_GCAACCGTCGTCCTTG-1,4
WT80_2_CATGGATGTAATCAGA-1,3
WT80_2_ATAGACCTCGCCGATG-1,5
WT80_2_AGAAGCGTCTGGCCAG-1,3
WT80_2_AGTAGTCAGATGTTCC-1,4
WT80_2_TCGACGGCAGCCCACA-1,0
WT80_2_GCACTAATCGTTAGAC-1,5
WT80_2_AGTCACAAGCCAAGTG-1,0
WT80_2_GTGGTTAGTGGATGAC-1,5
WT80_2_GTCCCATCAGCGTGCT-1,5
WT80_2_TCCACCAAGATTAGCA-1,3
WT80_2_CTTCGGTGTCGAACAG-1,0
WT80_2_CCTCTAGTCTCGTGAA-1,5
WT80_2_TTACGCCTCCAGTGTA-1,1
WT80_2_CTACCCAAGAACGTGC-1,0
WT80_2_GTGGAGAAGGGAGGAC-1,5
WT80_2_GGGTTTAGTACTCGCG-1,0
WT80_2_GAAGCGAAGATGAATC-1,5
WT80_2_CGCGTGAGTGTTAACC-1,4
WT80_2_TCACACCGTCCTTGTC-1,5
WT80_2_GATCATGCAAGATCCT-1,5
WT80_2_TCGCTCAAGCATGTTC-1,4
WT80_2_AATTCCTAGATGGCGT-1,1
WT80_2_TTGACCCTCGGCTGAC-1,1
WT80_2_AGTGTTGCACTACACA-1,3
WT80_2_GAAGCGACAATAGGAT-1,1
WT80_2_CCTAACCTCGATAACC-1,1
WT80_2_CTCAGGGTCGATTGAC-1,5
WT80_2_GTGCAGCTCCTTCTTC-1,3
WT80_2_GTACAACGTATGTGTC-1,1
WT80_2_TTCTTCCAGCCTTGAT-1,0
WT80_2_TACCTCGAGGACACTG-1,0
WT80_2_TACCTCGAGTAATACG-1,1
WT80_2_GCTTTCGAGGTCTTTG-1,2
WT80_2_AACAACCGTGACTGTT-1,3
WT80_2_GGTGTTACATTGTCGA-1,5
WT80_2_AATTTCCCACCCTGAG-1,4
WT80_2_GATCAGTGTCCAGGTC-1,5
WT80_2_AAGGAATAGACATAAC-1,1
WT80_2_ATTCCTAGTCTTAGTG-1,2
WT80_2_AGCCACGTCAGTGTCA-1,4
WT80_2_GGGATCCGTTGTTGTG-1,0
WT80_2_AGGATCTTCAGCTAGT-1,3
WT80_2_GGGTGTCCACGAAAGC-1,3
WT80_2_ACAACCAAGGGTCACA-1,5
WT80_2_GGTCACGGTCGTCATA-1,5
WT80_2_TCGCTTGGTTGCTGAT-1,1
WT80_2_CTCAATTTCAGTGGGA-1,5
WT80_2_CCGAACGAGTTGAATG-1,4
WT80_2_AGGACTTGTTGTTGCA-1,5
WT80_2_ACTACGAAGTAAACGT-1,5
WT80_2_CTGCCATGTGATGGCA-1,4
WT80_2_GGGTATTCATGAGATA-1,4
WT80_2_ATTCAGGAGCAGCCTC-1,5
WT80_2_ACCTACCTCCTCACGT-1,3
WT80_2_ACGGGTCAGCCATTTG-1,4
WT80_2_AGACAAAAGTAGAATC-1,5
WT80_2_TAAGCACCATGTGCCG-1,1
WT80_2_TCACGGGCACAGCATT-1,1
WT80_2_GCCTGTTGTCGATTAC-1,1
WT80_2_CTCATTACAACGGCCT-1,1
WT80_2_TGACTCCGTCGAAGCA-1,1
WT80_2_ATCGGATAGGCCTTGC-1,1
WT80_2_ACAGAAACATCAGCTA-1,5
WT80_2_CGTAATGTCAAGAATG-1,1
WT80_2_GAGGCCTAGGCTCTAT-1,3
WT80_2_CGTAATGTCATTCGGA-1,0
WT80_2_TGGGAAGAGGCACCAA-1,1
WT80_2_TTCAGGAAGGAAAGTG-1,5
WT80_2_CCGTGAGGTTGGGTTT-1,5
WT80_2_GCTTCACGTTTGGAAA-1,5
WT80_2_TGTAAGCTCCGTGTGG-1,1
WT80_2_CAGCAATAGATGTTCC-1,1
WT80_2_ATCCATTCAAATGAGT-1,5
WT80_2_AACGTCAGTCCACGCA-1,0
WT80_2_GTTGCGGGTTCGGCGT-1,3
WT80_2_TGAGTCATCGTAGGAG-1,3
WT80_2_TACCTGCAGCGGACAT-1,3
WT80_2_TCGCTTGGTTGCCGAC-1,2
WT80_2_AACCTGAGTCAACGCC-1,5
WT80_2_TTTCACATCGGCATCG-1,5
WT80_2_TCTTTGATCTAGTCAG-1,4
WT80_2_GGGACCTTCTAGAGCT-1,5
WT80_2_ATGGTTGCAACACAGG-1,1
WT80_2_ACGATGTAGTGGTTAA-1,5
WT80_2_TAGGGTTAGGATGGCT-1,5
WT80_2_TTCCTCTGTACCGGCT-1,4
WT80_2_GAGATGGCATATTCGG-1,1
WT80_2_GTGACGCAGTATAGGT-1,1
WT80_2_GCAACATTCTGCTAGA-1,1
WT80_2_GCAGTTAGTGCGAGTA-1,3
WT80_2_TTGCATTGTCGCTCGA-1,1
WT80_2_TGTTACTCAACCAACT-1,5
WT80_2_GTTCCGTCACATATCG-1,3
WT80_2_TTGTGTTGTTACCCTC-1,5
WT80_2_GGTCTGGGTCCTTGTC-1,5
WT80_2_ACAGAAAGTGGACCAA-1,4
WT80_2_TTTGATCGTCGGTGTC-1,0
WT80_2_CTATAGGGTGGAATGC-1,3
WT80_2_TGAGCATAGGGTTTCT-1,1
WT80_2_TTCTAGTGTATGGTAA-1,3
WT80_2_ACAGCCGCAGGAGGAG-1,0
WT80_2_ACACAGTTCTGCGAGC-1,4
WT80_2_CATTGAGTCGGTATGT-1,4
WT80_2_TCATGCCTCCTAAACG-1,1
WT80_2_TCGCACTTCAAGCCCG-1,2
WT80_2_GAACGTTAGGGTAGCT-1,4
WT80_2_GTTGCGGAGTAACGAT-1,5
WT80_2_CATTGTTAGAGTTGTA-1,4
WT80_2_CTTTCGGCAACGATTC-1,3
WT80_2_TGATTTCAGTTGTCGT-1,3
WT80_2_CAACGGCAGAGTATAC-1,4
WT80_2_GTGGTTATCGCTTGAA-1,1
WT80_2_TTTATGCAGAAGTATC-1,5
WT80_2_AGAGAGCGTTGTGTTG-1,1
WT80_2_TACGCTCAGCGAATGC-1,1
WT80_2_GTGTAACCATGTCTAG-1,4
WT80_2_TTCAATCGTTTCACTT-1,5
WT80_2_GCACGTGGTCAAACGG-1,3
WT80_2_AGTAGTCGTTGGGTTT-1,3
WT80_2_TCATCATCAGATCCAT-1,5
WT80_2_GAGTTGTTCAAGTAAG-1,1
WT80_2_GACTCAAGTCCACAGC-1,5
WT80_2_AGGTTACTCTATCGGA-1,1
WT80_2_ACAGAAAGTCGCTTAA-1,5
WT80_2_AGCGTCGCATACAGCT-1,4
WT85_1_ATATCCTCATACCACA-1,1
WT85_1_GTGCTTCGTATGCTAC-1,5
WT85_1_CGTAATGCAAATGGAT-1,1
WT85_1_TACACCCGTCATCACA-1,4
WT85_1_AGAAGTAGTAGCGATG-1,4
WT85_1_CAACCAACAACCGATT-1,3
WT85_1_GGGTCTGAGTTCATGC-1,4
WT85_1_ATAGAGAGTGCATTAC-1,3
WT85_1_TGTTTGTTCTGCGGCA-1,4
WT85_1_GTCCTCAGTGTATTCG-1,0
WT85_1_GAATAGAAGTTAACGA-1,4
WT85_1_TCACTATCAATACCTG-1,0
WT85_1_CGATGCGTCCAAGCAT-1,3
WT85_1_CACTTCGAGCTGGAGT-1,5
WT85_1_CACTGTCTCTCTTCAA-1,1
WT85_1_CATCAAGCAACCGGAA-1,0
WT85_1_TTTGTTGAGTCGTTAC-1,1
WT85_1_ACACGCGGTTATCTGG-1,0
WT85_1_GCCAACGAGTTGAAGT-1,0
WT85_1_CAGCGTGAGCATATGA-1,3
WT85_1_AGGTGTTTCTGACAGT-1,1
WT85_1_TGGTTAGCATCGCTGG-1,1
WT85_1_ATTTACCAGTCGGGAT-1,0
WT85_1_CTAGGTATCATTCACT-1,0
WT85_1_TTTGGAGTCGGCATTA-1,1
WT85_1_CTCGAGGAGTTTGAGA-1,1
WT85_1_GGGAGTAAGCGGATCA-1,1
WT85_1_GCGAGAATCCTGCTAC-1,4
WT85_1_TCCTGCACACGTCATA-1,1
WT85_1_TCGACCTAGATGCTAA-1,0
WT85_1_GTGGAGATCGCAGAGA-1,0
WT85_1_ACAGGGACACAATGTC-1,0
WT85_1_GAACACTCACAACGTT-1,1
WT85_1_CAAGACTCAATGAAAC-1,4
WT85_1_ATGCCTCCAGGGTCTC-1,2
WT85_1_TGGTACAAGTCCGCGT-1,1
WT85_1_TGCGACGTCCGGCAGT-1,1
WT85_1_CCACGAGTCGTGTTCC-1,0
WT85_1_GTGCAGCCACCGAATT-1,1
WT85_1_ACTCTCGCAGCTCTGG-1,4
WT85_1_GCACATATCATCTATC-1,0
WT85_1_CCTCTCCGTCACTACA-1,4
WT85_1_ATGCATGTCATTGGTG-1,1
WT85_1_GCATGATTCCCGTGTT-1,1
WT85_1_AGACACTGTGCTATTG-1,0
WT85_1_AGCTACAAGCTTTCCC-1,4
WT85_1_CTCTGGTGTGTTTACG-1,3
WT85_1_CATGCCTTCATTGTTC-1,3
WT85_1_ATCGTAGCAGCCCACA-1,0
WT85_1_CAATACGTCTCATTTG-1,0
WT85_1_TAGGGTTAGGTTACAA-1,5
WT85_1_GATCGTATCAATCTCT-1,3
WT85_1_AGGGTTTTCGTGTGAT-1,1
WT85_1_GTAACCAAGAACTCCT-1,0
WT85_1_AACGGGACAGATACTC-1,0
WT85_1_TCATTGTCAACTGGTT-1,0
WT85_1_AACCAACCAACACAGG-1,3
WT85_1_CAGTTAGAGATGACAT-1,2
WT85_1_TGACCCTCACATGTTG-1,1
WT85_1_CATGCGGAGAGAGGGC-1,0
WT85_1_CAATGACTCAGCTGAT-1,0
WT85_1_TGTCCCATCTGTTCAT-1,1
WT85_1_CGGAGAAAGGAGCTGT-1,0
WT85_1_GAGCTGCAGGGACACT-1,1
WT85_1_GTTAGTGTCGGCTGAC-1,0
WT85_1_CTAGGTACAAAGACTA-1,4
WT85_1_GTGTCCTCACATATGC-1,0
WT85_1_TTCCAATAGTATGAAC-1,0
WT85_1_CTACCCACAACCAATC-1,0
WT85_1_CCGATGGGTGCGGATA-1,4
WT85_1_TCACAAGCAAGCGAAC-1,1
WT85_1_GACCCAGTCCATGCAA-1,0
WT85_1_ACTCTCGAGGATGAGA-1,1
WT85_1_CTAGGTATCGCATGAT-1,4
WT85_1_CACTAAGTCTTTCTAG-1,1
WT85_1_TGAATGCTCAGTCATG-1,5
WT85_1_AGTCATGTCTCTTCAA-1,3
WT85_1_TTGTGTTCACCTTCCA-1,0
WT85_1_TATCGCCCATAGACTC-1,1
WT85_1_TGTACAGTCATCGCTC-1,5
WT85_1_GCCAGTGAGGTTGCCC-1,1
WT85_1_AAAGGGCTCCTGTTAT-1,1
WT85_1_GGCTTGGAGCCTCTTC-1,1
WT85_1_TCATGAGGTGCCGAAA-1,0
WT85_1_TAACACGCACAACATC-1,1
WT85_1_AGACACTAGGATACGC-1,0
WT85_1_AGTAGTCTCCGATAGT-1,4
WT85_1_AGGAAATGTTCTTCAT-1,4
WT85_1_TAATTCCGTTGGAGAC-1,0
WT85_1_ATCCACCTCTACCACC-1,0
WT85_1_ACGGTTACATGGCCCA-1,1
WT85_1_AATCGTGTCCGCCTAT-1,1
WT85_1_ATCCACCCAAGGTACG-1,4
WT85_1_CGACAGCCACGACGTC-1,0
WT85_1_AGACCATCAGCACACC-1,4
WT85_1_ATGTCTTGTCCGGTGT-1,0
WT85_1_ATGGGAGAGATGTTAG-1,0
WT85_1_ATCCATTTCCGTGGTG-1,4
WT85_1_GCATGATGTTGGAGGT-1,0
WT85_1_AGAGAATCATCCTGTC-1,3
WT85_1_GATCGTAAGGGCAGAG-1,1
WT85_1_TACCCACAGAGGGTCT-1,0
WT85_1_TAGACCACAGTGTGCC-1,3
WT85_1_AAGGAATGTTAAGGAT-1,5
WT85_1_GAAGCGAAGAATAGTC-1,4
WT85_1_AGACTCAGTACGTGAG-1,1
WT85_1_GATCATGAGCCGCACT-1,3
WT85_1_ACCGTTCGTGGCTACC-1,4
WT85_1_TCGGGTGGTCATGACT-1,1
WT85_1_GGAGCAACAACTCCAA-1,0
WT85_1_GTCCCATGTGACATCT-1,0
WT85_1_TCTGTCGTCCAACTAG-1,0
WT85_1_CCTCTAGGTATGCGGA-1,1
WT85_1_AAGATAGGTAATTAGG-1,0
WT85_1_AGCCAATAGCAATAAC-1,1
WT85_1_GTCAGCGGTTAGAAGT-1,0
WT85_1_GGGCCATCAGCACAAG-1,0
WT85_1_TCATGAGTCAAAGAAC-1,1
WT85_1_TAGCACATCGGCATAT-1,0
WT85_1_CTCTCGACAGGAACCA-1,0
WT85_1_CTCCAACAGAGAGGTA-1,1
WT85_1_TTGCCTGTCATGAAAG-1,3
WT85_1_AACCTTTCACGCCACA-1,0
WT85_1_TCGGATATCGCAATGT-1,1
WT85_1_CTGGCAGCAATGAACA-1,0
WT85_1_AGACTCAAGCACACAG-1,0
WT85_1_TCAGTGAAGATGCTTC-1,1
WT85_1_CGAGAAGAGCCTTGAT-1,3
WT85_1_TGACCCTTCTGTGCAA-1,1
WT85_1_TTCCTTCGTAACATAG-1,0
WT85_1_ATTATCCAGGTATTGA-1,0
WT85_1_TTCGATTAGATACGAT-1,0
WT85_1_ATATCCTGTTTCGTTT-1,4
WT85_1_ACGTTCCAGAGCCCAA-1,0
WT85_1_CAGCAATCAGGGATAC-1,1
WT85_1_AAGTCGTGTTTGAACC-1,1
WT85_1_TCGGTCTGTGGATACG-1,4
WT85_1_AGACTCACACACACGC-1,1
WT85_1_TCATGTTCATCCGGCA-1,0
WT85_1_CAACCAATCACCTGGG-1,0
WT85_1_TGATGGTTCTCTCTAA-1,0
WT85_1_ATTCGTTCACCTGAAT-1,0
WT85_1_TGCTCGTAGTTACGAA-1,1
WT85_1_TGGGTTAGTGGAAGTC-1,3
WT85_1_CCCGGAAAGCTCCGAC-1,1
WT85_1_TCATGCCAGAACCGCA-1,0
WT85_1_GCAACATCAACTTGGT-1,3
WT85_1_TAGAGTCAGATGCTTC-1,4
WT85_1_ATATCCTGTGCCAAGA-1,0
WT85_1_TCAGTTTGTTGCAACT-1,0
WT85_1_CTACCCATCTTCCCAG-1,1
WT85_1_CTCAGTCCACATCCCT-1,4
WT85_1_AATCGTGGTTCGGCCA-1,0
WT85_1_AACGAAATCCGACGGT-1,3
WT85_1_TTACGCCCAGCTGCCA-1,4
WT85_1_GGGCCATTCCCGTTGT-1,0
WT85_1_TGTACAGGTTGAATCC-1,1
WT85_1_CATACAGTCATTGCTT-1,3
WT85_1_TTTCATGCATCCTTGC-1,0
WT85_1_GTAGAGGCAGTTGTCA-1,1
WT85_1_TATATCCAGAGCTGAC-1,3
WT85_1_GACTTCCAGTCGAGGT-1,0
WT85_1_CGATGCGCAGCCATTA-1,1
WT85_1_ACCTGTCGTGAGCCAA-1,3
WT85_1_CAGCCAGAGCGGACAT-1,1
WT85_1_GATCCCTTCGGATAAA-1,0
WT85_1_TAGGGTTGTGACTATC-1,0
WT85_1_CCTCCAATCACTACTT-1,0
WT85_1_GGGACAATCTCATTTG-1,1
WT85_1_TGACCCTAGGGAGGGT-1,1
WT85_1_ATCGGATTCGTGCAGC-1,0
WT85_1_AGGCTGCCAGCAAGAC-1,4
WT85_1_CATGCAAGTTCGGTAT-1,1
WT85_1_CCTCTAGAGCACACCC-1,1
WT85_1_AGCCAATGTGCAAGAC-1,1
WT85_1_GTGTAACCAGAAGTTA-1,1
WT85_1_GACTGATAGCCACAAG-1,3
WT85_1_CTCAGAATCAGCGGAA-1,0
WT85_1_AACCAACTCATGAGTC-1,4
WT85_1_TCTCACGGTGGTACAG-1,1
WT85_1_TTTGATCAGTTTCGAC-1,2
WT85_1_GAGACCCTCATGACAC-1,4
WT85_1_AACCAACAGACTTCCA-1,1
WT85_1_CTACTATGTTAACCTG-1,0
WT85_1_GACTCAAAGGAGGTTC-1,1
WT85_1_TATCCTAGTCTTGCTC-1,1
WT85_1_CACAACAAGAAGCTGC-1,1
WT85_1_GAGTCTAAGACATCAA-1,0
WT85_1_GGGACAAAGCTATCCA-1,0
WT85_1_GAACTGTGTCCAGCGT-1,3
WT85_1_TCATTCAGTGGAGGTT-1,3
WT85_1_GACCAATCAATTAGGA-1,4
WT85_1_GTAAGTCGTCGCGGTT-1,1
WT85_1_CTGATCCTCCCTCTTT-1,0
WT85_1_ATCCCTGGTATCGAGG-1,0
WT85_1_AAGTACCTCTGCTGAA-1,1
WT85_1_TTCACCGTCGAACGGA-1,3
WT85_1_CACGAATGTGTCACAT-1,1
WT85_1_CTGTGAAGTTCAAACC-1,1
WT85_1_GTGGCGTCAAGGTCAG-1,1
WT85_1_TTTCAGTGTCAATCTG-1,0
WT85_1_CCGATGGCACAGCCTG-1,3
WT85_1_CAAGAGGGTGCCGTTG-1,0
WT85_1_TATCAGGGTGCAGATG-1,3
WT85_1_GCAGGCTGTTGAGTCT-1,1
WT85_1_CTCCTCCTCATGCCCT-1,0
WT85_1_CATTCCGTCACTGGTA-1,0
WT85_1_CGAAGGAGTCCAATCA-1,1
WT85_1_AGACCATAGGACAAGA-1,4
WT85_1_AGTAACCCATTGAAAG-1,0
WT85_1_TGAGACTGTCGGTAAG-1,0
WT85_1_GTTACGACAGAGTTGG-1,4
WT85_1_GGGACTCAGCCTTGAT-1,0
WT85_1_TGTAACGAGCACGATG-1,1
WT85_1_ATTATCCTCGACCAAT-1,0
WT85_1_ATGCATGGTGTCCTAA-1,3
WT85_1_AATTTCCAGTTCATGC-1,4
WT85_1_TATTGGGTCCTTCGAC-1,4
WT85_1_GGCGTCATCGTTATCT-1,3
WT85_1_GTGTTCCGTTACCCAA-1,3
WT85_1_GATGTTGAGTTCAACC-1,4
WT85_1_GCTTTCGTCAACTGGT-1,3
WT85_1_GACAGCCAGAGTACCG-1,1
WT85_1_ACGGGTCTCTGGCTGG-1,5
WT85_1_TCTACATCAAACCACT-1,0
WT85_1_CCTATCGGTGATTGGG-1,2
WT85_1_GTGGCGTTCGAACCAT-1,0
WT85_1_CTTCAATGTAGCACAG-1,0
WT85_1_CGAAGTTCATTGTACG-1,0
WT85_1_TGGATGTTCGACCAAT-1,0
WT85_1_GAGTTTGCATCCCGTT-1,0
WT85_1_CAGATCACATGCCGGT-1,0
WT85_1_TCGCTTGGTCATCGGC-1,0
WT85_1_TAGAGTCAGGTCGAGT-1,3
WT85_1_GGCTGTGCAGACAAGC-1,3
WT85_1_AGGTTACAGAAACTCA-1,0
WT85_1_GGATGTTTCATAAGGA-1,0
WT85_1_TAACCAGTCGACCAAT-1,5
WT85_1_GGGCGTTCAGGTCCCA-1,4
WT85_1_TCTACATCAGCGTTGC-1,3
WT85_1_AATAGAGAGACGACGT-1,0
WT85_1_CCTCCAATCCAAACCA-1,0
WT85_1_GTGAGTTAGATCCTAC-1,0
WT85_1_GTTCTATAGTGGTCAG-1,0
WT85_1_GATGACTTCCTAGCTC-1,4
WT85_1_TGCAGTATCCGATTAG-1,0
WT85_1_TTAGGGTCACGCAGTC-1,1
WT85_1_CGAAGTTGTTTCACTT-1,4
WT85_1_GTGATGTGTTATTCCT-1,4
WT85_1_ACCGTTCTCATTTCGT-1,3
WT85_1_GCCCAGATCAGCGGAA-1,4
WT85_1_GTCATCCCATTGTAGC-1,0
WT85_1_TGACTCCGTACGATCT-1,3
WT85_1_TTTGGTTCAGACAAAT-1,0
WT85_1_TACGGGCCAACCAATC-1,4
WT85_1_CATTCCGAGCCGTTGC-1,3
WT85_1_GTACAGTAGGAACATT-1,0
WT85_1_GGAGAACTCAAAGCCT-1,4
WT85_1_TATCTTGGTCGCAACC-1,3
WT85_1_GAACACTTCCATTTAC-1,0
WT85_1_ACCACAAGTTGCCAAT-1,1
WT85_1_TCGAACATCTCCGTGT-1,0
WT85_1_GAGTCATAGGTGAGAA-1,3
WT85_1_AGCTTCCGTATCACCA-1,0
WT85_1_GTTACGAGTAGGTTTC-1,4
WT85_1_GTCAAACTCGTGAGAG-1,5
WT85_1_ATCGTCCCAATCCTTT-1,0
WT85_1_TACTGCCCACTGGATT-1,0
WT85_1_TGAATGCTCGCAGTCG-1,4
WT85_1_GTCACTCGTACAAACA-1,3
WT85_1_GGGACTCCATGGACAG-1,0
WT85_1_TATCTTGAGTTAGAAC-1,0
WT85_1_CGGAACCTCATGGTAC-1,0
WT85_1_CTGTACCAGCTCAGAG-1,1
WT85_1_CTGTCGTAGGTATCTC-1,0
WT85_1_GATGACTTCATTCTTG-1,0
WT85_1_CCTGTTGAGCGTATAA-1,1
WT85_1_TATATCCGTTCCCACT-1,1
WT85_1_CTCCTTTTCCGTTGGG-1,3
WT85_1_TCTCTGGTCTAATTCC-1,0
WT85_1_GCATCGGAGGCCACCT-1,3
WT85_1_ATCGTGAGTGTACGCC-1,3
WT85_1_CTTAGGAAGAGTGTGC-1,3
WT85_1_TCAAGCACACCGTGCA-1,3
WT85_1_GAACTGTGTCGGTAAG-1,0
WT85_1_TTACAGGAGTGTACCT-1,1
WT85_1_TGCATGAAGTGGCCTC-1,4
WT85_1_CCATAAGGTGGACCAA-1,0
WT85_1_CTGTCGTAGCCATGCC-1,1
WT85_1_CGCATAACATGAGTAA-1,3
WT85_1_CCACCATAGGTTGTTC-1,1
WT85_1_CAGTGCGTCTCTGCCA-1,0
WT85_1_CCCAACTTCAGGAACG-1,1
WT85_1_CAGATCACACATGTTG-1,3
WT85_1_GGTTCTCGTAGTTCCA-1,1
WT85_1_CCTCATGGTCCCACGA-1,4
WT85_1_ATTCTTGAGCATATGA-1,0
WT85_1_CATACAGAGAAGCGGG-1,0
WT85_1_GTTTACTAGTATAGAC-1,4
WT85_1_GTGCAGCCACGGTAGA-1,0
WT85_1_CGTGCTTTCTGTCTCG-1,0
WT85_1_ACCTGAACAAAGGCAC-1,3
WT85_1_TATCTGTAGACTCATC-1,0
WT85_1_ATGAGTCCAACGATCT-1,1
WT85_1_ACGTAGTCAGTCGTTA-1,0
WT85_1_CGGGCATGTTTACCTT-1,0
WT85_1_AGTCATGAGTAGAATC-1,0
WT85_1_AGGCTGCGTTCAGCTA-1,0
WT85_1_ATTGGGTGTCTTTCTA-1,1
WT85_1_CACTGTCAGTTAGTGA-1,0
WT85_1_TGTCCCAGTTTACGTG-1,3
WT85_1_GGGTAGAAGCTTTCCC-1,3
WT85_1_AGGCTGCTCTGTGCAA-1,0
WT85_1_ACCCTTGAGAGCAACC-1,4
WT85_1_CTGAGCGAGCACGGAT-1,4
WT85_1_GAGGGTAGTCTAATCG-1,0
WT85_1_TATTTCGCACGTATAC-1,0
WT85_1_CCTAAGATCTATCGTT-1,4
WT85_1_AGGGCTCGTGACAGGT-1,1
WT85_1_GTGCTGGCAGGCATGA-1,1
WT85_1_TACTTCAAGATTGACA-1,0
WT85_1_AGCCAGCAGTTGGACG-1,3
WT85_1_GTAATGCGTATCGTTG-1,3
WT85_1_GCATCTCTCACTCGAA-1,3
WT85_1_CGAGTTAAGTAAGACT-1,0
WT85_1_TCATTACCACGAAAGC-1,4
WT85_1_TGGGATTGTAGCGAGT-1,4
WT85_1_TCATTACAGGTTGACG-1,3
WT85_1_TTGTTGTCAGGAAGTC-1,3
WT85_1_TCGCACTGTAAGGCTG-1,4
WT85_1_CACACAATCTTACGTT-1,2
WT85_1_ATCCTATCACCCTAAA-1,0
WT85_1_TCAGTGACACCAATTG-1,4
WT85_1_GCATTAGGTGAGATTA-1,0
WT85_1_TAGTGCAGTTCCTACC-1,1
WT85_1_GGGTCTGCAAGCAGGT-1,1
WT85_1_CATCGCTGTGAGGATC-1,4
WT85_1_ATTGGGTCATGACGGA-1,4
WT85_1_GCAGCCACACAGTATC-1,0
WT85_1_TGGTGATGTGTGTACT-1,1
WT85_1_AGTACCACAGCTAACT-1,1
WT85_1_TGACCCTAGGCGTTGA-1,0
WT85_1_CTGTACCAGCAACTTC-1,3
WT85_1_CTCGAGGAGTGGTTGG-1,4
WT85_1_TTCTAGTTCTGACGCG-1,1
WT85_1_GGCAGTCCACGACAGA-1,1
WT85_1_CCATCACGTCCGAAGA-1,0
WT85_1_AGCCACGGTAACTGCT-1,0
WT85_1_CTACGGGCACAACGAG-1,0
WT85_1_TCATGAGGTTTCGGCG-1,0
WT85_1_ATTTCACGTCCGTTTC-1,4
WT85_1_AGCGATTAGTGCAGGT-1,4
WT85_1_AATGCCAAGTTTAGGA-1,3
WT85_1_AATTCCTCACGCTATA-1,1
WT85_1_CTCCTTTAGATTACCC-1,0
WT85_1_AATTCCTTCGGCTTGG-1,0
WT85_1_ATTCACTTCTATCGGA-1,1
WT85_1_GTGTGATCATAATCGC-1,0
WT85_1_AGTTAGCTCCGATTAG-1,3
WT85_1_GCTGCAGCAGGTGACA-1,4
WT85_1_TGCTCCAAGCGTCAGA-1,1
WT85_1_CGTAATGTCACCATCC-1,3
WT85_1_AGTGACTTCTAGCCTC-1,0
WT85_1_TTACTGTAGACGGAAA-1,0
WT85_1_GATTGGTCAGTGCGCT-1,0
WT85_1_CCGTGAGCAAATAGCA-1,0
WT85_1_CTGCGAGCATTCTCCG-1,1
WT85_1_TGGATGTGTGGTACAG-1,4
WT85_1_GAAGGACCACTGTCGG-1,0
WT85_1_GACGCTGCAGTCTGGC-1,0
WT85_1_GTCAAGTCATCGCTAA-1,0
WT85_1_TGACCCTAGCGCCATC-1,3
WT85_1_TGGGATTCACCAGCTG-1,5
WT85_1_TACCTGCGTCCCTAAA-1,0
WT85_1_CCGGTAGGTTGCCGAC-1,1
WT85_1_GAATCGTAGGTTCCAT-1,0
WT85_1_GGTAGAGCATAATCCG-1,4
WT85_1_CTGCATCCATCCGTTC-1,0
WT85_1_ACATCCCTCGCTTGCT-1,0
WT85_1_TCATCATCAACACGAG-1,0
WT85_1_AGGTTACTCTGTCAGA-1,1
WT85_1_AATGGCTCAAGCGAGT-1,1
WT85_1_GCGGATCTCGGCACTG-1,3
WT85_1_TTGGGATGTCAGATTC-1,0
WT85_1_TCTATACTCCCAGCGA-1,0
WT85_1_TGTAAGCCATAAGATG-1,3
WT85_1_GTTCCGTAGCATCGAG-1,1
WT85_1_GTAGATCCAGTGCCTG-1,3
WT85_1_ACCTGAATCGGTGTAT-1,1
WT85_1_TCTTGCGGTTTGTTCT-1,0
WT85_1_TGTGATGTCAGCGTCG-1,0
WT85_1_GTCAAGTGTACTCGCG-1,0
WT85_1_TTGGATGCAGCCGTTG-1,0
WT85_1_ACTTAGGTCGCTCTCA-1,0
WT85_1_AGACCCGGTATAGGGC-1,1
WT85_1_TCTCTGGGTTAGTTCG-1,0
WT85_1_TTCAGGAGTTCAAAGA-1,0
WT85_1_CTCCCTCAGCCTTTCC-1,0
WT85_1_GAGTCTATCTTCCGTG-1,4
WT85_1_AAGGAATCATGAATCC-1,4
WT85_1_GTACAACTCACCCATC-1,0
WT85_1_TCCCAGTGTACGCGTC-1,0
WT85_1_TAGACCATCCATCTGC-1,1
WT85_1_GTGAGGATCCAACTGA-1,0
WT85_1_TTGGTTTCAGAATGTA-1,1
WT85_1_GAGACCCGTAAGACCG-1,4
WT85_1_CTACAGAGTTGCAAGG-1,0
WT85_1_TCAGCAATCGCTTTAT-1,1
WT85_1_GTTCATTAGGGTGAAA-1,4
WT85_1_CTATCCGGTACAGAGC-1,1
WT85_1_GCTTCACCACGACTAT-1,3
WT85_1_GAACTGTTCAGCGTCG-1,3
WT85_1_GGAGAACAGTAGGAAG-1,0
WT85_1_AGTGCCGCAGTTGAAA-1,0
WT85_1_TTGATGGGTACGTGTT-1,0
WT85_1_TCATATCCACAGTACT-1,4
WT85_1_CCTTCAGGTAGGTCAG-1,1
WT85_1_GCGGAAACAACGTAAA-1,4
WT85_1_TAGATCGTCAAGTGGG-1,0
WT85_1_CTTTCAAGTCGAAGCA-1,1
WT85_1_TCAAGTGGTCAGACGA-1,1
WT85_1_CTGTAGAAGATAGTGT-1,1
WT85_1_ACATCGATCCATTCAT-1,1
WT85_1_TTAATCCCAATAGTAG-1,3
WT85_1_TGTGGCGCAAGTCGTT-1,0
WT85_1_TTCACCGAGTTGTCGT-1,3
WT85_1_TCATACTTCTTCGCTG-1,1
WT85_1_ATGCGATTCACTGGTA-1,0
WT85_1_AGCGCTGGTCCGAAAG-1,0
WT85_1_GTGCTGGGTCCTGGGT-1,3
WT85_1_CAGGTATTCGAGAGAC-1,0
WT85_1_CTTACCGTCTTCTGGC-1,3
WT85_1_CCACACTGTGGGTCAA-1,1
WT85_1_ATTCCCGTCTTCCTAA-1,0
WT85_1_ACACCAAGTGGGTATG-1,0
WT85_1_GACGTTAGTCACTGAT-1,3
WT85_1_TATCTTGCACCCAACG-1,3
WT85_1_AGCCAATCATGTTACG-1,1
WT85_1_GGGTTTAAGTCACTCA-1,1
WT85_1_ACATCGAAGTGAACAT-1,3
WT85_1_CTCATCGAGGAGGTTC-1,3
WT85_1_CACCGTTTCCTGCTAC-1,0
WT85_1_CGTAAGTAGTAGTCCT-1,3
WT85_1_CGAGTTAGTGATTAGA-1,0
WT85_1_CAATACGGTGCTGATT-1,0
WT85_1_ATGTCCCTCTCACCCA-1,1
WT85_1_GTTCGCTGTTCATCTT-1,0
WT85_1_TCAAGACGTTGTGTTG-1,4
WT85_1_TTGACCCGTATGTCTG-1,4
WT85_1_AGTACTGTCGAACACT-1,3
WT85_1_TGTAACGTCCCGAGGT-1,3
WT85_1_CCGTGAGCAAGACTGG-1,1
WT85_1_GTTTGGAAGATACGAT-1,0
WT85_1_TAAGCGTCACCTATCC-1,0
WT85_1_CTGATCCAGACCAGAC-1,4
WT85_1_CCTCCTCCATTGCCGG-1,3
WT85_1_TCTACATTCTCGTGGG-1,0
WT85_1_ATTCCTAGTATCTTCT-1,4
WT85_1_GAGTCTAGTTGGATCT-1,1
WT85_1_GTTCCGTGTGGCTAGA-1,0
WT85_1_TTCGGTCGTGTTCGAT-1,4
WT85_1_TGTGAGTTCGGAAACG-1,0
WT85_1_CGTCCATTCGGTTGTA-1,1
WT85_1_AGGGTGATCGGCTGAC-1,0
WT85_1_ACTGCAATCGTAGAGG-1,1
WT85_1_TTGAGTGTCTGTCGCT-1,4
WT85_1_AGACAGGGTCGTCAGC-1,4
WT85_1_CGTGTCTAGGGTGGGA-1,1
WT85_1_GCACGGTGTATGAGAT-1,0
WT85_1_ACTCTCGGTCTAACTG-1,1
WT85_1_ACTATGGTCGACGACC-1,1
WT85_1_AAATGGAGTGCCTTCT-1,0
WT85_1_TTCGATTGTAGATTGA-1,3
WT85_1_GTTGTCCAGCTCACTA-1,0
WT85_1_CAACAACGTAATACCC-1,0
WT85_1_ATGGAGGAGAGGGTGG-1,3
WT85_1_CGTGCTTTCCTACAAG-1,4
WT85_1_GACTCTCCATTACGGT-1,0
WT85_1_GGTTCTCAGCCATTCA-1,0
WT85_1_GCATTAGAGTCACTCA-1,0
WT85_1_CCCTGATAGACCTCCG-1,1
WT85_1_AAGTCGTTCACTTCTA-1,1
WT85_1_CGAAGTTGTGCGAACA-1,4
WT85_1_AGACAGGAGATACATG-1,1
WT85_1_TGGATGTGTTATTCCT-1,1
WT85_1_CCGTAGGCAATGAGCG-1,3
WT85_1_ACATTTCAGAGCATCG-1,0
WT85_1_TAATTCCAGACTTCAC-1,1
WT85_1_TCATACTTCACGGAGA-1,0
WT85_1_ACTACGATCCGTACGG-1,1
WT85_1_GAACACTGTTGCATTG-1,3
WT85_1_ATCCACCTCGTTCTCG-1,0
WT85_1_TGCGGCAAGACCATGG-1,1
WT85_1_GGCTGTGGTGGTCCGT-1,4
WT85_1_CAACAGTGTCACCGCA-1,0
WT85_1_CTATAGGAGGTTATAG-1,4
WT85_1_ACAAGCTAGGACACTG-1,5
WT85_1_CTGTCGTGTATCGCTA-1,3
WT85_1_TGGTACAAGATAACAC-1,3
WT85_1_AGGTCATAGTGGAAAG-1,3
WT85_1_CCCTTAGTCGAGTTGT-1,0
WT85_1_TCTATACCATTCCTCG-1,0
WT85_1_TACTTACTCAAGTCGT-1,3
WT85_1_ACTTAGGAGGGAGTGG-1,0
WT85_1_TCGTAGAGTGGGAGAG-1,5
WT85_1_GATGTTGCATACCGTA-1,1
WT85_1_TGCATCCCAGACCATT-1,1
WT85_1_CGTAATGTCATGCCGG-1,1
WT85_1_TTGCTGCTCGCCTTGT-1,0
WT85_1_TAGAGTCAGAGGATCC-1,5
WT85_1_CATAAGCCACTTGACA-1,4
WT85_1_GCCCGAACAAGGCTTT-1,1
WT85_1_CACAGATAGACAGCTG-1,0
WT85_1_AGATCCAAGATGGTCG-1,3
WT85_1_CAGCGTGCAACAGCCC-1,0
WT85_1_CTCATCGTCGCTAATG-1,5
WT85_2_GGTTAACCACGCGCAT-1,0
WT85_2_CCTATCGTCATAGACC-1,1
WT85_2_GCCAGGTGTCCCGTGA-1,3
WT85_2_GAACACTAGCTTACGT-1,1
WT85_2_AACCACACAAGACGAC-1,4
WT85_2_GGTGGCTGTAGTCTTG-1,0
WT85_2_CATGCGGAGACTCTAC-1,4
WT85_2_CATGAGTCATAACGGG-1,3
WT85_2_GAGAGGTCACCAACAT-1,4
WT85_2_ACACAGTTCGAACTCA-1,3
WT85_2_GATCCCTCATCCCGTT-1,0
WT85_2_CATAGACGTCAACCTA-1,1
WT85_2_CTTTCAAAGCCAGAGT-1,1
WT85_2_ACGTTCCTCAGTGGGA-1,0
WT85_2_CGAGGCTAGACAACTA-1,1
WT85_2_ACGATGTAGTGAGCCA-1,1
WT85_2_GTTGTAGTCATGGATC-1,3
WT85_2_ACCCTCACATCCCACT-1,1
WT85_2_TAAGCCATCCAGTGTA-1,1
WT85_2_AACCAACAGTGAACAT-1,1
WT85_2_ATCGTAGTCAGGCGAA-1,1
WT85_2_ACGTACAGTACCTATG-1,1
WT85_2_GCGGAAAAGATCGACG-1,1
WT85_2_TCATGAGCAATGGCCC-1,1
WT85_2_AACGGGACATACCGTA-1,1
WT85_2_GAACTGTTCACCCTCA-1,3
WT85_2_CACGTTCGTCTAACTG-1,4
WT85_2_TGGGATTGTATGGTAA-1,0
WT85_2_ATCTCTAGTGGTCTAT-1,4
WT85_2_AAGATAGAGGAGGCAG-1,5
WT85_2_ACTATGGTCCTTCTGG-1,4
WT85_2_GGGAAGTGTCCAGCAC-1,1
WT85_2_GTAGCTATCCCTCTTT-1,1
WT85_2_AAAGGGCCATACGCAT-1,4
WT85_2_ACTACGACAGCATCTA-1,1
WT85_2_TCACACCTCATTTGTC-1,4
WT85_2_TAGCACATCAGGTGTT-1,3
WT85_2_CCCTGATGTATAGGGC-1,1
WT85_2_ATGAAAGTCTAAGAAG-1,1
WT85_2_ACGTACAGTTGACTAC-1,3
WT85_2_TCGCACTAGCGACTAG-1,4
WT85_2_TGTCCCAGTACCATAC-1,0
WT85_2_CAGCAATAGCCAAGCA-1,0
WT85_2_GAGATGGCAATAAGGT-1,5
WT85_2_TTCCTAATCACACCCT-1,0
WT85_2_CTCAGAACAAACTAGA-1,1
WT85_2_ATCACTTAGACGCAGT-1,4
WT85_2_CATGCAAGTGTCACAT-1,5
WT85_2_AGGACTTTCGGAAGGT-1,1
WT85_2_TACCGGGCATCCGGCA-1,0
WT85_2_GGCACGTGTCAAGTTC-1,1
WT85_2_TAATTCCGTGAGTCAG-1,4
WT85_2_GAGATGGTCGGTGTTA-1,0
WT85_2_TTAGGGTCAGAACTCT-1,3
WT85_2_GTTGTAGGTGGATCGA-1,0
WT85_2_TAATTCCTCACATACG-1,5
WT85_2_TGGTAGTCAAGGATGC-1,0
WT85_2_AATAGAGCAGTATACC-1,1
WT85_2_CACAACAGTCGCAACC-1,1
WT85_2_ATAGACCAGTATGAAC-1,0
WT85_2_ATGCCTCTCAAGGCTT-1,4
WT85_2_GACACGCTCTAAACGC-1,4
WT85_2_TTAATCCTCGGTCTAA-1,0
WT85_2_GGGATGAAGATGACCG-1,0
WT85_2_TGCTTCGGTATCTTCT-1,1
WT85_2_CGGGCATTCCATCAGA-1,1
WT85_2_CCGGTAGCATTGCTTT-1,0
WT85_2_TTACTGTCAAGGCCTC-1,3
WT85_2_TCTAACTGTGTTCCTC-1,1
WT85_2_TACGGGCAGTCAATCC-1,0
WT85_2_ACCACAAAGATGTTCC-1,1
WT85_2_AGATCGTAGGCTCAAG-1,1
WT85_2_TCCCAGTTCAAGTTGC-1,4
WT85_2_TGCTCCATCGAACGCC-1,3
WT85_2_GTAGATCCAGCACAAG-1,3
WT85_2_TTCTGTATCGCTGTTC-1,0
WT85_2_CCGAACGCATCCTGTC-1,1
WT85_2_GACTATGCACTTGGCG-1,3
WT85_2_TACATTCAGAGTGGCT-1,3
WT85_2_TCTCACGAGGGCAAGG-1,0
WT85_2_CACGAATCACCATTCC-1,0
WT85_2_GAAATGACAAGCGATG-1,5
WT85_2_TCTGCCACATCCTAAG-1,3
WT85_2_TTCACGCCAACTGGTT-1,4
WT85_2_TACGCTCTCGAATGCT-1,0
WT85_2_AACAAGAGTATCCCAA-1,3
WT85_2_GAAGTAAAGTTTCTTC-1,0
WT85_2_CCACACTGTGCAACGA-1,5
WT85_2_CAGATCATCAACGTGT-1,0
WT85_2_CGGACACAGTACGAGC-1,1
WT85_2_AGTACCACATATCTGG-1,3
WT85_2_ACGGTCGTCCTGATAG-1,0
WT85_2_GATCAGTCACAAATGA-1,0
WT85_2_CTGAATGGTGCTGCAC-1,3
WT85_2_AACACACGTAACACGG-1,0
WT85_2_CTACTATCAACTCGAT-1,4
WT85_2_TACTGCCTCACCTTGC-1,1
WT85_2_TAAGTCGCAAGTTCGT-1,3
WT85_2_TCACATTCAGTGTACT-1,0
WT85_2_ACGGTTATCAGACCTA-1,1
WT85_2_AAGACAATCAGCTTGA-1,1
WT85_2_TCGAACAGTATCGAGG-1,0
WT85_2_ACGGGTCTCCTTCACG-1,3
WT85_2_AATTCCTCACTCAAGT-1,0
WT85_2_GTGGGAAGTCTGTCCT-1,0
WT85_2_GAGTTGTAGAGCATCG-1,0
WT85_2_CTACCCATCCATTTGT-1,0
WT85_2_TAGATCGCAAGTGATA-1,5
WT85_2_CTCATCGCAGCTATTG-1,4
WT85_2_ATACCGAAGACATATG-1,0
WT85_2_TCTACCGCATGCGGTC-1,5
WT85_2_GGTCACGCACTAACGT-1,1
WT85_2_TGATGGTTCGCTACGG-1,0
WT85_2_CTGATCCCAGGTGAGT-1,1
WT85_2_TTTCAGTTCAACGCTA-1,0
WT85_2_TGCAGTAGTCCAGAAG-1,4
WT85_2_TGTTACTCAGCTATAC-1,4
WT85_2_TTGTTGTCATAGGTTC-1,3
WT85_2_GAAGCGAGTATCGAAA-1,0
WT85_2_TTGAGTGGTTGGGCCT-1,1
WT85_2_TGTGTGAGTCGCAACC-1,3
WT85_2_CTTCTAACACTTGTCC-1,1
WT85_2_GATAGCTGTGATAGTA-1,1
WT85_2_CAGTTAGCACGCTGCA-1,4
WT85_2_CAACGGCTCCCGTTGT-1,1
WT85_2_AACCCAACAGGTCCCA-1,0
WT85_2_CCCTCAAAGTCACGCC-1,3
WT85_2_ACGTAACGTATCGGTT-1,1
WT85_2_TTCTAACAGTATCTGC-1,0
WT85_2_GACAGCCCAAATGAGT-1,0
WT85_2_ACGTAACCAGTGTATC-1,0
WT85_2_CATAAGCGTGTTTGCA-1,0
WT85_2_GCATTAGCACTGAATC-1,0
WT85_2_AAGGAATCAGATTTCG-1,3
WT85_2_TACCGAATCCTCGATC-1,0
WT85_2_ACTGCAAGTTAAGTCC-1,0
WT85_2_AGGCATTGTGACACAG-1,5
WT85_2_TTCCTAACATGATGCT-1,0
WT85_2_ACTACGAGTTCCCAAA-1,1
WT85_2_ACTGTGACATGTTCAG-1,3
WT85_2_TTTCATGAGCTCGTGC-1,5
WT85_2_TGGATGTGTCTCACGG-1,3
WT85_2_CTCATCGAGCGCAATG-1,1
WT85_2_AGTACTGGTCTCGGAC-1,3
WT85_2_ATGCATGCAGCATACT-1,4
WT85_2_ATCGTAGTCTTGGATG-1,1
WT85_2_CGTTAGATCACCATGA-1,5
WT85_2_ATACCGAAGCAGAAAG-1,0
WT85_2_AACCACACAGGCTATT-1,1
WT85_2_GAATCGTGTTCACCGG-1,1
WT85_2_AGTAGCTGTCCGGTGT-1,1
WT85_2_ACAGCCGCATCGATAC-1,4
WT85_2_GGAACCCAGGGCTAAC-1,0
WT85_2_CAAGGGACATAGGTTC-1,0
WT85_2_GGTAATCCAGCAGACA-1,3
WT85_2_ACTATCTGTACATTGC-1,0
WT85_2_ACTCTCGGTCGTCTCT-1,3
WT85_2_CACAGATGTTAACAGA-1,1
WT85_2_TGCCGAGTCCGCGATG-1,5
WT85_2_GATTGGTCACACCGAC-1,1
WT85_2_CCTAAGACACGGATCC-1,1
WT85_2_GATCAGTGTAAGCAAT-1,0
WT85_2_ACTCTCGCACAGTATC-1,1
WT85_2_GGGTCACAGTCCCGAC-1,0
WT85_2_ATTCATCGTGTTGCCG-1,4
WT85_2_GTAGAGGTCAGACAAA-1,0
WT85_2_TCCGGGAGTATCGCTA-1,0
WT85_2_TTGGTTTCAGGAGACT-1,0
WT85_2_GTTACCCAGCATGAAT-1,0
WT85_2_ATTTCTGCACACAGCC-1,1
WT85_2_TCATTACAGACTTCAC-1,0
WT85_2_TTTGACTCATCCGATA-1,0
WT85_2_AAGGAATGTGTTTACG-1,4
WT85_2_TTGGTTTAGTACCATC-1,4
WT85_2_CAGATCACAAGGCTTT-1,0
WT85_2_AGGTGTTTCCTTCTAA-1,1
WT85_2_CTGCTCACAAGTGGCA-1,1
WT85_2_AACGAAAGTCGTCATA-1,1
WT85_2_CTAACTTTCTACGGTA-1,4
WT85_2_TGGAGAGTCAAACTGC-1,0
WT85_2_CTATCCGGTCAAAGAT-1,0
WT85_2_CAACCAAGTCACCCTT-1,1
WT85_2_AACCCAATCTACTATC-1,3
WT85_2_TGAGGGATCTCGCCTA-1,3
WT85_2_TTCGGTCGTTGTGTTG-1,0
WT85_2_GGTGAAGTCCGTTGGG-1,1
WT85_2_TAAGCCAGTTCAACGT-1,4
WT85_2_GATAGCTCACACACGC-1,0
WT85_2_AGAGAATCAACTGAAA-1,1
WT85_2_CATGCTCTCACTGAAC-1,0
WT85_2_GTCCTCATCTCTCTTC-1,4
WT85_2_TGCTGAACAGTCTCTC-1,1
WT85_2_GTTAGACCATAATCCG-1,0
WT85_2_ATCCGTCTCAAGCCCG-1,0
WT85_2_AATCGACGTAGGCAAC-1,0
WT85_2_GCAGCCATCTAGACAC-1,1
WT85_2_CTCATCGAGGCCTTGC-1,1
WT85_2_AAGTACCTCATCGCAA-1,3
WT85_2_AGACACTCAGCGACCT-1,3
WT85_2_AGTCAACAGTGAGTTA-1,0
WT85_2_GAGCTGCCACAAATCC-1,2
WT85_2_TGCGGCAAGTCCGCCA-1,0
WT85_2_TGCAGGCTCATCTGTT-1,0
WT85_2_GTAGAGGCATTGAGGG-1,1
WT85_2_AACCAACAGCACTGGA-1,0
WT85_2_CCACCATGTGCTGCAC-1,0
WT85_2_CTACATTCACCCTAGG-1,3
WT85_2_CACAACACAACGGCTC-1,0
WT85_2_ATCTCTATCGGCTATA-1,4
WT85_2_TGGGCTGCAGTCTGGC-1,3
WT85_2_GCGTTTCCACCAGGTC-1,4
WT85_2_GCTGCAGTCGACGACC-1,0
WT85_2_GCAGTTAGTCAGGAGT-1,3
WT85_2_CAATGACCACTCTAGA-1,4
WT85_2_TATTTCGCAAGTTGGG-1,0
WT85_2_GCAGCTGCAAAGCACG-1,1
WT85_2_TGGATGTCATTCCTCG-1,4
WT85_2_TTGTGGAGTGCATTAC-1,0
WT85_2_GGCTGTGGTGCGACAA-1,3
WT85_2_ATACCTTCAACACGTT-1,0
WT85_2_ATCGATGAGGCATCTT-1,3
WT85_2_TTGTTGTTCCACCCTA-1,0
WT85_2_CATGCCTCAGTTGTTG-1,1
WT85_2_GAAGTAAAGTGTTGTC-1,4
WT85_2_TGCTCCACACCCGTAG-1,0
WT85_2_ATTCGTTAGTGCAGGT-1,4
WT85_2_TGATGCAAGGGTTAAT-1,0
WT85_2_TGTTGAGAGTTGGACG-1,0
WT85_2_TGTTCTACACCTTCGT-1,0
WT85_2_AGTTCCCTCATTTGTC-1,0
WT85_2_TCGGGACAGTGCAACG-1,0
WT85_2_TTGGATGGTGGACCTC-1,0
WT85_2_GGTTGTACAAGCCATT-1,0
WT85_2_GAAGAATCAGATCATC-1,0
WT85_2_ATCGTCCGTTCGATTG-1,3
WT85_2_ATTACTCAGGGAGGGT-1,0
WT85_2_CTACTATGTATCGTAC-1,3
WT85_2_TCAGGGCTCTTGGAAC-1,0
WT85_2_TAATCTCTCGCAAGAG-1,3
WT85_2_TTTGATCCAGACGCTC-1,1
WT85_2_GAGACCCGTATCCCAA-1,0
WT85_2_CCGATCTAGTTGAATG-1,0
WT85_2_TCAATCTTCCCAGCGA-1,0
WT85_2_ATACTTCGTGTTACTG-1,0
WT85_2_TGATCAGTCGTGGCGT-1,0
WT85_2_GGGATGATCTAGCCAA-1,0
WT85_2_GACCTTCTCAAGAATG-1,0
WT85_2_ACGTAACGTGGTTTAC-1,0
WT85_2_TCCGTGTTCGCAGTGC-1,2
WT85_2_CCTCAACTCTCAGGCG-1,5
WT85_2_TCCTAATAGGACTTCT-1,0
WT85_2_CATGCCTCACACCGCA-1,1
WT85_2_GACGTTACATGACTTG-1,1
WT85_2_TCGGGCAAGGTTCTAC-1,4
WT85_2_TTATTGCCAATGTCTG-1,4
WT85_2_AGGGCTCGTCTCCCTA-1,3
WT85_2_GGTAATCTCCGCATAA-1,4
WT85_2_AGGGCCTTCCCTTGTG-1,3
WT85_2_ATGAAAGAGCAGTAAT-1,0
WT85_2_CCGGTGAGTAGTGCGA-1,4
WT85_2_TGATCTTCAATACGCT-1,4
WT85_2_CGGGCATGTGGCTGCT-1,1
WT85_2_AAGGTAATCAAGCCAT-1,0
WT85_2_CAACCTCGTCTTTATC-1,0
WT85_2_AGCTCAACATACCACA-1,4
WT85_2_ATAGGCTGTGCCTGCA-1,0
WT85_2_TAATCTCTCCGAGAAG-1,1
WT85_2_AGTGACTTCGTCAGAT-1,3
WT85_2_TGTCCACAGTAGGCCA-1,0
WT85_2_TTATTGCGTGGAACCA-1,5
WT85_2_AACAACCGTGCAACAG-1,3
WT85_2_ACCCTTGTCAACTACG-1,0
WT85_2_GCTGGGTCATTGTCGA-1,0
WT85_2_TACATTCAGCCTGTGC-1,0
WT85_2_AGGCATTTCCATTGCC-1,0
WT85_2_CATCCACTCTCAGGCG-1,0
WT85_2_AATGCCAAGTATTAGG-1,3
WT85_2_ATTACTCGTGAGGATC-1,1
WT85_2_GTAAGTCCATGGGTCC-1,4
WT85_2_CCTCATGTCCGTCAAA-1,1
WT85_2_CCGAACGGTCCGCAGT-1,4
WT85_2_TCCACCATCACCATGA-1,1
WT85_2_CCGAACGTCGCGATCG-1,3
WT85_2_AAGTGAACAGCACAGA-1,0
WT85_2_CTTCGGTGTCATTGCA-1,4
WT85_2_AGACACTGTCGTCGGT-1,4
WT85_2_CGCAGGTCAAAGTGTA-1,0
WT85_2_TGCATCCGTTACTCAG-1,5
WT85_2_TTGTTCAGTTGAAGTA-1,3
WT85_2_ACGTTCCAGGAGGCAG-1,1
WT85_2_GGAGAACCAGTAGGAC-1,3
WT85_2_CCTCAACCAGACATCT-1,0
WT85_2_TCTACCGCATCCGATA-1,1
WT85_2_GGAATCTCAGCAGTTT-1,5
WT85_2_CTCCCAACAGCGTGAA-1,1
WT85_2_AGTGATCTCTTCTCAA-1,4
WT85_2_AGCGTATAGACGCAGT-1,3
WT85_2_CTGAATGAGGTACATA-1,3
WT85_2_GTAACCACATGTTTGG-1,0
WT85_2_GATGTTGAGGATCATA-1,3
WT85_2_CCTGTTGCACTAACCA-1,0
WT85_2_TACGGTAAGAGGTTTA-1,1
WT85_2_CTCAGTCAGCTAGAAT-1,1
WT85_2_CAAGACTGTCAAGTTC-1,1
WT85_2_ATAGAGAAGACTCCGC-1,0
WT85_2_GTTGTGACAGGCATGA-1,4
WT85_2_CGAATTGAGGAACATT-1,0
WT85_2_ATGCGATCAGTGGCTC-1,4
WT85_2_AGTCACAAGAGGTCGT-1,0
WT85_2_GCCATTCGTTCCTAGA-1,0
WT85_2_TGTAGACAGAGGCTGT-1,3
WT85_2_GTTGCGGTCCACTGGG-1,4
WT85_2_AGCGCCACAACTGTGT-1,0
WT85_2_TGGGCGTCAGATCCTA-1,3
WT85_2_CTAACTTGTACAAAGT-1,0
WT85_2_GTAATCGGTCAAGCCC-1,1
WT85_2_CACCGTTTCGGACCAC-1,4
WT85_2_GGCTTTCCACTAGGTT-1,1
WT85_2_ATTATCCGTCTCACAA-1,2
WT85_2_TCCTCGATCTCGACGG-1,0
WT85_2_GCACTAATCGATACAC-1,1
WT85_2_TACTGCCTCGTAGTCA-1,1
WT85_2_ACAGAAAAGGCCGCTT-1,0
WT85_2_TGCATCCGTACCCAGC-1,1
WT85_2_GGAATGGTCCCTATTA-1,1
WT85_2_GTGTGGCTCTGCTAGA-1,0
WT85_2_AGCATCAGTCCACACG-1,0
WT85_2_GGGACTCGTGTATTCG-1,1
WT85_2_CCAAGCGTCTGAGAAA-1,1
WT85_2_GTGCAGCTCTCGAACA-1,3
WT85_2_TTCGCTGGTTTCGCTC-1,1
WT85_2_CACCGTTGTGCGAGTA-1,0
WT85_2_TATGTTCGTCTTCAAG-1,4
WT85_2_CAGATTGGTCGTTGCG-1,0
WT85_2_GGAGAACCAGTTAGAA-1,0
WT85_2_TCGCTTGCATCCTATT-1,4
WT85_2_ACCCTTGCAACCGCCA-1,0
WT85_2_GTTGCGGCATGGAGAC-1,3
WT85_2_ATCCACCGTCGAATGG-1,0
WT85_2_GTAGATCAGCATGCAG-1,4
WT85_2_TAGACCATCTGCGGCA-1,1
WT85_2_GCTTGGGTCGCATTAG-1,1
WT85_2_GGATGTTGTCCGAAGA-1,0
WT85_2_CTACGGGAGTCCGCGT-1,1
WT85_2_TCCTCGAAGTAGTCTC-1,1
WT85_2_ACGGTCGAGTTCATGC-1,0
WT85_2_CGTGCTTTCATCCTGC-1,1
WT85_2_ACGGAAGCACGCGGTT-1,1
WT85_2_GTCGTTCCAACAGAGC-1,0
WT85_2_GGGACTCAGGTTGAGC-1,0
WT85_2_CGCAGGTCAGTCTCTC-1,0
WT85_2_GTTATGGGTCAAGCCC-1,1
WT85_2_AGGGAGTGTCACTTCC-1,3
WT85_2_GTGATGTTCGGAAGGT-1,3
WT85_2_GCACGTGGTCGTGCCA-1,1
WT85_2_GAAGTAAAGTCTCTGA-1,5
WT85_2_ACCCAAAGTATCGCTA-1,3
WT85_2_TTGCGTCAGGGTGGGA-1,4
WT85_2_AGAACAAGTAACATGA-1,0
WT85_2_TGGGTTAGTCCATCTC-1,0
WT85_2_TGGAGAGCAGGAATCG-1,1
WT85_2_TTGTGTTGTACCTATG-1,1
WT85_2_CTACTATGTTTGTGGT-1,3
WT85_2_TGAACGTTCTATTGTC-1,4
WT85_2_GCAACCGAGTATCTGC-1,3
WT85_2_ATGGAGGCAGTTGTTG-1,0
WT85_2_AGGCATTCAGAGCTAG-1,0
WT85_2_ACGGAAGGTGATTAGA-1,1
WT85_2_AGTGTTGGTACCCGAC-1,1
WT85_2_AACCATGAGTGTTGTC-1,0
WT85_2_TGGGAGAAGGACAGTC-1,4
WT85_2_GTACAGTTCGGAACTT-1,1
WT85_2_TCGGTCTGTCATCCCT-1,3
WT85_2_GATTTCTTCATGCCCT-1,3
WT85_2_TGCCGAGCATAGCACT-1,0
WT85_2_GAGGGTACATCATCCC-1,1
WT85_2_AGCGTATCACCTCGTT-1,3
WT85_2_TCGCTTGGTTGCATAC-1,0
WT85_2_GCGAGAAGTAGCGCCT-1,0
WT85_2_CCTCAACCAGTAGGAC-1,3
WT85_2_GACCTTCCACTCAGAT-1,1
WT85_2_AGCTACATCAAGTCGT-1,0
WT85_2_ACCCTTGCAAACTCTG-1,3
WT85_2_GCAGCTGGTTTCTATC-1,3
WT85_2_CGGCAGTGTAACAGGC-1,4
WT85_2_GCCCGAATCTGACAGT-1,0
WT85_2_GGGTAGAGTAGGTCAG-1,1
WT85_2_ATCGTGACACAGTGAG-1,4
WT85_2_ACTTATCAGAGAGGTA-1,1
WT85_2_TCGGATATCAAAGGAT-1,0
WT85_2_CATACAGCAACTTCTT-1,3
WT85_2_TGATTCTCACTTCAAG-1,3
WT85_2_GCTGAATCATAATCCG-1,1
WT85_2_GTAATGCCACTCACTC-1,0
WT85_2_GAAGGACAGGAAAGTG-1,1
WT85_2_GTTACCCTCCTGTAGA-1,0
WT85_2_TCCTTTCCAGGAAGTC-1,1
WT85_2_CCTAACCAGGTAGCCA-1,4
WT85_2_ATGCATGCAACCGGAA-1,0
WT85_2_GTCAAACTCTCAGTCC-1,3
WT85_2_ACTTAGGGTACCTGTA-1,0
WT85_2_TTAGTCTGTGACAGGT-1,1
WT85_2_TAATCTCGTATCATGC-1,4
WT85_2_CGGTCAGGTCCTGTCT-1,1
WT85_2_TTATTGCAGGGTAGCT-1,0
WT85_2_GTCTCACCAGAGATTA-1,0
WT85_2_AGATGCTGTACTCGTA-1,4
WT85_2_GTCACGGTCACCTACC-1,4
WT85_2_GATGACTAGGTCGCCT-1,4
WT85_2_GGAACCCCATGACGAG-1,3
WT85_2_CTTCTCTAGTCTCTGA-1,1
WT85_2_GTATTGGTCGGAGATG-1,3
WT85_2_ACGGTCGCATTGCCGG-1,1
WT85_2_CTTCTAATCTAGTGAC-1,1
WT85_2_GTTCATTCATTGAAAG-1,1
WT85_2_ATCCTATGTGTTACTG-1,1
WT85_2_GTGTTCCCACACACGC-1,0
WT85_2_TGCTCGTGTATCGGTT-1,1
WT85_2_GACTCTCTCTACGGTA-1,1
WT85_2_GTAGGTTCAATCCAGT-1,0
WT85_2_TCTTTGAAGCCGATTT-1,0
WT85_2_AGATGAAAGACGGAAA-1,3
WT85_2_TGTTTGTCAACGCCCA-1,4
WT85_2_CTGAATGGTTCCGCGA-1,0
WT85_2_GAAGCGAAGGATGGCT-1,0
WT85_2_TCCTCTTCAAAGGTTA-1,0
WT85_2_CTCCATGGTACGCGTC-1,4
WT85_2_CCGCAAGCAGCTTCGG-1,3
WT85_2_TTCTGTAAGTCTCGTA-1,1
WT85_2_GCGAGAAAGGCATGGT-1,4
WT85_2_AACAGGGGTGAGAGGG-1,0
WT85_2_CCTACGTAGTGGAATT-1,1
WT85_2_TCATTACTCGCACGAC-1,3
WT85_2_CCCATTGCAACTTGGT-1,3
WT85_2_CGATGGCTCTCCTACG-1,0
WT85_2_CAACGATTCTAAGCCA-1,0
WT85_2_AATGAAGAGGGCAAGG-1,5
WT85_2_CTCACTGTCGACCAAT-1,3
WT85_2_GGTAACTGTGTGGTCC-1,1
WT85_2_GTCTAGATCGTCCATC-1,3
WT85_2_GTTATGGCACAACGCC-1,1
WT85_2_CTACCTGAGTCACGCC-1,5
WT85_2_CACTAAGCACGTCATA-1,0
WT85_2_TTCCTTCGTCGTTGCG-1,3
WT85_2_ACGCACGTCTTCGGAA-1,1
WT85_2_GCAGGCTTCCACAAGT-1,4
WT85_2_GTCTACCCAACGACAG-1,0
WT85_2_CGAGTTATCAAAGCCT-1,3
WT85_2_AGGGAGTTCCTCACGT-1,0
WT85_2_TAAGTCGTCCCATTTA-1,3
WT85_2_TAGGGTTGTGACCGAA-1,3
WT85_2_TCAAGCAAGTTCACTG-1,4
WT85_2_CCGTAGGCACAAATCC-1,0
WT85_2_CGTGAATGTTCTTGCC-1,3
WT85_2_ACGGGTCAGTTCTCTT-1,1
WT85_2_CTCAATTTCGGTAAGG-1,1
WT85_2_GCACGTGAGCACCGTC-1,0
WT85_2_AGACAGGTCGGAATGG-1,3
WT85_2_TTGGTTTGTGTAACGG-1,0
WT85_2_TCACAAGGTCATTCCC-1,3
WT85_2_CGGTCAGCAGCTCCTT-1,3
WT85_2_GATCACAAGTTAACAG-1,4
WT85_2_TAGAGTCGTGTGAGCA-1,0
WT85_2_GGCACGTGTCTTAGTG-1,3
WT85_2_GTTTACTGTCGCACAC-1,0
WT85_2_TCTACATGTCTGCCTT-1,4
WT85_2_TCTCTGGGTCTCACAA-1,0
WT85_2_TCATACTAGCTTCGTA-1,0
WT85_2_GTGTTCCGTCCATAGT-1,3
WT85_2_GGAGGATCATATGCGT-1,0
WT85_2_TTAGGCAAGGAGATAG-1,1
WT85_2_ACGTAGTGTTAGGAGC-1,3
WT85_2_TTCCTTCGTCTTTCAT-1,1
WT85_2_TTTATGCCAAACTCGT-1,1
WT85_2_TAGACCATCACTCCGT-1,0
WT85_2_TCAATTCTCTCTGCCA-1,1
WT85_2_TTAGGCATCATCTATC-1,1
WT85_2_AGGAATAAGTAACGAT-1,4
WT85_2_CCTTCAGTCATCTATC-1,1
WT85_2_GTTGTAGAGGCTAGCA-1,1
WT85_2_CAACAGTGTCGACTGC-1,4
WT85_2_CAATCGAAGTCCGCCA-1,4
WT85_2_TTTGATCAGAGGCGTT-1,1
WT85_2_CAATCGATCCTTATAC-1,3
WT85_2_TTCCTCTCACCAGCGT-1,0
WT85_2_GTCCCATAGAAGCTCG-1,4
WT90_1_GACTCAACAAGACGAC-1,0
WT90_1_GTGACGCAGCAGGCTA-1,4
WT90_1_TGCATGAGTCCACATA-1,3
WT90_1_GATAGAACAGCTGTGC-1,0
WT90_1_GTAATCGAGCCGTTGC-1,3
WT90_1_TGTTGAGGTATTGACC-1,1
WT90_1_CGAATTGAGTAGGGTC-1,4
WT90_1_TACAGGTGTCGAGTGA-1,1
WT90_1_CGACAGCTCAAGGAGC-1,3
WT90_1_ATAGGCTGTGCTCTCT-1,1
WT90_1_TCATATCCACCAGTTA-1,1
WT90_1_TGTGGCGTCCACTAGA-1,5
WT90_1_TCTGCCAGTGAATGAT-1,4
WT90_1_TACCGAATCCATATGG-1,1
WT90_1_GAAGGACAGGTCTACT-1,0
WT90_1_TGTTACTGTTGTACGT-1,1
WT90_1_GTATTTCCAGCACACC-1,1
WT90_1_CTTGATTAGACATGCG-1,4
WT90_1_GGGACCTTCCATAGAC-1,1
WT90_1_TTCATGTGTATGAAAC-1,1
WT90_1_CCATAAGGTCACCGCA-1,3
WT90_1_AACCACACAGCTGGTC-1,0
WT90_1_CCTCAGTAGCATTTCG-1,3
WT90_1_CAAGGGACAAACTAAG-1,1
WT90_1_ACATGCAAGCTGAGCA-1,3
WT90_1_GTCCTCATCTACACTT-1,1
WT90_1_TGTTACTTCAAGAGGC-1,0
WT90_1_GAAGGGTGTGTCATCA-1,0
WT90_1_ATGACCATCTATTCGT-1,4
WT90_1_GTGCTTCCATACATCG-1,1
WT90_1_CGTTAGACACGCAAAG-1,4
WT90_1_GCTTGGGGTACGACTT-1,1
WT90_1_ACTTTGTAGACTACGG-1,3
WT90_1_TAGTGCAGTGCGGTAA-1,0
WT90_1_CTAACCCAGAGCCATG-1,1
WT90_1_TAATTCCTCCGCACGA-1,1
WT90_1_TCACAAGGTAACATAG-1,1
WT90_1_CAAGACTCAATGTCAC-1,1
WT90_1_TCCTGCACAAGATCCT-1,0
WT90_1_GTGCAGCTCCTTATCA-1,3
WT90_1_TCTGTCGTCTCGGCTT-1,4
WT90_1_TACCCACAGCTAGAAT-1,0
WT90_1_CGCATGGGTACGAGTG-1,0
WT90_1_ACCCTCACACAAGCCC-1,4
WT90_1_AACGAAAGTTATGTCG-1,0
WT90_1_CAACAGTGTAACCCTA-1,0
WT90_1_GTCAAACCAAGCCCAC-1,4
WT90_1_CACCAAACATTCTTCA-1,1
WT90_1_GGGTTTAAGATGAAGG-1,0
WT90_1_AGTCACACATGGCACC-1,4
WT90_1_AGCTTCCCAGCTACAT-1,4
WT90_1_TGGTACATCCCGAGAC-1,0
WT90_1_TTAGGCAAGTTCGGTT-1,0
WT90_1_ATTCCCGGTAACATCC-1,1
WT90_1_CTCAATTCACTGTGTA-1,4
WT90_1_CTACGGGCAATTGCAC-1,1
WT90_1_CTGCCTATCTAAACGC-1,0
WT90_1_GAACGTTCACTGAATC-1,3
WT90_1_CAATTTCTCTTAGCAG-1,3
WT90_1_CTGCTCATCGTGCGAC-1,1
WT90_1_AGTCAACGTCGATGCC-1,4
WT90_1_AAGTGAAGTACAACGG-1,0
WT90_1_AGGGCTCGTGTGCCTG-1,3
WT90_1_CTTTCAACACCGTACG-1,1
WT90_1_TTGCGTCCACGCAGTC-1,1
WT90_1_TGCTTCGCAGATCATC-1,1
WT90_1_TGAGACTCAATATCCG-1,1
WT90_1_AATGCCAGTGTTCGTA-1,3
WT90_1_CACGGGTGTCAAGGCA-1,4
WT90_1_TCGGATAGTTTGGCTA-1,1
WT90_1_TGGTACATCCCATTCG-1,0
WT90_1_GGGACTCCAGACATCT-1,1
WT90_1_GTCAAGTTCTCCAAGA-1,0
WT90_1_TACGGGCTCCTCTCTT-1,3
WT90_1_TGACAGTAGTGATAAC-1,0
WT90_1_GTCAAGTTCACGGACC-1,3
WT90_1_TGAGCATCAAGCTACT-1,1
WT90_1_GATCGTATCTGAGAAA-1,0
WT90_1_CTCCTCCGTCTCACGG-1,0
WT90_1_GGAATGGCAGAGGGTT-1,4
WT90_1_GTACAGTCAGCGTTTA-1,4
WT90_1_ATAGACCTCACGTCCT-1,0
WT90_1_ATCACTTAGGAGCAAA-1,1
WT90_1_TGGGAAGTCCCTCTCC-1,0
WT90_1_GCTGAATAGTAAGACT-1,0
WT90_1_GCACATATCGAACGCC-1,0
WT90_1_GGAGCAATCCGCACGA-1,4
WT90_1_ACGCACGGTGCCTGCA-1,4
WT90_1_GTCAAGTGTGTTCATG-1,1
WT90_1_CATCCCACACATATGC-1,3
WT90_1_TTGGATGAGGAGAGGC-1,0
WT90_1_CATCCACCAACGACTT-1,0
WT90_1_GATGCTACATTCTCCG-1,4
WT90_1_ACGTAACCACGACCTG-1,0
WT90_1_ATCGCCTGTCATTGCA-1,0
WT90_1_GGTGTCGCAACGTATC-1,1
WT90_1_TCCATGCCACCAGTTA-1,4
WT90_1_TGGTAGTCACGGTAGA-1,0
WT90_1_AATGGAAAGTCGCGAA-1,4
WT90_1_CTACCCATCGATCCAA-1,1
WT90_1_TACCGAACATCGCTAA-1,0
WT90_1_TAAGCACCAAACAGGC-1,0
WT90_1_TCCGTGTGTCCTGTTC-1,1
WT90_1_GCCATGGTCATCGTAG-1,0
WT90_1_ATGACCAGTCAAGGCA-1,1
WT90_1_TGCTCGTAGTGGACGT-1,1
WT90_1_AATCGACTCTACGCGG-1,3
WT90_1_TGAGGAGTCTCTCCGA-1,3
WT90_1_TGATCAGCATACTGAC-1,0
WT90_1_TCGCTCATCCAGTGTA-1,0
WT90_1_TCGTCCATCCAAACCA-1,0
WT90_1_TTCCGGTTCCTACGAA-1,4
WT90_1_AGACACTTCCCTCTCC-1,4
WT90_1_ACTATTCGTATACAGA-1,1
WT90_1_GGTGTCGTCTATCGCC-1,0
WT90_1_AAATGGACAATACCTG-1,4
WT90_1_CTACCTGAGGAGAATG-1,0
WT90_1_TGAGACTAGTGCTAGG-1,1
WT90_1_AATAGAGAGGTCGAGT-1,0
WT90_1_GGGCTACTCGGACTTA-1,0
WT90_1_CGGGACTTCAACTGGT-1,0
WT90_1_GGGAGTAAGCATCGAG-1,3
WT90_1_GGTCACGGTGTTCAGT-1,3
WT90_1_ACTATGGGTCGTGTTA-1,0
WT90_1_GCCCAGAGTTGACTAC-1,1
WT90_1_GACTGATCACAATTCG-1,1
WT90_1_TGTCCACCATTCTGTT-1,0
WT90_1_TTGTTCACATTCTCTA-1,1
WT90_1_GCTTCACTCCATGATG-1,0
WT90_1_GAATAGAAGATTACCC-1,0
WT90_1_CCTATCGCACCTTCGT-1,0
WT90_1_TGGAGGAGTATTCCTT-1,4
WT90_1_AGCGCTGCACGCGCAT-1,1
WT90_1_TTGTTTGGTGAAGCTG-1,3
WT90_1_GCACTAATCGGAATGG-1,0
WT90_1_GATTGGTAGAATCTAG-1,3
WT90_1_GAGTTACAGGTAGCCA-1,0
WT90_1_TATCCTACATCTGGGC-1,3
WT90_1_TTGAACGTCAAGCCCG-1,1
WT90_1_GGCTTGGGTAACGTTC-1,0
WT90_1_CAGCAGCGTTAGCGGA-1,0
WT90_1_CTCAGGGGTGTCGCTG-1,0
WT90_1_AACACACGTAACCAGG-1,0
WT90_1_GTAGAAATCAACCCGG-1,0
WT90_1_AACAGGGAGATGCGAC-1,4
WT90_1_TCCCACAAGCGACTGA-1,0
WT90_1_AAGGAATAGGTCTACT-1,4
WT90_1_AGAAGCGCATTACGGT-1,0
WT90_1_TGGGAAGGTCGACGCT-1,4
WT90_1_GTCATCCGTAAGCTCT-1,0
WT90_1_CACCGTTAGTCTCCTC-1,4
WT90_1_GAGCCTGGTGGTCTTA-1,1
WT90_1_AAAGTCCTCGTGCAGC-1,1
WT90_1_AAGATAGCATACGCAT-1,0
WT90_1_CATACAGTCCCGAGAC-1,0
WT90_1_AACCAACGTCCTGTTC-1,3
WT90_1_ACGTCCTCAGCTGTTA-1,0
WT90_1_CAAGCTACACCAAATC-1,1
WT90_1_CACGAATCAATTCTTC-1,5
WT90_1_CGCATGGCATCGAACT-1,1
WT90_1_AGTACTGAGCACTCCG-1,0
WT90_1_CATCCGTCACTATCGA-1,1
WT90_1_AACCAACCAAACTCGT-1,0
WT90_1_TTGCGTCTCCAAGAGG-1,1
WT90_1_GCTTTCGCAAGCTACT-1,3
WT90_1_TCCCAGTGTCTTCTAT-1,4
WT90_1_CACGAATGTCGGTGAA-1,1
WT90_1_TACGGTATCCGTCCTA-1,3
WT90_1_CACTGTCTCACGTCCT-1,4
WT90_1_ACTATTCTCCTCAGAA-1,0
WT90_1_TCAATTCAGCTCTATG-1,4
WT90_1_CGTCAAAGTTGCTTGA-1,0
WT90_1_AGCTCAATCGCCGTGA-1,1
WT90_1_ACGGTTAGTCATCCCT-1,4
WT90_1_ACTATTCCATAACCCA-1,3
WT90_1_GAGTTTGCAATCCTAG-1,0
WT90_1_CAGCAGCGTGAAGCTG-1,0
WT90_1_ACTATCTAGGATAATC-1,1
WT90_1_AACTTCTCAGATCCAT-1,4
WT90_1_TCCGAAAGTGGAACAC-1,4
WT90_1_TGGCGTGGTCGCAACC-1,0
WT90_1_TATTGCTTCGCCAGTG-1,4
WT90_1_TTGGGTATCCTTACCG-1,0
WT90_1_CAACCAATCTCTGAGA-1,0
WT90_1_CTCCAACTCTGTCGCT-1,1
WT90_1_TGACAGTCAAGCGGAT-1,4
WT90_1_TCAGGGCCAGTAGTGG-1,0
WT90_1_GAATAGACACTTGTGA-1,4
WT90_1_ACGTAACTCGGCACTG-1,0
WT90_1_TCCTAATGTCACAGTT-1,3
WT90_1_CGTCAAAAGTATGACA-1,1
WT90_1_TTAGGGTCACGAGGAT-1,0
WT90_1_TGATGCAGTTCTAACG-1,4
WT90_1_AGCCAGCAGAAGCGAA-1,0
WT90_1_TACGTCCAGGATGCGT-1,0
WT90_1_CCTCACAGTCACAATC-1,0
WT90_1_CGAGAAGCATCGAACT-1,0
WT90_1_ATGTCCCTCTCATAGG-1,0
WT90_1_TTTGGTTAGGTTCATC-1,0
WT90_1_TCGGATACAACGTTAC-1,3
WT90_1_ACCACAATCCCTCGAT-1,1
WT90_1_ATACCGATCTACCACC-1,1
WT90_1_GCAGCTGCAAGATGGC-1,4
WT90_1_TGAATGCTCATGCGGC-1,1
WT90_1_TCAGGTACACTCCGGA-1,0
WT90_1_TTGGGATTCGGAGTGA-1,1
WT90_1_GTTCTATCAGGAGACT-1,3
WT90_1_CAACAACGTGGCAACA-1,0
WT90_1_CGTCCATAGATACTGA-1,0
WT90_1_GCTTGGGGTGCGCTCA-1,0
WT90_1_TCCGGGACACAGAGCA-1,3
WT90_1_CTTTCGGTCCCAGGCA-1,0
WT90_1_GTTTACTAGAATCCCT-1,3
WT90_1_GAAACCTCAGAACATA-1,0
WT90_1_TAGGTTGGTTTAGTCG-1,0
WT90_1_GAGTCATAGCGCCGTT-1,3
WT90_1_GGAATGGTCTACCAGA-1,3
WT90_1_CTTACCGTCTCGTGAA-1,4
WT90_1_AAGTGAATCGAAGAAT-1,1
WT90_1_TATTGGGCAATAGTGA-1,1
WT90_1_CTGTCGTTCGATCCAA-1,0
WT90_1_GGAGATGAGATACTGA-1,0
WT90_1_AATCACGGTAGACGGT-1,1
WT90_1_TATACCTGTAACGCGA-1,3
WT90_1_AATGGCTGTGATATAG-1,1
WT90_1_CAAGACTGTATGCGTT-1,3
WT90_1_GATGTTGCACGAGGAT-1,0
WT90_1_TTTCATGAGACCTGGA-1,4
WT90_1_ACAGAAAAGCCAACCC-1,1
WT90_1_GTTGCGGTCGGAGTGA-1,0
WT90_1_ATCGATGCAAGAGTGC-1,4
WT90_1_CTAACTTAGGCTCTAT-1,0
WT90_1_GATCCCTGTCAAATCC-1,3
WT90_1_ATGCGATAGCTGCCTG-1,4
WT90_1_AAGGAATTCCATCTCG-1,0
WT90_1_AGATGAAGTCTCTCTG-1,1
WT90_1_GGTAACTGTAACATCC-1,0
WT90_1_CTCATTACAAGGTTGG-1,4
WT90_1_ACCTGAAAGCATTGAA-1,1
WT90_1_CCGCAAGAGATACGAT-1,0
WT90_1_TCATACTTCGGTGCAC-1,0
WT90_1_GCGGAAACAGGTTACT-1,5
WT90_1_GGGACTCAGACTCCGC-1,0
WT90_1_CAACAGTAGTTGCTCA-1,1
WT90_1_CCGGTGAAGGCTCTCG-1,1
WT90_1_TCATTTGGTATGCTTG-1,0
WT90_1_GGCGTCAGTGATCGTT-1,4
WT90_1_ACATTTCAGGGCAAGG-1,4
WT90_1_CCCTGATTCGTCGCTT-1,0
WT90_1_GGCACGTGTGGTCTTA-1,0
WT90_1_ATTCACTCAAATGGAT-1,1
WT90_1_CTAGGTACAGACGCTC-1,0
WT90_1_GGAGATGCACAGAAGC-1,0
WT90_1_AATCGTGAGCCGAATG-1,1
WT90_1_GCCAGGTGTATTGCCA-1,0
WT90_1_AGACCCGCACGATAGG-1,0
WT90_1_TGGAGGAAGGTTTACC-1,4
WT90_1_CTCGAGGAGCTTTCCC-1,4
WT90_1_GATTGGTTCCAAACCA-1,1
WT90_1_GAATCGTGTGGACCAA-1,4
WT90_1_CATCCCATCCGACGGT-1,0
WT90_1_GCAACATTCGGCAGTC-1,0
WT90_1_TTATTGCGTGAGATTA-1,3
WT90_1_TCAAGACAGCTCGTGC-1,0
WT90_1_AAACGAAGTCGGCCTA-1,5
WT90_1_TCATTGTCACTCCTGT-1,0
WT90_1_AATCGACCATGATCTG-1,3
WT90_1_CTGCAGGTCCATCACC-1,0
WT90_1_GAGACTTTCACTTGTT-1,0
WT90_1_TAGCACATCCAATCTT-1,0
WT90_1_AGTCTCCAGGCTCAAG-1,1
WT90_1_CGCGTGAGTCCTGTTC-1,1
WT90_1_ACGGTCGTCACTGTCC-1,0
WT90_1_GAGTCTACAGCGGTTC-1,0
WT90_1_ACGCACGCAATGGCCC-1,0
WT90_1_GGGTTTAAGGTTAGTA-1,1
WT90_1_GTGACGCCAGGCGTTC-1,0
WT90_1_CGTAATGCAGAGGAAA-1,0
WT90_1_CGATGCGAGAGAGTGA-1,0
WT90_1_TTCATTGAGAGGTCGT-1,0
WT90_1_GAGTTGTGTCCCGGTA-1,0
WT90_1_AAGCCATTCCACTTTA-1,0
WT90_1_TTCTAACCACACGCCA-1,0
WT90_1_GATGCTAGTGGAACAC-1,1
WT90_1_TTTACGTTCTGAATCG-1,1
WT90_1_TATCGCCAGCGGGTAT-1,4
WT90_1_ATGAAAGTCCGTGGCA-1,0
WT90_1_TCGCTTGGTGTGGACA-1,0
WT90_1_CCTCACATCACCTGGG-1,4
WT90_1_TGCTGAATCTGCCTGT-1,0
WT90_1_ATCGATGTCGTGGAAG-1,4
WT90_1_AGTGTTGAGCTCCACG-1,1
WT90_1_AGTAGCTGTAGGTCAG-1,1
WT90_1_GTGTCCTCAACGGCCT-1,3
WT90_1_GATTCTTGTGACTATC-1,1
WT90_1_TACATTCGTCCAGTTA-1,4
WT90_1_ACTTCGCCAGGTGTTT-1,0
WT90_1_GGGTCTGTCGACCATA-1,0
WT90_1_TTGGGCGAGGAGTCTG-1,1
WT90_1_CTGGACGTCTGCTAGA-1,5
WT90_1_AGGTGTTTCCGTACGG-1,1
WT90_1_GATCAGTAGCATGCGA-1,1
WT90_1_AGGCCACGTCGAGCAA-1,3
WT90_1_GATGGAGCATGGGATG-1,4
WT90_1_TCTTGCGGTGCAAGAC-1,4
WT90_1_ATTACTCGTGGTTTAC-1,3
WT90_1_TTCCAATGTATACCCA-1,3
WT90_1_TAATCTCGTAGTCGGA-1,1
WT90_1_CCGTGAGGTGTAGCAG-1,3
WT90_1_AGTACCAGTTAAACAG-1,4
WT90_1_AGACTCACAGAAATTG-1,3
WT90_1_ATACTTCGTTTGGAGG-1,1
WT90_1_AGTCACAAGGCCATAG-1,0
WT90_1_AGACCATCACTAACCA-1,0
WT90_1_GGAATGGCACATCCCT-1,0
WT90_1_ATGAAAGCATGTTTGG-1,4
WT90_1_AGCGATTTCGTCTCAC-1,0
WT90_1_TGTAACGCACTCCACT-1,4
WT90_1_TAGGTACAGCAATTCC-1,0
WT90_1_ATCCCTGGTGGGCTTC-1,4
WT90_1_ACCCTTGCAGCAGTCC-1,1
WT90_1_AGGGTTTAGTAGATCA-1,0
WT90_1_TGGGCTGGTGTTCCTC-1,1
WT90_1_GAACTGTCACTTGAGT-1,1
WT90_1_CTTCTAACAATAGGAT-1,3
WT90_1_TCGCTTGGTTCGGCGT-1,3
WT90_1_AGACTCAGTCATATGC-1,0
WT90_1_ATCATTCGTGGAACAC-1,0
WT90_1_GGACGTCCATCTAACG-1,4
WT90_1_GGCGTCACATGATCTG-1,4
WT90_1_GTCACTCAGCCAACCC-1,3
WT90_1_GAGTGAGAGGACTGGT-1,1
WT90_1_TGCTTCGCAAGTGACG-1,1
WT90_1_CAACCTCGTTTGGAGG-1,4
WT90_1_TCCGAAATCATTATCC-1,1
WT90_1_ACTGTGAAGAGTATAC-1,1
WT90_1_GTCCACTGTCCTACGG-1,3
WT90_1_GTTGCTCGTGCCTGAC-1,3
WT90_1_AGCGCTGCAATCGCCG-1,1
WT90_1_TATGTTCGTACTCCCT-1,0
WT90_1_CTTAGGAAGAAGGATG-1,0
WT90_1_ATTATCCAGGGAGGGT-1,0
WT90_1_GTGATGTTCGGTGCAC-1,1
WT90_1_CAGGCCAAGCACTCAT-1,3
WT90_1_TGTCAGACAAGTGTCT-1,0
WT90_1_TTTGGAGTCGCCAGTG-1,1
WT90_1_TCACACCCAATAGGGC-1,3
WT90_1_GGGCTACCACGGCACT-1,0
WT90_1_GGGAAGTTCCACCTGT-1,4
WT90_1_ATCGCCTTCATGCCGG-1,3
WT90_1_GCACGGTCAAGACCTT-1,3
WT90_1_AGCTACAAGGTAGACC-1,3
WT90_1_CCACAAAGTGACACGA-1,1
WT90_1_GATCATGTCTACCTTA-1,3
WT90_1_TTCCAATGTTAATCGC-1,4
WT90_1_CGAGGAATCATGCCAA-1,0
WT90_1_CCTAACCAGCTGGAGT-1,0
WT90_1_TGGGAAGGTGTGCCTG-1,3
WT90_1_CCCTTAGTCGACACCG-1,4
WT90_1_ACGGGTCTCCACGAAT-1,0
WT90_1_CGCGTGATCCGTGTAA-1,4
WT90_1_AAAGTGATCATAAGGA-1,0
WT90_1_CGTTAGATCCTGTACC-1,3
WT90_1_TCAGGGCTCCTTGACC-1,0
WT90_1_CCATAAGCAGAGACTG-1,0
WT90_1_TGGGAGAGTTCTCCAC-1,0
WT90_1_GTGATGTGTAGCGCTC-1,4
WT90_1_GGTCTGGAGTATTCCG-1,3
WT90_1_CTGAGGCCAAGTCATC-1,3
WT90_1_CTCCTCCGTTGGTGTT-1,3
WT90_1_TTTCATGAGCATGTTC-1,0
WT90_1_TACCTGCGTTCGGTAT-1,4
WT90_1_CCTTCAGCACAAGTTC-1,0
WT90_1_CATTGTTTCTGAATGC-1,3
WT90_1_GATCATGAGGCGCTCT-1,0
WT90_1_GTTGTAGTCCCAAGCG-1,1
WT90_1_CTACAGATCTTGCAGA-1,4
WT90_1_CCATAAGAGGGTTAAT-1,1
WT90_1_TGGCGTGCAAGGGTCA-1,0
WT90_1_TCCATCGTCAAAGAAC-1,4
WT90_1_GGAATGGAGGGAGGAC-1,4
WT90_1_CATCCACAGTCGCTAT-1,3
WT90_1_AAGAACAAGCTGTTCA-1,3
WT90_1_TACCGGGGTCACTACA-1,3
WT90_1_CTGCGAGTCACTGATG-1,3
WT90_1_GGGACCTTCCACAGCG-1,0
WT90_1_CAGCAGCCAGGTGTTT-1,3
WT90_1_TACAACGAGCGTATGG-1,3
WT90_1_AACACACTCCCGAACG-1,0
WT90_1_AGTCAACCAAGAAACT-1,0
WT90_1_GCGTGCACATGGAAGC-1,3
WT90_1_GACCCAGGTAGTCACT-1,4
WT90_1_GGTCACGTCCCTTCCC-1,3
WT90_1_GCCGATGAGCCAAGTG-1,3
WT90_1_TCCTCGAGTCAGACGA-1,0
WT90_1_CCATAAGTCAGACCGC-1,0
WT90_1_GGTTGTATCGACTCCT-1,0
WT90_1_GTGTGGCTCAAAGGTA-1,3
WT90_1_TTAGGGTAGTTTGGCT-1,4
WT90_1_CCGATGGCAAGTCATC-1,0
WT90_1_TATTCCAGTCCCTAAA-1,0
WT90_1_TCTATACGTCGATTAC-1,0
WT90_1_ATCTCTACACCTCTGT-1,3
WT90_1_ATCGTAGTCGTTAGAC-1,3
WT90_1_AGTGACTTCGATACTG-1,0
WT90_1_ACGTTCCCACCTTCCA-1,0
WT90_1_CATCCCAAGTGAGGCT-1,3
WT90_1_CAGTGCGGTTGACTGT-1,0
WT90_1_CTATCTAAGCCTCAAT-1,0
WT90_1_GTGAGTTCATAGTCAC-1,0
WT90_1_AGCCACGTCAACACCA-1,0
WT90_1_CTCTGGTCAAGGTACG-1,3
WT90_1_TCCGATCTCTGCGTCT-1,3
WT90_1_CTGTCGTTCCTTGACC-1,1
WT90_1_TTTACTGGTCTACGAT-1,4
WT90_1_CACGAATTCTCTAGGA-1,5
WT90_1_GTTTGGAAGATGATTG-1,0
WT90_1_TATGTTCCAACGACAG-1,3
WT90_1_GTTTGGAGTAGGAGTC-1,0
WT90_1_TGCGGCAAGCGATGGT-1,5
WT90_1_GAGTTACTCGTTCATT-1,0
WT90_1_CTACCCAGTTGCGGCT-1,0
WT90_1_CTGTAGATCTATTCGT-1,0
WT90_1_GGCAGTCTCATCGCAA-1,3
WT90_1_TACAACGAGAATTGCA-1,3
WT90_1_AAGCGTTGTGACACGA-1,0
WT90_1_CAATTTCGTCATGACT-1,0
WT90_1_ACACAGTAGGAGACCT-1,0
WT90_1_TTCCAATTCTTACGTT-1,3
WT90_1_AGCATCATCCCATACC-1,3
WT90_1_GGTGGCTAGTGGGAAA-1,0
WT90_1_GAAGGACTCAAGAGTA-1,4
WT90_1_AGATGCTGTGATATAG-1,0
WT90_1_TCGTAGACACATGAAA-1,4
WT90_1_CAGGTATGTATCGTAC-1,0
WT90_1_CCACACTCACCTCTGT-1,3
WT90_1_TCGCTCAGTTGGGAAC-1,1
WT90_1_TCATCATTCGGTCTGG-1,4
WT90_1_TGGAGAGCAACGTAAA-1,1
WT90_1_GTGTGATTCCTTCTTC-1,3
WT90_1_CCTCACACAAGCCTGC-1,1
WT90_1_ATGCATGGTACGTTCA-1,0
WT90_1_AGGAGGTTCACATACG-1,3
WT90_1_CGGGTCAAGTAGAGTT-1,3
WT90_1_TAGACTGGTTGTAAAG-1,0
WT90_1_CGGGTGTCAGCGTACC-1,1
WT90_1_CCTCACATCGGAGCAA-1,0
WT90_1_TCTAACTAGGTGAGAA-1,1
WT90_1_TAGAGTCGTCATTCCC-1,0
WT90_1_GTTGTGACATTCTGTT-1,5
WT90_1_GAGTGTTCAATCGAAA-1,4
WT90_1_GGTAATCAGAGTTGCG-1,0
WT90_1_CCACCATTCGGTTAGT-1,1
WT90_1_TTGTGGACAGGGACTA-1,0
WT90_1_TTCGCTGTCGGTCAGC-1,0
WT90_1_GTGGCGTGTACGGTTT-1,0
WT90_1_CGAGGAATCTTCTAAC-1,0
WT90_1_TTCCGTGAGACTTGTC-1,3
WT90_1_TTTCGATGTCGGAACA-1,0
WT90_1_CTCAACCTCTTTGGAG-1,0
WT90_1_GCCGTGATCACCATAG-1,3
WT90_1_ACGATCAGTGTCTAAC-1,4
WT90_1_TTTGGAGGTCCAGCAC-1,0
WT90_1_TTGCGTCCAAGCGCTC-1,0
WT90_1_ACACTGAAGGGCTAAC-1,1
WT90_1_ACTTAGGTCCTGTAGA-1,0
WT90_1_CGTAGTACAGACAATA-1,4
WT90_1_TCTACATTCTGGTGCG-1,1
WT90_1_CTGCATCCACCCTGAG-1,0
WT90_1_GTAGAAAAGCCTATTG-1,4
WT90_1_TGAACGTCAGGTCCCA-1,1
WT90_1_AAACGCTCATCGCTCT-1,4
WT90_1_GGCTTGGGTGTCATCA-1,0
WT90_1_CCTTCAGTCTCGAGTA-1,3
WT90_1_CAACAACAGGGCAGGA-1,3
WT90_1_CGTCCATCAATCTGCA-1,4
WT90_1_GCAGCCATCTCCGAGG-1,0
WT90_1_CTCAGGGTCGTTCTGC-1,4
WT90_1_ACCATTTTCACGTCCT-1,1
WT90_1_AAAGGTATCGTTGTTT-1,4
WT90_1_ATATCCTAGACTTCGT-1,0
WT90_1_TCAAGTGAGACGGAAA-1,3
WT90_1_TACCCACTCGCAATGT-1,3
WT90_1_CTACATTAGTTGGACG-1,1
WT90_1_ACGCACGTCGGTCATA-1,0
WT90_1_TTAATCCAGATGACCG-1,3
WT90_1_CCTCAGTCAAAGTATG-1,0
WT90_1_GTTCCGTAGGTACAGC-1,4
WT90_1_TCGTGGGTCATGCCAA-1,4
WT90_1_TGTACAGGTGCTAGCC-1,3
WT90_1_ATTCACTTCAGCGCGT-1,3
WT90_1_GTCTTTATCGATTGGT-1,0
WT90_1_CTGCGAGTCCTCGCAT-1,0
WT90_1_TGTTCTACATGCACTA-1,0
WT90_1_GGAGAACTCTGAACGT-1,0
WT90_1_TCTTAGTCAGTGTGGA-1,0
WT90_1_TGAGGGATCCTACCAC-1,0
WT90_1_CCACCATTCTCGGCTT-1,1
WT90_1_GGTTAACTCCACGTAA-1,3
WT90_1_CGCATAAAGATGCGAC-1,3
WT90_1_TTCTTCCGTTCCGCAG-1,4
WT90_1_ATGGAGGCATTGACTG-1,3
WT90_1_ATAGGCTGTCATTCCC-1,4
WT90_1_TTGGATGAGGGTGAGG-1,4
WT90_1_ACGGTCGCACTGAGTT-1,3
WT90_1_TCGTGGGGTCATAGTC-1,1
WT90_1_TGTGGCGTCCAAAGGG-1,1
WT90_1_GTGTCCTAGGTATTGA-1,0
WT90_1_GCAACCGCATGCCGAC-1,0
WT90_1_GTCGTAACATCCTATT-1,4
WT90_1_CACAGGCTCACGACTA-1,0
WT90_1_CCGGTGAAGTATGATG-1,0
WT90_1_AGTAGTCCAAGTATCC-1,4
WT90_1_CGTAGTAGTGATGGCA-1,5
WT90_1_GCTTTCGTCCCGTTGT-1,0
WT90_1_GCTCAAACAGATCCAT-1,3
WT90_1_TTGCGTCCACCAGCCA-1,1
WT90_1_CCGGTGAAGGACTTCT-1,0
WT90_1_ACGTCCTTCGTGGCGT-1,0
WT90_1_TGCGATATCATTGTGG-1,4
WT90_1_CGCATGGAGGTATAGT-1,3
WT90_1_TTTCCTCTCTGTCGTC-1,0
WT90_1_ACTGCAATCGGCTGAC-1,0
WT90_1_CAACGATGTAGTGCGA-1,3
WT90_1_TGGTGATGTACAAAGT-1,1
WT90_1_CCTAAGATCTCTCCGA-1,1
WT90_1_GCCGTGACATTAAAGG-1,0
WT90_1_GTGGAAGGTCGTAATC-1,0
WT90_1_CAAGCTACAACGGGTA-1,3
WT90_1_CGTTCTGGTCCACGCA-1,0
WT90_1_CGCATGGTCCTTCTTC-1,3
WT90_1_AGAAGCGTCGGTAACT-1,3
WT90_1_TCATCCGAGCGTCAAG-1,0
WT90_1_TGGAGGACATTGTCGA-1,3
WT90_1_GTTGTCCGTCACTCAA-1,0
WT90_1_ACAGAAAAGTCGCCCA-1,5
WT90_1_TCCCAGTAGGGTCAAC-1,4
WT90_1_AAACGCTTCCGCAACG-1,0
WT90_1_ATACCTTTCAAATGCC-1,0
WT90_1_GCCGTGACAACGCCCA-1,3
WT90_1_AAGTCGTCATGCGTGC-1,1
WT90_1_TGCACGGAGGCTTAGG-1,0
WT90_1_CCCGGAATCATCACAG-1,0
WT90_1_TCTTCCTCATCCGTTC-1,1
WT90_1_CAGTGCGTCCTCTGCA-1,3
WT90_1_ATCCTATCACCAGTAT-1,5
WT90_1_GGGTGTCGTGACAGCA-1,4
WT90_1_AGTTAGCGTGGGATTG-1,0
WT90_1_GGGATGAGTGATAGTA-1,0
WT90_1_ACATGCATCAACTCTT-1,3
WT90_2_GTTCGCTAGATGACAT-1,1
WT90_2_CTGCCATCATCCGGTG-1,3
WT90_2_GCGGAAACAGCTCGGT-1,4
WT90_2_GTCCACTTCGCTAAAC-1,3
WT90_2_TGCTTGCAGTACGTCT-1,4
WT90_2_ACATCCCGTTTCCATT-1,0
WT90_2_ATTCCATCAGCCGGTT-1,4
WT90_2_TTCTTCCCACTGCACG-1,0
WT90_2_CCTCAACGTTCATCGA-1,0
WT90_2_TTACAGGTCGGAGCAA-1,1
WT90_2_GACCCTTTCACCGGGT-1,0
WT90_2_TCACAAGGTATCCTCC-1,1
WT90_2_ACACTGAGTCGGTGAA-1,1
WT90_2_CATTCCGTCCCTAGGG-1,1
WT90_2_ATACCGAGTTATTCCT-1,3
WT90_2_ATATCCTAGTTAACAG-1,0
WT90_2_TTGATGGGTAGAGACC-1,0
WT90_2_TTCTTCCAGCCTCTGG-1,1
WT90_2_TACGCTCCACTGTCCT-1,3
WT90_2_TACCTCGAGACGTCGA-1,1
WT90_2_CTAGACAGTCAGGTAG-1,1
WT90_2_AGGTCTATCAGACATC-1,1
WT90_2_AAGCCATGTCACCGCA-1,4
WT90_2_TCCTCGATCCCATACC-1,4
WT90_2_ATCCTATTCGCACGGT-1,1
WT90_2_TGTTACTAGGATGGCT-1,1
WT90_2_CTCCACATCATAGCAC-1,1
WT90_2_CACTAAGTCGATACTG-1,1
WT90_2_ACCAACATCGATCCAA-1,1
WT90_2_CTGAGCGGTACTGCCG-1,1
WT90_2_GAGTTTGGTGTTCGTA-1,1
WT90_2_TATCAGGCATGGGCAA-1,1
WT90_2_ATGCATGGTCCTTGTC-1,1
WT90_2_ACCACAACACCGGTCA-1,0
WT90_2_CCTAAGATCTCTTCAA-1,3
WT90_2_TGCGGCAGTACAGTAA-1,0
WT90_2_GTGCACGTCGCCACTT-1,4
WT90_2_CGCCATTTCGCATTAG-1,5
WT90_2_ATTCACTAGATGCTGG-1,3
WT90_2_GTACAGTAGACGACTG-1,1
WT90_2_AATGCCACAGGAACCA-1,4
WT90_2_TCAAGACGTAAGTTAG-1,1
WT90_2_AGCTTCCGTCTGATCA-1,0
WT90_2_AGCCAATAGTCACGAG-1,4
WT90_2_TATTTCGAGGAGTATT-1,4
WT90_2_TGTGATGAGCTTCTAG-1,4
WT90_2_ATCGATGAGGTTGGTG-1,4
WT90_2_CCGGACACAGCTGAAG-1,1
WT90_2_AGGAATAAGCGAGTCA-1,3
WT90_2_TTGACCCTCACCGGGT-1,1
WT90_2_ATCGATGCATGGTACT-1,4
WT90_2_TACTTCAAGACCATGG-1,3
WT90_2_AAAGGGCCATCGTGCG-1,4
WT90_2_GCATCTCGTACTGGGA-1,0
WT90_2_CAAAGAATCTAAGCGT-1,0
WT90_2_TGCGATATCTCTGAGA-1,4
WT90_2_AGAGCAGAGTTACGAA-1,0
WT90_2_CAGCACGCATGCGTGC-1,5
WT90_2_ACTTTGTAGCACTGGA-1,0
WT90_2_CTTGAGACATGGGCAA-1,0
WT90_2_TCAGTCCGTTGAGGAC-1,4
WT90_2_TTCCGGTTCGGTGCAC-1,0
WT90_2_TGATGGTCAACAGATA-1,1
WT90_2_GCAGCCAAGAATCTAG-1,0
WT90_2_TCTAACTAGCCACTCG-1,0
WT90_2_TGTAACGGTTCTCACC-1,0
WT90_2_GCCTGTTTCACCATGA-1,0
WT90_2_AGGGCTCTCCGACGGT-1,1
WT90_2_AGGGTGATCTCCTGAC-1,4
WT90_2_GAACGTTTCTTTGCTA-1,4
WT90_2_TATCGCCTCCAAACCA-1,0
WT90_2_ATTGTTCCAAGCACCC-1,1
WT90_2_AAACGAAAGTTAACAG-1,0
WT90_2_GGGACAAAGTATGATG-1,0
WT90_2_AATGGCTAGAAGGTAG-1,3
WT90_2_GGCTTTCAGCAACTCT-1,0
WT90_2_AGATGAATCTGGACCG-1,3
WT90_2_TCCGATCTCGTCTAAG-1,1
WT90_2_AGTTAGCAGGCCGCTT-1,3
WT90_2_TTTCAGTAGGTCTGGA-1,5
WT90_2_CTCCTTTAGTAAGACT-1,0
WT90_2_CCGGTAGCATATCGGT-1,0
WT90_2_AATGGAAGTTACCCTC-1,4
WT90_2_ATTCACTCAGCGACCT-1,3
WT90_2_CATTGAGCACATATCG-1,0
WT90_2_TACTGCCTCCCTCGTA-1,1
WT90_2_TGGGCGTTCATTGCTT-1,1
WT90_2_CCAATTTCATGCCGGT-1,4
WT90_2_ATGTCCCCAAGTGCTT-1,1
WT90_2_ATTACTCTCGTGCGAC-1,3
WT90_2_TGAATGCTCCCTTCCC-1,0
WT90_2_TGCATCCTCTGTCCCA-1,4
WT90_2_TAGACTGCACCCAAGC-1,0
WT90_2_ACGGGTCCACAAGCAG-1,3
WT90_2_CAACGGCCACGGTCTG-1,1
WT90_2_AGTCACACATAACTCG-1,3
WT90_2_ATGGGTTCACCTGTCT-1,3
WT90_2_CCACTTGCATAAGATG-1,3
WT90_2_TGTAGACTCCCGAAAT-1,1
WT90_2_CTTTCAAAGGAGTATT-1,3
WT90_2_AGGACTTGTGACAACG-1,0
WT90_2_CCACGAGAGGGCGAGA-1,0
WT90_2_CTCATTAGTATTCCGA-1,1
WT90_2_TTGGGCGGTCCTCCTA-1,1
WT90_2_GAAGCGAGTCTGCATA-1,0
WT90_2_TACCGGGCAACTAGAA-1,0
WT90_2_GGTAATCAGCGACTGA-1,0
WT90_2_GCCAGCAAGAAACTGT-1,1
WT90_2_TCATTTGTCCGAAGGA-1,0
WT90_2_CACAACACAGCGGATA-1,1
WT90_2_AAGAACACAGATCCTA-1,1
WT90_2_CGTCCATCAGAGTTGG-1,1
WT90_2_AGAACAACAAGCCATT-1,1
WT90_2_TCCAGAACAGCACAAG-1,1
WT90_2_TGACTCCTCAACTGGT-1,0
WT90_2_CTCCAACAGAGACAAG-1,4
WT90_2_CATACTTGTCTCGCGA-1,0
WT90_2_ACGGTCGCACAATGAA-1,0
WT90_2_GAGTTTGTCCTCACTG-1,0
WT90_2_TCTTGCGAGTCCCTAA-1,1
WT90_2_GCCAGTGAGAAGTCCG-1,0
WT90_2_GCAGCTGTCAAAGGAT-1,0
WT90_2_TTGCCTGAGTGTCATC-1,4
WT90_2_TTGGGTACAAACCGGA-1,0
WT90_2_CCCTCAAGTCATCCGG-1,0
WT90_2_GGAGGATGTATGCAAA-1,4
WT90_2_CAACAGTCACGCGCAT-1,1
WT90_2_AGGGTCCCACCCAAGC-1,0
WT90_2_CACTGAAAGTAAACTG-1,0
WT90_2_GATCAGTAGGCATGGT-1,1
WT90_2_TGTTCATTCAGCTCTC-1,0
WT90_2_CTTCTAACAACGCCCA-1,0
WT90_2_TAGTGCACAGATCATC-1,1
WT90_2_ACGTCCTTCACCACAA-1,4
WT90_2_CTTGAGACATTGACAC-1,1
WT90_2_GATGATCCATACGCAT-1,0
WT90_2_AGAGAGCTCCGAAATC-1,0
WT90_2_AGGCCACCAGCTGGTC-1,1
WT90_2_CAGCCAGGTACAATAG-1,1
WT90_2_TTCATGTTCCCGAACG-1,0
WT90_2_AGACAGGCATCCCGTT-1,0
WT90_2_AAAGGTAGTAAGCGGT-1,3
WT90_2_TGTCAGAAGTTGAAAC-1,3
WT90_2_CCTAACCCAACCAACT-1,4
WT90_2_CCACAAAAGTGTAGAT-1,1
WT90_2_CCATCACTCCTCGATC-1,3
WT90_2_TTGGGCGAGACAGCTG-1,3
WT90_2_CGGGCATTCCCTTTGG-1,0
WT90_2_GCCCAGACATGGTGGA-1,0
WT90_2_CTCCTCCGTCCTGTTC-1,0
WT90_2_TAACCAGGTGATCGTT-1,3
WT90_2_AACGAAAAGTTGTCGT-1,3
WT90_2_AACGTCATCCCGATCT-1,3
WT90_2_CAACGGCCAGTAACGG-1,1
WT90_2_GTGGGAATCCGGCTTT-1,4
WT90_2_GTTGTCCGTGCCGTAC-1,0
WT90_2_TTCCAATCAGAATGTA-1,3
WT90_2_TCACATTAGTTCGCAT-1,5
WT90_2_TATGTTCGTTCAAGTC-1,1
WT90_2_TGTTGAGAGATGGCGT-1,4
WT90_2_CGGACACCAGGCTATT-1,3
WT90_2_GACCAATAGATAACGT-1,0
WT90_2_CCACGAGAGAATGTTG-1,0
WT90_2_CTTCCGACACCAATTG-1,0
WT90_2_GCCATGGTCAAAGGAT-1,4
WT90_2_CACGGGTCATCGCTGG-1,4
WT90_2_TCCCATGCATAACAGA-1,0
WT90_2_TGCTCCAAGGTAGCAC-1,0
WT90_2_TTTCGATCAAGGATGC-1,3
WT90_2_ATGATCGAGTTGCTCA-1,1
WT90_2_TCATTACTCATTCTTG-1,0
WT90_2_GGTCACGCATGTGTCA-1,3
WT90_2_TTGGGATTCCACAGCG-1,0
WT90_2_AGTAGCTTCAACTGGT-1,0
WT90_2_TACTGCCGTTAATCGC-1,4
WT90_2_AAAGGTAAGACCTCAT-1,1
WT90_2_CCGTTCACACTGGACC-1,0
WT90_2_ATTGTTCGTTACCTGA-1,3
WT90_2_GCCATTCTCGGCATCG-1,4
WT90_2_CTACCTGAGCGAATGC-1,0
WT90_2_TTGGGTATCGCTCTCA-1,0
WT90_2_TTTGTTGGTGAGTGAC-1,1
WT90_2_TCACGGGGTGGACAGT-1,3
WT90_2_TTGCCTGTCACGTAGT-1,0
WT90_2_TGACTCCGTGACATCT-1,0
WT90_2_TGTGGCGTCTCTATAC-1,3
WT90_2_TAAGCGTCAAGATTGA-1,0
WT90_2_CTGAGCGCATGACAAA-1,4
WT90_2_GTATTGGTCCTCGCAT-1,4
WT90_2_TCTTGCGGTAAGATAC-1,3
WT90_2_TCATGCCAGCAATAGT-1,0
WT90_2_AGAGAATCACGACGTC-1,1
WT90_2_AAGACAAAGTCATGCT-1,3
WT90_2_CATCCCACATGGAATA-1,3
WT90_2_GTAACACTCTTCTGGC-1,3
WT90_2_CGATGCGGTCGAACAG-1,4
WT90_2_GACTCAAAGCCATTGT-1,4
WT90_2_TTGAGTGGTTAAGTCC-1,3
WT90_2_AGCGATTTCCGTGCGA-1,0
WT90_2_GAACGTTAGCAACTCT-1,3
WT90_2_GTGTAACGTTCCGCAG-1,3
WT90_2_CACGTGGCACTGAGTT-1,3
WT90_2_CTTGAGAGTGCAACAG-1,0
WT90_2_ACGATCAAGGTACAAT-1,0
WT90_2_TCTTTGAAGCACTCTA-1,4
WT90_2_TCTGTCGCATAGTCAC-1,1
WT90_2_AGTCTCCGTGGGAGAG-1,0
WT90_2_AGAGCCCTCGCCTCTA-1,3
WT90_2_TAGGTACCAGCGACAA-1,4
WT90_2_TACCGAAAGACCACGA-1,4
WT90_2_CTATCCGTCTGGCCTT-1,0
WT90_2_AGATGCTTCTCACTCG-1,3
WT90_2_GACCGTGGTAAGATCA-1,4
WT90_2_GAAACCTGTGGTCCGT-1,0
WT90_2_CTCCCTCAGCATGCGA-1,4
WT90_2_TGATGGTTCTACGGTA-1,1
WT90_2_AACGGGACAGGAGGTT-1,4
WT90_2_CATGCCTCACAGTGTT-1,1
WT90_2_GGAATGGAGCGCCATC-1,0
WT90_2_TGTCCTGAGTCCGCCA-1,0
WT90_2_AACGTCAGTTCGGACC-1,3
WT90_2_ATCGGATCAGCGTAGA-1,0
WT90_2_TCAGCAAGTCCAGTTA-1,0
WT90_2_TGTCAGAAGCCTGAGA-1,0
WT90_2_GAGACTTCATCATTGG-1,0
WT90_2_TAGGTACCAGAGGCAT-1,0
WT90_2_ATCCATTCACTCCGAG-1,1
WT90_2_TCCTTTCTCCCGAGGT-1,0
WT90_2_GCGTGCACACATGAAA-1,0
WT90_2_GAGTTGTCACTGTTCC-1,3
WT90_2_TTACGCCGTTCGATTG-1,0
WT90_2_AGATCGTCATTCTCCG-1,1
WT90_2_CCATCACTCAGCATTG-1,1
WT90_2_CAGGGCTCAGAGGCTA-1,4
WT90_2_AGCTCAAGTGCCCAGT-1,1
WT90_2_AGTTAGCCATGCAGGA-1,0
WT90_2_CTCCAACCATGTGGCC-1,0
WT90_2_TGGTAGTCATACTGTG-1,0
WT90_2_CTGGTCTCACAGTCAT-1,0
WT90_2_GTCATGATCTAGGAAA-1,0
WT90_2_TCTCCGACATGGAATA-1,1
WT90_2_GAGTTTGTCTCTCAAT-1,4
WT90_2_TTCATGTGTCATCGCG-1,0
WT90_2_CCACAAAAGGAATTAC-1,0
WT90_2_AGGGCTCTCTGTTGGA-1,3
WT90_2_TGAGACTCACAGCATT-1,1
WT90_2_GGAATCTAGTAGTCCT-1,1
WT90_2_AGAGCAGCAGCCGTTG-1,3
WT90_2_AGTTCGACACAAGCAG-1,1
WT90_2_GGCACGTTCCTTGACC-1,0
WT90_2_CTGAGCGCACGCCACA-1,0
WT90_2_AGCGTATAGGGCCCTT-1,0
WT90_2_CTGTCGTCAAAGGTTA-1,1
WT90_2_GTAGTACTCCAGCACG-1,1
WT90_2_TGTCCACTCACAGTGT-1,1
WT90_2_CCGGTGACACCCAATA-1,4
WT90_2_CCGTAGGAGCCTAGGA-1,4
WT90_2_ACCTACCAGAGTTGCG-1,4
WT90_2_GCCCAGAAGCAGGCTA-1,1
WT90_2_TCAAGCAGTCGCATCG-1,0
WT90_2_CGTGCTTCAAATAAGC-1,1
WT90_2_TTTGATCAGATGGTAT-1,0
WT90_2_AACAAAGTCATCTACT-1,0
WT90_2_GTCAAACGTGCCCGTA-1,0
WT90_2_ATTCGTTGTGAGATCG-1,1
WT90_2_GTTGAACGTTCCACGG-1,0
WT90_2_TCTGGCTAGTAAGGGA-1,0
WT90_2_ATTACCTAGGTTACAA-1,1
WT90_2_AGAACCTTCTACGCGG-1,3
WT90_2_TGGGATTGTTGAGTCT-1,4
WT90_2_TTTGACTGTTTAGTCG-1,0
WT90_2_TTTCACACAGATCCTA-1,3
WT90_2_TCTTGCGCAGACACAG-1,0
WT90_2_TCTTAGTCAGACGGAT-1,1
WT90_2_CCGCAAGTCCTCGATC-1,3
WT90_2_TGTTACTGTCCGAAGA-1,0
WT90_2_CATACCCAGAGAACCC-1,0
WT90_2_TCAGGGCCAGGAATCG-1,1
WT90_2_GGGTTTAAGTAATACG-1,4
WT90_2_TTAGGGTTCTAGCCAA-1,4
WT90_2_GAGACTTAGCGATGAC-1,1
WT90_2_GGGACAAGTTGACTAC-1,1
WT90_2_TCTTAGTGTCACTAGT-1,0
WT90_2_GCTTCACGTCGACTGC-1,4
WT90_2_CCTAAGATCTGTCCCA-1,0
WT90_2_CTTCAATTCAAGCCTA-1,0
WT90_2_GTTAGTGAGACTGTTC-1,3
WT90_2_ATTCTTGAGTGTTCCA-1,0
WT90_2_CATCCGTGTATCAAGA-1,4
WT90_2_CTATAGGGTGTGATGG-1,0
WT90_2_TGCGGGTCAATCAGCT-1,4
WT90_2_ACATGCAAGCTACTGT-1,3
WT90_2_CCGTAGGGTGATGTAA-1,0
WT90_2_ACCCAAAAGGGACACT-1,3
WT90_2_ATCACAGCAATTCACG-1,1
WT90_2_GAAGAATTCTTGGCTC-1,3
WT90_2_TCAGCAATCCTGGCTT-1,0
WT90_2_TGACTCCCACTGGATT-1,0
WT90_2_CTCACTGAGGTACATA-1,4
WT90_2_GTCGTAAGTTCTTAGG-1,1
WT90_2_TGCCGAGAGTCAGGGT-1,0
WT90_2_TGGGAAGGTGATTGGG-1,4
WT90_2_TCATGGAAGCGATGCA-1,4
WT90_2_CTGAGCGTCAATCTTC-1,1
WT90_2_ACATTTCTCTAAGCCA-1,0
WT90_2_AAGTTCGAGACCGTTT-1,0
WT90_2_GGATGTTGTTTGGGTT-1,1
WT90_2_TATCAGGCACTCAAGT-1,3
WT90_2_TCTATCAAGCGTGCCT-1,0
WT90_2_AAAGGTACAACCCTAA-1,0
WT90_2_ATGGTTGAGTAGGAAG-1,0
WT90_2_CGCATAATCGCCTATC-1,1
WT90_2_GAATCACCACACCTGG-1,0
WT90_2_AAAGGTAAGAGCCGAT-1,1
WT90_2_GGCAGTCTCAGGACGA-1,3
WT90_2_TACGCTCGTATACAGA-1,1
WT90_2_TTGCGTCTCCTTCAGC-1,0
WT90_2_GTCACGGCACTAAACC-1,0
WT90_2_ATTACTCTCGACATAC-1,0
WT90_2_ATTCCATGTCAACATC-1,3
WT90_2_GTTCATTTCAATCGGT-1,0
WT90_2_CCAAGCGTCTAAGCCA-1,1
WT90_2_TTGAACGTCGGAGATG-1,0
WT90_2_CTCAAGATCTGTCGCT-1,0
WT90_2_TGGAGAGCATGAAGGC-1,4
WT90_2_CGAGTTAAGTTTGTCG-1,4
WT90_2_ACGCACGTCAGCCCAG-1,3
WT90_2_TAGTGCAGTTACGGAG-1,0
WT90_2_TCATTCAAGTCTTCGA-1,1
WT90_2_TCCGATCAGTGTACCT-1,0
WT90_2_GACACGCGTAATTAGG-1,4
WT90_2_GGAATGGGTAACGATA-1,1
WT90_2_CGTCCATGTGAGAGGG-1,0
WT90_2_TTCTGTAAGTCTACCA-1,4
WT90_2_TTCGATTGTCTTCTAT-1,3
WT90_2_GTTACGAGTCGTACAT-1,4
WT90_2_TCCACCAAGACATAAC-1,0
WT90_2_ACTTAGGGTCTTGCGG-1,4
WT90_2_TCCTCGAAGAATAGTC-1,1
WT90_2_GAACGTTAGGGCCTCT-1,0
WT90_2_CGAGTTAGTATACGGG-1,1
WT90_2_CGGAATTTCTTTCGAT-1,0
WT90_2_CGAGGCTCAGCGGTTC-1,3
WT90_2_GATGATCGTAACAGTA-1,4
WT90_2_TCACGGGCAGGGATAC-1,4
WT90_2_TATATCCAGTGCTCGC-1,1
WT90_2_CTCAGAAAGGTTATAG-1,1
WT90_2_GAGGCAATCGGAATGG-1,3
WT90_2_TTGGTTTCATGAATAG-1,4
WT90_2_GCATCTCGTACTGTTG-1,4
WT90_2_GTGAGGAGTTCTGAGT-1,3
WT90_2_GAATCACCACTTGGGC-1,1
WT90_2_TACCGGGCATACAGCT-1,3
WT90_2_TGCTTGCCAGCACACC-1,3
WT90_2_ACGGAAGAGGTACATA-1,4
WT90_2_GTACAGTGTGCAACGA-1,3
WT90_2_TCCTTTCCAGCATACT-1,4
WT90_2_GAGGCCTAGTCAGCCC-1,4
WT90_2_CGAGGAATCTCCAATT-1,4
WT90_2_AGGATAAAGCAACAAT-1,3
WT90_2_CAAAGAATCATCACAG-1,4
WT90_2_TACGCTCGTTCGAAGG-1,1
WT90_2_TACAGGTTCAGTGTCA-1,1
WT90_2_GCTGGGTCAACTGCCG-1,0
WT90_2_CGGGTCATCCACGAAT-1,3
WT90_2_GCTTTCGTCAGACTGT-1,0
WT90_2_CAGTTAGCAGAGTCAG-1,1
WT90_2_GTGTAACAGATAGGGA-1,1
WT90_2_TACAGGTTCAAACGAA-1,1
WT90_2_GAGTCATCAAGACCGA-1,4
WT90_2_TCTTTGATCATTTGGG-1,0
WT90_2_CTGCTCACATGAGGGT-1,0
WT90_2_CGATCGGTCCACGGAC-1,3
WT90_2_ATAGAGAGTACGGGAT-1,1
WT90_2_GATGCTAAGACATCAA-1,0
WT90_2_CTCAGTCCAGATAAAC-1,0
WT90_2_CTCATCGCACTGTGAT-1,3
WT90_2_GTGACGCTCTTGGTGA-1,0
WT90_2_GTCAAACCAGCGTACC-1,3
WT90_2_GCAGCCAGTTCGGTTA-1,0
WT90_2_CTGCCATCAATCGCGC-1,1
WT90_2_CAATACGGTTATGGTC-1,1
WT90_2_AGACTCAGTGATGTAA-1,0
WT90_2_CAAAGAAAGAAGTCCG-1,4
WT90_2_CGGAGAAAGTCGTCTA-1,0
WT90_2_ATAGAGAGTTCGTGCG-1,0
WT90_2_GAGTTGTTCACAGTGT-1,3
WT90_2_AGGGCCTAGAACGTGC-1,3
WT90_2_TGAGTCACAAGTGACG-1,1
WT90_2_ATCGGCGTCTTCGGAA-1,0
WT90_2_GGGTCACGTATCAGGG-1,3
WT90_2_TTGTGGAAGAGGCTGT-1,1
WT90_2_GGGACTCAGGCCATAG-1,4
WT90_2_CTCTCAGAGAGGTATT-1,3
WT90_2_TCAATCTTCAGTGCGC-1,1
WT90_2_TCGGTCTTCAGACTGT-1,3
WT90_2_TTTACCACAAACTGCT-1,3
WT90_2_AATGACCCAGCAGTAG-1,0
WT90_2_CTGCATCGTCCTGGTG-1,1
WT90_2_CATAGACAGCGTCAGA-1,0
WT90_2_GTCATGAAGCGGCTCT-1,4
WT90_2_TGGGAAGGTGTAGTGG-1,1
WT90_2_TACCTGCCAATGGCCC-1,0
WT90_2_CCGTAGGAGCAACAAT-1,3
WT90_2_TGATCTTTCGCCGAGT-1,1
WT90_2_ACACTGAGTCCTGTTC-1,0
WT90_2_GCGATCGAGTCTCGTA-1,1
WT90_2_CATCGGGCAGAGTCAG-1,0
WT90_2_ACGCACGGTACGGCAA-1,1
WT90_2_TTCTAACAGAGCATTA-1,4
WT90_2_GCGTGCATCGGTTAGT-1,1
WT90_2_CCGGGTACAGTCGTTA-1,0
WT90_2_GGAATGGAGAATAACC-1,1
WT90_2_TGACCCTGTTATTCCT-1,0
WT90_2_TGCATCCTCTGATGGT-1,3
WT90_2_CGGACACTCCACGGAC-1,4
WT90_2_GCGGAAACATGGACAG-1,4
WT90_2_TACATTCTCATGAGAA-1,1
WT90_2_TGAGCGCCACAAACGG-1,3
WT90_2_ATTCACTGTGGGCTTC-1,0
WT90_2_TAACTTCGTGAATTAG-1,3
WT90_2_GGTGTTATCGGCATTA-1,1
WT90_2_ACCGTTCGTTATTCCT-1,3
WT90_2_GCACGGTTCTATTCGT-1,4
WT90_2_CCTAAGAAGCGACTGA-1,3
WT90_2_ACTCCCATCGCATAGT-1,0
WT90_2_TATTGCTCACAAAGTA-1,0
WT90_2_CTCAGAATCTACTCAT-1,0
WT90_2_ACCACAACATAAGCGG-1,0
WT90_2_CCTCAGTGTAGATCGG-1,4
WT90_2_GTAAGTCCACTCCTTG-1,4
WT90_2_TTGTTGTAGCTGTACT-1,4
WT90_2_TCATACTCATGTGGTT-1,4
WT90_2_TTTCCTCAGTCAATCC-1,0
WT90_2_GCATCGGTCTCGTTTA-1,1
WT90_2_ATGGTTGAGAGGATCC-1,3
WT90_2_GTTGCGGGTCGCTTGG-1,4
WT90_2_GCGTTTCGTTCAAGTC-1,4
WT90_2_CGCGTGATCGGAATTC-1,3
WT90_2_CAGGCCACAAAGGCGT-1,3
WT90_2_TCAAGCAAGCGTGTCC-1,0
WT90_2_CATACCCAGCGTTCAT-1,0
WT90_2_AAGTACCAGGAGCTGT-1,3
WT90_2_TCCTCTTAGGCCACCT-1,0
WT90_2_GCAGTTATCAAGCGTT-1,0
WT90_2_AATCGACTCTATCACT-1,3
WT90_2_CAGGTATCATCGATAC-1,0
WT90_2_GGCAGTCGTGTACGCC-1,0
WT90_2_CTAACCCGTAGTTCCA-1,1
WT90_2_CCTCACAGTGAGTAAT-1,3
WT90_2_TGATGCATCTTGATTC-1,4
WT90_2_TCTTGCGTCCATAGAC-1,4
WT90_2_GTAATGCTCTCCACTG-1,3
WT90_2_GTTACAGTCATTTCGT-1,1
WT90_2_TCTATACTCAACCTCC-1,4
WT90_2_CTTCCGATCAAATGCC-1,3
WT90_2_AAGCGTTGTCAGGTAG-1,3
WT90_2_GAGAGGTTCTATACTC-1,3
WT90_2_GTCATGAAGGGTGAGG-1,0
WT90_3_CGGTCAGAGAATACAC-1,4
WT90_3_GATTCGAAGGAACGCT-1,4
WT90_3_CTACCCATCGCACGAC-1,0
WT90_3_TTTGGTTAGGGTAGCT-1,4
WT90_3_CCACAAACAGCGATTT-1,3
WT90_3_TCTCACGGTCTACATG-1,4
WT90_3_GCAGCTGAGGGAGGAC-1,3
WT90_3_GAAGAATAGGAACGTC-1,1
WT90_3_TGTGTGAAGAATAACC-1,0
WT90_3_TTGTGTTAGTGGTGAC-1,3
WT90_3_TCATCATTCACCTTAT-1,1
WT90_3_CGAGTTACATACCATG-1,1
WT90_3_CGGGACTGTCCTCATC-1,3
WT90_3_CTGTACCAGGTCGACA-1,0
WT90_3_AATGACCCAATGTCTG-1,3
WT90_3_TGGAACTGTCAGTTTG-1,4
WT90_3_TCCTTCTGTTTACCTT-1,1
WT90_3_CTGTAGATCGTTATCT-1,1
WT90_3_CCTTTGGCAGCTACTA-1,1
WT90_3_TTACTGTCACTAGGCC-1,1
WT90_3_CCCGGAACAAGCTGCC-1,1
WT90_3_GCACATAGTAAGGCTG-1,0
WT90_3_ATTCTTGTCAACTGGT-1,4
WT90_3_TACCGGGTCAAGAATG-1,3
WT90_3_AGACAAACAATATCCG-1,4
WT90_3_AAGTCGTGTCCGGTGT-1,0
WT90_3_TTACGCCCAGCTGTGC-1,1
WT90_3_TAAGTCGAGCGTGAAC-1,0
WT90_3_TAGGAGGGTCTGCGCA-1,1
WT90_3_GGGACTCCAATACCTG-1,1
WT90_3_AGCTACATCATTTGCT-1,5
WT90_3_GGAAGTGAGCGTATGG-1,1
WT90_3_AACCATGAGGTTCATC-1,4
WT90_3_CAGATACGTCACTTCC-1,4
WT90_3_AAATGGAGTGGAACCA-1,5
WT90_3_CGATCGGCATCAACCA-1,4
WT90_3_TGCATGAGTATCGTAC-1,4
WT90_3_TAGATCGGTAATTGGA-1,0
WT90_3_GTTCCGTGTGATACCT-1,1
WT90_3_TGACAGTCAACCACAT-1,0
WT90_3_TTGTTCAGTTATGGTC-1,4
WT90_3_TCCTGCAGTCCGGCAT-1,0
WT90_3_TGCATGACAATTTCTC-1,1
WT90_3_TCCCAGTTCCGGCAAC-1,1
WT90_3_GCCAACGTCCTCACTG-1,0
WT90_3_GGGTTATGTCGCTCGA-1,0
WT90_3_CTCATGCCAGTTTGGT-1,4
WT90_3_TCTGTCGGTCCACATA-1,0
WT90_3_CACTGAAAGGAAAGGT-1,1
WT90_3_AGAAGCGCATCAGCTA-1,0
WT90_3_CGTTAGAAGGCAGCTA-1,1
WT90_3_AGCCAATCATGAATCC-1,1
WT90_3_GATCACAGTTAATCGC-1,1
WT90_3_CTGGTCTGTCCCGTGA-1,0
WT90_3_TTTGATCGTTGTAAAG-1,3
WT90_3_TAATCTCAGGGCCTCT-1,1
WT90_3_GAACACTGTACGATTC-1,3
WT90_3_CTCAGGGCATTCAGCA-1,0
WT90_3_GTAGGTTTCCTCTTTC-1,4
WT90_3_TTAATCCGTGTGATGG-1,1
WT90_3_GATAGCTGTCACCTTC-1,0
WT90_3_TCCACGTTCCCAGCGA-1,0
WT90_3_TCAGTGACAAGCCCAC-1,4
WT90_3_TCATCCGTCTGCGTCT-1,0
WT90_3_GAAGCGAAGCGATTCT-1,0
WT90_3_CTAAGTGGTCGTGGTC-1,1
WT90_3_TTACCGCCATAGTCAC-1,4
WT90_3_TTCGCTGTCTTACGGA-1,1
WT90_3_GAAGAATAGTCACGCC-1,0
WT90_3_CTCCACACATCCGGTG-1,3
WT90_3_TGGGCTGTCCCGAGAC-1,0
WT90_3_TGAGTCATCACCACAA-1,1
WT90_3_GCAGGCTGTAGGTACG-1,3
WT90_3_TCTACCGTCACTGCTC-1,1
WT90_3_CCACCATGTCCGAAGA-1,0
WT90_3_TCTACATAGGCTCTCG-1,3
WT90_3_TCACGGGTCTTACTGT-1,4
WT90_3_ATCCACCAGAAGCTGC-1,3
WT90_3_TGATCAGTCTGAGATC-1,0
WT90_3_CCCTGATCACCGGTCA-1,1
WT90_3_TGAATCGGTGAGATTA-1,3
WT90_3_GGCGTCACAGCACACC-1,1
WT90_3_AGATGAAGTATAATGG-1,3
WT90_3_ACTGATGCAGGAAGTC-1,1
WT90_3_TGCTCGTAGTGAGGTC-1,0
WT90_3_TGACGCGAGGAAAGAC-1,0
WT90_3_CTGTCGTAGCCTCACG-1,4
WT90_3_TGACCCTAGAAGGTAG-1,4
WT90_3_CCTCCAACAGGTTCAT-1,1
WT90_3_AACCAACGTCGCACAC-1,1
WT90_3_TCACGCTCACACCGAC-1,0
WT90_3_AGAAGTATCTCGAACA-1,4
WT90_3_CTGGCAGTCTCATGCC-1,0
WT90_3_GGCTGTGCAAGGTCTT-1,3
WT90_3_TCAATTCGTACCGGCT-1,0
WT90_3_CTCCCTCAGGTACTGG-1,1
WT90_3_TTTCCTCAGTGGACGT-1,0
WT90_3_GTTACCCCAGTTGTCA-1,0
WT90_3_TGAATCGCACACAGCC-1,0
WT90_3_CCGGGTAAGATCCAAA-1,0
WT90_3_AGGACTTCACGGTCTG-1,0
WT90_3_CTTCCTTGTTCAGTAC-1,1
WT90_3_TTCGCTGTCGACGATT-1,0
WT90_3_GAGTCATCACCGTCGA-1,3
WT90_3_ACAGAAACAATCTGCA-1,4
WT90_3_TACCCACGTGGTACAG-1,0
WT90_3_AAGAACACACTCGATA-1,0
WT90_3_CCCTTAGTCGGTTCAA-1,0
WT90_3_AAGCGTTCACTTGTGA-1,1
WT90_3_GTCACTCGTGTTCAGT-1,4
WT90_3_GGTTAACCATGCCGAC-1,1
WT90_3_TGATTTCAGTTGGCTT-1,1
WT90_3_ATGAGGGAGCACTTTG-1,1
WT90_3_TCCTGCACATTGACTG-1,3
WT90_3_TTCACCGCAGGTTCCG-1,0
WT90_3_AGCGCTGCACGTACTA-1,1
WT90_3_AGGAAATCAAACCACT-1,1
WT90_3_TAGACTGCATGTCTAG-1,0
WT90_3_CACTGGGCACCAGCGT-1,0
WT90_3_GTAAGTCAGATCCTAC-1,5
WT90_3_AGGCTGCAGGGTTGCA-1,4
WT90_3_TTCCTCTCAACGTAAA-1,0
WT90_3_TCGCTCAGTTCTGACA-1,0
WT90_3_CATACCCTCACTGTTT-1,1
WT90_3_TCATGCCAGGCGTCCT-1,4
WT90_3_GCCATTCGTCACTCGG-1,0
WT90_3_ACAAAGACACCGTACG-1,3
WT90_3_AGGGCCTGTTCTATCT-1,3
WT90_3_CTCATGCTCGCCCAGA-1,1
WT90_3_TTTCCTCTCCAGCACG-1,0
WT90_3_CTACCTGCACAGTCGC-1,4
WT90_3_CTGTGAACAAAGGCTG-1,1
WT90_3_CCTATCGCACACTTAG-1,1
WT90_3_TGCAGGCCAAGTACCT-1,3
WT90_3_TACTGCCGTAGCACGA-1,4
WT90_3_ATCGCCTAGCCGTAAG-1,0
WT90_3_CTGCTCAGTGCTGTCG-1,3
WT90_3_AGGGTTTCACGACAGA-1,0
WT90_3_CCTTTGGTCAAAGACA-1,0
WT90_3_CGGTCAGAGCAGGGAG-1,0
WT90_3_AGATGCTTCGATTGGT-1,0
WT90_3_GTGCTGGCACAATGAA-1,3
WT90_3_GTCACGGCAGAACTAA-1,1
WT90_3_TCTCCGATCCTACGGG-1,0
WT90_3_ATGACCAGTGCTCTTC-1,4
WT90_3_GAATAGACAATTGGTC-1,4
WT90_3_ACATCGAGTGCTGATT-1,5
WT90_3_AGACAGGAGCAGTACG-1,4
WT90_3_TCATTCAAGAGCCGAT-1,0
WT90_3_TCGGGCAGTACGTGTT-1,1
WT90_3_GGGTGAAGTAAGAACT-1,4
WT90_3_TGAATCGCACCAAAGG-1,1
WT90_3_TGAGGGATCTCACGAA-1,1
WT90_3_TAGGGTTGTGAATAAC-1,1
WT90_3_ACGGGTCAGGCAGTCA-1,4
WT90_3_TGTTCTAAGGAGAATG-1,5
WT90_3_CTGCGAGCAAAGCTCT-1,1
WT90_3_TCACTATTCGTGCGAC-1,4
WT90_3_TACAACGGTGATAGAT-1,0
WT90_3_AGTCAACAGATTACCC-1,3
WT90_3_ATGACCATCCGGTTCT-1,1
WT90_3_GAGTTTGAGTTGGCTT-1,1
WT90_3_GTAGGAGCAGTAACAA-1,4
WT90_3_GGTTCTCCACACTTAG-1,0
WT90_3_CATGCCTGTAATACCC-1,1
WT90_3_TATCTGTTCAGCACCG-1,1
WT90_3_TATCTTGGTGATGAAT-1,0
WT90_3_ATGGAGGGTCTTTATC-1,0
WT90_3_TTGCCTGTCTCTTAAC-1,0
WT90_3_GTAATCGCAGAGTTCT-1,0
WT90_3_GGCTTTCTCACGGAGA-1,0
WT90_3_ATAGAGAAGAGCTGCA-1,4
WT90_3_GTATTGGGTTGCCAAT-1,1
WT90_3_CGAAGGACAGGTGGAT-1,3
WT90_3_GTAGAAATCATTCCTA-1,1
WT90_3_GGGATGAAGGTAGACC-1,0
WT90_3_CGCATGGAGGCCCACT-1,1
WT90_3_AAGTACCCAACAGTGG-1,1
WT90_3_ATTACCTGTTCCCACT-1,0
WT90_3_GGAGGTAAGTATTCCG-1,5
WT90_3_TGAGTCAGTCGTGTTA-1,1
WT90_3_CGAATTGCACGCGCTA-1,1
WT90_3_TCCTTCTAGGACTGGT-1,4
WT90_3_AAACGCTTCCATTTAC-1,3
WT90_3_TTCCTAACATTGAAGA-1,1
WT90_3_GTTGTAGTCTGTCGCT-1,0
WT90_3_CAAGAGGAGGTATAGT-1,1
WT90_3_TTACAGGCAAAGACGC-1,4
WT90_3_TAGTGCAGTACAGTCT-1,0
WT90_3_CATTCCGGTTATCCAG-1,4
WT90_3_AGGCTGCCACACACGC-1,4
WT90_3_TATCAGGGTGAGTTGG-1,0
WT90_3_CTCTGGTAGTTCCGGC-1,1
WT90_3_CTCGAGGCACACTGGC-1,1
WT90_3_GTAGAAACACTATCGA-1,3
WT90_3_CATGCTCTCCCGTTCA-1,1
WT90_3_GAAGGACAGTAGCATA-1,4
WT90_3_GAAGGACTCGAAGGAC-1,3
WT90_3_AGAACAAAGGCTAGCA-1,0
WT90_3_TACACCCCACTGTGTA-1,3
WT90_3_TATGTTCCATGATCTG-1,0
WT90_3_CAGGCCACACTGTCCT-1,3
WT90_3_ATGTCTTAGGACGCAT-1,4
WT90_3_ATGAAAGCACAAATGA-1,0
WT90_3_AGTACTGCATCCCACT-1,5
WT90_3_CTGCATCAGCGCGTTC-1,3
WT90_3_TGGGCTGGTTCAGGTT-1,1
WT90_3_CCTGTTGGTTTCCAAG-1,0
WT90_3_AATGGAACAGGAACCA-1,1
WT90_3_TGCAGTAAGTCGCCAC-1,0
WT90_3_TGATCAGAGTTCTACG-1,1
WT90_3_AGGTCTATCGTAACTG-1,1
WT90_3_ATGTCTTGTATCTTCT-1,1
WT90_3_TTCCGTGCAACGGCTC-1,3
WT90_3_TCCTTTCCACACCTGG-1,3
WT90_3_TCCTCGATCGGTAAGG-1,0
WT90_3_GAATAGATCGCGTAGC-1,0
WT90_3_ATTACTCTCGGTAAGG-1,3
WT90_3_GACTCAATCACTTGTT-1,4
WT90_3_GACTGATGTACGATTC-1,0
WT90_3_ATTTCACGTCCTTGTC-1,1
WT90_3_ATTCCATTCAAGGAGC-1,1
WT90_3_CGGGTCACACAATGTC-1,1
WT90_3_GAGACCCCAGGCTTGC-1,0
WT90_3_GGGTATTAGGTGCAGT-1,3
WT90_3_CCAATGAAGCGTGAAC-1,4
WT90_3_CCTCTAGGTTAAACCC-1,3
WT90_3_TACCGGGAGCGAGTAC-1,5
WT90_3_CCTTCAGGTTAAACAG-1,1
WT90_3_CATCGTCTCGCCAGAC-1,3
WT90_3_CTGTAGACACAGTCGC-1,4
WT90_3_CTTTCGGAGCCACCGT-1,4
WT90_3_CTCAAGACAGCTGTGC-1,3
WT90_3_AGCCAATGTGGCTAGA-1,4
WT90_3_TGTAACGTCTGTGCTC-1,0
WT90_3_CTCAACCCACAGTCAT-1,3
WT90_3_GCAGCTGAGGTAGCAC-1,1
WT90_3_GTACAGTTCTCCTGTG-1,1
WT90_3_GTGGAGATCTTCCACG-1,0
WT90_3_TGTGCGGCAGCGCGTT-1,0
WT90_3_TTGGGCGAGGAACGCT-1,0
WT90_3_ACTATCTAGGTCCTGC-1,0
WT90_3_ATGATCGTCCCATTCG-1,1
WT90_3_TTACCATTCTCATTAC-1,4
WT90_3_ATGCGATGTGTAGCAG-1,3
WT90_3_TAACCAGAGGAATGTT-1,1
WT90_3_ATTCAGGAGATTGCGG-1,1
WT90_3_AAAGTGACATCTCAAG-1,3
WT90_3_CATCCACTCTGTGTGA-1,1
WT90_3_GCTGGGTGTAAGGTCG-1,1
WT90_3_CCAATTTTCAAGTGGG-1,0
WT90_3_GGGTATTCAGAGACTG-1,1
WT90_3_ACCACAAAGAAACTGT-1,1
WT90_3_TGCATCCCAAGAGTTA-1,4
WT90_3_TGTTCCGGTCAGTCGC-1,0
WT90_3_TCGGGTGGTGGAGGTT-1,0
WT90_3_AGATCCAGTCGTCATA-1,3
WT90_3_CTGTATTCACCTCTGT-1,0
WT90_3_TTGCTGCAGCTGACCC-1,4
WT90_3_AAACGAAAGTCATCCA-1,0
WT90_3_CTGGTCTTCAAGGAGC-1,0
WT90_3_TGGAGGAGTACGTGAG-1,0
WT90_3_GCATCTCAGGTGAGAA-1,0
WT90_3_ACATCGAGTGTATCCA-1,3
WT90_3_GATGATCAGCTGACAG-1,0
WT90_3_TGTGCGGAGCCTGGAA-1,1
WT90_3_CTCCTCCAGCCTCAGC-1,0
WT90_3_GCGTGCACAGTGGCTC-1,0
WT90_3_CTATAGGTCTACTATC-1,4
WT90_3_ACCACAAGTTCTCAGA-1,4
WT90_3_AAAGGTACACCGGAAA-1,3
WT90_3_AAGCCATCATGCTGCG-1,1
WT90_3_ACTATTCCATCTGTTT-1,0
WT90_3_TTACAGGCAGGCTACC-1,1
WT90_3_CCCTGATTCAAAGAAC-1,1
WT90_3_TTCGATTAGAATTTGG-1,0
WT90_3_TTTACCAGTGGCAGAT-1,4
WT90_3_TGACCCTCACGCGCAT-1,4
WT90_3_GAGTTTGGTTATAGAG-1,0
WT90_3_GCCATGGCATCCCGTT-1,3
WT90_3_GTGGAGATCCGTGACG-1,3
WT90_3_TACTTCATCTACGCAA-1,4
WT90_3_ACCTGAACATAAGCGG-1,0
WT90_3_CACTGTCTCTATGTGG-1,1
WT90_3_TCATGCCAGTGCGTCC-1,0
WT90_3_CTGTGAAAGAATAACC-1,3
WT90_3_GAGTCTAGTTAACCTG-1,4
WT90_3_AGAAATGAGAGGACTC-1,4
WT90_3_ACCGTTCCAGACGCTC-1,1
WT90_3_GGTAATCGTACCTATG-1,0
WT90_3_TGGGCTGTCTAGACCA-1,1
WT90_3_GTAACACTCTCGACGG-1,0
WT90_3_TGCTCCAGTAAGACCG-1,0
WT90_3_GGTAACTGTACCGTGC-1,1
WT90_3_CTCTCGATCCGTGGTG-1,3
WT90_3_ATGAAAGGTCCACAGC-1,1
WT90_3_CGTGCTTCACGCACCA-1,1
WT90_3_CATAGACCAGATTCGT-1,0
WT90_3_GAACGTTCACTGGCGT-1,4
WT90_3_GACAGCCTCACTTTGT-1,4
WT90_3_CCGCAAGGTGACTCGC-1,0
WT90_3_ATCGTGAAGTCGAATA-1,0
WT90_3_AGGAAATAGTGTACAA-1,0
WT90_3_AGAAGCGAGGACTGGT-1,0
WT90_3_GCATTAGCATCCTTGC-1,4
WT90_3_GTTCTATAGCGTACAG-1,3
WT90_3_GTGACGCGTTGTGGAG-1,4
WT90_3_CGTAATGTCGGAGATG-1,5
WT90_3_CAACCTCAGATTAGCA-1,0
WT90_3_TCCATCGCATTGCCGG-1,0
WT90_3_GTGATGTGTCTTTCTA-1,0
WT90_3_GTTACCCGTACTGCGC-1,1
WT90_3_GTCTGTCAGTATGGAT-1,0
WT90_3_ATGATCGCACTAGGCC-1,0
WT90_3_TGAACGTGTCGGTGTC-1,0
WT90_3_CGATGGCTCAAAGACA-1,3
WT90_3_TATGTTCAGCGCAATG-1,3
WT90_3_CTTCCGATCCTGTTAT-1,3
WT90_3_CCCTCTCCAGGATGAC-1,3
WT90_3_ACCAAACCACTATCCC-1,4
WT90_3_GTCATGACACGGCCAT-1,4
WT90_3_TCGACCTAGAATTGCA-1,0
WT90_3_GGTTGTACACGACAAG-1,1
WT90_3_AGGCATTTCCTACCGT-1,4
WT90_3_ATAGACCGTAACAAGT-1,4
WT90_3_AGGTCTATCCATATGG-1,0
WT90_3_CCACAAATCGGTCGGT-1,1
WT90_3_GCAGTTAGTTGGCCGT-1,0
WT90_3_CTATAGGGTCCACGCA-1,1
WT90_3_TATTGCTAGTCTTCGA-1,4
WT90_3_CACGTGGGTGTCCACG-1,1
WT90_3_TTCCTAACAGCTGCCA-1,0
WT90_3_ACCACAATCGGCACTG-1,1
WT90_3_TTTCAGTGTTGCCATA-1,4
WT90_3_TTCTAGTGTAACACCT-1,0
WT90_3_GCTGAATCATGAAGGC-1,0
WT90_3_CGAGGCTGTCTTTCTA-1,0
WT90_3_AATTTCCAGATGCGAC-1,0
WT90_3_CTAGACACAAGGCAAC-1,0
WT90_3_AGGGAGTCATCGATGT-1,1
WT90_3_GTAGTACCAGTTGAAA-1,4
WT90_3_GATTGGTTCCATATGG-1,3
WT90_3_TAAGCGTGTGCCCGTA-1,3
WT90_3_AGACAGGGTGTTACTG-1,0
WT90_3_TTCCAATAGGTGAGAA-1,0
WT90_3_GGCTTGGTCGTTCCCA-1,4
WT90_3_CAGATACGTGAGACCA-1,1
WT90_3_CCGGTGACATTGGATC-1,3
WT90_3_TTCACGCCATGGAAGC-1,0
WT90_3_GAACTGTGTGCCAAGA-1,3
WT90_3_TCAGCAAGTCTTGGTA-1,1
WT90_3_GTACAGTTCGAGCCTG-1,3
WT90_3_CTACTATTCGGCTATA-1,0
WT90_3_TGTCCTGCAAATGAGT-1,0
WT90_3_CTTGAGAAGGCTGAAC-1,0
WT90_3_AGCTACAGTCACGCTG-1,4
WT90_3_ACTTTGTTCTAACGGT-1,0
WT90_3_AAACCCATCGTCGGGT-1,0
WT90_3_CAAAGAATCCTAAGTG-1,4
WT90_3_TACGGTAAGGACGCAT-1,0
WT90_3_AGGTCATAGCTGTCCG-1,0
WT90_3_CTGCATCGTCAGACTT-1,3
WT90_3_CATAAGCAGATAGCTA-1,0
WT90_3_TTCAATCTCCCGAACG-1,0
WT90_3_TCTGTCGTCTGCCTCA-1,0
WT90_3_TTGTTTGTCCCTCTCC-1,5
WT90_3_AGACAAATCCTGGGAC-1,1
WT90_3_TGACAGTAGAATCTAG-1,3
WT90_3_GTGCTGGTCGAGTGAG-1,5
WT90_3_CACTGAAAGCTTAAGA-1,5
WT90_3_CGTAGTAGTCTAGGCC-1,3
WT90_3_AAGCATCCAAATTGCC-1,1
WT90_3_CACGTGGGTACGGGAT-1,1
WT90_3_GTCACTCGTCAAAGTA-1,4
WT90_3_TCATTACTCTGGTCAA-1,1
WT90_3_GGGCCATTCGCATGAT-1,3
WT90_3_AGTGATCAGCGGGTAT-1,0
WT90_3_GCGGATCAGTGTACAA-1,0
WT90_3_CGTCCATAGTCCCGGT-1,4
WT90_3_GGGTGTCCAATGTTGC-1,0
WT90_3_TAATCTCTCTGAGGTT-1,3
WT90_3_CTCAACCTCCGAGTGC-1,3
WT90_3_GCAACCGAGAGACAAG-1,0
WT90_3_AGGACTTTCTATTCGT-1,4
WT90_3_CCCATTGCAACCCTAA-1,0
WT90_3_GGGTTATCAAGATCCT-1,3
WT90_3_GGGACCTGTGTTGATC-1,0
WT90_3_ATCGTAGTCAGACCGC-1,3
WT90_3_GCCCAGAAGGGCGAAG-1,3
WT90_3_ACTTCGCGTGCCGGTT-1,0
WT90_3_GGCTTTCTCAGATTGC-1,1
WT90_3_CACATGATCGCCATAA-1,0
WT90_3_ACTCTCGAGAGGGTCT-1,3
WT90_3_AGGCATTAGGTTGGTG-1,5
WT90_3_TTGGATGGTGTCATGT-1,0
WT90_3_TTTGACTAGATAGGGA-1,4
WT90_3_CACAGATAGTTGCGCC-1,3
WT90_3_AGTTAGCGTTGCATCA-1,4
WT90_3_AGCTTCCAGACTTCGT-1,4
WT90_3_GTGCAGCAGAGGATGA-1,1
WT90_3_CATTCTAAGCTCAGAG-1,0
WT90_3_CAGTGCGCACCTCTGT-1,3
WT90_3_CGGACACCATAGTCGT-1,3
WT90_3_CAGTTAGTCCTGGGTG-1,1
WT90_3_CAGCAGCTCCTCACCA-1,0
WT90_3_GCCAGCATCAGTGTTG-1,0
WT90_3_CTGGCAGGTTCTGAGT-1,3
WT90_3_GTCATGAAGACCCTTA-1,0
WT90_3_GAACACTAGTTGCTGT-1,1
WT90_3_GCAGTTATCACCATAG-1,4
WT90_3_TGCTTCGTCTGGGCGT-1,0
WT90_3_ATCGTGATCACTCTTA-1,0
WT90_3_GTGGCGTAGTCTGGTT-1,3
WT90_3_CATGCGGAGGACCCAA-1,0
WT90_3_CCACGAGTCGCGTTTC-1,1
WT90_3_ACAAGCTGTAGAATGT-1,3
WT90_3_AGATGAAGTATGCTAC-1,1
WT90_3_GGCTTTCCATGGGTTT-1,3
WT90_3_GATGAGGGTTATGGTC-1,4
WT90_3_ATCATTCCAGGAAGTC-1,0
WT90_3_TGATCTTGTGTTTGCA-1,1
WT90_3_TGACTCCGTCGTTGCG-1,0
WT90_3_TAGATCGAGGATGAGA-1,1
WT90_3_GGTGTTATCGAGCACC-1,3
WT90_3_TGGGTTACACGTCTCT-1,3
WT90_3_TCACTATGTAGTCCTA-1,0
WT90_3_AGACACTTCAGCAATC-1,3
WT90_3_CGGAATTTCCATATGG-1,0
WT90_3_GAGCTGCTCTCGTTTA-1,4
WT90_3_GACTCTCGTGCAAGAC-1,0
WT90_3_TTGAGTGGTCACTACA-1,3
WT90_3_AGAAGTACACATACTG-1,0
WT90_3_GTAGGAGTCATTGCGA-1,3
WT90_3_CGCATGGAGTCTTCGA-1,4
WT90_3_GATGAGGCATGTGTCA-1,0
WT90_3_TCACGCTTCTATTGTC-1,1
WT90_3_TCTTGCGTCCGCAAAT-1,1
WT90_3_TTCGATTTCCAATCCC-1,4
WT90_3_GCTTTCGAGTCTACCA-1,0
WT90_3_TGTTGAGTCGAGAGAC-1,3
WT90_3_CTAGACAAGTGAGTGC-1,3
WT90_3_CCTCAACTCGTTATCT-1,3
WT90_3_CAGATTGTCGTCACCT-1,4
WT90_3_ACTTATCAGTTTCGGT-1,0
WT90_3_CGTAGTATCAGCCTTC-1,1
WT90_3_GATAGCTGTCCAAGAG-1,0
WT90_3_TGTCCACCAGCTTTCC-1,0
WT90_3_GGGAGTATCGAAGCAG-1,0
WT90_3_CAAAGAATCACCCATC-1,4
WT90_3_CGCATAACAGGCTTGC-1,0
WT90_3_TCTATACGTTCCGCTT-1,3
WT90_3_GATGAGGAGCTTTGTG-1,0
WT90_3_ACGATGTAGATGACAT-1,3
WT90_3_CATCCGTCAAAGGCGT-1,3
WT90_3_CCGGTAGCACTGTTCC-1,3
WT90_3_CTCACTGTCGTTGTGA-1,0
WT90_3_TATTGCTGTCCGTACG-1,3
WT90_3_AATCACGTCATGAGTC-1,0
WT90_3_ATTTCTGTCACCGACG-1,1
WT90_3_AGGACTTCAATTGGTC-1,1
WT90_3_GTCATCCTCGCCTCTA-1,0
WT90_3_GGAGCAAGTTGTTGTG-1,0
WT90_3_TATCCTATCTGGGTCG-1,3
WT90_3_AGGCTGCGTCGCACAC-1,0
WT90_3_AGTGCCGAGACTAGAT-1,1
WT90_3_TCTGCCAAGATGAACT-1,1
WT90_3_GGTAGAGCAACGAGGT-1,1
WT90_3_AACGGGATCAGAGTGG-1,3
WT90_3_CATGCCTGTACCATAC-1,1
WT90_3_GCCATGGTCACGAGGA-1,0
WT90_3_TTCGCTGGTCTCTCAC-1,3
WT90_3_TGGTTAGGTAGGACCA-1,0
WT90_3_TGAGCATAGCATGCGA-1,1
WT90_3_ATGCATGTCGAAACAA-1,4
WT90_3_CGGAACCGTATTGGCT-1,0
WT90_3_TGGAGGAAGCATGATA-1,1
WT90_3_GTTACAGCAAACTCTG-1,3
WT90_3_GTCCTCAGTGCGAGTA-1,1
WT90_3_GGGTTATAGACGGTTG-1,3
WT90_3_TCTAACTTCTACGGTA-1,4
WT90_3_ATCATTCCATAACAGA-1,0
WT90_3_TGTGGCGTCGAACCAT-1,0
WT90_3_ATTGGGTTCGCTGACG-1,1
WT90_3_CGTCCATGTACAGGTG-1,1
WT90_3_GCGAGAAAGGCTGGAT-1,0
WT90_3_ACACGCGGTCGGTACC-1,0
WT90_3_CACGAATCATTCACCC-1,0
WT90_3_TCAGTTTGTCTCAAGT-1,4
WT90_3_GCTACCTTCCCGTGTT-1,0
WT90_3_CAGCAGCTCTGGACCG-1,1
WT90_3_CCTCCTCCATGAAGGC-1,0
WT90_3_AACAGGGGTGCATGAG-1,1
WT90_3_TAGACTGAGGTGCCAA-1,0
WT90_3_CTATCCGAGAGCAGTC-1,3
WT90_3_ATACTTCGTCAATGGG-1,3
WT90_3_AGTCAACTCACGGTCG-1,0
WT90_3_TAACACGGTAACGGTG-1,1
WT90_3_GATGATCTCCGTGGTG-1,4
WT90_3_TGACGCGTCATACGAC-1,4
WT90_3_GTCGAATCACATAGCT-1,1
WT90_3_GGACGTCGTAACCCGC-1,3
WT90_3_AGTCAACTCCATACAG-1,1
WT90_3_GGAATGGTCTGTGCTC-1,3
WT90_3_TACTTGTCAAATTGCC-1,0
WT90_3_ATAGGCTTCTCCGAGG-1,0
WT90_3_GTGTTAGTCATTGCTT-1,4
WT90_3_TTTGACTAGGCCTAGA-1,4
WT90_3_TGGTTAGCACCCAATA-1,0
WT90_3_TCGTAGACACTTGAAC-1,3
WT90_3_CCGTTCATCATTGCGA-1,4
WT90_3_GTAAGTCAGGGCATGT-1,0
WT90_3_ACTTTCAAGAGTGACC-1,3
WT90_3_TGACTCCTCCTCAGGG-1,4
WT90_3_CGCATGGAGCCTCGTG-1,1
WT90_3_TATTGCTTCTTCGTAT-1,0
WT90_3_CACAGATAGAGGTATT-1,1
WT90_3_GGCGTCACACTCCGAG-1,1
WT90_3_GATTTCTCAGGTTACT-1,4
WT90_3_AAAGGATAGTGGGAAA-1,0
WT90_3_AGATCGTGTACCGGAA-1,0
WT90_3_GTAGAAAAGACGAAGA-1,0
WT90_3_CGGAATTAGCTAGATA-1,0
WT90_3_TCTACCGTCACGGAGA-1,1
WT90_3_TGATGGTGTTTGGGTT-1,3
WT90_3_TTGTTCAAGGGCAGGA-1,3
WT90_3_TGTAGACTCCCATTTA-1,0
WT90_3_AAGCATCGTACGCGTC-1,1
WT90_3_GTATTTCAGCTACAAA-1,3
WT90_3_GGAACCCGTACATTGC-1,4
WT90_3_TCCGATCGTCGAACAG-1,3
WT90_3_CGTGAATCACGCGCTA-1,3
WT90_3_TACCGAAAGCCGGAAT-1,0
WT90_3_AGACCCGCACGGCACT-1,3
WT90_3_CCTCTAGTCTTTCCAA-1,4
WT90_3_CACACAAGTCCATCTC-1,3
WT90_3_TTTCAGTCAGGTCAGA-1,3
WT90_3_ACATCCCAGGAGAGGC-1,0
WT90_3_GTGGAGATCTGTGCAA-1,1
WT90_3_GGAATGGGTCTTGAGT-1,3
WT90_3_GGTTCTCGTTTGGAAA-1,3
WT90_3_ACAGCCGTCTCTGACC-1,3
WT90_3_GTAACCAAGCGACAGT-1,3
WT90_3_GAGTCTAAGATGGCAC-1,0
WT90_3_CAATCGATCGATAACC-1,3
WT90_3_CTACGGGTCGGATTAC-1,0
WT90_3_ACGCACGTCGGTGTTA-1,3
WT90_3_GGGAGTAAGAAATTGC-1,1
WT90_3_TCATCCGTCGCAACAT-1,1
WT90_3_ACTATCTAGACGTCGA-1,0
WT90_3_GTCTAGATCGCGTGAC-1,4
WT90_3_CTCTCGAGTGTCACAT-1,3
WT90_3_TGTTGAGAGCTGACTT-1,3
WT90_3_GACTCTCAGAATTCAG-1,0
WT90_3_GAGTTTGAGAGAGTGA-1,3
WT90_3_TCGACGGGTGATTCAC-1,4
WT90_3_CATGCGGCATCTTAGG-1,1
WT90_3_AGGACGATCATTCGTT-1,0
WT90_3_GGGTTTATCCTACGAA-1,0
WT90_3_TTTGATCCAGTAACGG-1,1
WT90_3_TGTTCTACAGCTGCCA-1,0
WT90_3_CGAGAAGTCCAAGCTA-1,0
WT90_3_AAATGGAAGACTTCAC-1,0
WT90_3_TACGGTACAGTTGGTT-1,3
WT90_3_CCGTTCACACGACGTC-1,0
WT90_3_GTGTCCTAGGTTACAA-1,4
WT90_3_CACAGGCAGTAGACCG-1,1
WT90_3_CCTTCAGTCTATTTCG-1,1
WT90_3_GGAATGGTCTGCTTTA-1,0
WT90_3_TCTCTGGAGAAGTGTT-1,5
WT90_3_TCTGTCGAGGGAGAAT-1,0
WT90_3_TCACGCTTCCAAGGGA-1,0
WT90_3_ATCGGATCAACTAGAA-1,1
WT90_3_CTGTATTAGATCCCGC-1,0
WT90_3_GTCCCATGTAGGTACG-1,0
WT90_4_AAACGCTCACTATGTG-1,0
WT90_4_AGGTTACGTGTTCAGT-1,1
WT90_4_TGAGCATCACGCGGTT-1,3
WT90_4_CCTCCAACATCCTTCG-1,0
WT90_4_CCCTAACCAAATGAAC-1,4
WT90_4_TTGGATGAGGCAATGC-1,0
WT90_4_AAACGAAAGCTCTTCC-1,1
WT90_4_GACCAATTCTATCGCC-1,1
WT90_4_GGGACCTCATGGGTTT-1,1
WT90_4_AGGTCTACATTGCCTC-1,1
WT90_4_AACGAAAAGTCACTGT-1,4
WT90_4_TCTCACGAGTTGAAAC-1,0
WT90_4_GATGACTCAACACTAC-1,0
WT90_4_GATAGCTAGACGGATC-1,3
WT90_4_TATTTCGTCTTAGTTC-1,4
WT90_4_TCCTGCAAGTAATCCC-1,1
WT90_4_CTCCTCCGTGGATGAC-1,1
WT90_4_TGTTGGAAGGTGCTAG-1,3
WT90_4_AGCGCCATCAGGAGAC-1,1
WT90_4_GTGAGTTCACGTATAC-1,1
WT90_4_GAACTGTGTCAAAGAT-1,1
WT90_4_TCTGGCTGTGTCCTAA-1,4
WT90_4_TAGGTTGCACGACGAA-1,3
WT90_4_CAGTTAGAGTATGCAA-1,3
WT90_4_GATGAGGTCTGCTAGA-1,1
WT90_4_TTCTAACCACTACCGG-1,1
WT90_4_TGGTACAGTAGCTAAA-1,1
WT90_4_CAAGGGACAACTGGTT-1,0
WT90_4_GCCTGTTAGCACTCGC-1,3
WT90_4_TCGCTCAGTTGCTAGT-1,4
WT90_4_AAAGTCCGTGGGACAT-1,0
WT90_4_AGTCTCCAGTAGGGTC-1,0
WT90_4_AGCTCAAGTAACTGCT-1,5
WT90_4_TCAGTTTTCCCGAATA-1,0
WT90_4_CATCCGTTCACAACCA-1,0
WT90_4_GGGAGTACAGACGCTC-1,0
WT90_4_TTGCATTGTTGCAAGG-1,1
WT90_4_TCTCCGATCCCTCTAG-1,4
WT90_4_TCGCACTAGTGCCGAA-1,1
WT90_4_GTCGAATTCTGGGTCG-1,0
WT90_4_ATACCGAAGACGGAAA-1,1
WT90_4_TGTTTGTGTCAAAGCG-1,3
WT90_4_ACCCAAATCCCTAGGG-1,1
WT90_4_TCCCATGCATCGAAGG-1,3
WT90_4_GCTTTCGCACTGGAAG-1,1
WT90_4_AAAGGGCGTTGGATCT-1,4
WT90_4_TCGGTCTGTAGCGTAG-1,1
WT90_4_CGAGTTATCATAGAGA-1,1
WT90_4_ACTATGGTCTCCGAAA-1,1
WT90_4_CCGGTAGCAGTTTCGA-1,0
WT90_4_CGGAATTTCCAGCTCT-1,3
WT90_4_GGAATGGCAGAGACTG-1,1
WT90_4_AGGGTTTAGTCATGAA-1,3
WT90_4_CGAAGGAGTTGCGGAA-1,1
WT90_4_TGGTGATTCCGATAGT-1,0
WT90_4_AAACGAACACTACCCT-1,0
WT90_4_TTGGGTAAGATAACAC-1,1
WT90_4_TCTCCGACATCGAGCC-1,0
WT90_4_ATGCATGGTTACCTGA-1,1
WT90_4_GGGCTCATCCCGTAAA-1,1
WT90_4_GCGAGAAAGGTGGCTA-1,0
WT90_4_CTCCCAAAGGGTACAC-1,1
WT90_4_GAAGCGACACAGAGAC-1,1
WT90_4_CCCAACTGTCCACGCA-1,4
WT90_4_TCAAGCAAGGTACAAT-1,0
WT90_4_TCAGCCTCACTGCGAC-1,1
WT90_4_ATAGACCAGCTGAGTG-1,1
WT90_4_CCCGAAGAGGAGTACC-1,1
WT90_4_GAGGGTATCCCTCTAG-1,4
WT90_4_GAAGGGTTCGACCAAT-1,0
WT90_4_GATAGAACACTCCCTA-1,4
WT90_4_GACTCAAGTTCTATCT-1,1
WT90_4_TTAGTCTAGCGGGTAT-1,0
WT90_4_TCCTCTTAGCTATCTG-1,0
WT90_4_ATTATCCAGTGGCAGT-1,4
WT90_4_CATTCTATCTTGGAAC-1,3
WT90_4_AGAGAGCAGCTGACTT-1,0
WT90_4_ACATGCAAGCTGGCTC-1,0
WT90_4_TTCCTAACATCTCAAG-1,0
WT90_4_ACCGTTCTCTTACGTT-1,1
WT90_4_TGAACGTTCATAGCAC-1,3
WT90_4_GTTACCCCACCTCTGT-1,0
WT90_4_CACAGGCAGCCAGAGT-1,1
WT90_4_TTCTTCCAGTTGCCCG-1,4
WT90_4_AATTTCCGTCTGTTAG-1,0
WT90_4_AACGGGAGTCGTACAT-1,3
WT90_4_TACGCTCAGTTACGAA-1,0
WT90_4_ACATCGACAGGCTACC-1,4
WT90_4_TCTACATCAAACTAAG-1,0
WT90_4_TCAATCTTCTCTGAGA-1,1
WT90_4_AGAAGTAAGGGTTGCA-1,4
WT90_4_CTATCCGAGGATAATC-1,1
WT90_4_GTTATGGAGCCGTAAG-1,0
WT90_4_AAAGGATGTGCGTTTA-1,0
WT90_4_AGACCCGCAGCCCACA-1,3
WT90_4_GGGTGTCAGCGCACAA-1,1
WT90_4_ACCACAATCCTACTGC-1,0
WT90_4_ATCCACCAGCAAGCCA-1,4
WT90_4_GATCAGTTCTGTGTGA-1,4
WT90_4_TTGACCCAGAGTCAAT-1,0
WT90_4_AGATGCTTCCTGGGTG-1,1
WT90_4_CGGCAGTCAGAGTGTG-1,1
WT90_4_TTTGGAGGTAGATCCT-1,0
WT90_4_AGGGAGTAGACGGATC-1,4
WT90_4_GAGCCTGTCACAACCA-1,4
WT90_4_AATTTCCAGCATAGGC-1,3
WT90_4_AGTTCCCAGACCCTTA-1,0
WT90_4_TTCCTCTCAGATTCGT-1,1
WT90_4_CGGGTGTAGCCTTGAT-1,3
WT90_4_CTGCCTACACAATGAA-1,4
WT90_4_AGTGCCGAGACTTCAC-1,0
WT90_4_AGATCCACATATACCG-1,4
WT90_4_GGTGTTAAGTCGTCTA-1,1
WT90_4_TCCAGAAAGCGGGTTA-1,4
WT90_4_ATCCGTCAGAACTCCT-1,0
WT90_4_CCTTCAGTCCCTCGAT-1,0
WT90_4_GACCAATCACAGTGAG-1,0
WT90_4_ATTCCTAGTCTACTGA-1,0
WT90_4_CACTAAGAGGATTTCC-1,0
WT90_4_GGAACCCGTCTCGGGT-1,0
WT90_4_TCTGCCAAGTCAATCC-1,3
WT90_4_AACCTTTTCGACGAGA-1,1
WT90_4_AGCTTCCCACATTACG-1,1
WT90_4_GAGACTTGTTTGGCTA-1,0
WT90_4_CACTTCGAGGCTTAGG-1,1
WT90_4_AATCACGCAAACTCGT-1,1
WT90_4_AGGTCATAGGGTAATT-1,4
WT90_4_TCATGCCCATTACTCT-1,5
WT90_4_ATGAGTCAGACCAAGC-1,0
WT90_4_AGTAACCGTAATTAGG-1,0
WT90_4_TATTGCTTCAAATGCC-1,4
WT90_4_TCAGTTTCAGTTGGTT-1,0
WT90_4_GCATCTCTCTACTTCA-1,0
WT90_4_GTTGCTCCAAGCAGGT-1,0
WT90_4_CGCATAAAGATCCCAT-1,0
WT90_4_CGCATGGCATTCTCCG-1,4
WT90_4_GACTATGTCTTGGCTC-1,3
WT90_4_TCATGGATCCTCGATC-1,1
WT90_4_CCGCAAGTCCCTCGAT-1,3
WT90_4_TAATTCCAGGCGTTAG-1,0
WT90_4_CATAAGCTCTGTCCCA-1,4
WT90_4_CCCTAACCATGGGCAA-1,0
WT90_4_CTTCGGTCACACCGAC-1,1
WT90_4_GACACGCAGCGTGTTT-1,1
WT90_4_TCATGGAGTTCGGTTA-1,1
WT90_4_GAGGGTATCGTCCATC-1,0
WT90_4_TGCGATACACCTGTCT-1,0
WT90_4_TCTATCAGTGATAGTA-1,1
WT90_4_GAAGGACAGACGACTG-1,0
WT90_4_AGAGCAGAGCATGAAT-1,1
WT90_4_AGGCATTTCGGACAAG-1,1
WT90_4_AACCCAAAGTGTACCT-1,0
WT90_4_GCTTCACGTTAGAGAT-1,0
WT90_4_TCAATTCTCCGATAAC-1,4
WT90_4_TGCCGAGGTCAAGTTC-1,4
WT90_4_GGTTGTAGTACAGCGA-1,3
WT90_4_CAATTTCAGACATATG-1,0
WT90_4_TCCACGTCAGGAGGAG-1,1
WT90_4_GCAGCTGTCTTACGTT-1,1
WT90_4_GTAGATCAGTAGGTTA-1,4
WT90_4_ATCCACCTCCATTTAC-1,0
WT90_4_TACGCTCCATGACAAA-1,3
WT90_4_GGGTGAAGTATTCCTT-1,1
WT90_4_TACTTGTAGTGGCAGT-1,0
WT90_4_GGAGATGTCGGCCCAA-1,0
WT90_4_TTGGGTAGTTAGGGTG-1,3
WT90_4_CCTACGTCAGCAAGAC-1,4
WT90_4_TGATCAGAGACATGCG-1,3
WT90_4_TAGAGTCAGCACTAGG-1,1
WT90_4_CAGCGTGGTGCACGCT-1,0
WT90_4_CTGTGGGGTTTCACAG-1,4
WT90_4_AGGGTTTGTTCACGAT-1,3
WT90_4_CCACACTAGTAGGAAG-1,0
WT90_4_CCCAACTAGGTAGACC-1,1
WT90_4_CTGCTCAGTTGGGATG-1,3
WT90_4_CTGCCATTCCAACTAG-1,4
WT90_4_GATCAGTCACCACTGG-1,4
WT90_4_AACGTCAGTAGGCTGA-1,0
WT90_4_TAGGGTTAGCTAGAAT-1,4
WT90_4_CATACAGTCTGCTTAT-1,1
WT90_4_TCCTAATGTATTCTCT-1,1
WT90_4_CACGAATCAGCGAACA-1,3
WT90_4_AGTAACCAGTAGGGTC-1,1
WT90_4_TGGCGTGCACACGCCA-1,0
WT90_4_AACTTCTAGCTCTATG-1,3
WT90_4_GCAACATTCGAAGCCC-1,4
WT90_4_ACATCGACAGGACAGT-1,1
WT90_4_CAGTTCCCAATTCTTC-1,1
WT90_4_TAACCAGTCGAGTGGA-1,1
WT90_4_TTTCAGTCAACTGCCG-1,0
WT90_4_GCACGGTTCATGTCAG-1,1
WT90_4_AACACACTCATCTCTA-1,4
WT90_4_TCCACCACAGAAGTGC-1,1
WT90_4_AAGCATCAGCCTGTCG-1,0
WT90_4_TGCTTGCCATAAGCGG-1,0
WT90_4_TTGACCCGTAACGATA-1,3
WT90_4_GTTACGAAGAGGACTC-1,1
WT90_4_ACCAAACAGAGTTGCG-1,5
WT90_4_AACCACACACTCCCTA-1,4
WT90_4_CTGAGGCCAAAGGTTA-1,0
WT90_4_AGGAATATCAAATGCC-1,0
WT90_4_CTTAGGAAGACGAGCT-1,0
WT90_4_TAGGTACGTGTAAATG-1,1
WT90_4_GATCGTAAGCAATTCC-1,4
WT90_4_CTCCGATTCGATCCAA-1,0
WT90_4_TACGGTAAGACTAGAT-1,1
WT90_4_AGAGAATGTTGGATCT-1,1
WT90_4_CTACAGAGTTCCGGTG-1,4
WT90_4_CCGGACAAGGTACTGG-1,1
WT90_4_ACTTTCACACGCAGTC-1,1
WT90_4_ATTCCCGTCGGACTGC-1,1
WT90_4_AACCCAAAGTTGCGCC-1,1
WT90_4_ATAGAGATCAAGTCGT-1,1
WT90_4_TAAGTCGGTCAGGTAG-1,4
WT90_4_CCGTAGGCAAACTAGA-1,1
WT90_4_CTCACTGCACAAGCTT-1,4
WT90_4_TCCACGTGTTGGTACT-1,0
WT90_4_ACCCTTGCACCATAAC-1,4
WT90_4_TCACATTTCGTAGAGG-1,0
WT90_4_GACGCTGCAGTTTGGT-1,3
WT90_4_AAGGTAAAGGTGGGTT-1,3
WT90_4_GTAGCTAGTCTGTTAG-1,4
WT90_4_AAAGTCCAGGGACCAT-1,0
WT90_4_TATGTTCCAACCGTAT-1,4
WT90_4_ACATGCAGTGCCCACA-1,0
WT90_4_GATTCTTTCGCATTAG-1,4
WT90_4_CTGCATCAGAGAGCGG-1,1
WT90_4_AACAGGGCATACATCG-1,1
WT90_4_TCCGAAAAGTGAGTGC-1,1
WT90_4_TTCTGTATCAAGTAAG-1,5
WT90_4_ATCGTAGGTCGCACAC-1,0
WT90_4_ATTGTTCAGTTCCAGT-1,1
WT90_4_ACTTCGCTCTGACGCG-1,1
WT90_4_GACTATGGTTCTAAGC-1,0
WT90_4_TACAACGTCAAGTCTG-1,1
WT90_4_TGTAACGTCCTGTAAG-1,0
WT90_4_AGACCATGTGGCCTCA-1,3
WT90_4_GGTCACGCACTGCGTG-1,0
WT90_4_AGTTCCCCAACGGCCT-1,4
WT90_4_ATGTCCCTCACAGAGG-1,0
WT90_4_TGAGACTGTGTCATTG-1,0
WT90_4_CATTCATAGTGTACAA-1,1
WT90_4_CCACAAAAGTCACTAC-1,1
WT90_4_ATTGGGTTCGATGCAT-1,0
WT90_4_ACACGCGAGACAACAT-1,0
WT90_4_GTGAGCCAGAGGCCAT-1,0
WT90_4_TGCGGCATCTGTGCAA-1,3
WT90_4_AGAGCCCCATGACGGA-1,0
WT90_4_TCATTGTGTCTAGTGT-1,3
WT90_4_AGCTACATCTCCTACG-1,0
WT90_4_GGGACAACACATAGCT-1,0
WT90_4_GAGTCATAGATTCGAA-1,5
WT90_4_AGTGACTAGCGATGGT-1,3
WT90_4_AGGTCATCACCCTAAA-1,0
WT90_4_CAATACGGTAGCCAGA-1,4
WT90_4_TGATGCATCGTCCTCA-1,3
WT90_4_TATATCCGTCGACGCT-1,0
WT90_4_AAGCGTTGTATCTTCT-1,0
WT90_4_CATCGGGCAAGCTGCC-1,1
WT90_4_TATACCTCAATGGGTG-1,4
WT90_4_TTAGGGTGTATTTCTC-1,1
WT90_4_AGTAACCCATCCGAAT-1,1
WT90_4_TGCAGGCCAGATCATC-1,4
WT90_4_ATCATTCAGAAGATCT-1,3
WT90_4_AAGACTCCACGGCACT-1,0
WT90_4_AAAGTGACAGGCGAAT-1,0
WT90_4_CTGAGGCGTGTTCAGT-1,0
WT90_4_CGCCATTAGTATGATG-1,0
WT90_4_ATACCGACAGCAGACA-1,0
WT90_4_ACACCAAGTCTGTCCT-1,3
WT90_4_ACAGAAAAGTGCCGAA-1,1
WT90_4_CTCATGCTCGATGGAG-1,0
WT90_4_CAAGAGGTCCGCAACG-1,0
WT90_4_CGAGTGCGTTACACTG-1,0
WT90_4_AGAAGCGAGTCGAAAT-1,0
WT90_4_GCAACATCAAGACCGA-1,4
WT90_4_GACCAATGTGTGTGTT-1,0
WT90_4_TACCGAAGTATCGTTG-1,4
WT90_4_CTCCACATCTGGCTGG-1,1
WT90_4_TACGGTATCAGTCACA-1,3
WT90_4_ATATCCTCAAAGGCGT-1,0
WT90_4_GGCAGTCGTGATAGTA-1,3
WT90_4_TCAAGCATCGTCAACA-1,1
WT90_4_ATCCCTGAGCTGCCAC-1,3
WT90_4_GCACGGTTCGTAGAGG-1,0
WT90_4_GGTAATCTCGTAACCA-1,3
WT90_4_ATCGTGAGTTAGGAGC-1,4
WT90_4_GACAGCCGTTTGTTGG-1,0
WT90_4_ACAGAAACAAGCGCTC-1,1
WT90_4_TAACACGCAGGACGAT-1,4
WT90_4_GAAGGGTCACGTCATA-1,3
WT90_4_GTATTTCGTTGAGGAC-1,0
WT90_4_TGCGGGTGTTGCATGT-1,1
WT90_4_CATCCCAGTACAATAG-1,5
WT90_4_CCCGAAGAGAAGAGCA-1,0
WT90_4_CTAAGTGCAACTGTGT-1,0
WT90_4_TCTCTGGTCTTTCAGT-1,3
WT90_4_GTGCTGGTCTGCATAG-1,4
WT90_4_GTTGCTCCAAAGGCAC-1,3
WT90_4_TAAGCACAGAGCATTA-1,4
WT90_4_AATTCCTCAGCGCTTG-1,4
WT90_4_AACACACGTTATAGCC-1,1
WT90_4_GTTCATTGTCTCACAA-1,0
WT90_4_CATACTTAGTGGCGAT-1,1
WT90_4_TGGGCTGCAGCGTGCT-1,0
WT90_4_GATAGAAGTGCCAAGA-1,3
WT90_4_GGGTCACAGTGTACAA-1,3
WT90_4_GTAGAAACAACCGGAA-1,0
WT90_4_ATGGAGGCACTATCGA-1,3
WT90_4_AGGTTACTCGCCAACG-1,3
WT90_4_AGAACCTTCATACGAC-1,4
WT90_4_CATCGGGAGCATGGGT-1,0
WT90_4_TGGATGTAGACTGTTC-1,1
WT90_4_CCAATTTTCGGACAAG-1,1
WT90_4_TCCACCAGTACCCACG-1,4
WT90_4_GACCAATCACCCAACG-1,0
WT90_4_CACCAAACAGGAACCA-1,1
WT90_4_GCCAGTGAGTCATGAA-1,3
WT90_4_CAACGATTCGTGTGAT-1,1
WT90_4_TGCATCCAGTGATCGG-1,4
WT90_4_TTACTGTAGAGCCGTA-1,0
WT90_4_TGATCAGCACACGGAA-1,4
WT90_4_GCAGCCAGTCTTCCGT-1,0
WT90_4_GTTGCGGAGATGTAGT-1,3
WT90_4_GGTCTGGTCGGCTCTT-1,0
WT90_4_GGGTGTCTCGGAGTGA-1,3
WT90_4_CTTGATTCATTGAGGG-1,1
WT90_4_TTTCGATGTGAATATG-1,1
WT90_4_TTCTGTACACACACTA-1,1
WT90_4_TGGGATTCACAATCTG-1,0
WT90_4_AGTTCGATCCTTCGAC-1,4
WT90_4_TTGGGATGTTCGTTCC-1,3
WT90_4_GCCATTCGTCCATACA-1,0
WT90_4_CACTGGGGTCGCGTCA-1,0
WT90_4_TCTTTGATCTGGACTA-1,4
WT90_4_TCCGATCAGTCTACCA-1,1
WT90_4_ATGCATGAGCATCCCG-1,1
WT90_4_GCGGAAATCATCGACA-1,0
WT90_4_ATCCCTGTCGCCTTGT-1,4
WT90_4_ATTCACTTCAGTGTGT-1,4
WT90_4_TGTGAGTCAAGCGATG-1,0
WT90_4_CAGATCACAAGACAAT-1,3
WT90_4_TGATTTCAGGGCCCTT-1,1
WT90_4_ATTCACTTCTGGTTGA-1,4
WT90_4_TCCTGCACACAGCCAC-1,3
WT90_4_AGGCCACGTTACCGTA-1,4
WT90_4_ATAGACCCATGTGTCA-1,3
WT90_4_ACGTACAAGCATCCCG-1,3
WT90_4_AGGAATAGTTAAGACA-1,0
WT90_4_TAGGGTTTCGTCAAAC-1,3
WT90_4_CGTGAATGTACAAGTA-1,1
WT90_4_TCCCACAAGTCAGAGC-1,4
WT90_4_AAGCGTTAGATCGCTT-1,3
WT90_4_CTGGACGTCTGAGCAT-1,1
WT90_4_ATTTACCAGATGGTCG-1,4
WT90_4_TGTTCTAGTATAGGAT-1,1
WT90_4_GGAATCTGTCCAGCGT-1,0
WT90_4_GTTATGGGTACGGATG-1,3
WT90_4_ATTACTCAGGGATCGT-1,3
WT90_4_CTGATCCTCTCCCATG-1,3
WT90_4_CCGGTAGGTTCCAGGC-1,1
WT90_4_TGGGATTAGGATGAGA-1,0
WT90_4_TGTACAGTCATTGCGA-1,3
WT90_4_AAGCGAGAGGTAGCCA-1,3
WT90_4_CTCATTAAGAGTCTTC-1,1
WT90_4_CTTCTAAGTGATTAGA-1,0
WT90_4_TCTCAGCCACGGTGAA-1,4
WT90_4_CTACCCACATTATGCG-1,0
WT90_4_TAGGAGGTCTAGGCAT-1,0
WT90_4_TTCGATTAGGCTCCCA-1,0
WT90_4_AACAACCGTAACACCT-1,3
WT90_4_GGAGCAATCCGTACGG-1,0
WT90_4_CCTCTCCTCGCGGACT-1,3
WT90_4_TCACTATAGAAACTGT-1,4
WT90_4_GCTACAACACTCCGAG-1,0
WT90_4_CAGCAATCAGTATTCG-1,0
WT90_4_TCTCCGAAGGGAGGTG-1,0
WT90_4_AGGTTACAGAATCTAG-1,0
WT90_4_GTAACACCAGGTCCCA-1,0
WT90_4_CATTCTAGTTCCCAAA-1,1
WT90_4_TGAGGAGAGCAACCAG-1,4
WT90_4_CCCGAAGTCAAAGCCT-1,1
WT90_4_GGTAATCTCTATCGGA-1,1
WT90_4_GCCCGAATCATCCTGC-1,4
WT90_4_GCAGCCAAGAGGGTGG-1,0
WT90_4_CTCATTATCCGATAGT-1,4
WT90_4_TCATGGACACTAGGCC-1,0
WT90_4_CATGGTAAGACATAAC-1,1
WT90_4_GTGCTTCAGATGCCGA-1,3
WT90_4_CATCAAGCAGCCATTA-1,3
WT90_4_CATCAAGCACAAACGG-1,4
WT90_4_ATAGGCTCATCTGTTT-1,3
WT90_4_CTGTGGGGTCACGCTG-1,3
WT90_4_GGAACCCCATCCCGTT-1,0
WT90_4_GGATGTTGTGATACAA-1,1
WT90_4_AGCCACGTCTTGCAGA-1,3
WT90_4_GGGAGATGTGAGAGGG-1,0
WT90_4_CCTATCGGTCTGTGAT-1,3
WT90_4_CTTTCAAAGAGGCCAT-1,0
WT90_4_GACTCAACAGAGTTCT-1,3
WT90_4_TCATCCGGTTGTGGCC-1,1
WT90_4_CTATCTATCAAGGAGC-1,0
WT90_4_AGAAATGTCTCATAGG-1,0
WT90_4_AACAACCTCGGTAACT-1,0
WT90_4_TCATGAGAGGTAAGAG-1,3
WT90_4_TTCAATCAGCGTTAGG-1,0
WT90_4_CTACATTTCAGCTTCC-1,3
WT90_4_AGTCAACAGTGTTGTC-1,4
WT90_4_ACCTGAAGTGGTATGG-1,0
WT90_4_GAGACCCTCTATCCAT-1,4
WT90_4_TGCTGAATCCGTGGGT-1,1
WT90_4_AGTGACTGTGGTTTGT-1,1
WT90_4_TGCATGAAGTAGTCAA-1,4
WT90_4_CCACACTCAAGTATCC-1,4
WT90_4_GACTCAACAAAGAACT-1,1
WT90_4_TCAAGTGTCCATTCAT-1,3
WT90_4_TTCGATTGTGTCGCTG-1,4
WT90_4_TGGGAAGCACTGAGTT-1,3
WT90_4_CACGTTCAGGGACACT-1,0
WT90_4_ATGCGATAGGATTTGA-1,1
WT90_4_GACGTTACAACTGCTA-1,1
WT90_4_TGCGACGTCTTTGCAT-1,1
WT90_4_GTTGCTCTCGGAGTAG-1,3
WT90_4_CCATAAGTCAACCCGG-1,0
WT90_4_ACTGATGAGAGCTGAC-1,0
WT90_4_GGAACCCAGCAGCGAT-1,1
WT90_4_TTGCTGCCACCCTGTT-1,0
WT90_4_AAACCCAAGCTGTCCG-1,0
WT90_4_GACTCTCCAACCTATG-1,3
WT90_4_GTCGAATCACACCGAC-1,0
WT90_4_GTCGAATTCACTTCTA-1,3
WT90_4_GTGCGTGCACTGGATT-1,3
WT90_4_ATCGATGTCCATACAG-1,4
WT90_4_TGGTGATTCCTAAACG-1,3
WT90_4_CATACCCCAAGGTCGA-1,3
WT90_4_TTAGTCTAGCTAATGA-1,3
WT90_4_TTACGTTGTACGATCT-1,0
WT90_4_GATCCCTCAAGCCTGC-1,4
WT90_4_GCCAACGTCGCTAATG-1,1
WT90_4_TGAGGTTAGACATGCG-1,0
WT90_4_TCAATTCAGCAACAAT-1,4
WT90_4_GACTGATAGGTGATAT-1,3
WT90_4_CAGTTAGAGTTTCGGT-1,4
WT90_4_TAAGCCATCTTGTGCC-1,4
WT90_4_TGAGACTTCGCAATGT-1,1
WT90_4_GGATGTTGTGGCAGAT-1,4
WT90_4_CTGGTCTAGACGCAGT-1,3
WT90_4_TGCTGAATCGGTCATA-1,1
WT90_4_CGTGTCTGTAGAGTTA-1,4
WT90_4_CGGTCAGGTTATGGTC-1,3
WT90_4_TCAAGCACAACCAACT-1,1
WT90_4_TTCGCTGCATCGTTCC-1,0
WT90_4_GCACATACACACGCCA-1,0
WT90_4_GTCGAATCATAGTCGT-1,3
WT90_4_AAACGCTCAAGATCCT-1,4
WT90_4_TCCTTTCGTGTTCCAA-1,4
WT90_4_ATGAAAGGTAATTAGG-1,0
WT90_4_GCCAGGTAGAGAGAAC-1,3
WT90_4_ACTGTGATCACCATAG-1,3
WT90_4_AGGTTGTGTAAGACCG-1,1
WT90_4_TTTACTGGTTATAGAG-1,4
WT90_4_CTGATCCGTCTTGTCC-1,0
WT90_4_TCTCACGGTCGATTCA-1,3
WT90_4_TGTACAGCAAGAATAC-1,4
WT90_4_CCTCAACAGACTGTTC-1,0
WT90_4_CGTGTCTAGCGATGAC-1,1
WT90_4_TGAGGGACAGGAGGAG-1,1
WT90_4_ATCCTATAGCAACCAG-1,0
WT90_4_CTCCCAAAGACAGCGT-1,4
WT90_4_TTCTTCCCAGGGACTA-1,0
WT90_4_AAGTTCGCACTCCTTG-1,1
WT90_4_TCATCATTCAGCTAGT-1,0
WT90_4_CAGCACGAGTTGCGAG-1,3
WT90_4_TGCGGGTTCGCTACAA-1,4
WT90_4_CTTCGGTTCCAATGCA-1,0
WT90_4_ACGGGTCAGATAGTGT-1,4
WT90_4_TGGGCTGTCTTCTGTA-1,1
WT90_4_GGAATCTTCCATTGTT-1,4
WT90_4_CACCGTTTCTAGTACG-1,0
WT90_4_TCGTGCTGTGACGTCC-1,3
WT90_4_ACCAAACGTCTGTCCT-1,0
WT90_4_ATTCTTGGTAGGAAAG-1,3
WT90_4_CTGTGGGCATGACACT-1,4
WT90_4_TAATCTCTCGAGAAAT-1,3
WT90_4_TCGTGCTTCGGTGAAG-1,0
WT90_4_TACTGCCTCTTCGGTC-1,0
WT90_4_ATGGGTTAGTTAGTGA-1,0
WT90_4_CTCTCAGAGATGTAGT-1,3
WT90_4_TGCATGATCAACGCTA-1,3
WT90_4_AGTTCGACAACGAGGT-1,4
WT90_4_TCAAGTGAGACTCAAA-1,1
WT90_4_AGGTAGGGTTGGGCCT-1,4
WT90_4_TGGGCGTCATACCAGT-1,3
WT90_4_TCCTAATAGAGCCATG-1,0
WT90_4_CAACAACTCCAACTGA-1,3
WT90_4_TTTACGTAGCTGTACT-1,3
WT90_4_CGTGTCTTCTCTGAGA-1,0
WT90_4_TAATCTCGTCTCGACG-1,1
WT90_4_CCACGTTCAAATAAGC-1,1
WT90_4_CCACACTTCCGAGCTG-1,0
WT90_4_GACCTTCAGGCTAAAT-1,0
WT90_4_CAATGACAGGAGGCAG-1,4
WT90_4_GATCAGTAGCTAGTTC-1,1
WT90_4_AACACACAGCACCCAC-1,0
WT90_4_AATGGAATCGGTAACT-1,0
WT90_4_CCCTTAGAGTCACTAC-1,0
WT90_4_TACCGAACACCAAATC-1,4
WT90_4_CTCATTAAGTTCCAGT-1,3
WT90_4_GCTTCACAGTGAGGCT-1,0
WT90_4_ACCCAAAAGTAGCTCT-1,3
WT90_4_ACAGCCGGTGTGATGG-1,3
WT90_4_ATCACTTTCGGTGTAT-1,3
WT90_4_GTCTAGACAGAACTTC-1,5
WT90_4_CACTAAGTCAACTGGT-1,1
WT90_4_GTAGTACTCCGCGATG-1,5
WT90_4_GCCGATGCACGGGCTT-1,1
WT90_4_TCGTGCTAGAGCCGAT-1,3
WT90_4_CAGATACCACCCTTGT-1,3
WT90_4_GTCTCACGTTGCTCAA-1,0
